scene_key,asset_id,acquisition_utc,polygon_id,class_id,split,source_url,figure,run_tag,processing,longitude,latitude,B2,B3,B4,B5,B6,B7,B8,B8A,B11,B12
hutt_20200713,COPERNICUS/S2_SR_HARMONIZED/20200712T222549_20200712T222545_T60GUV,2020-07-12 22:27:27,hutt_20200713_plumeTrain_0,1,train,https://doi.org/10.1080/00288330.2022.2088569,"Gall et al. 2022, Figure 10A",v1,S2_SR_HARMONIZED_SCL_v1,174.873035372848,-41.25507503517778,0.0541,0.0767,0.0789,0.0722,0.0335,0.0317,0.0263,0.0168,0.0016,0.003
hutt_20200713,COPERNICUS/S2_SR_HARMONIZED/20200712T222549_20200712T222545_T60GUV,2020-07-12 22:27:27,hutt_20200713_plumeTrain_0,1,train,https://doi.org/10.1080/00288330.2022.2088569,"Gall et al. 2022, Figure 10A",v1,S2_SR_HARMONIZED_SCL_v1,174.87315465570046,-41.255077239647285,0.0555,0.078,0.073,0.0722,0.0335,0.0317,0.0263,0.0168,0.0016,0.003
hutt_20200713,COPERNICUS/S2_SR_HARMONIZED/20200712T222549_20200712T222545_T60GUV,2020-07-12 22:27:27,hutt_20200713_plumeTrain_0,1,train,https://doi.org/10.1080/00288330.2022.2088569,"Gall et al. 2022, Figure 10A",v1,S2_SR_HARMONIZED_SCL_v1,174.87351250433733,-41.255083852314904,0.0541,0.0735,0.0769,0.072,0.034,0.0302,0.0269,0.0158,0.0021,0.0022
hutt_20200713,COPERNICUS/S2_SR_HARMONIZED/20200712T222549_20200712T222545_T60GUV,2020-07-12 22:27:27,hutt_20200713_plumeTrain_0,1,train,https://doi.org/10.1080/00288330.2022.2088569,"Gall et al. 2022, Figure 10A",v1,S2_SR_HARMONIZED_SCL_v1,174.8729131685559,-41.25516284677255,0.056,0.0772,0.0769,0.0746,0.034,0.0308,0.0264,0.0166,0.0031,0.002
hutt_20200713,COPERNICUS/S2_SR_HARMONIZED/20200712T222549_20200712T222545_T60GUV,2020-07-12 22:27:27,hutt_20200713_plumeTrain_0,1,train,https://doi.org/10.1080/00288330.2022.2088569,"Gall et al. 2022, Figure 10A",v1,S2_SR_HARMONIZED_SCL_v1,174.87327101760383,-41.25516946020186,0.0581,0.0749,0.0776,0.0716,0.0302,0.0324,0.0254,0.0162,0.0031,0.0032
hutt_20200713,COPERNICUS/S2_SR_HARMONIZED/20200712T222549_20200712T222545_T60GUV,2020-07-12 22:27:27,hutt_20200713_plumeTrain_0,1,train,https://doi.org/10.1080/00288330.2022.2088569,"Gall et al. 2022, Figure 10A",v1,S2_SR_HARMONIZED_SCL_v1,174.87339030064632,-41.255171664431344,0.057,0.073,0.0788,0.0716,0.0302,0.0324,0.0245,0.0162,0.0031,0.0032
hutt_20200713,COPERNICUS/S2_SR_HARMONIZED/20200712T222549_20200712T222545_T60GUV,2020-07-12 22:27:27,hutt_20200713_plumeTrain_0,1,train,https://doi.org/10.1080/00288330.2022.2088569,"Gall et al. 2022, Figure 10A",v1,S2_SR_HARMONIZED_SCL_v1,174.87386743294877,-41.255180480114454,0.0548,0.0749,0.0764,0.0717,0.0323,0.0333,0.0272,0.0165,0.0019,0.001
hutt_20200713,COPERNICUS/S2_SR_HARMONIZED/20200712T222549_20200712T222545_T60GUV,2020-07-12 22:27:27,hutt_20200713_plumeTrain_0,1,train,https://doi.org/10.1080/00288330.2022.2088569,"Gall et al. 2022, Figure 10A",v1,S2_SR_HARMONIZED_SCL_v1,174.8739867160575,-41.255182683726524,0.0546,0.0735,0.0776,0.0727,0.0316,0.0308,0.0248,0.016,0.0017,0.0021
hutt_20200713,COPERNICUS/S2_SR_HARMONIZED/20200712T222549_20200712T222545_T60GUV,2020-07-12 22:27:27,hutt_20200713_plumeTrain_0,1,train,https://doi.org/10.1080/00288330.2022.2088569,"Gall et al. 2022, Figure 10A",v1,S2_SR_HARMONIZED_SCL_v1,174.87410599917948,-41.255184887215115,0.0506,0.0714,0.0769,0.0727,0.0316,0.0308,0.0226,0.016,0.0017,0.0021
hutt_20200713,COPERNICUS/S2_SR_HARMONIZED/20200712T222549_20200712T222545_T60GUV,2020-07-12 22:27:27,hutt_20200713_plumeTrain_0,1,train,https://doi.org/10.1080/00288330.2022.2088569,"Gall et al. 2022, Figure 10A",v1,S2_SR_HARMONIZED_SCL_v1,174.8742252823147,-41.25518709058022,0.0505,0.0721,0.0749,0.0715,0.032,0.0323,0.0231,0.0147,0.0023,2.0E-4
hutt_20200713,COPERNICUS/S2_SR_HARMONIZED/20200712T222549_20200712T222545_T60GUV,2020-07-12 22:27:27,hutt_20200713_plumeTrain_0,1,train,https://doi.org/10.1080/00288330.2022.2088569,"Gall et al. 2022, Figure 10A",v1,S2_SR_HARMONIZED_SCL_v1,174.87434456546316,-41.25518929382186,0.0549,0.0735,0.075,0.0715,0.032,0.0323,0.0236,0.0147,0.0023,2.0E-4
hutt_20200713,COPERNICUS/S2_SR_HARMONIZED/20200712T222549_20200712T222545_T60GUV,2020-07-12 22:27:27,hutt_20200713_plumeTrain_0,1,train,https://doi.org/10.1080/00288330.2022.2088569,"Gall et al. 2022, Figure 10A",v1,S2_SR_HARMONIZED_SCL_v1,174.87267168079697,-41.25524845337454,0.0509,0.0768,0.0762,0.0727,0.0336,0.0304,0.0271,0.0183,0.0024,5.0E-4
hutt_20200713,COPERNICUS/S2_SR_HARMONIZED/20200712T222549_20200712T222545_T60GUV,2020-07-12 22:27:27,hutt_20200713_plumeTrain_0,1,train,https://doi.org/10.1080/00288330.2022.2088569,"Gall et al. 2022, Figure 10A",v1,S2_SR_HARMONIZED_SCL_v1,174.87291024708972,-41.255252862958706,0.0576,0.0709,0.0779,0.0746,0.034,0.0308,0.0259,0.0166,0.0031,0.002
hutt_20200713,COPERNICUS/S2_SR_HARMONIZED/20200712T222549_20200712T222545_T60GUV,2020-07-12 22:27:27,hutt_20200713_plumeTrain_0,1,train,https://doi.org/10.1080/00288330.2022.2088569,"Gall et al. 2022, Figure 10A",v1,S2_SR_HARMONIZED_SCL_v1,174.87302953025596,-41.255255067565564,0.0591,0.0748,0.0796,0.0738,0.035,0.0329,0.0258,0.0162,0.0031,0.0025
hutt_20200713,COPERNICUS/S2_SR_HARMONIZED/20200712T222549_20200712T222545_T60GUV,2020-07-12 22:27:27,hutt_20200713_plumeTrain_0,1,train,https://doi.org/10.1080/00288330.2022.2088569,"Gall et al. 2022, Figure 10A",v1,S2_SR_HARMONIZED_SCL_v1,174.8731488134355,-41.25525727204895,0.0569,0.0758,0.0832,0.0738,0.035,0.0329,0.0246,0.0162,0.0031,0.0025
hutt_20200713,COPERNICUS/S2_SR_HARMONIZED/20200712T222549_20200712T222545_T60GUV,2020-07-12 22:27:27,hutt_20200713_plumeTrain_0,1,train,https://doi.org/10.1080/00288330.2022.2088569,"Gall et al. 2022, Figure 10A",v1,S2_SR_HARMONIZED_SCL_v1,174.87326809662827,-41.25525947640885,0.0506,0.0741,0.0786,0.0716,0.0302,0.0324,0.0263,0.0162,0.0031,0.0032
hutt_20200713,COPERNICUS/S2_SR_HARMONIZED/20200712T222549_20200712T222545_T60GUV,2020-07-12 22:27:27,hutt_20200713_plumeTrain_0,1,train,https://doi.org/10.1080/00288330.2022.2088569,"Gall et al. 2022, Figure 10A",v1,S2_SR_HARMONIZED_SCL_v1,174.87338737983427,-41.25526168064526,0.0547,0.0725,0.0769,0.0716,0.0302,0.0324,0.025,0.0162,0.0031,0.0032
hutt_20200713,COPERNICUS/S2_SR_HARMONIZED/20200712T222549_20200712T222545_T60GUV,2020-07-12 22:27:27,hutt_20200713_plumeTrain_0,1,train,https://doi.org/10.1080/00288330.2022.2088569,"Gall et al. 2022, Figure 10A",v1,S2_SR_HARMONIZED_SCL_v1,174.87350666305352,-41.2552638847582,0.0591,0.0741,0.0782,0.0718,0.0324,0.0326,0.0235,0.016,0.0013,0.0031
hutt_20200713,COPERNICUS/S2_SR_HARMONIZED/20200712T222549_20200712T222545_T60GUV,2020-07-12 22:27:27,hutt_20200713_plumeTrain_0,1,train,https://doi.org/10.1080/00288330.2022.2088569,"Gall et al. 2022, Figure 10A",v1,S2_SR_HARMONIZED_SCL_v1,174.87362594628604,-41.25526608874766,0.0529,0.0749,0.08,0.0718,0.0324,0.0326,0.0243,0.016,0.0013,0.0031
hutt_20200713,COPERNICUS/S2_SR_HARMONIZED/20200712T222549_20200712T222545_T60GUV,2020-07-12 22:27:27,hutt_20200713_plumeTrain_0,1,train,https://doi.org/10.1080/00288330.2022.2088569,"Gall et al. 2022, Figure 10A",v1,S2_SR_HARMONIZED_SCL_v1,174.87386451279082,-41.255270496356125,0.0562,0.0744,0.0795,0.0717,0.0323,0.0333,0.0256,0.0165,0.0019,0.001
hutt_20200713,COPERNICUS/S2_SR_HARMONIZED/20200712T222549_20200712T222545_T60GUV,2020-07-12 22:27:27,hutt_20200713_plumeTrain_0,1,train,https://doi.org/10.1080/00288330.2022.2088569,"Gall et al. 2022, Figure 10A",v1,S2_SR_HARMONIZED_SCL_v1,174.8741030793486,-41.255274903470664,0.0514,0.0755,0.0781,0.0727,0.0316,0.0308,0.0235,0.016,0.0017,0.0021
hutt_20200713,COPERNICUS/S2_SR_HARMONIZED/20200712T222549_20200712T222545_T60GUV,2020-07-12 22:27:27,hutt_20200713_plumeTrain_0,1,train,https://doi.org/10.1080/00288330.2022.2088569,"Gall et al. 2022, Figure 10A",v1,S2_SR_HARMONIZED_SCL_v1,174.87434164595936,-41.255279310091275,0.0536,0.0779,0.0768,0.0715,0.032,0.0323,0.0245,0.0147,0.0023,2.0E-4
hutt_20200713,COPERNICUS/S2_SR_HARMONIZED/20200712T222549_20200712T222545_T60GUV,2020-07-12 22:27:27,hutt_20200713_plumeTrain_0,1,train,https://doi.org/10.1080/00288330.2022.2088569,"Gall et al. 2022, Figure 10A",v1,S2_SR_HARMONIZED_SCL_v1,174.8745802126231,-41.25528371621796,0.0576,0.0716,0.0763,0.0702,0.0342,0.03,0.0258,0.0145,0.0022,0.0023
hutt_20200713,COPERNICUS/S2_SR_HARMONIZED/20200712T222549_20200712T222545_T60GUV,2020-07-12 22:27:27,hutt_20200713_plumeTrain_0,1,train,https://doi.org/10.1080/00288330.2022.2088569,"Gall et al. 2022, Figure 10A",v1,S2_SR_HARMONIZED_SCL_v1,174.87469949597482,-41.25528591909609,0.0569,0.0731,0.0788,0.0711,0.034,0.0297,0.0214,0.0145,0.0025,0.0025
hutt_20200713,COPERNICUS/S2_SR_HARMONIZED/20200712T222549_20200712T222545_T60GUV,2020-07-12 22:27:27,hutt_20200713_plumeTrain_0,1,train,https://doi.org/10.1080/00288330.2022.2088569,"Gall et al. 2022, Figure 10A",v1,S2_SR_HARMONIZED_SCL_v1,174.8726687589905,-41.25533846954523,0.0547,0.0776,0.0778,0.0734,0.0353,0.0321,0.0249,0.0179,0.0032,0.003
hutt_20200713,COPERNICUS/S2_SR_HARMONIZED/20200712T222549_20200712T222545_T60GUV,2020-07-12 22:27:27,hutt_20200713_plumeTrain_0,1,train,https://doi.org/10.1080/00288330.2022.2088569,"Gall et al. 2022, Figure 10A",v1,S2_SR_HARMONIZED_SCL_v1,174.87278804229376,-41.255340674406,0.0556,0.0764,0.0828,0.0736,0.0369,0.0316,0.0231,0.0165,0.0025,0.003
hutt_20200713,COPERNICUS/S2_SR_HARMONIZED/20200712T222549_20200712T222545_T60GUV,2020-07-12 22:27:27,hutt_20200713_plumeTrain_0,1,train,https://doi.org/10.1080/00288330.2022.2088569,"Gall et al. 2022, Figure 10A",v1,S2_SR_HARMONIZED_SCL_v1,174.8729073256103,-41.25534287914328,0.0581,0.0774,0.0783,0.0736,0.0369,0.0316,0.025,0.0165,0.0025,0.003
hutt_20200713,COPERNICUS/S2_SR_HARMONIZED/20200712T222549_20200712T222545_T60GUV,2020-07-12 22:27:27,hutt_20200713_plumeTrain_0,1,train,https://doi.org/10.1080/00288330.2022.2088569,"Gall et al. 2022, Figure 10A",v1,S2_SR_HARMONIZED_SCL_v1,174.87302660894008,-41.255345083757085,0.0581,0.0783,0.0786,0.0736,0.0351,0.0339,0.0264,0.0165,9.0E-4,0.0031
hutt_20200713,COPERNICUS/S2_SR_HARMONIZED/20200712T222549_20200712T222545_T60GUV,2020-07-12 22:27:27,hutt_20200713_plumeTrain_0,1,train,https://doi.org/10.1080/00288330.2022.2088569,"Gall et al. 2022, Figure 10A",v1,S2_SR_HARMONIZED_SCL_v1,174.87314589228313,-41.25534728824741,0.0541,0.0774,0.0817,0.0736,0.0351,0.0339,0.0256,0.0165,9.0E-4,0.0031
hutt_20200713,COPERNICUS/S2_SR_HARMONIZED/20200712T222549_20200712T222545_T60GUV,2020-07-12 22:27:27,hutt_20200713_plumeTrain_0,1,train,https://doi.org/10.1080/00288330.2022.2088569,"Gall et al. 2022, Figure 10A",v1,S2_SR_HARMONIZED_SCL_v1,174.8732651756394,-41.25534949261424,0.0522,0.0727,0.0794,0.0734,0.0327,0.0325,0.0264,0.0179,0.0014,0.0016
hutt_20200713,COPERNICUS/S2_SR_HARMONIZED/20200712T222549_20200712T222545_T60GUV,2020-07-12 22:27:27,hutt_20200713_plumeTrain_0,1,train,https://doi.org/10.1080/00288330.2022.2088569,"Gall et al. 2022, Figure 10A",v1,S2_SR_HARMONIZED_SCL_v1,174.87338445900895,-41.2553516968576,0.0532,0.0741,0.0771,0.0734,0.0327,0.0325,0.0272,0.0179,0.0014,0.0016
hutt_20200713,COPERNICUS/S2_SR_HARMONIZED/20200712T222549_20200712T222545_T60GUV,2020-07-12 22:27:27,hutt_20200713_plumeTrain_0,1,train,https://doi.org/10.1080/00288330.2022.2088569,"Gall et al. 2022, Figure 10A",v1,S2_SR_HARMONIZED_SCL_v1,174.87398087605544,-41.255362716222166,0.0501,0.0744,0.0789,0.074,0.0317,0.0306,0.0266,0.0182,0.0017,1.0E-4
hutt_20200713,COPERNICUS/S2_SR_HARMONIZED/20200712T222549_20200712T222545_T60GUV,2020-07-12 22:27:27,hutt_20200713_plumeTrain_0,1,train,https://doi.org/10.1080/00288330.2022.2088569,"Gall et al. 2022, Figure 10A",v1,S2_SR_HARMONIZED_SCL_v1,174.87410015950448,-41.25536491972463,0.0562,0.0753,0.0759,0.074,0.0317,0.0306,0.0231,0.0182,0.0017,1.0E-4
hutt_20200713,COPERNICUS/S2_SR_HARMONIZED/20200712T222549_20200712T222545_T60GUV,2020-07-12 22:27:27,hutt_20200713_plumeTrain_0,1,train,https://doi.org/10.1080/00288330.2022.2088569,"Gall et al. 2022, Figure 10A",v1,S2_SR_HARMONIZED_SCL_v1,174.8743387264423,-41.255369326359116,0.0525,0.0757,0.0792,0.0723,0.0325,0.0271,0.025,0.017,0.0028,0.0022
hutt_20200713,COPERNICUS/S2_SR_HARMONIZED/20200712T222549_20200712T222545_T60GUV,2020-07-12 22:27:27,hutt_20200713_plumeTrain_0,1,train,https://doi.org/10.1080/00288330.2022.2088569,"Gall et al. 2022, Figure 10A",v1,S2_SR_HARMONIZED_SCL_v1,174.8745772934331,-41.25537373249967,0.0566,0.0748,0.0742,0.0737,0.0318,0.0283,0.0245,0.0148,0.0036,0.0021
hutt_20200713,COPERNICUS/S2_SR_HARMONIZED/20200712T222549_20200712T222545_T60GUV,2020-07-12 22:27:27,hutt_20200713_plumeTrain_0,1,train,https://doi.org/10.1080/00288330.2022.2088569,"Gall et al. 2022, Figure 10A",v1,S2_SR_HARMONIZED_SCL_v1,174.87469657694837,-41.255375935384734,0.0524,0.0757,0.078,0.0698,0.0316,0.0301,0.0231,0.0145,0.0017,0.0017
hutt_20200713,COPERNICUS/S2_SR_HARMONIZED/20200712T222549_20200712T222545_T60GUV,2020-07-12 22:27:27,hutt_20200713_plumeTrain_0,1,train,https://doi.org/10.1080/00288330.2022.2088569,"Gall et al. 2022, Figure 10A",v1,S2_SR_HARMONIZED_SCL_v1,174.87481586047687,-41.255378138146305,0.0524,0.0742,0.0785,0.0698,0.0316,0.0301,0.0248,0.0145,0.0017,0.0017
hutt_20200713,COPERNICUS/S2_SR_HARMONIZED/20200712T222549_20200712T222545_T60GUV,2020-07-12 22:27:27,hutt_20200713_plumeTrain_0,1,train,https://doi.org/10.1080/00288330.2022.2088569,"Gall et al. 2022, Figure 10A",v1,S2_SR_HARMONIZED_SCL_v1,174.87493514401862,-41.25538034078439,0.0514,0.0741,0.0756,0.0696,0.0321,0.0307,0.0234,0.0149,0.0015,0.0021
hutt_20200713,COPERNICUS/S2_SR_HARMONIZED/20200712T222549_20200712T222545_T60GUV,2020-07-12 22:27:27,hutt_20200713_plumeTrain_0,1,train,https://doi.org/10.1080/00288330.2022.2088569,"Gall et al. 2022, Figure 10A",v1,S2_SR_HARMONIZED_SCL_v1,174.8725465537172,-41.25542628072316,0.0537,0.0776,0.0802,0.0734,0.0353,0.0321,0.0278,0.0179,0.0032,0.003
hutt_20200713,COPERNICUS/S2_SR_HARMONIZED/20200712T222549_20200712T222545_T60GUV,2020-07-12 22:27:27,hutt_20200713_plumeTrain_0,1,train,https://doi.org/10.1080/00288330.2022.2088569,"Gall et al. 2022, Figure 10A",v1,S2_SR_HARMONIZED_SCL_v1,174.87266583717076,-41.25542848571435,0.0553,0.0783,0.078,0.0734,0.0353,0.0321,0.0256,0.0179,0.0032,0.003
hutt_20200713,COPERNICUS/S2_SR_HARMONIZED/20200712T222549_20200712T222545_T60GUV,2020-07-12 22:27:27,hutt_20200713_plumeTrain_0,1,train,https://doi.org/10.1080/00288330.2022.2088569,"Gall et al. 2022, Figure 10A",v1,S2_SR_HARMONIZED_SCL_v1,174.87278512063756,-41.25543069058206,0.0522,0.0778,0.0818,0.0736,0.0369,0.0316,0.0231,0.0165,0.0025,0.003
hutt_20200713,COPERNICUS/S2_SR_HARMONIZED/20200712T222549_20200712T222545_T60GUV,2020-07-12 22:27:27,hutt_20200713_plumeTrain_0,1,train,https://doi.org/10.1080/00288330.2022.2088569,"Gall et al. 2022, Figure 10A",v1,S2_SR_HARMONIZED_SCL_v1,174.87314297111752,-41.255437304444285,0.0562,0.0753,0.0777,0.0736,0.0351,0.0339,0.0268,0.0165,9.0E-4,0.0031
hutt_20200713,COPERNICUS/S2_SR_HARMONIZED/20200712T222549_20200712T222545_T60GUV,2020-07-12 22:27:27,hutt_20200713_plumeTrain_0,1,train,https://doi.org/10.1080/00288330.2022.2088569,"Gall et al. 2022, Figure 10A",v1,S2_SR_HARMONIZED_SCL_v1,174.87326225463732,-41.255439508818064,0.0556,0.0738,0.0821,0.0734,0.0327,0.0325,0.0265,0.0179,0.0014,0.0016
hutt_20200713,COPERNICUS/S2_SR_HARMONIZED/20200712T222549_20200712T222545_T60GUV,2020-07-12 22:27:27,hutt_20200713_plumeTrain_0,1,train,https://doi.org/10.1080/00288330.2022.2088569,"Gall et al. 2022, Figure 10A",v1,S2_SR_HARMONIZED_SCL_v1,174.8733815381704,-41.255441713068365,0.0528,0.0727,0.0789,0.0734,0.0327,0.0325,0.0272,0.0179,0.0014,0.0016
hutt_20200713,COPERNICUS/S2_SR_HARMONIZED/20200712T222549_20200712T222545_T60GUV,2020-07-12 22:27:27,hutt_20200713_plumeTrain_0,1,train,https://doi.org/10.1080/00288330.2022.2088569,"Gall et al. 2022, Figure 10A",v1,S2_SR_HARMONIZED_SCL_v1,174.87350082171673,-41.25544391719518,0.0508,0.0744,0.08,0.0732,0.0326,0.0328,0.0284,0.0183,1.0E-4,0.0026
hutt_20200713,COPERNICUS/S2_SR_HARMONIZED/20200712T222549_20200712T222545_T60GUV,2020-07-12 22:27:27,hutt_20200713_plumeTrain_0,1,train,https://doi.org/10.1080/00288330.2022.2088569,"Gall et al. 2022, Figure 10A",v1,S2_SR_HARMONIZED_SCL_v1,174.8736201052763,-41.25544612119852,0.055,0.0734,0.0818,0.0732,0.0326,0.0328,0.0281,0.0183,1.0E-4,0.0026
hutt_20200713,COPERNICUS/S2_SR_HARMONIZED/20200712T222549_20200712T222545_T60GUV,2020-07-12 22:27:27,hutt_20200713_plumeTrain_0,1,train,https://doi.org/10.1080/00288330.2022.2088569,"Gall et al. 2022, Figure 10A",v1,S2_SR_HARMONIZED_SCL_v1,174.87373938884915,-41.25544832507836,0.0566,0.0733,0.0816,0.0736,0.0319,0.0337,0.0242,0.0183,0.0017,0.002
hutt_20200713,COPERNICUS/S2_SR_HARMONIZED/20200712T222549_20200712T222545_T60GUV,2020-07-12 22:27:27,hutt_20200713_plumeTrain_0,1,train,https://doi.org/10.1080/00288330.2022.2088569,"Gall et al. 2022, Figure 10A",v1,S2_SR_HARMONIZED_SCL_v1,174.87397795603454,-41.25545273246762,0.0521,0.0744,0.0796,0.074,0.0317,0.0306,0.0245,0.0182,0.0017,1.0E-4
hutt_20200713,COPERNICUS/S2_SR_HARMONIZED/20200712T222549_20200712T222545_T60GUV,2020-07-12 22:27:27,hutt_20200713_plumeTrain_0,1,train,https://doi.org/10.1080/00288330.2022.2088569,"Gall et al. 2022, Figure 10A",v1,S2_SR_HARMONIZED_SCL_v1,174.8740972396471,-41.25545493597702,0.0529,0.0761,0.0783,0.074,0.0317,0.0306,0.0253,0.0182,0.0017,1.0E-4
hutt_20200713,COPERNICUS/S2_SR_HARMONIZED/20200712T222549_20200712T222545_T60GUV,2020-07-12 22:27:27,hutt_20200713_plumeTrain_0,1,train,https://doi.org/10.1080/00288330.2022.2088569,"Gall et al. 2022, Figure 10A",v1,S2_SR_HARMONIZED_SCL_v1,174.87421652327293,-41.25545713936294,0.0533,0.0766,0.0759,0.0723,0.0325,0.0271,0.026,0.017,0.0028,0.0022
hutt_20200713,COPERNICUS/S2_SR_HARMONIZED/20200712T222549_20200712T222545_T60GUV,2020-07-12 22:27:27,hutt_20200713_plumeTrain_0,1,train,https://doi.org/10.1080/00288330.2022.2088569,"Gall et al. 2022, Figure 10A",v1,S2_SR_HARMONIZED_SCL_v1,174.874335806912,-41.25545934262538,0.0536,0.0733,0.0792,0.0723,0.0325,0.0271,0.0228,0.017,0.0028,0.0022
hutt_20200713,COPERNICUS/S2_SR_HARMONIZED/20200712T222549_20200712T222545_T60GUV,2020-07-12 22:27:27,hutt_20200713_plumeTrain_0,1,train,https://doi.org/10.1080/00288330.2022.2088569,"Gall et al. 2022, Figure 10A",v1,S2_SR_HARMONIZED_SCL_v1,174.874932225306,-41.25547035708533,0.0521,0.0744,0.0791,0.0696,0.0321,0.0307,0.0259,0.0149,0.0015,0.0021
hutt_20200713,COPERNICUS/S2_SR_HARMONIZED/20200712T222549_20200712T222545_T60GUV,2020-07-12 22:27:27,hutt_20200713_plumeTrain_0,1,train,https://doi.org/10.1080/00288330.2022.2088569,"Gall et al. 2022, Figure 10A",v1,S2_SR_HARMONIZED_SCL_v1,174.87517079275628,-41.25547476200493,0.058,0.0775,0.0785,0.0737,0.0336,0.0307,0.0281,0.0178,0.0013,0.0026
hutt_20200713,COPERNICUS/S2_SR_HARMONIZED/20200712T222549_20200712T222545_T60GUV,2020-07-12 22:27:27,hutt_20200713_plumeTrain_0,1,train,https://doi.org/10.1080/00288330.2022.2088569,"Gall et al. 2022, Figure 10A",v1,S2_SR_HARMONIZED_SCL_v1,174.87529007650127,-41.25547696427951,0.0535,0.0747,0.0788,0.0737,0.0336,0.0307,0.0256,0.0178,0.0013,0.0026
hutt_20200713,COPERNICUS/S2_SR_HARMONIZED/20200712T222549_20200712T222545_T60GUV,2020-07-12 22:27:27,hutt_20200713_plumeTrain_0,1,train,https://doi.org/10.1080/00288330.2022.2088569,"Gall et al. 2022, Figure 10A",v1,S2_SR_HARMONIZED_SCL_v1,174.87242434811685,-41.25551409176212,0.0527,0.0766,0.0786,0.0705,0.0349,0.0345,0.0242,0.0169,0.0031,8.0E-4
hutt_20200713,COPERNICUS/S2_SR_HARMONIZED/20200712T222549_20200712T222545_T60GUV,2020-07-12 22:27:27,hutt_20200713_plumeTrain_0,1,train,https://doi.org/10.1080/00288330.2022.2088569,"Gall et al. 2022, Figure 10A",v1,S2_SR_HARMONIZED_SCL_v1,174.8725436317207,-41.25551629688374,0.053,0.0758,0.0786,0.075,0.0343,0.0335,0.0253,0.0156,0.003,0.0031
hutt_20200713,COPERNICUS/S2_SR_HARMONIZED/20200712T222549_20200712T222545_T60GUV,2020-07-12 22:27:27,hutt_20200713_plumeTrain_0,1,train,https://doi.org/10.1080/00288330.2022.2088569,"Gall et al. 2022, Figure 10A",v1,S2_SR_HARMONIZED_SCL_v1,174.87266291533777,-41.25551850188187,0.0526,0.0763,0.078,0.075,0.0343,0.0335,0.0279,0.0156,0.003,0.0031
hutt_20200713,COPERNICUS/S2_SR_HARMONIZED/20200712T222549_20200712T222545_T60GUV,2020-07-12 22:27:27,hutt_20200713_plumeTrain_0,1,train,https://doi.org/10.1080/00288330.2022.2088569,"Gall et al. 2022, Figure 10A",v1,S2_SR_HARMONIZED_SCL_v1,174.8729014826117,-41.25552291150768,0.0529,0.0744,0.0819,0.0731,0.0335,0.032,0.0278,0.0148,0.003,0.0036
hutt_20200713,COPERNICUS/S2_SR_HARMONIZED/20200712T222549_20200712T222545_T60GUV,2020-07-12 22:27:27,hutt_20200713_plumeTrain_0,1,train,https://doi.org/10.1080/00288330.2022.2088569,"Gall et al. 2022, Figure 10A",v1,S2_SR_HARMONIZED_SCL_v1,174.87314004993863,-41.25552732063957,0.0546,0.0738,0.0811,0.0739,0.0339,0.0329,0.0259,0.0162,0.0016,0.0021
hutt_20200713,COPERNICUS/S2_SR_HARMONIZED/20200712T222549_20200712T222545_T60GUV,2020-07-12 22:27:27,hutt_20200713_plumeTrain_0,1,train,https://doi.org/10.1080/00288330.2022.2088569,"Gall et al. 2022, Figure 10A",v1,S2_SR_HARMONIZED_SCL_v1,174.873259333622,-41.25552952502029,0.0529,0.0748,0.0861,0.0736,0.0353,0.032,0.0261,0.0162,4.0E-4,0.0026
hutt_20200713,COPERNICUS/S2_SR_HARMONIZED/20200712T222549_20200712T222545_T60GUV,2020-07-12 22:27:27,hutt_20200713_plumeTrain_0,1,train,https://doi.org/10.1080/00288330.2022.2088569,"Gall et al. 2022, Figure 10A",v1,S2_SR_HARMONIZED_SCL_v1,174.8733786173186,-41.25553172927753,0.0566,0.0756,0.0817,0.0736,0.0353,0.032,0.0253,0.0162,4.0E-4,0.0026
hutt_20200713,COPERNICUS/S2_SR_HARMONIZED/20200712T222549_20200712T222545_T60GUV,2020-07-12 22:27:27,hutt_20200713_plumeTrain_0,1,train,https://doi.org/10.1080/00288330.2022.2088569,"Gall et al. 2022, Figure 10A",v1,S2_SR_HARMONIZED_SCL_v1,174.87349790102846,-41.255533933411286,0.056,0.0752,0.0796,0.073,0.035,0.0334,0.0242,0.0164,0.0021,0.0032
hutt_20200713,COPERNICUS/S2_SR_HARMONIZED/20200712T222549_20200712T222545_T60GUV,2020-07-12 22:27:27,hutt_20200713_plumeTrain_0,1,train,https://doi.org/10.1080/00288330.2022.2088569,"Gall et al. 2022, Figure 10A",v1,S2_SR_HARMONIZED_SCL_v1,174.87361718475157,-41.25553613742156,0.0547,0.0735,0.0793,0.073,0.035,0.0334,0.0264,0.0164,0.0021,0.0032
hutt_20200713,COPERNICUS/S2_SR_HARMONIZED/20200712T222549_20200712T222545_T60GUV,2020-07-12 22:27:27,hutt_20200713_plumeTrain_0,1,train,https://doi.org/10.1080/00288330.2022.2088569,"Gall et al. 2022, Figure 10A",v1,S2_SR_HARMONIZED_SCL_v1,174.8739750360004,-41.255542748711484,0.0576,0.0716,0.0796,0.0744,0.0317,0.0319,0.0243,0.0162,0.0027,0.0012
hutt_20200713,COPERNICUS/S2_SR_HARMONIZED/20200712T222549_20200712T222545_T60GUV,2020-07-12 22:27:27,hutt_20200713_plumeTrain_0,1,train,https://doi.org/10.1080/00288330.2022.2088569,"Gall et al. 2022, Figure 10A",v1,S2_SR_HARMONIZED_SCL_v1,174.87433288736844,-41.25554935889005,0.0514,0.0725,0.0795,0.0732,0.0328,0.0313,0.0242,0.0176,0.0019,0.0023
hutt_20200713,COPERNICUS/S2_SR_HARMONIZED/20200712T222549_20200712T222545_T60GUV,2020-07-12 22:27:27,hutt_20200713_plumeTrain_0,1,train,https://doi.org/10.1080/00288330.2022.2088569,"Gall et al. 2022, Figure 10A",v1,S2_SR_HARMONIZED_SCL_v1,174.87457145501338,-41.25555376505835,0.0498,0.0746,0.0827,0.0751,0.0337,0.0293,0.0263,0.0173,0.0028,0.0028
hutt_20200713,COPERNICUS/S2_SR_HARMONIZED/20200712T222549_20200712T222545_T60GUV,2020-07-12 22:27:27,hutt_20200713_plumeTrain_0,1,train,https://doi.org/10.1080/00288330.2022.2088569,"Gall et al. 2022, Figure 10A",v1,S2_SR_HARMONIZED_SCL_v1,174.87481002271127,-41.25555817073272,0.0546,0.0725,0.0782,0.0738,0.0349,0.0284,0.0241,0.0154,0.0018,0.0021
hutt_20200713,COPERNICUS/S2_SR_HARMONIZED/20200712T222549_20200712T222545_T60GUV,2020-07-12 22:27:27,hutt_20200713_plumeTrain_0,1,train,https://doi.org/10.1080/00288330.2022.2088569,"Gall et al. 2022, Figure 10A",v1,S2_SR_HARMONIZED_SCL_v1,174.8749293065801,-41.25556037338468,0.0567,0.0725,0.0788,0.0716,0.0335,0.0301,0.0214,0.0145,0.0019,0.0032
hutt_20200713,COPERNICUS/S2_SR_HARMONIZED/20200712T222549_20200712T222545_T60GUV,2020-07-12 22:27:27,hutt_20200713_plumeTrain_0,1,train,https://doi.org/10.1080/00288330.2022.2088569,"Gall et al. 2022, Figure 10A",v1,S2_SR_HARMONIZED_SCL_v1,174.87528715826602,-41.25556698059966,0.054,0.0768,0.0794,0.0714,0.0343,0.0321,0.0242,0.0164,0.0023,0.0033
hutt_20200713,COPERNICUS/S2_SR_HARMONIZED/20200712T222549_20200712T222545_T60GUV,2020-07-12 22:27:27,hutt_20200713_plumeTrain_0,1,train,https://doi.org/10.1080/00288330.2022.2088569,"Gall et al. 2022, Figure 10A",v1,S2_SR_HARMONIZED_SCL_v1,174.8755257261228,-41.255571384792226,0.0486,0.0738,0.0817,0.0742,0.0324,0.0319,0.0264,0.0187,9.0E-4,0.0032
hutt_20200713,COPERNICUS/S2_SR_HARMONIZED/20200712T222549_20200712T222545_T60GUV,2020-07-12 22:27:27,hutt_20200713_plumeTrain_0,1,train,https://doi.org/10.1080/00288330.2022.2088569,"Gall et al. 2022, Figure 10A",v1,S2_SR_HARMONIZED_SCL_v1,174.87230214218945,-41.25560190266215,0.0575,0.0777,0.0789,0.0705,0.0349,0.0345,0.0254,0.0169,0.0031,8.0E-4
hutt_20200713,COPERNICUS/S2_SR_HARMONIZED/20200712T222549_20200712T222545_T60GUV,2020-07-12 22:27:27,hutt_20200713_plumeTrain_0,1,train,https://doi.org/10.1080/00288330.2022.2088569,"Gall et al. 2022, Figure 10A",v1,S2_SR_HARMONIZED_SCL_v1,174.87242142594354,-41.255604107914195,0.0512,0.0793,0.078,0.0705,0.0349,0.0345,0.0257,0.0169,0.0031,8.0E-4
hutt_20200713,COPERNICUS/S2_SR_HARMONIZED/20200712T222549_20200712T222545_T60GUV,2020-07-12 22:27:27,hutt_20200713_plumeTrain_0,1,train,https://doi.org/10.1080/00288330.2022.2088569,"Gall et al. 2022, Figure 10A",v1,S2_SR_HARMONIZED_SCL_v1,174.8725407097109,-41.25560631304275,0.0528,0.0769,0.0771,0.075,0.0343,0.0335,0.025,0.0156,0.003,0.0031
hutt_20200713,COPERNICUS/S2_SR_HARMONIZED/20200712T222549_20200712T222545_T60GUV,2020-07-12 22:27:27,hutt_20200713_plumeTrain_0,1,train,https://doi.org/10.1080/00288330.2022.2088569,"Gall et al. 2022, Figure 10A",v1,S2_SR_HARMONIZED_SCL_v1,174.8726599934915,-41.25560851804782,0.0567,0.0742,0.081,0.075,0.0343,0.0335,0.025,0.0156,0.003,0.0031
hutt_20200713,COPERNICUS/S2_SR_HARMONIZED/20200712T222549_20200712T222545_T60GUV,2020-07-12 22:27:27,hutt_20200713_plumeTrain_0,1,train,https://doi.org/10.1080/00288330.2022.2088569,"Gall et al. 2022, Figure 10A",v1,S2_SR_HARMONIZED_SCL_v1,174.8728985610925,-41.25561292768752,0.0537,0.0727,0.0749,0.0731,0.0335,0.032,0.0259,0.0148,0.003,0.0036
hutt_20200713,COPERNICUS/S2_SR_HARMONIZED/20200712T222549_20200712T222545_T60GUV,2020-07-12 22:27:27,hutt_20200713_plumeTrain_0,1,train,https://doi.org/10.1080/00288330.2022.2088569,"Gall et al. 2022, Figure 10A",v1,S2_SR_HARMONIZED_SCL_v1,174.87301784491288,-41.25561513232215,0.0548,0.0768,0.0769,0.0739,0.0339,0.0329,0.0259,0.0162,0.0016,0.0021
hutt_20200713,COPERNICUS/S2_SR_HARMONIZED/20200712T222549_20200712T222545_T60GUV,2020-07-12 22:27:27,hutt_20200713_plumeTrain_0,1,train,https://doi.org/10.1080/00288330.2022.2088569,"Gall et al. 2022, Figure 10A",v1,S2_SR_HARMONIZED_SCL_v1,174.87313712874655,-41.25561733683329,0.0498,0.075,0.0828,0.0739,0.0339,0.0329,0.025,0.0162,0.0016,0.0021
hutt_20200713,COPERNICUS/S2_SR_HARMONIZED/20200712T222549_20200712T222545_T60GUV,2020-07-12 22:27:27,hutt_20200713_plumeTrain_0,1,train,https://doi.org/10.1080/00288330.2022.2088569,"Gall et al. 2022, Figure 10A",v1,S2_SR_HARMONIZED_SCL_v1,174.87325641259343,-41.255619541220945,0.0507,0.0781,0.0832,0.0736,0.0353,0.032,0.0262,0.0162,4.0E-4,0.0026
hutt_20200713,COPERNICUS/S2_SR_HARMONIZED/20200712T222549_20200712T222545_T60GUV,2020-07-12 22:27:27,hutt_20200713_plumeTrain_0,1,train,https://doi.org/10.1080/00288330.2022.2088569,"Gall et al. 2022, Figure 10A",v1,S2_SR_HARMONIZED_SCL_v1,174.87337569645356,-41.25562174548513,0.0632,0.0765,0.0785,0.0736,0.0353,0.032,0.0267,0.0162,4.0E-4,0.0026
hutt_20200713,COPERNICUS/S2_SR_HARMONIZED/20200712T222549_20200712T222545_T60GUV,2020-07-12 22:27:27,hutt_20200713_plumeTrain_0,1,train,https://doi.org/10.1080/00288330.2022.2088569,"Gall et al. 2022, Figure 10A",v1,S2_SR_HARMONIZED_SCL_v1,174.87349498032694,-41.25562394962582,0.0584,0.0744,0.0796,0.073,0.035,0.0334,0.0242,0.0164,0.0021,0.0032
hutt_20200713,COPERNICUS/S2_SR_HARMONIZED/20200712T222549_20200712T222545_T60GUV,2020-07-12 22:27:27,hutt_20200713_plumeTrain_0,1,train,https://doi.org/10.1080/00288330.2022.2088569,"Gall et al. 2022, Figure 10A",v1,S2_SR_HARMONIZED_SCL_v1,174.87373354811348,-41.255628357536764,0.0568,0.0737,0.0825,0.0743,0.0332,0.0323,0.0282,0.0152,0.0019,0.0032
hutt_20200713,COPERNICUS/S2_SR_HARMONIZED/20200712T222549_20200712T222545_T60GUV,2020-07-12 22:27:27,hutt_20200713_plumeTrain_0,1,train,https://doi.org/10.1080/00288330.2022.2088569,"Gall et al. 2022, Figure 10A",v1,S2_SR_HARMONIZED_SCL_v1,174.8738528320266,-41.255630561307,0.0525,0.0767,0.0796,0.0743,0.0332,0.0323,0.0272,0.0152,0.0019,0.0032
hutt_20200713,COPERNICUS/S2_SR_HARMONIZED/20200712T222549_20200712T222545_T60GUV,2020-07-12 22:27:27,hutt_20200713_plumeTrain_0,1,train,https://doi.org/10.1080/00288330.2022.2088569,"Gall et al. 2022, Figure 10A",v1,S2_SR_HARMONIZED_SCL_v1,174.87409139989265,-41.25563496847704,0.0591,0.0764,0.0797,0.0744,0.0317,0.0319,0.0239,0.0162,0.0027,0.0012
hutt_20200713,COPERNICUS/S2_SR_HARMONIZED/20200712T222549_20200712T222545_T60GUV,2020-07-12 22:27:27,hutt_20200713_plumeTrain_0,1,train,https://doi.org/10.1080/00288330.2022.2088569,"Gall et al. 2022, Figure 10A",v1,S2_SR_HARMONIZED_SCL_v1,174.87444925179102,-41.255641578305976,0.057,0.0735,0.0806,0.0751,0.0337,0.0293,0.0248,0.0173,0.0028,0.0028
hutt_20200713,COPERNICUS/S2_SR_HARMONIZED/20200712T222549_20200712T222545_T60GUV,2020-07-12 22:27:27,hutt_20200713_plumeTrain_0,1,train,https://doi.org/10.1080/00288330.2022.2088569,"Gall et al. 2022, Figure 10A",v1,S2_SR_HARMONIZED_SCL_v1,174.87456853578365,-41.25564378133532,0.0485,0.0749,0.0807,0.0751,0.0337,0.0293,0.0231,0.0173,0.0028,0.0028
hutt_20200713,COPERNICUS/S2_SR_HARMONIZED/20200712T222549_20200712T222545_T60GUV,2020-07-12 22:27:27,hutt_20200713_plumeTrain_0,1,train,https://doi.org/10.1080/00288330.2022.2088569,"Gall et al. 2022, Figure 10A",v1,S2_SR_HARMONIZED_SCL_v1,174.87468781978953,-41.25564598424118,0.0559,0.0756,0.0809,0.0738,0.0349,0.0284,0.0264,0.0154,0.0018,0.0021
hutt_20200713,COPERNICUS/S2_SR_HARMONIZED/20200712T222549_20200712T222545_T60GUV,2020-07-12 22:27:27,hutt_20200713_plumeTrain_0,1,train,https://doi.org/10.1080/00288330.2022.2088569,"Gall et al. 2022, Figure 10A",v1,S2_SR_HARMONIZED_SCL_v1,174.87480710380862,-41.25564818702356,0.0555,0.0725,0.0804,0.0738,0.0349,0.0284,0.0254,0.0154,0.0018,0.0021
hutt_20200713,COPERNICUS/S2_SR_HARMONIZED/20200712T222549_20200712T222545_T60GUV,2020-07-12 22:27:27,hutt_20200713_plumeTrain_0,1,train,https://doi.org/10.1080/00288330.2022.2088569,"Gall et al. 2022, Figure 10A",v1,S2_SR_HARMONIZED_SCL_v1,174.87504567188657,-41.255652592217864,0.0555,0.0789,0.0799,0.0716,0.0335,0.0301,0.0272,0.0145,0.0019,0.0032
hutt_20200713,COPERNICUS/S2_SR_HARMONIZED/20200712T222549_20200712T222545_T60GUV,2020-07-12 22:27:27,hutt_20200713_plumeTrain_0,1,train,https://doi.org/10.1080/00288330.2022.2088569,"Gall et al. 2022, Figure 10A",v1,S2_SR_HARMONIZED_SCL_v1,174.8751649559454,-41.2556547946298,0.0541,0.076,0.0796,0.0714,0.0343,0.0321,0.0264,0.0164,0.0023,0.0033
hutt_20200713,COPERNICUS/S2_SR_HARMONIZED/20200712T222549_20200712T222545_T60GUV,2020-07-12 22:27:27,hutt_20200713_plumeTrain_0,1,train,https://doi.org/10.1080/00288330.2022.2088569,"Gall et al. 2022, Figure 10A",v1,S2_SR_HARMONIZED_SCL_v1,174.87540352410278,-41.2556591990832,0.0567,0.0732,0.0771,0.0742,0.0324,0.0319,0.0262,0.0187,9.0E-4,0.0032
hutt_20200713,COPERNICUS/S2_SR_HARMONIZED/20200712T222549_20200712T222545_T60GUV,2020-07-12 22:27:27,hutt_20200713_plumeTrain_0,1,train,https://doi.org/10.1080/00288330.2022.2088569,"Gall et al. 2022, Figure 10A",v1,S2_SR_HARMONIZED_SCL_v1,174.87576137643816,-41.25566580483717,0.0526,0.0755,0.0785,0.0733,0.0338,0.0307,0.0262,0.0176,6.0E-4,0.0026
hutt_20200713,COPERNICUS/S2_SR_HARMONIZED/20200712T222549_20200712T222545_T60GUV,2020-07-12 22:27:27,hutt_20200713_plumeTrain_0,1,train,https://doi.org/10.1080/00288330.2022.2088569,"Gall et al. 2022, Figure 10A",v1,S2_SR_HARMONIZED_SCL_v1,174.87229921983936,-41.25569191880569,0.0547,0.072,0.0794,0.0707,0.0328,0.0322,0.0266,0.017,0.0032,0.0021
hutt_20200713,COPERNICUS/S2_SR_HARMONIZED/20200712T222549_20200712T222545_T60GUV,2020-07-12 22:27:27,hutt_20200713_plumeTrain_0,1,train,https://doi.org/10.1080/00288330.2022.2088569,"Gall et al. 2022, Figure 10A",v1,S2_SR_HARMONIZED_SCL_v1,174.87241850375696,-41.255694124064675,0.0556,0.0775,0.0796,0.0707,0.0328,0.0322,0.0246,0.017,0.0032,0.0021
hutt_20200713,COPERNICUS/S2_SR_HARMONIZED/20200712T222549_20200712T222545_T60GUV,2020-07-12 22:27:27,hutt_20200713_plumeTrain_0,1,train,https://doi.org/10.1080/00288330.2022.2088569,"Gall et al. 2022, Figure 10A",v1,S2_SR_HARMONIZED_SCL_v1,174.87253778768786,-41.25569632920017,0.057,0.0796,0.081,0.0756,0.0351,0.0337,0.0252,0.016,0.0031,0.0022
hutt_20200713,COPERNICUS/S2_SR_HARMONIZED/20200712T222549_20200712T222545_T60GUV,2020-07-12 22:27:27,hutt_20200713_plumeTrain_0,1,train,https://doi.org/10.1080/00288330.2022.2088569,"Gall et al. 2022, Figure 10A",v1,S2_SR_HARMONIZED_SCL_v1,174.87289563956006,-41.25570294386577,0.055,0.0769,0.0799,0.0749,0.0353,0.0316,0.0242,0.0171,0.0024,0.0032
hutt_20200713,COPERNICUS/S2_SR_HARMONIZED/20200712T222549_20200712T222545_T60GUV,2020-07-12 22:27:27,hutt_20200713_plumeTrain_0,1,train,https://doi.org/10.1080/00288330.2022.2088569,"Gall et al. 2022, Figure 10A",v1,S2_SR_HARMONIZED_SCL_v1,174.873014923544,-41.25570514850734,0.0568,0.0775,0.083,0.0754,0.0347,0.0316,0.0251,0.0175,0.0024,0.0021
hutt_20200713,COPERNICUS/S2_SR_HARMONIZED/20200712T222549_20200712T222545_T60GUV,2020-07-12 22:27:27,hutt_20200713_plumeTrain_0,1,train,https://doi.org/10.1080/00288330.2022.2088569,"Gall et al. 2022, Figure 10A",v1,S2_SR_HARMONIZED_SCL_v1,174.87313420754114,-41.25570735302542,0.0556,0.0766,0.0826,0.0754,0.0347,0.0316,0.0248,0.0175,0.0024,0.0021
hutt_20200713,COPERNICUS/S2_SR_HARMONIZED/20200712T222549_20200712T222545_T60GUV,2020-07-12 22:27:27,hutt_20200713_plumeTrain_0,1,train,https://doi.org/10.1080/00288330.2022.2088569,"Gall et al. 2022, Figure 10A",v1,S2_SR_HARMONIZED_SCL_v1,174.87337277557523,-41.25571176169113,0.0611,0.0777,0.0781,0.0735,0.0336,0.0321,0.0278,0.0163,0.0015,0.0049
hutt_20200713,COPERNICUS/S2_SR_HARMONIZED/20200712T222549_20200712T222545_T60GUV,2020-07-12 22:27:27,hutt_20200713_plumeTrain_0,1,train,https://doi.org/10.1080/00288330.2022.2088569,"Gall et al. 2022, Figure 10A",v1,S2_SR_HARMONIZED_SCL_v1,174.87349205961218,-41.255713965838765,0.0529,0.0755,0.0799,0.073,0.0336,0.0353,0.0255,0.0165,0.001,0.0044
hutt_20200713,COPERNICUS/S2_SR_HARMONIZED/20200712T222549_20200712T222545_T60GUV,2020-07-12 22:27:27,hutt_20200713_plumeTrain_0,1,train,https://doi.org/10.1080/00288330.2022.2088569,"Gall et al. 2022, Figure 10A",v1,S2_SR_HARMONIZED_SCL_v1,174.87361134366233,-41.255716169862914,0.0532,0.0738,0.0813,0.073,0.0336,0.0353,0.0251,0.0165,0.001,0.0044
hutt_20200713,COPERNICUS/S2_SR_HARMONIZED/20200712T222549_20200712T222545_T60GUV,2020-07-12 22:27:27,hutt_20200713_plumeTrain_0,1,train,https://doi.org/10.1080/00288330.2022.2088569,"Gall et al. 2022, Figure 10A",v1,S2_SR_HARMONIZED_SCL_v1,174.87373062772576,-41.255718373763585,0.0529,0.0756,0.0841,0.0742,0.0335,0.0336,0.0271,0.0157,0.0019,0.002
hutt_20200713,COPERNICUS/S2_SR_HARMONIZED/20200712T222549_20200712T222545_T60GUV,2020-07-12 22:27:27,hutt_20200713_plumeTrain_0,1,train,https://doi.org/10.1080/00288330.2022.2088569,"Gall et al. 2022, Figure 10A",v1,S2_SR_HARMONIZED_SCL_v1,174.87408847999555,-41.25572498472468,0.056,0.0755,0.0807,0.0746,0.0326,0.0323,0.0249,0.014,0.0023,0.0018
hutt_20200713,COPERNICUS/S2_SR_HARMONIZED/20200712T222549_20200712T222545_T60GUV,2020-07-12 22:27:27,hutt_20200713_plumeTrain_0,1,train,https://doi.org/10.1080/00288330.2022.2088569,"Gall et al. 2022, Figure 10A",v1,S2_SR_HARMONIZED_SCL_v1,174.87456561654068,-41.25573379761071,0.0498,0.0749,0.0792,0.074,0.0334,0.0307,0.0245,0.0146,0.0019,0.0042
hutt_20200713,COPERNICUS/S2_SR_HARMONIZED/20200712T222549_20200712T222545_T60GUV,2020-07-12 22:27:27,hutt_20200713_plumeTrain_0,1,train,https://doi.org/10.1080/00288330.2022.2088569,"Gall et al. 2022, Figure 10A",v1,S2_SR_HARMONIZED_SCL_v1,174.87480418489272,-41.25573820331281,0.0555,0.0717,0.0761,0.0751,0.0337,0.0288,0.0251,0.0148,0.003,0.0026
hutt_20200713,COPERNICUS/S2_SR_HARMONIZED/20200712T222549_20200712T222545_T60GUV,2020-07-12 22:27:27,hutt_20200713_plumeTrain_0,1,train,https://doi.org/10.1080/00288330.2022.2088569,"Gall et al. 2022, Figure 10A",v1,S2_SR_HARMONIZED_SCL_v1,174.87504275329772,-41.25574260852098,0.049,0.0771,0.0782,0.0732,0.0343,0.0306,0.0276,0.0142,0.0034,0.0033
hutt_20200713,COPERNICUS/S2_SR_HARMONIZED/20200712T222549_20200712T222545_T60GUV,2020-07-12 22:27:27,hutt_20200713_plumeTrain_0,1,train,https://doi.org/10.1080/00288330.2022.2088569,"Gall et al. 2022, Figure 10A",v1,S2_SR_HARMONIZED_SCL_v1,174.87516203752008,-41.25574481093985,0.0573,0.0725,0.0778,0.0725,0.0356,0.0312,0.026,0.0149,0.0026,0.0032
hutt_20200713,COPERNICUS/S2_SR_HARMONIZED/20200712T222549_20200712T222545_T60GUV,2020-07-12 22:27:27,hutt_20200713_plumeTrain_0,1,train,https://doi.org/10.1080/00288330.2022.2088569,"Gall et al. 2022, Figure 10A",v1,S2_SR_HARMONIZED_SCL_v1,174.8752813217557,-41.25574701323522,0.054,0.0752,0.075,0.0725,0.0356,0.0312,0.0253,0.0149,0.0026,0.0032
hutt_20200713,COPERNICUS/S2_SR_HARMONIZED/20200712T222549_20200712T222545_T60GUV,2020-07-12 22:27:27,hutt_20200713_plumeTrain_0,1,train,https://doi.org/10.1080/00288330.2022.2088569,"Gall et al. 2022, Figure 10A",v1,S2_SR_HARMONIZED_SCL_v1,174.87563917454193,-41.25575361938046,0.0576,0.0771,0.0782,0.0745,0.0338,0.031,0.0242,0.0158,0.0027,0.0017
hutt_20200713,COPERNICUS/S2_SR_HARMONIZED/20200712T222549_20200712T222545_T60GUV,2020-07-12 22:27:27,hutt_20200713_plumeTrain_0,1,train,https://doi.org/10.1080/00288330.2022.2088569,"Gall et al. 2022, Figure 10A",v1,S2_SR_HARMONIZED_SCL_v1,174.87575845883052,-41.25575582118189,0.0552,0.0738,0.0792,0.0745,0.0338,0.031,0.0244,0.0158,0.0027,0.0017
hutt_20200713,COPERNICUS/S2_SR_HARMONIZED/20200712T222549_20200712T222545_T60GUV,2020-07-12 22:27:27,hutt_20200713_plumeTrain_0,1,train,https://doi.org/10.1080/00288330.2022.2088569,"Gall et al. 2022, Figure 10A",v1,S2_SR_HARMONIZED_SCL_v1,174.87587774313232,-41.255758022859844,0.0547,0.0762,0.079,0.0731,0.0344,0.0313,0.0259,0.013,0.0018,0.0021
hutt_20200713,COPERNICUS/S2_SR_HARMONIZED/20200712T222549_20200712T222545_T60GUV,2020-07-12 22:27:27,hutt_20200713_plumeTrain_0,1,train,https://doi.org/10.1080/00288330.2022.2088569,"Gall et al. 2022, Figure 10A",v1,S2_SR_HARMONIZED_SCL_v1,174.872296297476,-41.25578193494764,0.0557,0.0764,0.0786,0.0707,0.0328,0.0322,0.0262,0.017,0.0032,0.0021
hutt_20200713,COPERNICUS/S2_SR_HARMONIZED/20200712T222549_20200712T222545_T60GUV,2020-07-12 22:27:27,hutt_20200713_plumeTrain_0,1,train,https://doi.org/10.1080/00288330.2022.2088569,"Gall et al. 2022, Figure 10A",v1,S2_SR_HARMONIZED_SCL_v1,174.87241558155714,-41.255784140213564,0.057,0.076,0.0778,0.0707,0.0328,0.0322,0.0261,0.017,0.0032,0.0021
hutt_20200713,COPERNICUS/S2_SR_HARMONIZED/20200712T222549_20200712T222545_T60GUV,2020-07-12 22:27:27,hutt_20200713_plumeTrain_0,1,train,https://doi.org/10.1080/00288330.2022.2088569,"Gall et al. 2022, Figure 10A",v1,S2_SR_HARMONIZED_SCL_v1,174.87301200216183,-41.25579516469094,0.0571,0.0763,0.0847,0.0754,0.0347,0.0316,0.0261,0.0175,0.0024,0.0021
hutt_20200713,COPERNICUS/S2_SR_HARMONIZED/20200712T222549_20200712T222545_T60GUV,2020-07-12 22:27:27,hutt_20200713_plumeTrain_0,1,train,https://doi.org/10.1080/00288330.2022.2088569,"Gall et al. 2022, Figure 10A",v1,S2_SR_HARMONIZED_SCL_v1,174.87325057049648,-41.2557995736175,0.0581,0.0766,0.084,0.0735,0.0336,0.0321,0.0242,0.0163,0.0015,0.0049
hutt_20200713,COPERNICUS/S2_SR_HARMONIZED/20200712T222549_20200712T222545_T60GUV,2020-07-12 22:27:27,hutt_20200713_plumeTrain_0,1,train,https://doi.org/10.1080/00288330.2022.2088569,"Gall et al. 2022, Figure 10A",v1,S2_SR_HARMONIZED_SCL_v1,174.87360842309783,-41.255806186081216,0.0587,0.0748,0.0811,0.073,0.0336,0.0353,0.0246,0.0165,0.001,0.0044
hutt_20200713,COPERNICUS/S2_SR_HARMONIZED/20200712T222549_20200712T222545_T60GUV,2020-07-12 22:27:27,hutt_20200713_plumeTrain_0,1,train,https://doi.org/10.1080/00288330.2022.2088569,"Gall et al. 2022, Figure 10A",v1,S2_SR_HARMONIZED_SCL_v1,174.87384699156502,-41.25581059377294,0.0547,0.0727,0.0811,0.0742,0.0335,0.0336,0.0268,0.0157,0.0019,0.002
hutt_20200713,COPERNICUS/S2_SR_HARMONIZED/20200712T222549_20200712T222545_T60GUV,2020-07-12 22:27:27,hutt_20200713_plumeTrain_0,1,train,https://doi.org/10.1080/00288330.2022.2088569,"Gall et al. 2022, Figure 10A",v1,S2_SR_HARMONIZED_SCL_v1,174.87396627581847,-41.25581279743358,0.055,0.0711,0.081,0.0746,0.0326,0.0323,0.0272,0.014,0.0023,0.0018
hutt_20200713,COPERNICUS/S2_SR_HARMONIZED/20200712T222549_20200712T222545_T60GUV,2020-07-12 22:27:27,hutt_20200713_plumeTrain_0,1,train,https://doi.org/10.1080/00288330.2022.2088569,"Gall et al. 2022, Figure 10A",v1,S2_SR_HARMONIZED_SCL_v1,174.87408556008518,-41.255815000970735,0.0548,0.0749,0.0801,0.0746,0.0326,0.0323,0.0262,0.014,0.0023,0.0018
hutt_20200713,COPERNICUS/S2_SR_HARMONIZED/20200712T222549_20200712T222545_T60GUV,2020-07-12 22:27:27,hutt_20200713_plumeTrain_0,1,train,https://doi.org/10.1080/00288330.2022.2088569,"Gall et al. 2022, Figure 10A",v1,S2_SR_HARMONIZED_SCL_v1,174.87420484436512,-41.2558172043844,0.0547,0.0791,0.0796,0.0729,0.0322,0.0324,0.0261,0.0141,0.0013,0.003
hutt_20200713,COPERNICUS/S2_SR_HARMONIZED/20200712T222549_20200712T222545_T60GUV,2020-07-12 22:27:27,hutt_20200713_plumeTrain_0,1,train,https://doi.org/10.1080/00288330.2022.2088569,"Gall et al. 2022, Figure 10A",v1,S2_SR_HARMONIZED_SCL_v1,174.87444341296478,-41.25582161084128,0.0536,0.0758,0.0799,0.074,0.0334,0.0307,0.0263,0.0146,0.0019,0.0042
hutt_20200713,COPERNICUS/S2_SR_HARMONIZED/20200712T222549_20200712T222545_T60GUV,2020-07-12 22:27:27,hutt_20200713_plumeTrain_0,1,train,https://doi.org/10.1080/00288330.2022.2088569,"Gall et al. 2022, Figure 10A",v1,S2_SR_HARMONIZED_SCL_v1,174.87456269728446,-41.2558238138845,0.0532,0.0745,0.0815,0.074,0.0334,0.0307,0.0262,0.0146,0.0019,0.0042
hutt_20200713,COPERNICUS/S2_SR_HARMONIZED/20200712T222549_20200712T222545_T60GUV,2020-07-12 22:27:27,hutt_20200713_plumeTrain_0,1,train,https://doi.org/10.1080/00288330.2022.2088569,"Gall et al. 2022, Figure 10A",v1,S2_SR_HARMONIZED_SCL_v1,174.87480126596358,-41.25582821960048,0.057,0.0742,0.0768,0.0751,0.0337,0.0288,0.0243,0.0148,0.003,0.0026
hutt_20200713,COPERNICUS/S2_SR_HARMONIZED/20200712T222549_20200712T222545_T60GUV,2020-07-12 22:27:27,hutt_20200713_plumeTrain_0,1,train,https://doi.org/10.1080/00288330.2022.2088569,"Gall et al. 2022, Figure 10A",v1,S2_SR_HARMONIZED_SCL_v1,174.87492055032297,-41.25583042227325,0.0548,0.0717,0.0791,0.0732,0.0343,0.0306,0.0274,0.0142,0.0034,0.0033
hutt_20200713,COPERNICUS/S2_SR_HARMONIZED/20200712T222549_20200712T222545_T60GUV,2020-07-12 22:27:27,hutt_20200713_plumeTrain_0,1,train,https://doi.org/10.1080/00288330.2022.2088569,"Gall et al. 2022, Figure 10A",v1,S2_SR_HARMONIZED_SCL_v1,174.87503983469566,-41.255832624822524,0.0532,0.0721,0.0772,0.0732,0.0343,0.0306,0.0281,0.0142,0.0034,0.0033
hutt_20200713,COPERNICUS/S2_SR_HARMONIZED/20200712T222549_20200712T222545_T60GUV,2020-07-12 22:27:27,hutt_20200713_plumeTrain_0,1,train,https://doi.org/10.1080/00288330.2022.2088569,"Gall et al. 2022, Figure 10A",v1,S2_SR_HARMONIZED_SCL_v1,174.87515911908156,-41.255834827248314,0.0536,0.0725,0.0799,0.0725,0.0356,0.0312,0.0272,0.0149,0.0026,0.0032
hutt_20200713,COPERNICUS/S2_SR_HARMONIZED/20200712T222549_20200712T222545_T60GUV,2020-07-12 22:27:27,hutt_20200713_plumeTrain_0,1,train,https://doi.org/10.1080/00288330.2022.2088569,"Gall et al. 2022, Figure 10A",v1,S2_SR_HARMONIZED_SCL_v1,174.87527840348068,-41.25583702955063,0.0514,0.0724,0.0761,0.0725,0.0356,0.0312,0.0262,0.0149,0.0026,0.0032
hutt_20200713,COPERNICUS/S2_SR_HARMONIZED/20200712T222549_20200712T222545_T60GUV,2020-07-12 22:27:27,hutt_20200713_plumeTrain_0,1,train,https://doi.org/10.1080/00288330.2022.2088569,"Gall et al. 2022, Figure 10A",v1,S2_SR_HARMONIZED_SCL_v1,174.87539768789307,-41.25583923172945,0.0508,0.0725,0.0808,0.0714,0.0326,0.0302,0.0251,0.0167,0.003,0.0036
hutt_20200713,COPERNICUS/S2_SR_HARMONIZED/20200712T222549_20200712T222545_T60GUV,2020-07-12 22:27:27,hutt_20200713_plumeTrain_0,1,train,https://doi.org/10.1080/00288330.2022.2088569,"Gall et al. 2022, Figure 10A",v1,S2_SR_HARMONIZED_SCL_v1,174.87551697231868,-41.255841433784795,0.0536,0.0714,0.0818,0.0714,0.0326,0.0302,0.0239,0.0167,0.003,0.0036
hutt_20200713,COPERNICUS/S2_SR_HARMONIZED/20200712T222549_20200712T222545_T60GUV,2020-07-12 22:27:27,hutt_20200713_plumeTrain_0,1,train,https://doi.org/10.1080/00288330.2022.2088569,"Gall et al. 2022, Figure 10A",v1,S2_SR_HARMONIZED_SCL_v1,174.87575554120966,-41.25584583752502,0.0535,0.0727,0.0779,0.0745,0.0338,0.031,0.0245,0.0158,0.0027,0.0017
hutt_20200713,COPERNICUS/S2_SR_HARMONIZED/20200712T222549_20200712T222545_T60GUV,2020-07-12 22:27:27,hutt_20200713_plumeTrain_0,1,train,https://doi.org/10.1080/00288330.2022.2088569,"Gall et al. 2022, Figure 10A",v1,S2_SR_HARMONIZED_SCL_v1,174.87587482567497,-41.255848039209916,0.0528,0.0762,0.0779,0.0731,0.0344,0.0313,0.0248,0.013,0.0018,0.0021
hutt_20200713,COPERNICUS/S2_SR_HARMONIZED/20200712T222549_20200712T222545_T60GUV,2020-07-12 22:27:27,hutt_20200713_plumeTrain_0,1,train,https://doi.org/10.1080/00288330.2022.2088569,"Gall et al. 2022, Figure 10A",v1,S2_SR_HARMONIZED_SCL_v1,174.87611339464536,-41.25585244220924,0.0526,0.0685,0.0797,0.0721,0.0318,0.0304,0.0242,0.0154,0.0023,0.0021
hutt_20200713,COPERNICUS/S2_SR_HARMONIZED/20200712T222549_20200712T222545_T60GUV,2020-07-12 22:27:27,hutt_20200713_plumeTrain_0,1,train,https://doi.org/10.1080/00288330.2022.2088569,"Gall et al. 2022, Figure 10A",v1,S2_SR_HARMONIZED_SCL_v1,174.87241265934406,-41.25587415636088,0.0513,0.078,0.0811,0.0751,0.0323,0.0311,0.0248,0.0165,0.0027,0.0044
hutt_20200713,COPERNICUS/S2_SR_HARMONIZED/20200712T222549_20200712T222545_T60GUV,2020-07-12 22:27:27,hutt_20200713_plumeTrain_0,1,train,https://doi.org/10.1080/00288330.2022.2088569,"Gall et al. 2022, Figure 10A",v1,S2_SR_HARMONIZED_SCL_v1,174.872531943602,-41.25587636151027,0.0525,0.0752,0.0803,0.0729,0.0353,0.0322,0.025,0.0168,0.0018,0.0026
hutt_20200713,COPERNICUS/S2_SR_HARMONIZED/20200712T222549_20200712T222545_T60GUV,2020-07-12 22:27:27,hutt_20200713_plumeTrain_0,1,train,https://doi.org/10.1080/00288330.2022.2088569,"Gall et al. 2022, Figure 10A",v1,S2_SR_HARMONIZED_SCL_v1,174.87312836509065,-41.255887385404925,0.0556,0.0751,0.083,0.0742,0.0351,0.0331,0.0276,0.017,0.0018,0.0033
hutt_20200713,COPERNICUS/S2_SR_HARMONIZED/20200712T222549_20200712T222545_T60GUV,2020-07-12 22:27:27,hutt_20200713_plumeTrain_0,1,train,https://doi.org/10.1080/00288330.2022.2088569,"Gall et al. 2022, Figure 10A",v1,S2_SR_HARMONIZED_SCL_v1,174.87324764942812,-41.25588958981341,0.0577,0.0778,0.0842,0.0736,0.0361,0.0344,0.0245,0.0164,0.0021,0.0045
hutt_20200713,COPERNICUS/S2_SR_HARMONIZED/20200712T222549_20200712T222545_T60GUV,2020-07-12 22:27:27,hutt_20200713_plumeTrain_0,1,train,https://doi.org/10.1080/00288330.2022.2088569,"Gall et al. 2022, Figure 10A",v1,S2_SR_HARMONIZED_SCL_v1,174.8733669337789,-41.2558917940984,0.0577,0.08,0.0809,0.0736,0.0361,0.0344,0.0268,0.0164,0.0021,0.0045
hutt_20200713,COPERNICUS/S2_SR_HARMONIZED/20200712T222549_20200712T222545_T60GUV,2020-07-12 22:27:27,hutt_20200713_plumeTrain_0,1,train,https://doi.org/10.1080/00288330.2022.2088569,"Gall et al. 2022, Figure 10A",v1,S2_SR_HARMONIZED_SCL_v1,174.8736055025201,-41.25589620229794,0.056,0.0768,0.08,0.0763,0.0354,0.0361,0.0265,0.0165,0.0017,0.0049
hutt_20200713,COPERNICUS/S2_SR_HARMONIZED/20200712T222549_20200712T222545_T60GUV,2020-07-12 22:27:27,hutt_20200713_plumeTrain_0,1,train,https://doi.org/10.1080/00288330.2022.2088569,"Gall et al. 2022, Figure 10A",v1,S2_SR_HARMONIZED_SCL_v1,174.8737247869106,-41.25589840621249,0.0534,0.0799,0.0798,0.076,0.0349,0.0346,0.0276,0.0166,0.0024,8.0E-4
hutt_20200713,COPERNICUS/S2_SR_HARMONIZED/20200712T222549_20200712T222545_T60GUV,2020-07-12 22:27:27,hutt_20200713_plumeTrain_0,1,train,https://doi.org/10.1080/00288330.2022.2088569,"Gall et al. 2022, Figure 10A",v1,S2_SR_HARMONIZED_SCL_v1,174.87384407131435,-41.25590061000354,0.0553,0.0756,0.0797,0.076,0.0349,0.0346,0.0261,0.0166,0.0024,8.0E-4
hutt_20200713,COPERNICUS/S2_SR_HARMONIZED/20200712T222549_20200712T222545_T60GUV,2020-07-12 22:27:27,hutt_20200713_plumeTrain_0,1,train,https://doi.org/10.1080/00288330.2022.2088569,"Gall et al. 2022, Figure 10A",v1,S2_SR_HARMONIZED_SCL_v1,174.87420192460507,-41.25590722063581,0.0522,0.078,0.0813,0.0738,0.0341,0.0282,0.0251,0.0146,0.0033,0.0035
hutt_20200713,COPERNICUS/S2_SR_HARMONIZED/20200712T222549_20200712T222545_T60GUV,2020-07-12 22:27:27,hutt_20200713_plumeTrain_0,1,train,https://doi.org/10.1080/00288330.2022.2088569,"Gall et al. 2022, Figure 10A",v1,S2_SR_HARMONIZED_SCL_v1,174.8743212090618,-41.25590942393294,0.0556,0.0758,0.0796,0.0738,0.0341,0.0282,0.0263,0.0146,0.0033,0.0035
hutt_20200713,COPERNICUS/S2_SR_HARMONIZED/20200712T222549_20200712T222545_T60GUV,2020-07-12 22:27:27,hutt_20200713_plumeTrain_0,1,train,https://doi.org/10.1080/00288330.2022.2088569,"Gall et al. 2022, Figure 10A",v1,S2_SR_HARMONIZED_SCL_v1,174.874559778015,-41.25591383015672,0.0541,0.0769,0.0797,0.0732,0.0338,0.0292,0.0269,0.0145,0.0039,0.0036
hutt_20200713,COPERNICUS/S2_SR_HARMONIZED/20200712T222549_20200712T222545_T60GUV,2020-07-12 22:27:27,hutt_20200713_plumeTrain_0,1,train,https://doi.org/10.1080/00288330.2022.2088569,"Gall et al. 2022, Figure 10A",v1,S2_SR_HARMONIZED_SCL_v1,174.87479834702117,-41.255918235886575,0.0536,0.0714,0.0804,0.0725,0.0352,0.0314,0.0216,0.0144,0.0019,0.0031
hutt_20200713,COPERNICUS/S2_SR_HARMONIZED/20200712T222549_20200712T222545_T60GUV,2020-07-12 22:27:27,hutt_20200713_plumeTrain_0,1,train,https://doi.org/10.1080/00288330.2022.2088569,"Gall et al. 2022, Figure 10A",v1,S2_SR_HARMONIZED_SCL_v1,174.87491763154412,-41.25592043856627,0.0533,0.0746,0.0819,0.0719,0.0356,0.0326,0.0254,0.0153,0.0023,0.0028
hutt_20200713,COPERNICUS/S2_SR_HARMONIZED/20200712T222549_20200712T222545_T60GUV,2020-07-12 22:27:27,hutt_20200713_plumeTrain_0,1,train,https://doi.org/10.1080/00288330.2022.2088569,"Gall et al. 2022, Figure 10A",v1,S2_SR_HARMONIZED_SCL_v1,174.87503691608035,-41.25592264112248,0.0541,0.0745,0.0798,0.0719,0.0356,0.0326,0.0263,0.0153,0.0023,0.0028
hutt_20200713,COPERNICUS/S2_SR_HARMONIZED/20200712T222549_20200712T222545_T60GUV,2020-07-12 22:27:27,hutt_20200713_plumeTrain_0,1,train,https://doi.org/10.1080/00288330.2022.2088569,"Gall et al. 2022, Figure 10A",v1,S2_SR_HARMONIZED_SCL_v1,174.87515620062976,-41.25592484355521,0.0511,0.0756,0.0816,0.0724,0.0351,0.0304,0.0277,0.0147,0.0013,0.002
hutt_20200713,COPERNICUS/S2_SR_HARMONIZED/20200712T222549_20200712T222545_T60GUV,2020-07-12 22:27:27,hutt_20200713_plumeTrain_0,1,train,https://doi.org/10.1080/00288330.2022.2088569,"Gall et al. 2022, Figure 10A",v1,S2_SR_HARMONIZED_SCL_v1,174.87539476976835,-41.25592924805022,0.0536,0.0735,0.0822,0.0728,0.0319,0.0289,0.0241,0.0155,0.0014,0.0022
hutt_20200713,COPERNICUS/S2_SR_HARMONIZED/20200712T222549_20200712T222545_T60GUV,2020-07-12 22:27:27,hutt_20200713_plumeTrain_0,1,train,https://doi.org/10.1080/00288330.2022.2088569,"Gall et al. 2022, Figure 10A",v1,S2_SR_HARMONIZED_SCL_v1,174.87551405435752,-41.25593145011249,0.054,0.0725,0.0805,0.0728,0.0319,0.0289,0.0263,0.0155,0.0014,0.0022
hutt_20200713,COPERNICUS/S2_SR_HARMONIZED/20200712T222549_20200712T222545_T60GUV,2020-07-12 22:27:27,hutt_20200713_plumeTrain_0,1,train,https://doi.org/10.1080/00288330.2022.2088569,"Gall et al. 2022, Figure 10A",v1,S2_SR_HARMONIZED_SCL_v1,174.87563333895991,-41.25593365205128,0.0514,0.0732,0.0799,0.0725,0.0346,0.0323,0.0271,0.0174,0.0033,0.0012
hutt_20200713,COPERNICUS/S2_SR_HARMONIZED/20200712T222549_20200712T222545_T60GUV,2020-07-12 22:27:27,hutt_20200713_plumeTrain_0,1,train,https://doi.org/10.1080/00288330.2022.2088569,"Gall et al. 2022, Figure 10A",v1,S2_SR_HARMONIZED_SCL_v1,174.87575262357555,-41.25593585386659,0.054,0.0742,0.0781,0.0725,0.0346,0.0323,0.025,0.0174,0.0033,0.0012
hutt_20200713,COPERNICUS/S2_SR_HARMONIZED/20200712T222549_20200712T222545_T60GUV,2020-07-12 22:27:27,hutt_20200713_plumeTrain_0,1,train,https://doi.org/10.1080/00288330.2022.2088569,"Gall et al. 2022, Figure 10A",v1,S2_SR_HARMONIZED_SCL_v1,174.8759911928465,-41.25594025712674,0.0513,0.0724,0.0755,0.0731,0.033,0.0294,0.0259,0.0168,0.0021,0.0031
hutt_20200713,COPERNICUS/S2_SR_HARMONIZED/20200712T222549_20200712T222545_T60GUV,2020-07-12 22:27:27,hutt_20200713_plumeTrain_0,1,train,https://doi.org/10.1080/00288330.2022.2088569,"Gall et al. 2022, Figure 10A",v1,S2_SR_HARMONIZED_SCL_v1,174.87622976217042,-41.255944659892954,0.0548,0.0774,0.0823,0.0719,0.0323,0.03,0.0246,0.0171,0.0016,0.0031
hutt_20200713,COPERNICUS/S2_SR_HARMONIZED/20200712T222549_20200712T222545_T60GUV,2020-07-12 22:27:27,hutt_20200713_plumeTrain_0,1,train,https://doi.org/10.1080/00288330.2022.2088569,"Gall et al. 2022, Figure 10A",v1,S2_SR_HARMONIZED_SCL_v1,174.87634904685225,-41.25594686109083,0.0583,0.0724,0.0802,0.0725,0.034,0.0299,0.0273,0.0183,0.0015,0.0044
hutt_20200713,COPERNICUS/S2_SR_HARMONIZED/20200712T222549_20200712T222545_T60GUV,2020-07-12 22:27:27,hutt_20200713_plumeTrain_0,1,train,https://doi.org/10.1080/00288330.2022.2088569,"Gall et al. 2022, Figure 10A",v1,S2_SR_HARMONIZED_SCL_v1,174.87276759042197,-41.25597078760515,0.0564,0.0766,0.0816,0.0733,0.0328,0.0321,0.0261,0.0157,0.0027,0.0035
hutt_20200713,COPERNICUS/S2_SR_HARMONIZED/20200712T222549_20200712T222545_T60GUV,2020-07-12 22:27:27,hutt_20200713_plumeTrain_0,1,train,https://doi.org/10.1080/00288330.2022.2088569,"Gall et al. 2022, Figure 10A",v1,S2_SR_HARMONIZED_SCL_v1,174.87288687488325,-41.25597299239102,0.0575,0.0787,0.0808,0.0733,0.0328,0.0321,0.0262,0.0157,0.0027,0.0035
hutt_20200713,COPERNICUS/S2_SR_HARMONIZED/20200712T222549_20200712T222545_T60GUV,2020-07-12 22:27:27,hutt_20200713_plumeTrain_0,1,train,https://doi.org/10.1080/00288330.2022.2088569,"Gall et al. 2022, Figure 10A",v1,S2_SR_HARMONIZED_SCL_v1,174.8731254438455,-41.25597740159232,0.0537,0.0774,0.0818,0.0742,0.0351,0.0331,0.0275,0.017,0.0018,0.0033
hutt_20200713,COPERNICUS/S2_SR_HARMONIZED/20200712T222549_20200712T222545_T60GUV,2020-07-12 22:27:27,hutt_20200713_plumeTrain_0,1,train,https://doi.org/10.1080/00288330.2022.2088569,"Gall et al. 2022, Figure 10A",v1,S2_SR_HARMONIZED_SCL_v1,174.87336401286083,-41.25598181029967,0.0577,0.0824,0.0807,0.0736,0.0361,0.0344,0.0261,0.0164,0.0021,0.0045
hutt_20200713,COPERNICUS/S2_SR_HARMONIZED/20200712T222549_20200712T222545_T60GUV,2020-07-12 22:27:27,hutt_20200713_plumeTrain_0,1,train,https://doi.org/10.1080/00288330.2022.2088569,"Gall et al. 2022, Figure 10A",v1,S2_SR_HARMONIZED_SCL_v1,174.87348329738833,-41.25598401446812,0.0549,0.0789,0.0821,0.0763,0.0354,0.0361,0.0284,0.0165,0.0017,0.0049
hutt_20200713,COPERNICUS/S2_SR_HARMONIZED/20200712T222549_20200712T222545_T60GUV,2020-07-12 22:27:27,hutt_20200713_plumeTrain_0,1,train,https://doi.org/10.1080/00288330.2022.2088569,"Gall et al. 2022, Figure 10A",v1,S2_SR_HARMONIZED_SCL_v1,174.87360258192913,-41.255986218513094,0.0549,0.0771,0.0828,0.0763,0.0354,0.0361,0.0263,0.0165,0.0017,0.0049
hutt_20200713,COPERNICUS/S2_SR_HARMONIZED/20200712T222549_20200712T222545_T60GUV,2020-07-12 22:27:27,hutt_20200713_plumeTrain_0,1,train,https://doi.org/10.1080/00288330.2022.2088569,"Gall et al. 2022, Figure 10A",v1,S2_SR_HARMONIZED_SCL_v1,174.87384115105044,-41.25599062623257,0.0567,0.0733,0.0822,0.076,0.0349,0.0346,0.0274,0.0166,0.0024,8.0E-4
hutt_20200713,COPERNICUS/S2_SR_HARMONIZED/20200712T222549_20200712T222545_T60GUV,2020-07-12 22:27:27,hutt_20200713_plumeTrain_0,1,train,https://doi.org/10.1080/00288330.2022.2088569,"Gall et al. 2022, Figure 10A",v1,S2_SR_HARMONIZED_SCL_v1,174.87396043563095,-41.25599282990708,0.0571,0.0775,0.0791,0.075,0.0347,0.0311,0.0271,0.0152,0.0024,0.0022
hutt_20200713,COPERNICUS/S2_SR_HARMONIZED/20200712T222549_20200712T222545_T60GUV,2020-07-12 22:27:27,hutt_20200713_plumeTrain_0,1,train,https://doi.org/10.1080/00288330.2022.2088569,"Gall et al. 2022, Figure 10A",v1,S2_SR_HARMONIZED_SCL_v1,174.87407972022473,-41.255995033458106,0.0536,0.0758,0.0818,0.075,0.0347,0.0311,0.0276,0.0152,0.0024,0.0022
hutt_20200713,COPERNICUS/S2_SR_HARMONIZED/20200712T222549_20200712T222545_T60GUV,2020-07-12 22:27:27,hutt_20200713_plumeTrain_0,1,train,https://doi.org/10.1080/00288330.2022.2088569,"Gall et al. 2022, Figure 10A",v1,S2_SR_HARMONIZED_SCL_v1,174.87419900483175,-41.25599723688565,0.0536,0.0725,0.0803,0.0738,0.0341,0.0282,0.0263,0.0146,0.0033,0.0035
hutt_20200713,COPERNICUS/S2_SR_HARMONIZED/20200712T222549_20200712T222545_T60GUV,2020-07-12 22:27:27,hutt_20200713_plumeTrain_0,1,train,https://doi.org/10.1080/00288330.2022.2088569,"Gall et al. 2022, Figure 10A",v1,S2_SR_HARMONIZED_SCL_v1,174.87431828945202,-41.255999440189704,0.0569,0.0764,0.0774,0.0738,0.0341,0.0282,0.0262,0.0146,0.0033,0.0035
hutt_20200713,COPERNICUS/S2_SR_HARMONIZED/20200712T222549_20200712T222545_T60GUV,2020-07-12 22:27:27,hutt_20200713_plumeTrain_0,1,train,https://doi.org/10.1080/00288330.2022.2088569,"Gall et al. 2022, Figure 10A",v1,S2_SR_HARMONIZED_SCL_v1,174.8746761433923,-41.25600604936097,0.0529,0.0736,0.0762,0.0725,0.0352,0.0314,0.0254,0.0144,0.0019,0.0031
hutt_20200713,COPERNICUS/S2_SR_HARMONIZED/20200712T222549_20200712T222545_T60GUV,2020-07-12 22:27:27,hutt_20200713_plumeTrain_0,1,train,https://doi.org/10.1080/00288330.2022.2088569,"Gall et al. 2022, Figure 10A",v1,S2_SR_HARMONIZED_SCL_v1,174.87491471275203,-41.25601045485772,0.0532,0.0758,0.0795,0.0719,0.0356,0.0326,0.0254,0.0153,0.0023,0.0028
hutt_20200713,COPERNICUS/S2_SR_HARMONIZED/20200712T222549_20200712T222545_T60GUV,2020-07-12 22:27:27,hutt_20200713_plumeTrain_0,1,train,https://doi.org/10.1080/00288330.2022.2088569,"Gall et al. 2022, Figure 10A",v1,S2_SR_HARMONIZED_SCL_v1,174.87515328216475,-41.256014859860535,0.0532,0.0683,0.0818,0.0724,0.0351,0.0304,0.0258,0.0147,0.0013,0.002
hutt_20200713,COPERNICUS/S2_SR_HARMONIZED/20200712T222549_20200712T222545_T60GUV,2020-07-12 22:27:27,hutt_20200713_plumeTrain_0,1,train,https://doi.org/10.1080/00288330.2022.2088569,"Gall et al. 2022, Figure 10A",v1,S2_SR_HARMONIZED_SCL_v1,174.87527256689094,-41.2560170621767,0.0506,0.0716,0.0814,0.0724,0.0351,0.0304,0.0261,0.0147,0.0013,0.002
hutt_20200713,COPERNICUS/S2_SR_HARMONIZED/20200712T222549_20200712T222545_T60GUV,2020-07-12 22:27:27,hutt_20200713_plumeTrain_0,1,train,https://doi.org/10.1080/00288330.2022.2088569,"Gall et al. 2022, Figure 10A",v1,S2_SR_HARMONIZED_SCL_v1,174.87539185163038,-41.2560192643694,0.0512,0.0731,0.0805,0.0728,0.0319,0.0289,0.0244,0.0155,0.0014,0.0022
hutt_20200713,COPERNICUS/S2_SR_HARMONIZED/20200712T222549_20200712T222545_T60GUV,2020-07-12 22:27:27,hutt_20200713_plumeTrain_0,1,train,https://doi.org/10.1080/00288330.2022.2088569,"Gall et al. 2022, Figure 10A",v1,S2_SR_HARMONIZED_SCL_v1,174.87586899072062,-41.25602807190531,0.0514,0.0745,0.0803,0.0731,0.033,0.0294,0.0251,0.0168,0.0021,0.0031
hutt_20200713,COPERNICUS/S2_SR_HARMONIZED/20200712T222549_20200712T222545_T60GUV,2020-07-12 22:27:27,hutt_20200713_plumeTrain_0,1,train,https://doi.org/10.1080/00288330.2022.2088569,"Gall et al. 2022, Figure 10A",v1,S2_SR_HARMONIZED_SCL_v1,174.87622684517726,-41.256034676260654,0.0535,0.0716,0.081,0.0719,0.0323,0.03,0.0242,0.0171,0.0016,0.0031
hutt_20200713,COPERNICUS/S2_SR_HARMONIZED/20200712T222549_20200712T222545_T60GUV,2020-07-12 22:27:27,hutt_20200713_plumeTrain_0,1,train,https://doi.org/10.1080/00288330.2022.2088569,"Gall et al. 2022, Figure 10A",v1,S2_SR_HARMONIZED_SCL_v1,174.87646541488115,-41.256039078546785,0.0496,0.0764,0.0772,0.0725,0.034,0.0299,0.0243,0.0183,0.0015,0.0044
hutt_20200713,COPERNICUS/S2_SR_HARMONIZED/20200712T222549_20200712T222545_T60GUV,2020-07-12 22:27:27,hutt_20200713_plumeTrain_0,1,train,https://doi.org/10.1080/00288330.2022.2088569,"Gall et al. 2022, Figure 10A",v1,S2_SR_HARMONIZED_SCL_v1,174.87658469975295,-41.25604127950462,0.0489,0.076,0.0776,0.0751,0.0337,0.03,0.0262,0.0159,8.0E-4,0.001
hutt_20200713,COPERNICUS/S2_SR_HARMONIZED/20200712T222549_20200712T222545_T60GUV,2020-07-12 22:27:27,hutt_20200713_plumeTrain_0,1,train,https://doi.org/10.1080/00288330.2022.2088569,"Gall et al. 2022, Figure 10A",v1,S2_SR_HARMONIZED_SCL_v1,174.87312252258712,-41.25606741777811,0.0561,0.0764,0.084,0.0742,0.0352,0.0343,0.0262,0.0176,0.0021,0.003
hutt_20200713,COPERNICUS/S2_SR_HARMONIZED/20200712T222549_20200712T222545_T60GUV,2020-07-12 22:27:27,hutt_20200713_plumeTrain_0,1,train,https://doi.org/10.1080/00288330.2022.2088569,"Gall et al. 2022, Figure 10A",v1,S2_SR_HARMONIZED_SCL_v1,174.8733610919295,-41.25607182649935,0.0547,0.0775,0.0822,0.0756,0.0368,0.0325,0.0261,0.0174,0.0019,0.0025
hutt_20200713,COPERNICUS/S2_SR_HARMONIZED/20200712T222549_20200712T222545_T60GUV,2020-07-12 22:27:27,hutt_20200713_plumeTrain_0,1,train,https://doi.org/10.1080/00288330.2022.2088569,"Gall et al. 2022, Figure 10A",v1,S2_SR_HARMONIZED_SCL_v1,174.87371894604243,-41.25607843865507,0.0556,0.0786,0.0827,0.0776,0.0359,0.0316,0.0262,0.0165,0.0023,0.0021
hutt_20200713,COPERNICUS/S2_SR_HARMONIZED/20200712T222549_20200712T222545_T60GUV,2020-07-12 22:27:27,hutt_20200713_plumeTrain_0,1,train,https://doi.org/10.1080/00288330.2022.2088569,"Gall et al. 2022, Figure 10A",v1,S2_SR_HARMONIZED_SCL_v1,174.87383823077326,-41.25608064246,0.0512,0.0758,0.0828,0.0776,0.0359,0.0316,0.0254,0.0165,0.0023,0.0021
hutt_20200713,COPERNICUS/S2_SR_HARMONIZED/20200712T222549_20200712T222545_T60GUV,2020-07-12 22:27:27,hutt_20200713_plumeTrain_0,1,train,https://doi.org/10.1080/00288330.2022.2088569,"Gall et al. 2022, Figure 10A",v1,S2_SR_HARMONIZED_SCL_v1,174.8739575155173,-41.256082846141446,0.0534,0.0778,0.0827,0.0757,0.0351,0.0339,0.0251,0.0162,0.003,0.003
hutt_20200713,COPERNICUS/S2_SR_HARMONIZED/20200712T222549_20200712T222545_T60GUV,2020-07-12 22:27:27,hutt_20200713_plumeTrain_0,1,train,https://doi.org/10.1080/00288330.2022.2088569,"Gall et al. 2022, Figure 10A",v1,S2_SR_HARMONIZED_SCL_v1,174.87419608504518,-41.25608725313389,0.0498,0.0757,0.0832,0.0749,0.0359,0.0319,0.0278,0.0148,9.0E-4,0.0035
hutt_20200713,COPERNICUS/S2_SR_HARMONIZED/20200712T222549_20200712T222545_T60GUV,2020-07-12 22:27:27,hutt_20200713_plumeTrain_0,1,train,https://doi.org/10.1080/00288330.2022.2088569,"Gall et al. 2022, Figure 10A",v1,S2_SR_HARMONIZED_SCL_v1,174.87467322425988,-41.25609606563696,0.06,0.0763,0.0795,0.0734,0.0338,0.0329,0.0243,0.0154,0.0027,0.0027
hutt_20200713,COPERNICUS/S2_SR_HARMONIZED/20200712T222549_20200712T222545_T60GUV,2020-07-12 22:27:27,hutt_20200713_plumeTrain_0,1,train,https://doi.org/10.1080/00288330.2022.2088569,"Gall et al. 2022, Figure 10A",v1,S2_SR_HARMONIZED_SCL_v1,174.87479250909666,-41.25609826845401,0.0576,0.0791,0.0824,0.0734,0.0338,0.0329,0.0241,0.0154,0.0027,0.0027
hutt_20200713,COPERNICUS/S2_SR_HARMONIZED/20200712T222549_20200712T222545_T60GUV,2020-07-12 22:27:27,hutt_20200713_plumeTrain_0,1,train,https://doi.org/10.1080/00288330.2022.2088569,"Gall et al. 2022, Figure 10A",v1,S2_SR_HARMONIZED_SCL_v1,174.8749117939467,-41.256100471147576,0.0515,0.0749,0.0775,0.0712,0.0341,0.0336,0.0272,0.0164,0.0024,0.0017
hutt_20200713,COPERNICUS/S2_SR_HARMONIZED/20200712T222549_20200712T222545_T60GUV,2020-07-12 22:27:27,hutt_20200713_plumeTrain_0,1,train,https://doi.org/10.1080/00288330.2022.2088569,"Gall et al. 2022, Figure 10A",v1,S2_SR_HARMONIZED_SCL_v1,174.87503107880997,-41.256102673717656,0.0521,0.0752,0.0789,0.0712,0.0341,0.0336,0.025,0.0164,0.0024,0.0017
hutt_20200713,COPERNICUS/S2_SR_HARMONIZED/20200712T222549_20200712T222545_T60GUV,2020-07-12 22:27:27,hutt_20200713_plumeTrain_0,1,train,https://doi.org/10.1080/00288330.2022.2088569,"Gall et al. 2022, Figure 10A",v1,S2_SR_HARMONIZED_SCL_v1,174.8751503636865,-41.25610487616425,0.0536,0.0751,0.0791,0.0742,0.0331,0.0313,0.0251,0.0168,0.0028,0.0026
hutt_20200713,COPERNICUS/S2_SR_HARMONIZED/20200712T222549_20200712T222545_T60GUV,2020-07-12 22:27:27,hutt_20200713_plumeTrain_0,1,train,https://doi.org/10.1080/00288330.2022.2088569,"Gall et al. 2022, Figure 10A",v1,S2_SR_HARMONIZED_SCL_v1,174.87526964857622,-41.25610707848737,0.0545,0.0725,0.0794,0.0742,0.0331,0.0313,0.0256,0.0168,0.0028,0.0026
hutt_20200713,COPERNICUS/S2_SR_HARMONIZED/20200712T222549_20200712T222545_T60GUV,2020-07-12 22:27:27,hutt_20200713_plumeTrain_0,1,train,https://doi.org/10.1080/00288330.2022.2088569,"Gall et al. 2022, Figure 10A",v1,S2_SR_HARMONIZED_SCL_v1,174.8753889334792,-41.25610928068699,0.0524,0.0728,0.0791,0.0735,0.0318,0.0297,0.0245,0.0151,8.0E-4,0.0027
hutt_20200713,COPERNICUS/S2_SR_HARMONIZED/20200712T222549_20200712T222545_T60GUV,2020-07-12 22:27:27,hutt_20200713_plumeTrain_0,1,train,https://doi.org/10.1080/00288330.2022.2088569,"Gall et al. 2022, Figure 10A",v1,S2_SR_HARMONIZED_SCL_v1,174.87550821839545,-41.256111482763124,0.0555,0.0742,0.0832,0.0735,0.0318,0.0297,0.0262,0.0151,8.0E-4,0.0027
hutt_20200713,COPERNICUS/S2_SR_HARMONIZED/20200712T222549_20200712T222545_T60GUV,2020-07-12 22:27:27,hutt_20200713_plumeTrain_0,1,train,https://doi.org/10.1080/00288330.2022.2088569,"Gall et al. 2022, Figure 10A",v1,S2_SR_HARMONIZED_SCL_v1,174.87562750332492,-41.25611368471578,0.0561,0.076,0.0839,0.0709,0.0355,0.031,0.0262,0.0155,0.0023,0.0023
hutt_20200713,COPERNICUS/S2_SR_HARMONIZED/20200712T222549_20200712T222545_T60GUV,2020-07-12 22:27:27,hutt_20200713_plumeTrain_0,1,train,https://doi.org/10.1080/00288330.2022.2088569,"Gall et al. 2022, Figure 10A",v1,S2_SR_HARMONIZED_SCL_v1,174.8757467882676,-41.256115886544954,0.0531,0.0755,0.0824,0.0709,0.0355,0.031,0.0231,0.0155,0.0023,0.0023
hutt_20200713,COPERNICUS/S2_SR_HARMONIZED/20200712T222549_20200712T222545_T60GUV,2020-07-12 22:27:27,hutt_20200713_plumeTrain_0,1,train,https://doi.org/10.1080/00288330.2022.2088569,"Gall et al. 2022, Figure 10A",v1,S2_SR_HARMONIZED_SCL_v1,174.87586607322356,-41.25611808825063,0.051,0.077,0.0835,0.073,0.0322,0.0298,0.0248,0.0168,9.0E-4,0.0031
hutt_20200713,COPERNICUS/S2_SR_HARMONIZED/20200712T222549_20200712T222545_T60GUV,2020-07-12 22:27:27,hutt_20200713_plumeTrain_0,1,train,https://doi.org/10.1080/00288330.2022.2088569,"Gall et al. 2022, Figure 10A",v1,S2_SR_HARMONIZED_SCL_v1,174.87622392817082,-41.25612469262677,0.05,0.0724,0.0807,0.0748,0.0331,0.0302,0.0248,0.0153,0.0015,0.0023
hutt_20200713,COPERNICUS/S2_SR_HARMONIZED/20200712T222549_20200712T222545_T60GUV,2020-07-12 22:27:27,hutt_20200713_plumeTrain_0,1,train,https://doi.org/10.1080/00288330.2022.2088569,"Gall et al. 2022, Figure 10A",v1,S2_SR_HARMONIZED_SCL_v1,174.8763432131797,-41.256126893838506,0.0561,0.0747,0.0797,0.0744,0.0339,0.0297,0.0278,0.0147,0.002,0.004
hutt_20200713,COPERNICUS/S2_SR_HARMONIZED/20200712T222549_20200712T222545_T60GUV,2020-07-12 22:27:27,hutt_20200713_plumeTrain_0,1,train,https://doi.org/10.1080/00288330.2022.2088569,"Gall et al. 2022, Figure 10A",v1,S2_SR_HARMONIZED_SCL_v1,174.8764624982018,-41.256129094926756,0.0554,0.0771,0.0794,0.0744,0.0339,0.0297,0.025,0.0147,0.002,0.004
hutt_20200713,COPERNICUS/S2_SR_HARMONIZED/20200712T222549_20200712T222545_T60GUV,2020-07-12 22:27:27,hutt_20200713_plumeTrain_0,1,train,https://doi.org/10.1080/00288330.2022.2088569,"Gall et al. 2022, Figure 10A",v1,S2_SR_HARMONIZED_SCL_v1,174.87658178323713,-41.25613129589152,0.0523,0.0732,0.0807,0.0742,0.0331,0.0301,0.0264,0.0154,0.0017,5.0E-4
hutt_20200713,COPERNICUS/S2_SR_HARMONIZED/20200712T222549_20200712T222545_T60GUV,2020-07-12 22:27:27,hutt_20200713_plumeTrain_0,1,train,https://doi.org/10.1080/00288330.2022.2088569,"Gall et al. 2022, Figure 10A",v1,S2_SR_HARMONIZED_SCL_v1,174.87670106828574,-41.25613349673281,0.0532,0.0747,0.0819,0.0742,0.0331,0.0301,0.028,0.0154,0.0017,5.0E-4
hutt_20200713,COPERNICUS/S2_SR_HARMONIZED/20200712T222549_20200712T222545_T60GUV,2020-07-12 22:27:27,hutt_20200713_plumeTrain_0,1,train,https://doi.org/10.1080/00288330.2022.2088569,"Gall et al. 2022, Figure 10A",v1,S2_SR_HARMONIZED_SCL_v1,174.87682035334754,-41.2561356974506,0.0528,0.0744,0.0824,0.0736,0.0344,0.0329,0.0269,0.0157,7.0E-4,7.0E-4
hutt_20200713,COPERNICUS/S2_SR_HARMONIZED/20200712T222549_20200712T222545_T60GUV,2020-07-12 22:27:27,hutt_20200713_plumeTrain_0,1,train,https://doi.org/10.1080/00288330.2022.2088569,"Gall et al. 2022, Figure 10A",v1,S2_SR_HARMONIZED_SCL_v1,174.87288103169908,-41.25615302473327,0.0577,0.078,0.0787,0.0712,0.0327,0.0331,0.0223,0.0162,0.0024,0.0031
hutt_20200713,COPERNICUS/S2_SR_HARMONIZED/20200712T222549_20200712T222545_T60GUV,2020-07-12 22:27:27,hutt_20200713_plumeTrain_0,1,train,https://doi.org/10.1080/00288330.2022.2088569,"Gall et al. 2022, Figure 10A",v1,S2_SR_HARMONIZED_SCL_v1,174.87300031650065,-41.256155229409536,0.0537,0.0765,0.0823,0.0742,0.0352,0.0343,0.0263,0.0176,0.0021,0.003
hutt_20200713,COPERNICUS/S2_SR_HARMONIZED/20200712T222549_20200712T222545_T60GUV,2020-07-12 22:27:27,hutt_20200713_plumeTrain_0,1,train,https://doi.org/10.1080/00288330.2022.2088569,"Gall et al. 2022, Figure 10A",v1,S2_SR_HARMONIZED_SCL_v1,174.8731196013155,-41.25615743396233,0.0585,0.0775,0.0824,0.0742,0.0352,0.0343,0.0259,0.0176,0.0021,0.003
hutt_20200713,COPERNICUS/S2_SR_HARMONIZED/20200712T222549_20200712T222545_T60GUV,2020-07-12 22:27:27,hutt_20200713_plumeTrain_0,1,train,https://doi.org/10.1080/00288330.2022.2088569,"Gall et al. 2022, Figure 10A",v1,S2_SR_HARMONIZED_SCL_v1,174.87323888614358,-41.25615963839163,0.0571,0.0739,0.0875,0.0756,0.0368,0.0325,0.0246,0.0174,0.0019,0.0025
hutt_20200713,COPERNICUS/S2_SR_HARMONIZED/20200712T222549_20200712T222545_T60GUV,2020-07-12 22:27:27,hutt_20200713_plumeTrain_0,1,train,https://doi.org/10.1080/00288330.2022.2088569,"Gall et al. 2022, Figure 10A",v1,S2_SR_HARMONIZED_SCL_v1,174.87335817098491,-41.256161842697445,0.0556,0.0786,0.0847,0.0756,0.0368,0.0325,0.0249,0.0174,0.0019,0.0025
hutt_20200713,COPERNICUS/S2_SR_HARMONIZED/20200712T222549_20200712T222545_T60GUV,2020-07-12 22:27:27,hutt_20200713_plumeTrain_0,1,train,https://doi.org/10.1080/00288330.2022.2088569,"Gall et al. 2022, Figure 10A",v1,S2_SR_HARMONIZED_SCL_v1,174.8741931652454,-41.25617726938055,0.0556,0.0765,0.0816,0.0749,0.0359,0.0319,0.0263,0.0148,9.0E-4,0.0035
hutt_20200713,COPERNICUS/S2_SR_HARMONIZED/20200712T222549_20200712T222545_T60GUV,2020-07-12 22:27:27,hutt_20200713_plumeTrain_0,1,train,https://doi.org/10.1080/00288330.2022.2088569,"Gall et al. 2022, Figure 10A",v1,S2_SR_HARMONIZED_SCL_v1,174.87431245019272,-41.256179472698484,0.0546,0.0755,0.0816,0.0749,0.0359,0.0319,0.0276,0.0148,9.0E-4,0.0035
hutt_20200713,COPERNICUS/S2_SR_HARMONIZED/20200712T222549_20200712T222545_T60GUV,2020-07-12 22:27:27,hutt_20200713_plumeTrain_0,1,train,https://doi.org/10.1080/00288330.2022.2088569,"Gall et al. 2022, Figure 10A",v1,S2_SR_HARMONIZED_SCL_v1,174.87455102012714,-41.25618387896389,0.0536,0.0762,0.0816,0.076,0.0346,0.031,0.0277,0.0166,0.0015,0.0032
hutt_20200713,COPERNICUS/S2_SR_HARMONIZED/20200712T222549_20200712T222545_T60GUV,2020-07-12 22:27:27,hutt_20200713_plumeTrain_0,1,train,https://doi.org/10.1080/00288330.2022.2088569,"Gall et al. 2022, Figure 10A",v1,S2_SR_HARMONIZED_SCL_v1,174.87467030511422,-41.25618608191136,0.0529,0.0777,0.076,0.0734,0.0338,0.0329,0.0249,0.0154,0.0027,0.0027
hutt_20200713,COPERNICUS/S2_SR_HARMONIZED/20200712T222549_20200712T222545_T60GUV,2020-07-12 22:27:27,hutt_20200713_plumeTrain_0,1,train,https://doi.org/10.1080/00288330.2022.2088569,"Gall et al. 2022, Figure 10A",v1,S2_SR_HARMONIZED_SCL_v1,174.87478959011455,-41.256188284735344,0.0512,0.0755,0.08,0.0734,0.0338,0.0329,0.0248,0.0154,0.0027,0.0027
hutt_20200713,COPERNICUS/S2_SR_HARMONIZED/20200712T222549_20200712T222545_T60GUV,2020-07-12 22:27:27,hutt_20200713_plumeTrain_0,1,train,https://doi.org/10.1080/00288330.2022.2088569,"Gall et al. 2022, Figure 10A",v1,S2_SR_HARMONIZED_SCL_v1,174.87490887512809,-41.25619048743585,0.0529,0.0773,0.0776,0.0712,0.0341,0.0336,0.0278,0.0164,0.0024,0.0017
hutt_20200713,COPERNICUS/S2_SR_HARMONIZED/20200712T222549_20200712T222545_T60GUV,2020-07-12 22:27:27,hutt_20200713_plumeTrain_0,1,train,https://doi.org/10.1080/00288330.2022.2088569,"Gall et al. 2022, Figure 10A",v1,S2_SR_HARMONIZED_SCL_v1,174.87514744519498,-41.2561948924664,0.0514,0.0723,0.0777,0.0742,0.0331,0.0313,0.0277,0.0168,0.0028,0.0026
hutt_20200713,COPERNICUS/S2_SR_HARMONIZED/20200712T222549_20200712T222545_T60GUV,2020-07-12 22:27:27,hutt_20200713_plumeTrain_0,1,train,https://doi.org/10.1080/00288330.2022.2088569,"Gall et al. 2022, Figure 10A",v1,S2_SR_HARMONIZED_SCL_v1,174.87526673024826,-41.25619709479644,0.0545,0.0733,0.081,0.0742,0.0331,0.0313,0.0278,0.0168,0.0028,0.0026
hutt_20200713,COPERNICUS/S2_SR_HARMONIZED/20200712T222549_20200712T222545_T60GUV,2020-07-12 22:27:27,hutt_20200713_plumeTrain_0,1,train,https://doi.org/10.1080/00288330.2022.2088569,"Gall et al. 2022, Figure 10A",v1,S2_SR_HARMONIZED_SCL_v1,174.8753860153148,-41.256199297003,0.0566,0.0746,0.0786,0.0735,0.0318,0.0297,0.0238,0.0151,8.0E-4,0.0027
hutt_20200713,COPERNICUS/S2_SR_HARMONIZED/20200712T222549_20200712T222545_T60GUV,2020-07-12 22:27:27,hutt_20200713_plumeTrain_0,1,train,https://doi.org/10.1080/00288330.2022.2088569,"Gall et al. 2022, Figure 10A",v1,S2_SR_HARMONIZED_SCL_v1,174.87550530039456,-41.256201499086075,0.0549,0.0739,0.0786,0.0735,0.0318,0.0297,0.0253,0.0151,8.0E-4,0.0027
hutt_20200713,COPERNICUS/S2_SR_HARMONIZED/20200712T222549_20200712T222545_T60GUV,2020-07-12 22:27:27,hutt_20200713_plumeTrain_0,1,train,https://doi.org/10.1080/00288330.2022.2088569,"Gall et al. 2022, Figure 10A",v1,S2_SR_HARMONIZED_SCL_v1,174.87562458548757,-41.256203701045656,0.0515,0.0724,0.0803,0.0709,0.0355,0.031,0.0242,0.0155,0.0023,0.0023
hutt_20200713,COPERNICUS/S2_SR_HARMONIZED/20200712T222549_20200712T222545_T60GUV,2020-07-12 22:27:27,hutt_20200713_plumeTrain_0,1,train,https://doi.org/10.1080/00288330.2022.2088569,"Gall et al. 2022, Figure 10A",v1,S2_SR_HARMONIZED_SCL_v1,174.875982440846,-41.2562103061835,0.0525,0.073,0.0803,0.073,0.0322,0.0298,0.025,0.0168,9.0E-4,0.0031
hutt_20200713,COPERNICUS/S2_SR_HARMONIZED/20200712T222549_20200712T222545_T60GUV,2020-07-12 22:27:27,hutt_20200713_plumeTrain_0,1,train,https://doi.org/10.1080/00288330.2022.2088569,"Gall et al. 2022, Figure 10A",v1,S2_SR_HARMONIZED_SCL_v1,174.87610172599196,-41.25621250764914,0.0507,0.072,0.079,0.0748,0.0331,0.0302,0.0226,0.0153,0.0015,0.0023
hutt_20200713,COPERNICUS/S2_SR_HARMONIZED/20200712T222549_20200712T222545_T60GUV,2020-07-12 22:27:27,hutt_20200713_plumeTrain_0,1,train,https://doi.org/10.1080/00288330.2022.2088569,"Gall et al. 2022, Figure 10A",v1,S2_SR_HARMONIZED_SCL_v1,174.87622101115113,-41.2562147089913,0.0547,0.0738,0.079,0.0748,0.0331,0.0302,0.0262,0.0153,0.0015,0.0023
hutt_20200713,COPERNICUS/S2_SR_HARMONIZED/20200712T222549_20200712T222545_T60GUV,2020-07-12 22:27:27,hutt_20200713_plumeTrain_0,1,train,https://doi.org/10.1080/00288330.2022.2088569,"Gall et al. 2022, Figure 10A",v1,S2_SR_HARMONIZED_SCL_v1,174.87634029632358,-41.256216910209965,0.0525,0.0753,0.0824,0.0744,0.0339,0.0297,0.0274,0.0147,0.002,0.004
hutt_20200713,COPERNICUS/S2_SR_HARMONIZED/20200712T222549_20200712T222545_T60GUV,2020-07-12 22:27:27,hutt_20200713_plumeTrain_0,1,train,https://doi.org/10.1080/00288330.2022.2088569,"Gall et al. 2022, Figure 10A",v1,S2_SR_HARMONIZED_SCL_v1,174.8764595815092,-41.25621911130515,0.0554,0.0734,0.0802,0.0744,0.0339,0.0297,0.0249,0.0147,0.002,0.004
hutt_20200713,COPERNICUS/S2_SR_HARMONIZED/20200712T222549_20200712T222545_T60GUV,2020-07-12 22:27:27,hutt_20200713_plumeTrain_0,1,train,https://doi.org/10.1080/00288330.2022.2088569,"Gall et al. 2022, Figure 10A",v1,S2_SR_HARMONIZED_SCL_v1,174.8766981519202,-41.25622351312506,0.0568,0.072,0.0789,0.0742,0.0331,0.0301,0.0265,0.0154,0.0017,5.0E-4
hutt_20200713,COPERNICUS/S2_SR_HARMONIZED/20200712T222549_20200712T222545_T60GUV,2020-07-12 22:27:27,hutt_20200713_plumeTrain_0,1,train,https://doi.org/10.1080/00288330.2022.2088569,"Gall et al. 2022, Figure 10A",v1,S2_SR_HARMONIZED_SCL_v1,174.87681743714558,-41.25622571384978,0.0545,0.0724,0.0807,0.0736,0.0344,0.0329,0.026,0.0157,7.0E-4,7.0E-4
hutt_20200713,COPERNICUS/S2_SR_HARMONIZED/20200712T222549_20200712T222545_T60GUV,2020-07-12 22:27:27,hutt_20200713_plumeTrain_0,1,train,https://doi.org/10.1080/00288330.2022.2088569,"Gall et al. 2022, Figure 10A",v1,S2_SR_HARMONIZED_SCL_v1,174.87693672238416,-41.25622791445102,0.0539,0.0743,0.0827,0.0736,0.0344,0.0329,0.0264,0.0157,7.0E-4,7.0E-4
hutt_20200713,COPERNICUS/S2_SR_HARMONIZED/20200712T222549_20200712T222545_T60GUV,2020-07-12 22:27:27,hutt_20200713_plumeTrain_0,1,train,https://doi.org/10.1080/00288330.2022.2088569,"Gall et al. 2022, Figure 10A",v1,S2_SR_HARMONIZED_SCL_v1,174.87705600763599,-41.25623011492876,0.0523,0.0738,0.0828,0.0728,0.036,0.0321,0.0266,0.0167,7.0E-4,0.0018
hutt_20200713,COPERNICUS/S2_SR_HARMONIZED/20200712T222549_20200712T222545_T60GUV,2020-07-12 22:27:27,hutt_20200713_plumeTrain_0,1,train,https://doi.org/10.1080/00288330.2022.2088569,"Gall et al. 2022, Figure 10A",v1,S2_SR_HARMONIZED_SCL_v1,174.87263954019662,-41.25623863116514,0.0565,0.0767,0.0814,0.0724,0.0355,0.032,0.0267,0.016,0.0027,0.003
hutt_20200713,COPERNICUS/S2_SR_HARMONIZED/20200712T222549_20200712T222545_T60GUV,2020-07-12 22:27:27,hutt_20200713_plumeTrain_0,1,train,https://doi.org/10.1080/00288330.2022.2088569,"Gall et al. 2022, Figure 10A",v1,S2_SR_HARMONIZED_SCL_v1,174.87287811008707,-41.25624304090202,0.0569,0.0785,0.0793,0.0728,0.035,0.0338,0.0248,0.0184,0.0015,0.0021
hutt_20200713,COPERNICUS/S2_SR_HARMONIZED/20200712T222549_20200712T222545_T60GUV,2020-07-12 22:27:27,hutt_20200713_plumeTrain_0,1,train,https://doi.org/10.1080/00288330.2022.2088569,"Gall et al. 2022, Figure 10A",v1,S2_SR_HARMONIZED_SCL_v1,174.87299739505224,-41.256245245585234,0.0542,0.0764,0.0809,0.074,0.0355,0.033,0.0256,0.0157,0.0014,0.0025
hutt_20200713,COPERNICUS/S2_SR_HARMONIZED/20200712T222549_20200712T222545_T60GUV,2020-07-12 22:27:27,hutt_20200713_plumeTrain_0,1,train,https://doi.org/10.1080/00288330.2022.2088569,"Gall et al. 2022, Figure 10A",v1,S2_SR_HARMONIZED_SCL_v1,174.8731166800306,-41.25624745014496,0.0577,0.0749,0.0802,0.074,0.0355,0.033,0.0242,0.0157,0.0014,0.0025
hutt_20200713,COPERNICUS/S2_SR_HARMONIZED/20200712T222549_20200712T222545_T60GUV,2020-07-12 22:27:27,hutt_20200713_plumeTrain_0,1,train,https://doi.org/10.1080/00288330.2022.2088569,"Gall et al. 2022, Figure 10A",v1,S2_SR_HARMONIZED_SCL_v1,174.87323596502222,-41.2562496545812,0.0577,0.0736,0.0788,0.0764,0.0353,0.03,0.0244,0.0163,0.0018,0.001
hutt_20200713,COPERNICUS/S2_SR_HARMONIZED/20200712T222549_20200712T222545_T60GUV,2020-07-12 22:27:27,hutt_20200713_plumeTrain_0,1,train,https://doi.org/10.1080/00288330.2022.2088569,"Gall et al. 2022, Figure 10A",v1,S2_SR_HARMONIZED_SCL_v1,174.87335525002712,-41.25625185889396,0.0525,0.08,0.0803,0.0764,0.0353,0.03,0.0244,0.0163,0.0018,0.001
hutt_20200713,COPERNICUS/S2_SR_HARMONIZED/20200712T222549_20200712T222545_T60GUV,2020-07-12 22:27:27,hutt_20200713_plumeTrain_0,1,train,https://doi.org/10.1080/00288330.2022.2088569,"Gall et al. 2022, Figure 10A",v1,S2_SR_HARMONIZED_SCL_v1,174.87347453504526,-41.256254063083226,0.0547,0.0739,0.0816,0.079,0.0356,0.0303,0.0254,0.0164,0.0017,0.0036
hutt_20200713,COPERNICUS/S2_SR_HARMONIZED/20200712T222549_20200712T222545_T60GUV,2020-07-12 22:27:27,hutt_20200713_plumeTrain_0,1,train,https://doi.org/10.1080/00288330.2022.2088569,"Gall et al. 2022, Figure 10A",v1,S2_SR_HARMONIZED_SCL_v1,174.87371310512128,-41.25625847109131,0.057,0.0775,0.0807,0.078,0.0354,0.032,0.0279,0.0163,0.0026,0.0045
hutt_20200713,COPERNICUS/S2_SR_HARMONIZED/20200712T222549_20200712T222545_T60GUV,2020-07-12 22:27:27,hutt_20200713_plumeTrain_0,1,train,https://doi.org/10.1080/00288330.2022.2088569,"Gall et al. 2022, Figure 10A",v1,S2_SR_HARMONIZED_SCL_v1,174.8738323901792,-41.256260674910116,0.0604,0.0774,0.08,0.078,0.0354,0.032,0.0256,0.0163,0.0026,0.0045
hutt_20200713,COPERNICUS/S2_SR_HARMONIZED/20200712T222549_20200712T222545_T60GUV,2020-07-12 22:27:27,hutt_20200713_plumeTrain_0,1,train,https://doi.org/10.1080/00288330.2022.2088569,"Gall et al. 2022, Figure 10A",v1,S2_SR_HARMONIZED_SCL_v1,174.8739516752503,-41.25626287860545,0.0553,0.0783,0.0835,0.0758,0.035,0.0317,0.0279,0.0171,0.0035,0.0044
hutt_20200713,COPERNICUS/S2_SR_HARMONIZED/20200712T222549_20200712T222545_T60GUV,2020-07-12 22:27:27,hutt_20200713_plumeTrain_0,1,train,https://doi.org/10.1080/00288330.2022.2088569,"Gall et al. 2022, Figure 10A",v1,S2_SR_HARMONIZED_SCL_v1,174.8740709603347,-41.25626508217728,0.0514,0.0796,0.085,0.0758,0.035,0.0317,0.0271,0.0171,0.0035,0.0044
hutt_20200713,COPERNICUS/S2_SR_HARMONIZED/20200712T222549_20200712T222545_T60GUV,2020-07-12 22:27:27,hutt_20200713_plumeTrain_0,1,train,https://doi.org/10.1080/00288330.2022.2088569,"Gall et al. 2022, Figure 10A",v1,S2_SR_HARMONIZED_SCL_v1,174.87430953054323,-41.2562694889505,0.0596,0.0765,0.0859,0.0767,0.0367,0.0323,0.0273,0.0144,0.0023,0.0025
hutt_20200713,COPERNICUS/S2_SR_HARMONIZED/20200712T222549_20200712T222545_T60GUV,2020-07-12 22:27:27,hutt_20200713_plumeTrain_0,1,train,https://doi.org/10.1080/00288330.2022.2088569,"Gall et al. 2022, Figure 10A",v1,S2_SR_HARMONIZED_SCL_v1,174.87442881566733,-41.256271692151884,0.0577,0.0785,0.0834,0.0782,0.036,0.0337,0.0279,0.0146,0.0018,0.0031
hutt_20200713,COPERNICUS/S2_SR_HARMONIZED/20200712T222549_20200712T222545_T60GUV,2020-07-12 22:27:27,hutt_20200713_plumeTrain_0,1,train,https://doi.org/10.1080/00288330.2022.2088569,"Gall et al. 2022, Figure 10A",v1,S2_SR_HARMONIZED_SCL_v1,174.8745481008047,-41.256273895229775,0.0522,0.0763,0.0821,0.0782,0.036,0.0337,0.0278,0.0146,0.0018,0.0031
hutt_20200713,COPERNICUS/S2_SR_HARMONIZED/20200712T222549_20200712T222545_T60GUV,2020-07-12 22:27:27,hutt_20200713_plumeTrain_0,1,train,https://doi.org/10.1080/00288330.2022.2088569,"Gall et al. 2022, Figure 10A",v1,S2_SR_HARMONIZED_SCL_v1,174.87466738595532,-41.256276098184195,0.0596,0.0792,0.0813,0.0747,0.0342,0.0317,0.0259,0.018,0.0025,0.0025
hutt_20200713,COPERNICUS/S2_SR_HARMONIZED/20200712T222549_20200712T222545_T60GUV,2020-07-12 22:27:27,hutt_20200713_plumeTrain_0,1,train,https://doi.org/10.1080/00288330.2022.2088569,"Gall et al. 2022, Figure 10A",v1,S2_SR_HARMONIZED_SCL_v1,174.87478667111918,-41.256278301015115,0.0522,0.0764,0.081,0.0747,0.0342,0.0317,0.0282,0.018,0.0025,0.0025
hutt_20200713,COPERNICUS/S2_SR_HARMONIZED/20200712T222549_20200712T222545_T60GUV,2020-07-12 22:27:27,hutt_20200713_plumeTrain_0,1,train,https://doi.org/10.1080/00288330.2022.2088569,"Gall et al. 2022, Figure 10A",v1,S2_SR_HARMONIZED_SCL_v1,174.8749059562963,-41.25628050372255,0.0563,0.0769,0.0775,0.0708,0.0342,0.0303,0.0289,0.0168,0.0028,0.0011
hutt_20200713,COPERNICUS/S2_SR_HARMONIZED/20200712T222549_20200712T222545_T60GUV,2020-07-12 22:27:27,hutt_20200713_plumeTrain_0,1,train,https://doi.org/10.1080/00288330.2022.2088569,"Gall et al. 2022, Figure 10A",v1,S2_SR_HARMONIZED_SCL_v1,174.87502524148664,-41.2562827063065,0.0548,0.0764,0.0803,0.0708,0.0342,0.0303,0.0235,0.0168,0.0028,0.0011
hutt_20200713,COPERNICUS/S2_SR_HARMONIZED/20200712T222549_20200712T222545_T60GUV,2020-07-12 22:27:27,hutt_20200713_plumeTrain_0,1,train,https://doi.org/10.1080/00288330.2022.2088569,"Gall et al. 2022, Figure 10A",v1,S2_SR_HARMONIZED_SCL_v1,174.8751445266902,-41.256284908766965,0.056,0.0744,0.0825,0.0737,0.0338,0.0297,0.0262,0.0182,0.0016,0.0017
hutt_20200713,COPERNICUS/S2_SR_HARMONIZED/20200712T222549_20200712T222545_T60GUV,2020-07-12 22:27:27,hutt_20200713_plumeTrain_0,1,train,https://doi.org/10.1080/00288330.2022.2088569,"Gall et al. 2022, Figure 10A",v1,S2_SR_HARMONIZED_SCL_v1,174.87526381190705,-41.256287111103944,0.0506,0.0744,0.0847,0.0737,0.0338,0.0297,0.0268,0.0182,0.0016,0.0017
hutt_20200713,COPERNICUS/S2_SR_HARMONIZED/20200712T222549_20200712T222545_T60GUV,2020-07-12 22:27:27,hutt_20200713_plumeTrain_0,1,train,https://doi.org/10.1080/00288330.2022.2088569,"Gall et al. 2022, Figure 10A",v1,S2_SR_HARMONIZED_SCL_v1,174.87538309713713,-41.25628931331743,0.0541,0.0753,0.0802,0.073,0.0334,0.0295,0.0235,0.0157,7.0E-4,0.0023
hutt_20200713,COPERNICUS/S2_SR_HARMONIZED/20200712T222549_20200712T222545_T60GUV,2020-07-12 22:27:27,hutt_20200713_plumeTrain_0,1,train,https://doi.org/10.1080/00288330.2022.2088569,"Gall et al. 2022, Figure 10A",v1,S2_SR_HARMONIZED_SCL_v1,174.87550238238043,-41.25629151540743,0.0561,0.0763,0.0778,0.073,0.0334,0.0295,0.0246,0.0157,7.0E-4,0.0023
hutt_20200713,COPERNICUS/S2_SR_HARMONIZED/20200712T222549_20200712T222545_T60GUV,2020-07-12 22:27:27,hutt_20200713_plumeTrain_0,1,train,https://doi.org/10.1080/00288330.2022.2088569,"Gall et al. 2022, Figure 10A",v1,S2_SR_HARMONIZED_SCL_v1,174.87562166763698,-41.25629371737396,0.0508,0.0739,0.0763,0.0709,0.0338,0.0297,0.0256,0.0162,0.0012,0.0017
hutt_20200713,COPERNICUS/S2_SR_HARMONIZED/20200712T222549_20200712T222545_T60GUV,2020-07-12 22:27:27,hutt_20200713_plumeTrain_0,1,train,https://doi.org/10.1080/00288330.2022.2088569,"Gall et al. 2022, Figure 10A",v1,S2_SR_HARMONIZED_SCL_v1,174.87574095290674,-41.25629591921698,0.0491,0.0717,0.0762,0.0709,0.0338,0.0297,0.0227,0.0162,0.0012,0.0017
hutt_20200713,COPERNICUS/S2_SR_HARMONIZED/20200712T222549_20200712T222545_T60GUV,2020-07-12 22:27:27,hutt_20200713_plumeTrain_0,1,train,https://doi.org/10.1080/00288330.2022.2088569,"Gall et al. 2022, Figure 10A",v1,S2_SR_HARMONIZED_SCL_v1,174.87586023818977,-41.256298120936535,0.0559,0.0761,0.0775,0.0719,0.0323,0.0297,0.0244,0.0166,8.0E-4,0.0018
hutt_20200713,COPERNICUS/S2_SR_HARMONIZED/20200712T222549_20200712T222545_T60GUV,2020-07-12 22:27:27,hutt_20200713_plumeTrain_0,1,train,https://doi.org/10.1080/00288330.2022.2088569,"Gall et al. 2022, Figure 10A",v1,S2_SR_HARMONIZED_SCL_v1,174.87597952348602,-41.256300322532596,0.0531,0.0776,0.0788,0.0719,0.0323,0.0297,0.0242,0.0166,8.0E-4,0.0018
hutt_20200713,COPERNICUS/S2_SR_HARMONIZED/20200712T222549_20200712T222545_T60GUV,2020-07-12 22:27:27,hutt_20200713_plumeTrain_0,1,train,https://doi.org/10.1080/00288330.2022.2088569,"Gall et al. 2022, Figure 10A",v1,S2_SR_HARMONIZED_SCL_v1,174.87609880879552,-41.256302524005164,0.0531,0.0733,0.0803,0.0734,0.0352,0.0309,0.0244,0.0167,0.0016,0.0012
hutt_20200713,COPERNICUS/S2_SR_HARMONIZED/20200712T222549_20200712T222545_T60GUV,2020-07-12 22:27:27,hutt_20200713_plumeTrain_0,1,train,https://doi.org/10.1080/00288330.2022.2088569,"Gall et al. 2022, Figure 10A",v1,S2_SR_HARMONIZED_SCL_v1,174.87621809411826,-41.25630472535425,0.0492,0.0739,0.0818,0.0734,0.0352,0.0309,0.0262,0.0167,0.0016,0.0012
hutt_20200713,COPERNICUS/S2_SR_HARMONIZED/20200712T222549_20200712T222545_T60GUV,2020-07-12 22:27:27,hutt_20200713_plumeTrain_0,1,train,https://doi.org/10.1080/00288330.2022.2088569,"Gall et al. 2022, Figure 10A",v1,S2_SR_HARMONIZED_SCL_v1,174.8764566648034,-41.256309127681966,0.054,0.0722,0.082,0.0753,0.034,0.0311,0.0238,0.0158,0.0021,0.0025
hutt_20200713,COPERNICUS/S2_SR_HARMONIZED/20200712T222549_20200712T222545_T60GUV,2020-07-12 22:27:27,hutt_20200713_plumeTrain_0,1,train,https://doi.org/10.1080/00288330.2022.2088569,"Gall et al. 2022, Figure 10A",v1,S2_SR_HARMONIZED_SCL_v1,174.87681452093037,-41.25631573024738,0.0554,0.0756,0.0821,0.0749,0.0338,0.0335,0.026,0.0168,6.0E-4,0.0034
hutt_20200713,COPERNICUS/S2_SR_HARMONIZED/20200712T222549_20200712T222545_T60GUV,2020-07-12 22:27:27,hutt_20200713_plumeTrain_0,1,train,https://doi.org/10.1080/00288330.2022.2088569,"Gall et al. 2022, Figure 10A",v1,S2_SR_HARMONIZED_SCL_v1,174.87705309174785,-41.25632013134022,0.051,0.0732,0.0827,0.0732,0.0336,0.0321,0.0276,0.0166,6.0E-4,0.0023
hutt_20200713,COPERNICUS/S2_SR_HARMONIZED/20200712T222549_20200712T222545_T60GUV,2020-07-12 22:27:27,hutt_20200713_plumeTrain_0,1,train,https://doi.org/10.1080/00288330.2022.2088569,"Gall et al. 2022, Figure 10A",v1,S2_SR_HARMONIZED_SCL_v1,174.87717237717644,-41.25632233170141,0.0506,0.0714,0.0786,0.0732,0.0336,0.0321,0.0247,0.0166,6.0E-4,0.0023
hutt_20200713,COPERNICUS/S2_SR_HARMONIZED/20200712T222549_20200712T222545_T60GUV,2020-07-12 22:27:27,hutt_20200713_plumeTrain_0,1,train,https://doi.org/10.1080/00288330.2022.2088569,"Gall et al. 2022, Figure 10A",v1,S2_SR_HARMONIZED_SCL_v1,174.87275590334647,-41.256330852255566,0.0593,0.0788,0.0774,0.0728,0.035,0.0338,0.0256,0.0184,0.0015,0.0021
hutt_20200713,COPERNICUS/S2_SR_HARMONIZED/20200712T222549_20200712T222545_T60GUV,2020-07-12 22:27:27,hutt_20200713_plumeTrain_0,1,train,https://doi.org/10.1080/00288330.2022.2088569,"Gall et al. 2022, Figure 10A",v1,S2_SR_HARMONIZED_SCL_v1,174.87299447359055,-41.256335261759354,0.0557,0.0767,0.0796,0.074,0.0355,0.033,0.0246,0.0157,0.0014,0.0025
hutt_20200713,COPERNICUS/S2_SR_HARMONIZED/20200712T222549_20200712T222545_T60GUV,2020-07-12 22:27:27,hutt_20200713_plumeTrain_0,1,train,https://doi.org/10.1080/00288330.2022.2088569,"Gall et al. 2022, Figure 10A",v1,S2_SR_HARMONIZED_SCL_v1,174.87311375873244,-41.25633746632602,0.0516,0.0766,0.0844,0.074,0.0355,0.033,0.0246,0.0157,0.0014,0.0025
hutt_20200713,COPERNICUS/S2_SR_HARMONIZED/20200712T222549_20200712T222545_T60GUV,2020-07-12 22:27:27,hutt_20200713_plumeTrain_0,1,train,https://doi.org/10.1080/00288330.2022.2088569,"Gall et al. 2022, Figure 10A",v1,S2_SR_HARMONIZED_SCL_v1,174.87323304388764,-41.25633967076921,0.0567,0.0758,0.0812,0.0764,0.0353,0.03,0.0244,0.0163,0.0018,0.001
hutt_20200713,COPERNICUS/S2_SR_HARMONIZED/20200712T222549_20200712T222545_T60GUV,2020-07-12 22:27:27,hutt_20200713_plumeTrain_0,1,train,https://doi.org/10.1080/00288330.2022.2088569,"Gall et al. 2022, Figure 10A",v1,S2_SR_HARMONIZED_SCL_v1,174.87335232905605,-41.2563418750889,0.0567,0.0749,0.0818,0.0764,0.0353,0.03,0.0254,0.0163,0.0018,0.001
hutt_20200713,COPERNICUS/S2_SR_HARMONIZED/20200712T222549_20200712T222545_T60GUV,2020-07-12 22:27:27,hutt_20200713_plumeTrain_0,1,train,https://doi.org/10.1080/00288330.2022.2088569,"Gall et al. 2022, Figure 10A",v1,S2_SR_HARMONIZED_SCL_v1,174.87347161423773,-41.2563440792851,0.0525,0.0749,0.0825,0.079,0.0356,0.0303,0.0278,0.0164,0.0017,0.0036
hutt_20200713,COPERNICUS/S2_SR_HARMONIZED/20200712T222549_20200712T222545_T60GUV,2020-07-12 22:27:27,hutt_20200713_plumeTrain_0,1,train,https://doi.org/10.1080/00288330.2022.2088569,"Gall et al. 2022, Figure 10A",v1,S2_SR_HARMONIZED_SCL_v1,174.87382946986227,-41.256350691132816,0.0525,0.0794,0.0811,0.078,0.0354,0.032,0.0232,0.0163,0.0026,0.0045
hutt_20200713,COPERNICUS/S2_SR_HARMONIZED/20200712T222549_20200712T222545_T60GUV,2020-07-12 22:27:27,hutt_20200713_plumeTrain_0,1,train,https://doi.org/10.1080/00288330.2022.2088569,"Gall et al. 2022, Figure 10A",v1,S2_SR_HARMONIZED_SCL_v1,174.87394875509693,-41.256352894835075,0.0574,0.08,0.0847,0.0758,0.035,0.0317,0.0269,0.0171,0.0035,0.0044
hutt_20200713,COPERNICUS/S2_SR_HARMONIZED/20200712T222549_20200712T222545_T60GUV,2020-07-12 22:27:27,hutt_20200713_plumeTrain_0,1,train,https://doi.org/10.1080/00288330.2022.2088569,"Gall et al. 2022, Figure 10A",v1,S2_SR_HARMONIZED_SCL_v1,174.87406804034487,-41.256355098413856,0.0542,0.0748,0.0844,0.0758,0.035,0.0317,0.0259,0.0171,0.0035,0.0044
hutt_20200713,COPERNICUS/S2_SR_HARMONIZED/20200712T222549_20200712T222545_T60GUV,2020-07-12 22:27:27,hutt_20200713_plumeTrain_0,1,train,https://doi.org/10.1080/00288330.2022.2088569,"Gall et al. 2022, Figure 10A",v1,S2_SR_HARMONIZED_SCL_v1,174.87418732560604,-41.256357301869144,0.0547,0.0792,0.0844,0.0767,0.0367,0.0323,0.0246,0.0144,0.0023,0.0025
hutt_20200713,COPERNICUS/S2_SR_HARMONIZED/20200712T222549_20200712T222545_T60GUV,2020-07-12 22:27:27,hutt_20200713_plumeTrain_0,1,train,https://doi.org/10.1080/00288330.2022.2088569,"Gall et al. 2022, Figure 10A",v1,S2_SR_HARMONIZED_SCL_v1,174.8744258961681,-41.256361708409266,0.0556,0.0795,0.0839,0.0782,0.036,0.0337,0.0288,0.0146,0.0018,0.0031
hutt_20200713,COPERNICUS/S2_SR_HARMONIZED/20200712T222549_20200712T222545_T60GUV,2020-07-12 22:27:27,hutt_20200713_plumeTrain_0,1,train,https://doi.org/10.1080/00288330.2022.2088569,"Gall et al. 2022, Figure 10A",v1,S2_SR_HARMONIZED_SCL_v1,174.87454518146905,-41.2563639114941,0.0542,0.0803,0.0837,0.0782,0.036,0.0337,0.0291,0.0146,0.0018,0.0031
hutt_20200713,COPERNICUS/S2_SR_HARMONIZED/20200712T222549_20200712T222545_T60GUV,2020-07-12 22:27:27,hutt_20200713_plumeTrain_0,1,train,https://doi.org/10.1080/00288330.2022.2088569,"Gall et al. 2022, Figure 10A",v1,S2_SR_HARMONIZED_SCL_v1,174.87478375211057,-41.2563683172933,0.0574,0.0792,0.0831,0.0747,0.0342,0.0317,0.0287,0.018,0.0025,0.0025
hutt_20200713,COPERNICUS/S2_SR_HARMONIZED/20200712T222549_20200712T222545_T60GUV,2020-07-12 22:27:27,hutt_20200713_plumeTrain_0,1,train,https://doi.org/10.1080/00288330.2022.2088569,"Gall et al. 2022, Figure 10A",v1,S2_SR_HARMONIZED_SCL_v1,174.87490303745122,-41.25637052000767,0.0581,0.074,0.079,0.0708,0.0342,0.0303,0.0288,0.0168,0.0028,0.0011
hutt_20200713,COPERNICUS/S2_SR_HARMONIZED/20200712T222549_20200712T222545_T60GUV,2020-07-12 22:27:27,hutt_20200713_plumeTrain_0,1,train,https://doi.org/10.1080/00288330.2022.2088569,"Gall et al. 2022, Figure 10A",v1,S2_SR_HARMONIZED_SCL_v1,174.8750223228051,-41.256372722598556,0.0519,0.078,0.0775,0.0708,0.0342,0.0303,0.0249,0.0168,0.0028,0.0011
hutt_20200713,COPERNICUS/S2_SR_HARMONIZED/20200712T222549_20200712T222545_T60GUV,2020-07-12 22:27:27,hutt_20200713_plumeTrain_0,1,train,https://doi.org/10.1080/00288330.2022.2088569,"Gall et al. 2022, Figure 10A",v1,S2_SR_HARMONIZED_SCL_v1,174.87514160817224,-41.256374925065955,0.0549,0.0781,0.0813,0.0737,0.0338,0.0297,0.0272,0.0182,0.0016,0.0017
hutt_20200713,COPERNICUS/S2_SR_HARMONIZED/20200712T222549_20200712T222545_T60GUV,2020-07-12 22:27:27,hutt_20200713_plumeTrain_0,1,train,https://doi.org/10.1080/00288330.2022.2088569,"Gall et al. 2022, Figure 10A",v1,S2_SR_HARMONIZED_SCL_v1,174.8752608935526,-41.25637712740986,0.0501,0.0771,0.0799,0.0737,0.0338,0.0297,0.0255,0.0182,0.0016,0.0017
hutt_20200713,COPERNICUS/S2_SR_HARMONIZED/20200712T222549_20200712T222545_T60GUV,2020-07-12 22:27:27,hutt_20200713_plumeTrain_0,1,train,https://doi.org/10.1080/00288330.2022.2088569,"Gall et al. 2022, Figure 10A",v1,S2_SR_HARMONIZED_SCL_v1,174.87538017894622,-41.256379329630285,0.0529,0.0764,0.08,0.073,0.0334,0.0295,0.0249,0.0157,7.0E-4,0.0023
hutt_20200713,COPERNICUS/S2_SR_HARMONIZED/20200712T222549_20200712T222545_T60GUV,2020-07-12 22:27:27,hutt_20200713_plumeTrain_0,1,train,https://doi.org/10.1080/00288330.2022.2088569,"Gall et al. 2022, Figure 10A",v1,S2_SR_HARMONIZED_SCL_v1,174.87549946435306,-41.25638153172722,0.0529,0.0749,0.0813,0.073,0.0334,0.0295,0.0267,0.0157,7.0E-4,0.0023
hutt_20200713,COPERNICUS/S2_SR_HARMONIZED/20200712T222549_20200712T222545_T60GUV,2020-07-12 22:27:27,hutt_20200713_plumeTrain_0,1,train,https://doi.org/10.1080/00288330.2022.2088569,"Gall et al. 2022, Figure 10A",v1,S2_SR_HARMONIZED_SCL_v1,174.87573803520647,-41.25638593555064,0.0513,0.0731,0.0786,0.0709,0.0338,0.0297,0.0232,0.0162,0.0012,0.0017
hutt_20200713,COPERNICUS/S2_SR_HARMONIZED/20200712T222549_20200712T222545_T60GUV,2020-07-12 22:27:27,hutt_20200713_plumeTrain_0,1,train,https://doi.org/10.1080/00288330.2022.2088569,"Gall et al. 2022, Figure 10A",v1,S2_SR_HARMONIZED_SCL_v1,174.875857320653,-41.25638813727712,0.0545,0.0743,0.0796,0.0719,0.0323,0.0297,0.0237,0.0166,8.0E-4,0.0018
hutt_20200713,COPERNICUS/S2_SR_HARMONIZED/20200712T222549_20200712T222545_T60GUV,2020-07-12 22:27:27,hutt_20200713_plumeTrain_0,1,train,https://doi.org/10.1080/00288330.2022.2088569,"Gall et al. 2022, Figure 10A",v1,S2_SR_HARMONIZED_SCL_v1,174.87609589158586,-41.25639254035961,0.0555,0.0754,0.0803,0.0734,0.0352,0.0309,0.0246,0.0167,0.0016,0.0012
hutt_20200713,COPERNICUS/S2_SR_HARMONIZED/20200712T222549_20200712T222545_T60GUV,2020-07-12 22:27:27,hutt_20200713_plumeTrain_0,1,train,https://doi.org/10.1080/00288330.2022.2088569,"Gall et al. 2022, Figure 10A",v1,S2_SR_HARMONIZED_SCL_v1,174.8762151770721,-41.256394741715624,0.0536,0.0747,0.0787,0.0734,0.0352,0.0309,0.0263,0.0167,0.0016,0.0012
hutt_20200713,COPERNICUS/S2_SR_HARMONIZED/20200712T222549_20200712T222545_T60GUV,2020-07-12 22:27:27,hutt_20200713_plumeTrain_0,1,train,https://doi.org/10.1080/00288330.2022.2088569,"Gall et al. 2022, Figure 10A",v1,S2_SR_HARMONIZED_SCL_v1,174.87633446257163,-41.25639694294816,0.0532,0.0724,0.0773,0.0753,0.034,0.0311,0.0249,0.0158,0.0021,0.0025
hutt_20200713,COPERNICUS/S2_SR_HARMONIZED/20200712T222549_20200712T222545_T60GUV,2020-07-12 22:27:27,hutt_20200713_plumeTrain_0,1,train,https://doi.org/10.1080/00288330.2022.2088569,"Gall et al. 2022, Figure 10A",v1,S2_SR_HARMONIZED_SCL_v1,174.87669231914953,-41.25640354590482,0.0583,0.0753,0.0789,0.076,0.0333,0.0305,0.0251,0.0162,0.0016,0.004
hutt_20200713,COPERNICUS/S2_SR_HARMONIZED/20200712T222549_20200712T222545_T60GUV,2020-07-12 22:27:27,hutt_20200713_plumeTrain_0,1,train,https://doi.org/10.1080/00288330.2022.2088569,"Gall et al. 2022, Figure 10A",v1,S2_SR_HARMONIZED_SCL_v1,174.8769308902676,-41.256407947258495,0.0535,0.0762,0.0846,0.0749,0.0338,0.0335,0.0264,0.0168,6.0E-4,0.0034
hutt_20200713,COPERNICUS/S2_SR_HARMONIZED/20200712T222549_20200712T222545_T60GUV,2020-07-12 22:27:27,hutt_20200713_plumeTrain_0,1,train,https://doi.org/10.1080/00288330.2022.2088569,"Gall et al. 2022, Figure 10A",v1,S2_SR_HARMONIZED_SCL_v1,174.87716946143863,-41.25641234811822,0.0525,0.0733,0.0797,0.0732,0.0336,0.0321,0.0246,0.0166,6.0E-4,0.0023
hutt_20200713,COPERNICUS/S2_SR_HARMONIZED/20200712T222549_20200712T222545_T60GUV,2020-07-12 22:27:27,hutt_20200713_plumeTrain_0,1,train,https://doi.org/10.1080/00288330.2022.2088569,"Gall et al. 2022, Figure 10A",v1,S2_SR_HARMONIZED_SCL_v1,174.877288747044,-41.256414548362855,0.0506,0.0741,0.0796,0.0717,0.0339,0.032,0.0265,0.0165,0.0023,0.0012
hutt_20200713,COPERNICUS/S2_SR_HARMONIZED/20200712T222549_20200712T222545_T60GUV,2020-07-12 22:27:27,hutt_20200713_plumeTrain_0,1,train,https://doi.org/10.1080/00288330.2022.2088569,"Gall et al. 2022, Figure 10A",v1,S2_SR_HARMONIZED_SCL_v1,174.87740803266254,-41.25641674848399,0.0554,0.0723,0.0785,0.0717,0.0339,0.032,0.0262,0.0165,0.0023,0.0012
hutt_20200713,COPERNICUS/S2_SR_HARMONIZED/20200712T222549_20200712T222545_T60GUV,2020-07-12 22:27:27,hutt_20200713_plumeTrain_0,1,train,https://doi.org/10.1080/00288330.2022.2088569,"Gall et al. 2022, Figure 10A",v1,S2_SR_HARMONIZED_SCL_v1,174.8728722668234,-41.2564230732348,0.0565,0.0785,0.0814,0.0743,0.0356,0.0331,0.0263,0.0187,0.0021,8.0E-4
hutt_20200713,COPERNICUS/S2_SR_HARMONIZED/20200712T222549_20200712T222545_T60GUV,2020-07-12 22:27:27,hutt_20200713_plumeTrain_0,1,train,https://doi.org/10.1080/00288330.2022.2088569,"Gall et al. 2022, Figure 10A",v1,S2_SR_HARMONIZED_SCL_v1,174.87311083742105,-41.2564274825055,0.0537,0.0778,0.0813,0.0729,0.0352,0.0337,0.0264,0.015,0.001,0.0022
hutt_20200713,COPERNICUS/S2_SR_HARMONIZED/20200712T222549_20200712T222545_T60GUV,2020-07-12 22:27:27,hutt_20200713_plumeTrain_0,1,train,https://doi.org/10.1080/00288330.2022.2088569,"Gall et al. 2022, Figure 10A",v1,S2_SR_HARMONIZED_SCL_v1,174.8739458349303,-41.256442911063125,0.0581,0.0766,0.0832,0.0737,0.0355,0.0307,0.0288,0.0165,0.0024,8.0E-4
hutt_20200713,COPERNICUS/S2_SR_HARMONIZED/20200712T222549_20200712T222545_T60GUV,2020-07-12 22:27:27,hutt_20200713_plumeTrain_0,1,train,https://doi.org/10.1080/00288330.2022.2088569,"Gall et al. 2022, Figure 10A",v1,S2_SR_HARMONIZED_SCL_v1,174.87442297665564,-41.25645172466506,0.0547,0.0767,0.0846,0.0771,0.0354,0.0315,0.0286,0.0149,0.0017,0.0033
hutt_20200713,COPERNICUS/S2_SR_HARMONIZED/20200712T222549_20200712T222545_T60GUV,2020-07-12 22:27:27,hutt_20200713_plumeTrain_0,1,train,https://doi.org/10.1080/00288330.2022.2088569,"Gall et al. 2022, Figure 10A",v1,S2_SR_HARMONIZED_SCL_v1,174.8746615475978,-41.256456130725105,0.0536,0.0795,0.0851,0.0754,0.0355,0.0317,0.0263,0.0188,0.0013,0.0021
hutt_20200713,COPERNICUS/S2_SR_HARMONIZED/20200712T222549_20200712T222545_T60GUV,2020-07-12 22:27:27,hutt_20200713_plumeTrain_0,1,train,https://doi.org/10.1080/00288330.2022.2088569,"Gall et al. 2022, Figure 10A",v1,S2_SR_HARMONIZED_SCL_v1,174.8749001185929,-41.25646053629121,0.0548,0.0767,0.0849,0.077,0.0355,0.0342,0.0273,0.0176,0.0031,0.003
hutt_20200713,COPERNICUS/S2_SR_HARMONIZED/20200712T222549_20200712T222545_T60GUV,2020-07-12 22:27:27,hutt_20200713_plumeTrain_0,1,train,https://doi.org/10.1080/00288330.2022.2088569,"Gall et al. 2022, Figure 10A",v1,S2_SR_HARMONIZED_SCL_v1,174.87501940411033,-41.25646273888902,0.0515,0.0773,0.0836,0.077,0.0355,0.0342,0.0263,0.0176,0.0031,0.003
hutt_20200713,COPERNICUS/S2_SR_HARMONIZED/20200712T222549_20200712T222545_T60GUV,2020-07-12 22:27:27,hutt_20200713_plumeTrain_0,1,train,https://doi.org/10.1080/00288330.2022.2088569,"Gall et al. 2022, Figure 10A",v1,S2_SR_HARMONIZED_SCL_v1,174.875138689641,-41.25646494136336,0.0556,0.0763,0.083,0.0798,0.0354,0.0354,0.0278,0.0168,0.0028,0.0022
hutt_20200713,COPERNICUS/S2_SR_HARMONIZED/20200712T222549_20200712T222545_T60GUV,2020-07-12 22:27:27,hutt_20200713_plumeTrain_0,1,train,https://doi.org/10.1080/00288330.2022.2088569,"Gall et al. 2022, Figure 10A",v1,S2_SR_HARMONIZED_SCL_v1,174.87537726074206,-41.25646934594156,0.0533,0.078,0.0813,0.0738,0.035,0.0312,0.0249,0.0182,3.0E-4,0.0012
hutt_20200713,COPERNICUS/S2_SR_HARMONIZED/20200712T222549_20200712T222545_T60GUV,2020-07-12 22:27:27,hutt_20200713_plumeTrain_0,1,train,https://doi.org/10.1080/00288330.2022.2088569,"Gall et al. 2022, Figure 10A",v1,S2_SR_HARMONIZED_SCL_v1,174.87549654631243,-41.256471548045425,0.0521,0.0761,0.0809,0.0738,0.035,0.0312,0.025,0.0182,3.0E-4,0.0012
hutt_20200713,COPERNICUS/S2_SR_HARMONIZED/20200712T222549_20200712T222545_T60GUV,2020-07-12 22:27:27,hutt_20200713_plumeTrain_0,1,train,https://doi.org/10.1080/00288330.2022.2088569,"Gall et al. 2022, Figure 10A",v1,S2_SR_HARMONIZED_SCL_v1,174.87573511749295,-41.25647595188271,0.0573,0.0749,0.078,0.0705,0.0345,0.0312,0.0246,0.0171,7.0E-4,7.0E-4
hutt_20200713,COPERNICUS/S2_SR_HARMONIZED/20200712T222549_20200712T222545_T60GUV,2020-07-12 22:27:27,hutt_20200713_plumeTrain_0,1,train,https://doi.org/10.1080/00288330.2022.2088569,"Gall et al. 2022, Figure 10A",v1,S2_SR_HARMONIZED_SCL_v1,174.87585440310303,-41.256478153616115,0.0547,0.0731,0.0796,0.0724,0.0346,0.0302,0.0263,0.0182,8.0E-4,2.0E-4
hutt_20200713,COPERNICUS/S2_SR_HARMONIZED/20200712T222549_20200712T222545_T60GUV,2020-07-12 22:27:27,hutt_20200713_plumeTrain_0,1,train,https://doi.org/10.1080/00288330.2022.2088569,"Gall et al. 2022, Figure 10A",v1,S2_SR_HARMONIZED_SCL_v1,174.87597368872636,-41.25648035522604,0.0549,0.0728,0.082,0.0724,0.0346,0.0302,0.0242,0.0182,8.0E-4,2.0E-4
hutt_20200713,COPERNICUS/S2_SR_HARMONIZED/20200712T222549_20200712T222545_T60GUV,2020-07-12 22:27:27,hutt_20200713_plumeTrain_0,1,train,https://doi.org/10.1080/00288330.2022.2088569,"Gall et al. 2022, Figure 10A",v1,S2_SR_HARMONIZED_SCL_v1,174.87609297436293,-41.25648255671248,0.0573,0.0763,0.0824,0.0732,0.035,0.0302,0.0249,0.0184,8.0E-4,2.0E-4
hutt_20200713,COPERNICUS/S2_SR_HARMONIZED/20200712T222549_20200712T222545_T60GUV,2020-07-12 22:27:27,hutt_20200713_plumeTrain_0,1,train,https://doi.org/10.1080/00288330.2022.2088569,"Gall et al. 2022, Figure 10A",v1,S2_SR_HARMONIZED_SCL_v1,174.87645083135206,-41.25648916043085,0.0514,0.0763,0.0821,0.0736,0.0336,0.0309,0.0249,0.0169,0.002,0.0022
hutt_20200713,COPERNICUS/S2_SR_HARMONIZED/20200712T222549_20200712T222545_T60GUV,2020-07-12 22:27:27,hutt_20200713_plumeTrain_0,1,train,https://doi.org/10.1080/00288330.2022.2088569,"Gall et al. 2022, Figure 10A",v1,S2_SR_HARMONIZED_SCL_v1,174.87680868846027,-41.25649576303784,0.0486,0.0722,0.0792,0.0745,0.036,0.0296,0.0274,0.0165,0.0022,0.0021
hutt_20200713,COPERNICUS/S2_SR_HARMONIZED/20200712T222549_20200712T222545_T60GUV,2020-07-12 22:27:27,hutt_20200713_plumeTrain_0,1,train,https://doi.org/10.1080/00288330.2022.2088569,"Gall et al. 2022, Figure 10A",v1,S2_SR_HARMONIZED_SCL_v1,174.8769279741895,-41.25649796365987,0.0477,0.0742,0.0843,0.0745,0.036,0.0296,0.0258,0.0165,0.0022,0.0021
hutt_20200713,COPERNICUS/S2_SR_HARMONIZED/20200712T222549_20200712T222545_T60GUV,2020-07-12 22:27:27,hutt_20200713_plumeTrain_0,1,train,https://doi.org/10.1080/00288330.2022.2088569,"Gall et al. 2022, Figure 10A",v1,S2_SR_HARMONIZED_SCL_v1,174.8771665456876,-41.256502364533446,0.0543,0.0769,0.0827,0.0761,0.0342,0.0307,0.0261,0.0175,0.0022,0.0015
hutt_20200713,COPERNICUS/S2_SR_HARMONIZED/20200712T222549_20200712T222545_T60GUV,2020-07-12 22:27:27,hutt_20200713_plumeTrain_0,1,train,https://doi.org/10.1080/00288330.2022.2088569,"Gall et al. 2022, Figure 10A",v1,S2_SR_HARMONIZED_SCL_v1,174.87728583145648,-41.256504564785,0.0535,0.0779,0.0818,0.0724,0.0338,0.0322,0.0265,0.0179,0.0013,0.002
hutt_20200713,COPERNICUS/S2_SR_HARMONIZED/20200712T222549_20200712T222545_T60GUV,2020-07-12 22:27:27,hutt_20200713_plumeTrain_0,1,train,https://doi.org/10.1080/00288330.2022.2088569,"Gall et al. 2022, Figure 10A",v1,S2_SR_HARMONIZED_SCL_v1,174.8774051172386,-41.25650676491307,0.0523,0.0773,0.0799,0.0724,0.0338,0.0322,0.0261,0.0179,0.0013,0.002
hutt_20200713,COPERNICUS/S2_SR_HARMONIZED/20200712T222549_20200712T222545_T60GUV,2020-07-12 22:27:27,hutt_20200713_plumeTrain_0,1,train,https://doi.org/10.1080/00288330.2022.2088569,"Gall et al. 2022, Figure 10A",v1,S2_SR_HARMONIZED_SCL_v1,174.87752440303393,-41.25650896491765,0.0499,0.0754,0.0774,0.0709,0.0334,0.0315,0.0246,0.0159,0.0012,0.0029
hutt_20200713,COPERNICUS/S2_SR_HARMONIZED/20200712T222549_20200712T222545_T60GUV,2020-07-12 22:27:27,hutt_20200713_plumeTrain_0,1,train,https://doi.org/10.1080/00288330.2022.2088569,"Gall et al. 2022, Figure 10A",v1,S2_SR_HARMONIZED_SCL_v1,174.87286934517167,-41.2565130893988,0.0557,0.0775,0.0809,0.0743,0.0356,0.0331,0.025,0.0187,0.0021,8.0E-4
hutt_20200713,COPERNICUS/S2_SR_HARMONIZED/20200712T222549_20200712T222545_T60GUV,2020-07-12 22:27:27,hutt_20200713_plumeTrain_0,1,train,https://doi.org/10.1080/00288330.2022.2088569,"Gall et al. 2022, Figure 10A",v1,S2_SR_HARMONIZED_SCL_v1,174.8729886306274,-41.25651529410284,0.0527,0.0766,0.0821,0.0729,0.0352,0.0337,0.0261,0.015,0.001,0.0022
hutt_20200713,COPERNICUS/S2_SR_HARMONIZED/20200712T222549_20200712T222545_T60GUV,2020-07-12 22:27:27,hutt_20200713_plumeTrain_0,1,train,https://doi.org/10.1080/00288330.2022.2088569,"Gall et al. 2022, Figure 10A",v1,S2_SR_HARMONIZED_SCL_v1,174.8731079160964,-41.25651749868338,0.057,0.0764,0.0799,0.0729,0.0352,0.0337,0.0261,0.015,0.001,0.0022
hutt_20200713,COPERNICUS/S2_SR_HARMONIZED/20200712T222549_20200712T222545_T60GUV,2020-07-12 22:27:27,hutt_20200713_plumeTrain_0,1,train,https://doi.org/10.1080/00288330.2022.2088569,"Gall et al. 2022, Figure 10A",v1,S2_SR_HARMONIZED_SCL_v1,174.8734657725829,-41.25652411168411,0.0542,0.076,0.0824,0.0771,0.0353,0.0338,0.0262,0.0164,0.0021,0.0035
hutt_20200713,COPERNICUS/S2_SR_HARMONIZED/20200712T222549_20200712T222545_T60GUV,2020-07-12 22:27:27,hutt_20200713_plumeTrain_0,1,train,https://doi.org/10.1080/00288330.2022.2088569,"Gall et al. 2022, Figure 10A",v1,S2_SR_HARMONIZED_SCL_v1,174.8735850581049,-41.25652631577071,0.0516,0.0798,0.0845,0.0771,0.0353,0.0338,0.0239,0.0164,0.0021,0.0035
hutt_20200713,COPERNICUS/S2_SR_HARMONIZED/20200712T222549_20200712T222545_T60GUV,2020-07-12 22:27:27,hutt_20200713_plumeTrain_0,1,train,https://doi.org/10.1080/00288330.2022.2088569,"Gall et al. 2022, Figure 10A",v1,S2_SR_HARMONIZED_SCL_v1,174.87370434364016,-41.25652851973382,0.0516,0.0794,0.0835,0.0744,0.0354,0.0325,0.0275,0.0164,0.003,0.0023
hutt_20200713,COPERNICUS/S2_SR_HARMONIZED/20200712T222549_20200712T222545_T60GUV,2020-07-12 22:27:27,hutt_20200713_plumeTrain_0,1,train,https://doi.org/10.1080/00288330.2022.2088569,"Gall et al. 2022, Figure 10A",v1,S2_SR_HARMONIZED_SCL_v1,174.87382362918868,-41.25653072357345,0.0556,0.08,0.0818,0.0744,0.0354,0.0325,0.0285,0.0164,0.003,0.0023
hutt_20200713,COPERNICUS/S2_SR_HARMONIZED/20200712T222549_20200712T222545_T60GUV,2020-07-12 22:27:27,hutt_20200713_plumeTrain_0,1,train,https://doi.org/10.1080/00288330.2022.2088569,"Gall et al. 2022, Figure 10A",v1,S2_SR_HARMONIZED_SCL_v1,174.87394291475042,-41.256532927289584,0.0556,0.0808,0.0828,0.0737,0.0355,0.0307,0.0256,0.0165,0.0024,8.0E-4
hutt_20200713,COPERNICUS/S2_SR_HARMONIZED/20200712T222549_20200712T222545_T60GUV,2020-07-12 22:27:27,hutt_20200713_plumeTrain_0,1,train,https://doi.org/10.1080/00288330.2022.2088569,"Gall et al. 2022, Figure 10A",v1,S2_SR_HARMONIZED_SCL_v1,174.87406220032545,-41.256535130882234,0.0567,0.0763,0.0843,0.0737,0.0355,0.0307,0.0263,0.0165,0.0024,8.0E-4
hutt_20200713,COPERNICUS/S2_SR_HARMONIZED/20200712T222549_20200712T222545_T60GUV,2020-07-12 22:27:27,hutt_20200713_plumeTrain_0,1,train,https://doi.org/10.1080/00288330.2022.2088569,"Gall et al. 2022, Figure 10A",v1,S2_SR_HARMONIZED_SCL_v1,174.8741814859137,-41.2565373343514,0.0534,0.0747,0.0822,0.0771,0.0353,0.03,0.0261,0.0149,0.0021,0.0021
hutt_20200713,COPERNICUS/S2_SR_HARMONIZED/20200712T222549_20200712T222545_T60GUV,2020-07-12 22:27:27,hutt_20200713_plumeTrain_0,1,train,https://doi.org/10.1080/00288330.2022.2088569,"Gall et al. 2022, Figure 10A",v1,S2_SR_HARMONIZED_SCL_v1,174.87442005712992,-41.25654174091927,0.0495,0.0768,0.0839,0.0771,0.0354,0.0315,0.0271,0.0149,0.0017,0.0033
hutt_20200713,COPERNICUS/S2_SR_HARMONIZED/20200712T222549_20200712T222545_T60GUV,2020-07-12 22:27:27,hutt_20200713_plumeTrain_0,1,train,https://doi.org/10.1080/00288330.2022.2088569,"Gall et al. 2022, Figure 10A",v1,S2_SR_HARMONIZED_SCL_v1,174.87465862839917,-41.25654614699319,0.0525,0.0767,0.0816,0.0754,0.0355,0.0317,0.0274,0.0188,0.0013,0.0021
hutt_20200713,COPERNICUS/S2_SR_HARMONIZED/20200712T222549_20200712T222545_T60GUV,2020-07-12 22:27:27,hutt_20200713_plumeTrain_0,1,train,https://doi.org/10.1080/00288330.2022.2088569,"Gall et al. 2022, Figure 10A",v1,S2_SR_HARMONIZED_SCL_v1,174.87477791405362,-41.25654834984491,0.0547,0.0791,0.0796,0.0754,0.0355,0.0317,0.0272,0.0188,0.0013,0.0021
hutt_20200713,COPERNICUS/S2_SR_HARMONIZED/20200712T222549_20200712T222545_T60GUV,2020-07-12 22:27:27,hutt_20200713_plumeTrain_0,1,train,https://doi.org/10.1080/00288330.2022.2088569,"Gall et al. 2022, Figure 10A",v1,S2_SR_HARMONIZED_SCL_v1,174.87489719972137,-41.25655055257316,0.0548,0.082,0.0846,0.077,0.0355,0.0342,0.0267,0.0176,0.0031,0.003
hutt_20200713,COPERNICUS/S2_SR_HARMONIZED/20200712T222549_20200712T222545_T60GUV,2020-07-12 22:27:27,hutt_20200713_plumeTrain_0,1,train,https://doi.org/10.1080/00288330.2022.2088569,"Gall et al. 2022, Figure 10A",v1,S2_SR_HARMONIZED_SCL_v1,174.87513577109655,-41.256554957659176,0.0532,0.0775,0.0826,0.0798,0.0354,0.0354,0.0278,0.0168,0.0028,0.0022
hutt_20200713,COPERNICUS/S2_SR_HARMONIZED/20200712T222549_20200712T222545_T60GUV,2020-07-12 22:27:27,hutt_20200713_plumeTrain_0,1,train,https://doi.org/10.1080/00288330.2022.2088569,"Gall et al. 2022, Figure 10A",v1,S2_SR_HARMONIZED_SCL_v1,174.87525505680398,-41.25655716001695,0.0553,0.0761,0.0875,0.0798,0.0354,0.0354,0.0254,0.0168,0.0028,0.0022
hutt_20200713,COPERNICUS/S2_SR_HARMONIZED/20200712T222549_20200712T222545_T60GUV,2020-07-12 22:27:27,hutt_20200713_plumeTrain_0,1,train,https://doi.org/10.1080/00288330.2022.2088569,"Gall et al. 2022, Figure 10A",v1,S2_SR_HARMONIZED_SCL_v1,174.87537434252465,-41.256559362251245,0.0566,0.0761,0.0858,0.0738,0.035,0.0312,0.0273,0.0182,3.0E-4,0.0012
hutt_20200713,COPERNICUS/S2_SR_HARMONIZED/20200712T222549_20200712T222545_T60GUV,2020-07-12 22:27:27,hutt_20200713_plumeTrain_0,1,train,https://doi.org/10.1080/00288330.2022.2088569,"Gall et al. 2022, Figure 10A",v1,S2_SR_HARMONIZED_SCL_v1,174.8754936282586,-41.25656156436205,0.057,0.0774,0.0802,0.0738,0.035,0.0312,0.0294,0.0182,3.0E-4,0.0012
hutt_20200713,COPERNICUS/S2_SR_HARMONIZED/20200712T222549_20200712T222545_T60GUV,2020-07-12 22:27:27,hutt_20200713_plumeTrain_0,1,train,https://doi.org/10.1080/00288330.2022.2088569,"Gall et al. 2022, Figure 10A",v1,S2_SR_HARMONIZED_SCL_v1,174.87561291400576,-41.256563766349366,0.0548,0.0771,0.0805,0.0705,0.0345,0.0312,0.0261,0.0171,7.0E-4,7.0E-4
hutt_20200713,COPERNICUS/S2_SR_HARMONIZED/20200712T222549_20200712T222545_T60GUV,2020-07-12 22:27:27,hutt_20200713_plumeTrain_0,1,train,https://doi.org/10.1080/00288330.2022.2088569,"Gall et al. 2022, Figure 10A",v1,S2_SR_HARMONIZED_SCL_v1,174.87573219976616,-41.256565968213195,0.0567,0.0762,0.0791,0.0705,0.0345,0.0312,0.0256,0.0171,7.0E-4,7.0E-4
hutt_20200713,COPERNICUS/S2_SR_HARMONIZED/20200712T222549_20200712T222545_T60GUV,2020-07-12 22:27:27,hutt_20200713_plumeTrain_0,1,train,https://doi.org/10.1080/00288330.2022.2088569,"Gall et al. 2022, Figure 10A",v1,S2_SR_HARMONIZED_SCL_v1,174.87597077132668,-41.25657037157038,0.0536,0.071,0.0774,0.0724,0.0346,0.0302,0.0232,0.0182,8.0E-4,2.0E-4
hutt_20200713,COPERNICUS/S2_SR_HARMONIZED/20200712T222549_20200712T222545_T60GUV,2020-07-12 22:27:27,hutt_20200713_plumeTrain_0,1,train,https://doi.org/10.1080/00288330.2022.2088569,"Gall et al. 2022, Figure 10A",v1,S2_SR_HARMONIZED_SCL_v1,174.87609005712682,-41.25657257306376,0.0546,0.0725,0.0794,0.0732,0.035,0.0302,0.0231,0.0184,8.0E-4,2.0E-4
hutt_20200713,COPERNICUS/S2_SR_HARMONIZED/20200712T222549_20200712T222545_T60GUV,2020-07-12 22:27:27,hutt_20200713_plumeTrain_0,1,train,https://doi.org/10.1080/00288330.2022.2088569,"Gall et al. 2022, Figure 10A",v1,S2_SR_HARMONIZED_SCL_v1,174.87620934294014,-41.25657477443363,0.0521,0.0754,0.0824,0.0732,0.035,0.0302,0.0248,0.0184,8.0E-4,2.0E-4
hutt_20200713,COPERNICUS/S2_SR_HARMONIZED/20200712T222549_20200712T222545_T60GUV,2020-07-12 22:27:27,hutt_20200713_plumeTrain_0,1,train,https://doi.org/10.1080/00288330.2022.2088569,"Gall et al. 2022, Figure 10A",v1,S2_SR_HARMONIZED_SCL_v1,174.87632862876671,-41.25657697568001,0.0494,0.0714,0.0825,0.0736,0.0336,0.0309,0.0251,0.0169,0.002,0.0022
hutt_20200713,COPERNICUS/S2_SR_HARMONIZED/20200712T222549_20200712T222545_T60GUV,2020-07-12 22:27:27,hutt_20200713_plumeTrain_0,1,train,https://doi.org/10.1080/00288330.2022.2088569,"Gall et al. 2022, Figure 10A",v1,S2_SR_HARMONIZED_SCL_v1,174.87644791460656,-41.25657917680292,0.054,0.0741,0.0846,0.0736,0.0336,0.0309,0.0265,0.0169,0.002,0.0022
hutt_20200713,COPERNICUS/S2_SR_HARMONIZED/20200712T222549_20200712T222545_T60GUV,2020-07-12 22:27:27,hutt_20200713_plumeTrain_0,1,train,https://doi.org/10.1080/00288330.2022.2088569,"Gall et al. 2022, Figure 10A",v1,S2_SR_HARMONIZED_SCL_v1,174.8765672004596,-41.25658137780233,0.0547,0.0774,0.0813,0.0744,0.0347,0.0295,0.028,0.0164,5.0E-4,0.0026
hutt_20200713,COPERNICUS/S2_SR_HARMONIZED/20200712T222549_20200712T222545_T60GUV,2020-07-12 22:27:27,hutt_20200713_plumeTrain_0,1,train,https://doi.org/10.1080/00288330.2022.2088569,"Gall et al. 2022, Figure 10A",v1,S2_SR_HARMONIZED_SCL_v1,174.8766864863259,-41.25658357867826,0.0546,0.073,0.0808,0.0744,0.0347,0.0295,0.0274,0.0164,5.0E-4,0.0026
hutt_20200713,COPERNICUS/S2_SR_HARMONIZED/20200712T222549_20200712T222545_T60GUV,2020-07-12 22:27:27,hutt_20200713_plumeTrain_0,1,train,https://doi.org/10.1080/00288330.2022.2088569,"Gall et al. 2022, Figure 10A",v1,S2_SR_HARMONIZED_SCL_v1,174.8768057722054,-41.256585779430694,0.052,0.0744,0.082,0.0745,0.036,0.0296,0.0262,0.0165,0.0022,0.0021
hutt_20200713,COPERNICUS/S2_SR_HARMONIZED/20200712T222549_20200712T222545_T60GUV,2020-07-12 22:27:27,hutt_20200713_plumeTrain_0,1,train,https://doi.org/10.1080/00288330.2022.2088569,"Gall et al. 2022, Figure 10A",v1,S2_SR_HARMONIZED_SCL_v1,174.8770443440041,-41.2565901805651,0.0489,0.0745,0.0793,0.0761,0.0342,0.0307,0.0266,0.0175,0.0022,0.0015
hutt_20200713,COPERNICUS/S2_SR_HARMONIZED/20200712T222549_20200712T222545_T60GUV,2020-07-12 22:27:27,hutt_20200713_plumeTrain_0,1,train,https://doi.org/10.1080/00288330.2022.2088569,"Gall et al. 2022, Figure 10A",v1,S2_SR_HARMONIZED_SCL_v1,174.87716362992333,-41.256592380947076,0.056,0.0759,0.0813,0.0761,0.0342,0.0307,0.0267,0.0175,0.0022,0.0015
hutt_20200713,COPERNICUS/S2_SR_HARMONIZED/20200712T222549_20200712T222545_T60GUV,2020-07-12 22:27:27,hutt_20200713_plumeTrain_0,1,train,https://doi.org/10.1080/00288330.2022.2088569,"Gall et al. 2022, Figure 10A",v1,S2_SR_HARMONIZED_SCL_v1,174.8774022018014,-41.256596781340555,0.0543,0.0753,0.0807,0.0724,0.0338,0.0322,0.0271,0.0179,0.0013,0.002
hutt_20200713,COPERNICUS/S2_SR_HARMONIZED/20200712T222549_20200712T222545_T60GUV,2020-07-12 22:27:27,hutt_20200713_plumeTrain_0,1,train,https://doi.org/10.1080/00288330.2022.2088569,"Gall et al. 2022, Figure 10A",v1,S2_SR_HARMONIZED_SCL_v1,174.87752148776028,-41.25659898135207,0.0539,0.0732,0.0792,0.0709,0.0334,0.0315,0.0277,0.0159,0.0012,0.0029
hutt_20200713,COPERNICUS/S2_SR_HARMONIZED/20200712T222549_20200712T222545_T60GUV,2020-07-12 22:27:27,hutt_20200713_plumeTrain_0,1,train,https://doi.org/10.1080/00288330.2022.2088569,"Gall et al. 2022, Figure 10A",v1,S2_SR_HARMONIZED_SCL_v1,174.87298570912594,-41.2566053102722,0.0568,0.0764,0.0807,0.0737,0.0342,0.0319,0.0263,0.0178,0.0024,0.0021
hutt_20200713,COPERNICUS/S2_SR_HARMONIZED/20200712T222549_20200712T222545_T60GUV,2020-07-12 22:27:27,hutt_20200713_plumeTrain_0,1,train,https://doi.org/10.1080/00288330.2022.2088569,"Gall et al. 2022, Figure 10A",v1,S2_SR_HARMONIZED_SCL_v1,174.8731049947585,-41.25660751485969,0.0575,0.0783,0.0794,0.0737,0.0342,0.0319,0.0279,0.0178,0.0024,0.0021
hutt_20200713,COPERNICUS/S2_SR_HARMONIZED/20200712T222549_20200712T222545_T60GUV,2020-07-12 22:27:27,hutt_20200713_plumeTrain_0,1,train,https://doi.org/10.1080/00288330.2022.2088569,"Gall et al. 2022, Figure 10A",v1,S2_SR_HARMONIZED_SCL_v1,174.8732242804043,-41.25660971932369,0.0557,0.0801,0.0813,0.0763,0.0342,0.033,0.0255,0.0164,0.0021,0.0033
hutt_20200713,COPERNICUS/S2_SR_HARMONIZED/20200712T222549_20200712T222545_T60GUV,2020-07-12 22:27:27,hutt_20200713_plumeTrain_0,1,train,https://doi.org/10.1080/00288330.2022.2088569,"Gall et al. 2022, Figure 10A",v1,S2_SR_HARMONIZED_SCL_v1,174.8733435660633,-41.2566119236642,0.0565,0.0767,0.0809,0.0763,0.0342,0.033,0.0269,0.0164,0.0021,0.0033
hutt_20200713,COPERNICUS/S2_SR_HARMONIZED/20200712T222549_20200712T222545_T60GUV,2020-07-12 22:27:27,hutt_20200713_plumeTrain_0,1,train,https://doi.org/10.1080/00288330.2022.2088569,"Gall et al. 2022, Figure 10A",v1,S2_SR_HARMONIZED_SCL_v1,174.8734628517356,-41.256614127881235,0.0565,0.0774,0.0816,0.0768,0.0357,0.0318,0.0279,0.0166,0.003,0.0032
hutt_20200713,COPERNICUS/S2_SR_HARMONIZED/20200712T222549_20200712T222545_T60GUV,2020-07-12 22:27:27,hutt_20200713_plumeTrain_0,1,train,https://doi.org/10.1080/00288330.2022.2088569,"Gall et al. 2022, Figure 10A",v1,S2_SR_HARMONIZED_SCL_v1,174.87370142311997,-41.256618535944824,0.0542,0.0782,0.0824,0.0739,0.0352,0.0309,0.0256,0.0164,0.0026,0.0035
hutt_20200713,COPERNICUS/S2_SR_HARMONIZED/20200712T222549_20200712T222545_T60GUV,2020-07-12 22:27:27,hutt_20200713_plumeTrain_0,1,train,https://doi.org/10.1080/00288330.2022.2088569,"Gall et al. 2022, Figure 10A",v1,S2_SR_HARMONIZED_SCL_v1,174.8739399945573,-41.256622943514465,0.0561,0.08,0.0833,0.0754,0.0349,0.0299,0.0259,0.0164,8.0E-4,0.0026
hutt_20200713,COPERNICUS/S2_SR_HARMONIZED/20200712T222549_20200712T222545_T60GUV,2020-07-12 22:27:27,hutt_20200713_plumeTrain_0,1,train,https://doi.org/10.1080/00288330.2022.2088569,"Gall et al. 2022, Figure 10A",v1,S2_SR_HARMONIZED_SCL_v1,174.87405928029585,-41.25662514711406,0.0537,0.0805,0.0825,0.0754,0.0349,0.0299,0.0261,0.0164,8.0E-4,0.0026
hutt_20200713,COPERNICUS/S2_SR_HARMONIZED/20200712T222549_20200712T222545_T60GUV,2020-07-12 22:27:27,hutt_20200713_plumeTrain_0,1,train,https://doi.org/10.1080/00288330.2022.2088569,"Gall et al. 2022, Figure 10A",v1,S2_SR_HARMONIZED_SCL_v1,174.87417856604765,-41.25662735059016,0.0528,0.0776,0.0833,0.0759,0.0354,0.0299,0.0263,0.0163,0.003,0.0023
hutt_20200713,COPERNICUS/S2_SR_HARMONIZED/20200712T222549_20200712T222545_T60GUV,2020-07-12 22:27:27,hutt_20200713_plumeTrain_0,1,train,https://doi.org/10.1080/00288330.2022.2088569,"Gall et al. 2022, Figure 10A",v1,S2_SR_HARMONIZED_SCL_v1,174.8742978518127,-41.25662955394277,0.0525,0.0781,0.0838,0.0759,0.0354,0.0299,0.0281,0.0163,0.003,0.0023
hutt_20200713,COPERNICUS/S2_SR_HARMONIZED/20200712T222549_20200712T222545_T60GUV,2020-07-12 22:27:27,hutt_20200713_plumeTrain_0,1,train,https://doi.org/10.1080/00288330.2022.2088569,"Gall et al. 2022, Figure 10A",v1,S2_SR_HARMONIZED_SCL_v1,174.87441713759097,-41.256631757171895,0.0501,0.0818,0.0822,0.076,0.0354,0.0326,0.0279,0.0161,0.0026,0.0028
hutt_20200713,COPERNICUS/S2_SR_HARMONIZED/20200712T222549_20200712T222545_T60GUV,2020-07-12 22:27:27,hutt_20200713_plumeTrain_0,1,train,https://doi.org/10.1080/00288330.2022.2088569,"Gall et al. 2022, Figure 10A",v1,S2_SR_HARMONIZED_SCL_v1,174.8745364233825,-41.25663396027754,0.0592,0.0768,0.08,0.076,0.0354,0.0326,0.0269,0.0161,0.0026,0.0028
hutt_20200713,COPERNICUS/S2_SR_HARMONIZED/20200712T222549_20200712T222545_T60GUV,2020-07-12 22:27:27,hutt_20200713_plumeTrain_0,1,train,https://doi.org/10.1080/00288330.2022.2088569,"Gall et al. 2022, Figure 10A",v1,S2_SR_HARMONIZED_SCL_v1,174.8746557091873,-41.256636163259685,0.0568,0.0774,0.0833,0.0772,0.0353,0.0328,0.0261,0.017,0.0032,0.002
hutt_20200713,COPERNICUS/S2_SR_HARMONIZED/20200712T222549_20200712T222545_T60GUV,2020-07-12 22:27:27,hutt_20200713_plumeTrain_0,1,train,https://doi.org/10.1080/00288330.2022.2088569,"Gall et al. 2022, Figure 10A",v1,S2_SR_HARMONIZED_SCL_v1,174.87477499500528,-41.25663836611835,0.0562,0.0777,0.0805,0.0772,0.0353,0.0328,0.0262,0.017,0.0032,0.002
hutt_20200713,COPERNICUS/S2_SR_HARMONIZED/20200712T222549_20200712T222545_T60GUV,2020-07-12 22:27:27,hutt_20200713_plumeTrain_0,1,train,https://doi.org/10.1080/00288330.2022.2088569,"Gall et al. 2022, Figure 10A",v1,S2_SR_HARMONIZED_SCL_v1,174.87489428083657,-41.25664056885353,0.0556,0.0755,0.0847,0.0769,0.0354,0.0316,0.0261,0.0186,0.0017,0.0022
hutt_20200713,COPERNICUS/S2_SR_HARMONIZED/20200712T222549_20200712T222545_T60GUV,2020-07-12 22:27:27,hutt_20200713_plumeTrain_0,1,train,https://doi.org/10.1080/00288330.2022.2088569,"Gall et al. 2022, Figure 10A",v1,S2_SR_HARMONIZED_SCL_v1,174.87501356668108,-41.256642771465216,0.0566,0.0763,0.0826,0.0769,0.0354,0.0316,0.0271,0.0186,0.0017,0.0022
hutt_20200713,COPERNICUS/S2_SR_HARMONIZED/20200712T222549_20200712T222545_T60GUV,2020-07-12 22:27:27,hutt_20200713_plumeTrain_0,1,train,https://doi.org/10.1080/00288330.2022.2088569,"Gall et al. 2022, Figure 10A",v1,S2_SR_HARMONIZED_SCL_v1,174.8756099961022,-41.256653782671336,0.0569,0.0777,0.08,0.0741,0.0355,0.0341,0.0249,0.0141,0.001,1.0E-4
hutt_20200713,COPERNICUS/S2_SR_HARMONIZED/20200712T222549_20200712T222545_T60GUV,2020-07-12 22:27:27,hutt_20200713_plumeTrain_0,1,train,https://doi.org/10.1080/00288330.2022.2088569,"Gall et al. 2022, Figure 10A",v1,S2_SR_HARMONIZED_SCL_v1,174.87572928202616,-41.2566559845421,0.0533,0.0755,0.081,0.0741,0.0355,0.0341,0.0262,0.0141,0.001,1.0E-4
hutt_20200713,COPERNICUS/S2_SR_HARMONIZED/20200712T222549_20200712T222545_T60GUV,2020-07-12 22:27:27,hutt_20200713_plumeTrain_0,1,train,https://doi.org/10.1080/00288330.2022.2088569,"Gall et al. 2022, Figure 10A",v1,S2_SR_HARMONIZED_SCL_v1,174.87596785391375,-41.25666038791316,0.0541,0.079,0.0791,0.073,0.0345,0.0304,0.0273,0.0163,0.0012,0.002
hutt_20200713,COPERNICUS/S2_SR_HARMONIZED/20200712T222549_20200712T222545_T60GUV,2020-07-12 22:27:27,hutt_20200713_plumeTrain_0,1,train,https://doi.org/10.1080/00288330.2022.2088569,"Gall et al. 2022, Figure 10A",v1,S2_SR_HARMONIZED_SCL_v1,174.87632571184443,-41.25666699204358,0.051,0.0748,0.078,0.0739,0.0334,0.0291,0.0259,0.0168,0.0018,0.0018
hutt_20200713,COPERNICUS/S2_SR_HARMONIZED/20200712T222549_20200712T222545_T60GUV,2020-07-12 22:27:27,hutt_20200713_plumeTrain_0,1,train,https://doi.org/10.1080/00288330.2022.2088569,"Gall et al. 2022, Figure 10A",v1,S2_SR_HARMONIZED_SCL_v1,174.8764449978478,-41.25666919317341,0.0507,0.0703,0.0803,0.0739,0.0334,0.0291,0.0243,0.0168,0.0018,0.0018
hutt_20200713,COPERNICUS/S2_SR_HARMONIZED/20200712T222549_20200712T222545_T60GUV,2020-07-12 22:27:27,hutt_20200713_plumeTrain_0,1,train,https://doi.org/10.1080/00288330.2022.2088569,"Gall et al. 2022, Figure 10A",v1,S2_SR_HARMONIZED_SCL_v1,174.87656428386438,-41.25667139417975,0.0511,0.0717,0.0797,0.0732,0.0344,0.0288,0.0257,0.0166,0.0015,0.001
hutt_20200713,COPERNICUS/S2_SR_HARMONIZED/20200712T222549_20200712T222545_T60GUV,2020-07-12 22:27:27,hutt_20200713_plumeTrain_0,1,train,https://doi.org/10.1080/00288330.2022.2088569,"Gall et al. 2022, Figure 10A",v1,S2_SR_HARMONIZED_SCL_v1,174.8766835698942,-41.2566735950626,0.0521,0.0728,0.0798,0.0732,0.0344,0.0288,0.0273,0.0166,0.0015,0.001
hutt_20200713,COPERNICUS/S2_SR_HARMONIZED/20200712T222549_20200712T222545_T60GUV,2020-07-12 22:27:27,hutt_20200713_plumeTrain_0,1,train,https://doi.org/10.1080/00288330.2022.2088569,"Gall et al. 2022, Figure 10A",v1,S2_SR_HARMONIZED_SCL_v1,174.87704142806308,-41.25668019697024,0.0505,0.0709,0.0814,0.0748,0.0339,0.031,0.0235,0.0185,0.0021,1.0E-4
hutt_20200713,COPERNICUS/S2_SR_HARMONIZED/20200712T222549_20200712T222545_T60GUV,2020-07-12 22:27:27,hutt_20200713_plumeTrain_0,1,train,https://doi.org/10.1080/00288330.2022.2088569,"Gall et al. 2022, Figure 10A",v1,S2_SR_HARMONIZED_SCL_v1,174.87716071414582,-41.256682397359135,0.054,0.0759,0.0804,0.0748,0.0339,0.031,0.0253,0.0185,0.0021,1.0E-4
hutt_20200713,COPERNICUS/S2_SR_HARMONIZED/20200712T222549_20200712T222545_T60GUV,2020-07-12 22:27:27,hutt_20200713_plumeTrain_0,1,train,https://doi.org/10.1080/00288330.2022.2088569,"Gall et al. 2022, Figure 10A",v1,S2_SR_HARMONIZED_SCL_v1,174.8772800002418,-41.25668459762455,0.0507,0.076,0.0804,0.0741,0.0326,0.0316,0.0267,0.0191,0.0017,0.0025
hutt_20200713,COPERNICUS/S2_SR_HARMONIZED/20200712T222549_20200712T222545_T60GUV,2020-07-12 22:27:27,hutt_20200713_plumeTrain_0,1,train,https://doi.org/10.1080/00288330.2022.2088569,"Gall et al. 2022, Figure 10A",v1,S2_SR_HARMONIZED_SCL_v1,174.877399286351,-41.25668679776647,0.0496,0.0771,0.0792,0.0741,0.0326,0.0316,0.0254,0.0191,0.0017,0.0025
hutt_20200713,COPERNICUS/S2_SR_HARMONIZED/20200712T222549_20200712T222545_T60GUV,2020-07-12 22:27:27,hutt_20200713_plumeTrain_0,1,train,https://doi.org/10.1080/00288330.2022.2088569,"Gall et al. 2022, Figure 10A",v1,S2_SR_HARMONIZED_SCL_v1,174.87751857247343,-41.256688997784906,0.0525,0.0749,0.0776,0.0742,0.0336,0.0301,0.0251,0.0152,0.0012,0.0031
hutt_20200713,COPERNICUS/S2_SR_HARMONIZED/20200712T222549_20200712T222545_T60GUV,2020-07-12 22:27:27,hutt_20200713_plumeTrain_0,1,train,https://doi.org/10.1080/00288330.2022.2088569,"Gall et al. 2022, Figure 10A",v1,S2_SR_HARMONIZED_SCL_v1,174.8776378586091,-41.25669119767985,0.0525,0.0738,0.0803,0.0742,0.0336,0.0301,0.0251,0.0152,0.0012,0.0031
hutt_20200713,COPERNICUS/S2_SR_HARMONIZED/20200712T222549_20200712T222545_T60GUV,2020-07-12 22:27:27,hutt_20200713_plumeTrain_0,1,train,https://doi.org/10.1080/00288330.2022.2088569,"Gall et al. 2022, Figure 10A",v1,S2_SR_HARMONIZED_SCL_v1,174.87310207340735,-41.25669753103441,0.0543,0.0828,0.0814,0.0737,0.0342,0.0319,0.0253,0.0178,0.0024,0.0021
hutt_20200713,COPERNICUS/S2_SR_HARMONIZED/20200712T222549_20200712T222545_T60GUV,2020-07-12 22:27:27,hutt_20200713_plumeTrain_0,1,train,https://doi.org/10.1080/00288330.2022.2088569,"Gall et al. 2022, Figure 10A",v1,S2_SR_HARMONIZED_SCL_v1,174.87345993087507,-41.25670414407677,0.057,0.0793,0.0835,0.0768,0.0357,0.0318,0.0259,0.0166,0.003,0.0032
hutt_20200713,COPERNICUS/S2_SR_HARMONIZED/20200712T222549_20200712T222545_T60GUV,2020-07-12 22:27:27,hutt_20200713_plumeTrain_0,1,train,https://doi.org/10.1080/00288330.2022.2088569,"Gall et al. 2022, Figure 10A",v1,S2_SR_HARMONIZED_SCL_v1,174.87357921672418,-41.256706348177254,0.0549,0.0805,0.0819,0.0768,0.0357,0.0318,0.0267,0.0166,0.003,0.0032
hutt_20200713,COPERNICUS/S2_SR_HARMONIZED/20200712T222549_20200712T222545_T60GUV,2020-07-12 22:27:27,hutt_20200713_plumeTrain_0,1,train,https://doi.org/10.1080/00288330.2022.2088569,"Gall et al. 2022, Figure 10A",v1,S2_SR_HARMONIZED_SCL_v1,174.87369850258654,-41.256708552154244,0.0563,0.0782,0.079,0.0739,0.0352,0.0309,0.0242,0.0164,0.0026,0.0035
hutt_20200713,COPERNICUS/S2_SR_HARMONIZED/20200712T222549_20200712T222545_T60GUV,2020-07-12 22:27:27,hutt_20200713_plumeTrain_0,1,train,https://doi.org/10.1080/00288330.2022.2088569,"Gall et al. 2022, Figure 10A",v1,S2_SR_HARMONIZED_SCL_v1,174.8738177884621,-41.25671075600774,0.0549,0.0782,0.0828,0.0739,0.0352,0.0309,0.0264,0.0164,0.0026,0.0035
hutt_20200713,COPERNICUS/S2_SR_HARMONIZED/20200712T222549_20200712T222545_T60GUV,2020-07-12 22:27:27,hutt_20200713_plumeTrain_0,1,train,https://doi.org/10.1080/00288330.2022.2088569,"Gall et al. 2022, Figure 10A",v1,S2_SR_HARMONIZED_SCL_v1,174.87429493209694,-41.25671957018688,0.0533,0.0778,0.0824,0.0759,0.0354,0.0299,0.0278,0.0163,0.003,0.0023
hutt_20200713,COPERNICUS/S2_SR_HARMONIZED/20200712T222549_20200712T222545_T60GUV,2020-07-12 22:27:27,hutt_20200713_plumeTrain_0,1,train,https://doi.org/10.1080/00288330.2022.2088569,"Gall et al. 2022, Figure 10A",v1,S2_SR_HARMONIZED_SCL_v1,174.87441421803877,-41.25672177342294,0.053,0.0766,0.0807,0.076,0.0354,0.0326,0.0273,0.0161,0.0026,0.0028
hutt_20200713,COPERNICUS/S2_SR_HARMONIZED/20200712T222549_20200712T222545_T60GUV,2020-07-12 22:27:27,hutt_20200713_plumeTrain_0,1,train,https://doi.org/10.1080/00288330.2022.2088569,"Gall et al. 2022, Figure 10A",v1,S2_SR_HARMONIZED_SCL_v1,174.87465278996217,-41.2567261795246,0.0562,0.0792,0.0842,0.0772,0.0353,0.0328,0.0269,0.017,0.0032,0.002
hutt_20200713,COPERNICUS/S2_SR_HARMONIZED/20200712T222549_20200712T222545_T60GUV,2020-07-12 22:27:27,hutt_20200713_plumeTrain_0,1,train,https://doi.org/10.1080/00288330.2022.2088569,"Gall et al. 2022, Figure 10A",v1,S2_SR_HARMONIZED_SCL_v1,174.87477207594372,-41.2567283823902,0.0567,0.0741,0.0833,0.0772,0.0353,0.0328,0.0279,0.017,0.0032,0.002
hutt_20200713,COPERNICUS/S2_SR_HARMONIZED/20200712T222549_20200712T222545_T60GUV,2020-07-12 22:27:27,hutt_20200713_plumeTrain_0,1,train,https://doi.org/10.1080/00288330.2022.2088569,"Gall et al. 2022, Figure 10A",v1,S2_SR_HARMONIZED_SCL_v1,174.87501064794657,-41.256732787750934,0.0592,0.0767,0.0859,0.0769,0.0354,0.0316,0.0285,0.0186,0.0017,0.0022
hutt_20200713,COPERNICUS/S2_SR_HARMONIZED/20200712T222549_20200712T222545_T60GUV,2020-07-12 22:27:27,hutt_20200713_plumeTrain_0,1,train,https://doi.org/10.1080/00288330.2022.2088569,"Gall et al. 2022, Figure 10A",v1,S2_SR_HARMONIZED_SCL_v1,174.87512993396786,-41.256734990246066,0.0562,0.0799,0.0868,0.0798,0.035,0.0327,0.0274,0.0167,0.0018,0.003
hutt_20200713,COPERNICUS/S2_SR_HARMONIZED/20200712T222549_20200712T222545_T60GUV,2020-07-12 22:27:27,hutt_20200713_plumeTrain_0,1,train,https://doi.org/10.1080/00288330.2022.2088569,"Gall et al. 2022, Figure 10A",v1,S2_SR_HARMONIZED_SCL_v1,174.87524922000242,-41.25673719261771,0.0541,0.078,0.0843,0.0798,0.035,0.0327,0.0262,0.0167,0.0018,0.003
hutt_20200713,COPERNICUS/S2_SR_HARMONIZED/20200712T222549_20200712T222545_T60GUV,2020-07-12 22:27:27,hutt_20200713_plumeTrain_0,1,train,https://doi.org/10.1080/00288330.2022.2088569,"Gall et al. 2022, Figure 10A",v1,S2_SR_HARMONIZED_SCL_v1,174.87572636427294,-41.25674600086941,0.0529,0.0745,0.0806,0.0741,0.0355,0.0341,0.0259,0.0141,0.001,1.0E-4
hutt_20200713,COPERNICUS/S2_SR_HARMONIZED/20200712T222549_20200712T222545_T60GUV,2020-07-12 22:27:27,hutt_20200713_plumeTrain_0,1,train,https://doi.org/10.1080/00288330.2022.2088569,"Gall et al. 2022, Figure 10A",v1,S2_SR_HARMONIZED_SCL_v1,174.8759649364876,-41.256750404254326,0.0546,0.079,0.0806,0.073,0.0345,0.0304,0.0267,0.0163,0.0012,0.002
hutt_20200713,COPERNICUS/S2_SR_HARMONIZED/20200712T222549_20200712T222545_T60GUV,2020-07-12 22:27:27,hutt_20200713_plumeTrain_0,1,train,https://doi.org/10.1080/00288330.2022.2088569,"Gall et al. 2022, Figure 10A",v1,S2_SR_HARMONIZED_SCL_v1,174.87620350875525,-41.25675480714529,0.0568,0.0739,0.0847,0.0743,0.0334,0.0297,0.0257,0.0167,0.002,0.0017
hutt_20200713,COPERNICUS/S2_SR_HARMONIZED/20200712T222549_20200712T222545_T60GUV,2020-07-12 22:27:27,hutt_20200713_plumeTrain_0,1,train,https://doi.org/10.1080/00288330.2022.2088569,"Gall et al. 2022, Figure 10A",v1,S2_SR_HARMONIZED_SCL_v1,174.8763227949089,-41.25675700840554,0.0527,0.0753,0.0852,0.0739,0.0334,0.0291,0.0263,0.0168,0.0018,0.0018
hutt_20200713,COPERNICUS/S2_SR_HARMONIZED/20200712T222549_20200712T222545_T60GUV,2020-07-12 22:27:27,hutt_20200713_plumeTrain_0,1,train,https://doi.org/10.1080/00288330.2022.2088569,"Gall et al. 2022, Figure 10A",v1,S2_SR_HARMONIZED_SCL_v1,174.87644208107582,-41.25675920954231,0.0552,0.0744,0.0805,0.0739,0.0334,0.0291,0.026,0.0168,0.0018,0.0018
hutt_20200713,COPERNICUS/S2_SR_HARMONIZED/20200712T222549_20200712T222545_T60GUV,2020-07-12 22:27:27,hutt_20200713_plumeTrain_0,1,train,https://doi.org/10.1080/00288330.2022.2088569,"Gall et al. 2022, Figure 10A",v1,S2_SR_HARMONIZED_SCL_v1,174.87656136725596,-41.256761410555576,0.0603,0.0723,0.0818,0.0732,0.0344,0.0288,0.0255,0.0166,0.0015,0.001
hutt_20200713,COPERNICUS/S2_SR_HARMONIZED/20200712T222549_20200712T222545_T60GUV,2020-07-12 22:27:27,hutt_20200713_plumeTrain_0,1,train,https://doi.org/10.1080/00288330.2022.2088569,"Gall et al. 2022, Figure 10A",v1,S2_SR_HARMONIZED_SCL_v1,174.8766806534493,-41.256763611445365,0.0546,0.073,0.0785,0.0732,0.0344,0.0288,0.0265,0.0166,0.0015,0.001
hutt_20200713,COPERNICUS/S2_SR_HARMONIZED/20200712T222549_20200712T222545_T60GUV,2020-07-12 22:27:27,hutt_20200713_plumeTrain_0,1,train,https://doi.org/10.1080/00288330.2022.2088569,"Gall et al. 2022, Figure 10A",v1,S2_SR_HARMONIZED_SCL_v1,174.8770385121088,-41.25677021337378,0.0535,0.0745,0.0818,0.0748,0.0339,0.031,0.0247,0.0185,0.0021,1.0E-4
hutt_20200713,COPERNICUS/S2_SR_HARMONIZED/20200712T222549_20200712T222545_T60GUV,2020-07-12 22:27:27,hutt_20200713_plumeTrain_0,1,train,https://doi.org/10.1080/00288330.2022.2088569,"Gall et al. 2022, Figure 10A",v1,S2_SR_HARMONIZED_SCL_v1,174.87727708461463,-41.256774614041944,0.0524,0.0796,0.0807,0.0741,0.0326,0.0316,0.0259,0.0191,0.0017,0.0025
hutt_20200713,COPERNICUS/S2_SR_HARMONIZED/20200712T222549_20200712T222545_T60GUV,2020-07-12 22:27:27,hutt_20200713_plumeTrain_0,1,train,https://doi.org/10.1080/00288330.2022.2088569,"Gall et al. 2022, Figure 10A",v1,S2_SR_HARMONIZED_SCL_v1,174.87739637088734,-41.25677681419079,0.053,0.0772,0.0786,0.0741,0.0326,0.0316,0.0261,0.0191,0.0017,0.0025
hutt_20200713,COPERNICUS/S2_SR_HARMONIZED/20200712T222549_20200712T222545_T60GUV,2020-07-12 22:27:27,hutt_20200713_plumeTrain_0,1,train,https://doi.org/10.1080/00288330.2022.2088569,"Gall et al. 2022, Figure 10A",v1,S2_SR_HARMONIZED_SCL_v1,174.87763494347254,-41.25678121411802,0.0512,0.076,0.0812,0.0742,0.0336,0.0301,0.0254,0.0152,0.0012,0.0031
hutt_20200713,COPERNICUS/S2_SR_HARMONIZED/20200712T222549_20200712T222545_T60GUV,2020-07-12 22:27:27,hutt_20200713_plumeTrain_0,1,train,https://doi.org/10.1080/00288330.2022.2088569,"Gall et al. 2022, Figure 10A",v1,S2_SR_HARMONIZED_SCL_v1,174.87775422978495,-41.25678341389641,0.0534,0.0747,0.0796,0.0741,0.035,0.0302,0.0241,0.0135,0.0023,0.0036
hutt_20200713,COPERNICUS/S2_SR_HARMONIZED/20200712T222549_20200712T222545_T60GUV,2020-07-12 22:27:27,hutt_20200713_plumeTrain_0,1,train,https://doi.org/10.1080/00288330.2022.2088569,"Gall et al. 2022, Figure 10A",v1,S2_SR_HARMONIZED_SCL_v1,174.8732184380158,-41.25678975168544,0.0548,0.0795,0.0835,0.0737,0.0345,0.0328,0.0282,0.0156,0.0019,0.0022
hutt_20200713,COPERNICUS/S2_SR_HARMONIZED/20200712T222549_20200712T222545_T60GUV,2020-07-12 22:27:27,hutt_20200713_plumeTrain_0,1,train,https://doi.org/10.1080/00288330.2022.2088569,"Gall et al. 2022, Figure 10A",v1,S2_SR_HARMONIZED_SCL_v1,174.87333772400194,-41.256791956039834,0.0547,0.081,0.0831,0.0737,0.0345,0.0328,0.025,0.0156,0.0019,0.0022
hutt_20200713,COPERNICUS/S2_SR_HARMONIZED/20200712T222549_20200712T222545_T60GUV,2020-07-12 22:27:27,hutt_20200713_plumeTrain_0,1,train,https://doi.org/10.1080/00288330.2022.2088569,"Gall et al. 2022, Figure 10A",v1,S2_SR_HARMONIZED_SCL_v1,174.87345701000132,-41.25679416027074,0.0557,0.0819,0.0823,0.0758,0.0357,0.0328,0.0278,0.0156,0.0034,0.0036
hutt_20200713,COPERNICUS/S2_SR_HARMONIZED/20200712T222549_20200712T222545_T60GUV,2020-07-12 22:27:27,hutt_20200713_plumeTrain_0,1,train,https://doi.org/10.1080/00288330.2022.2088569,"Gall et al. 2022, Figure 10A",v1,S2_SR_HARMONIZED_SCL_v1,174.87369558203983,-41.256798568362086,0.0554,0.0759,0.0803,0.0759,0.0347,0.0337,0.0249,0.0164,0.0024,0.0026
hutt_20200713,COPERNICUS/S2_SR_HARMONIZED/20200712T222549_20200712T222545_T60GUV,2020-07-12 22:27:27,hutt_20200713_plumeTrain_0,1,train,https://doi.org/10.1080/00288330.2022.2088569,"Gall et al. 2022, Figure 10A",v1,S2_SR_HARMONIZED_SCL_v1,174.87405344019695,-41.25680517957294,0.0561,0.0808,0.0818,0.0763,0.0335,0.032,0.0261,0.0164,0.0022,0.0015
hutt_20200713,COPERNICUS/S2_SR_HARMONIZED/20200712T222549_20200712T222545_T60GUV,2020-07-12 22:27:27,hutt_20200713_plumeTrain_0,1,train,https://doi.org/10.1080/00288330.2022.2088569,"Gall et al. 2022, Figure 10A",v1,S2_SR_HARMONIZED_SCL_v1,174.87429201236793,-41.256809586429405,0.0533,0.0789,0.0832,0.0765,0.0339,0.0332,0.0268,0.0164,0.0032,0.0015
hutt_20200713,COPERNICUS/S2_SR_HARMONIZED/20200712T222549_20200712T222545_T60GUV,2020-07-12 22:27:27,hutt_20200713_plumeTrain_0,1,train,https://doi.org/10.1080/00288330.2022.2088569,"Gall et al. 2022, Figure 10A",v1,S2_SR_HARMONIZED_SCL_v1,174.8746498707238,-41.25681619578795,0.0581,0.0821,0.085,0.0774,0.0354,0.0337,0.0281,0.0163,0.0034,0.002
hutt_20200713,COPERNICUS/S2_SR_HARMONIZED/20200712T222549_20200712T222545_T60GUV,2020-07-12 22:27:27,hutt_20200713_plumeTrain_0,1,train,https://doi.org/10.1080/00288330.2022.2088569,"Gall et al. 2022, Figure 10A",v1,S2_SR_HARMONIZED_SCL_v1,174.87476915686892,-41.25681839866047,0.0585,0.0774,0.0832,0.0774,0.0354,0.0337,0.0279,0.0163,0.0034,0.002
hutt_20200713,COPERNICUS/S2_SR_HARMONIZED/20200712T222549_20200712T222545_T60GUV,2020-07-12 22:27:27,hutt_20200713_plumeTrain_0,1,train,https://doi.org/10.1080/00288330.2022.2088569,"Gall et al. 2022, Figure 10A",v1,S2_SR_HARMONIZED_SCL_v1,174.87488844302726,-41.25682060140952,0.0513,0.0753,0.0798,0.0775,0.0354,0.0322,0.0245,0.0164,0.0023,0.0021
hutt_20200713,COPERNICUS/S2_SR_HARMONIZED/20200712T222549_20200712T222545_T60GUV,2020-07-12 22:27:27,hutt_20200713_plumeTrain_0,1,train,https://doi.org/10.1080/00288330.2022.2088569,"Gall et al. 2022, Figure 10A",v1,S2_SR_HARMONIZED_SCL_v1,174.87500772919884,-41.256822804035075,0.0592,0.0771,0.0846,0.0775,0.0354,0.0322,0.0276,0.0164,0.0023,0.0021
hutt_20200713,COPERNICUS/S2_SR_HARMONIZED/20200712T222549_20200712T222545_T60GUV,2020-07-12 22:27:27,hutt_20200713_plumeTrain_0,1,train,https://doi.org/10.1080/00288330.2022.2088569,"Gall et al. 2022, Figure 10A",v1,S2_SR_HARMONIZED_SCL_v1,174.8751270153837,-41.25682500653715,0.055,0.0777,0.0868,0.0797,0.0333,0.0337,0.0279,0.0163,0.0018,0.0035
hutt_20200713,COPERNICUS/S2_SR_HARMONIZED/20200712T222549_20200712T222545_T60GUV,2020-07-12 22:27:27,hutt_20200713_plumeTrain_0,1,train,https://doi.org/10.1080/00288330.2022.2088569,"Gall et al. 2022, Figure 10A",v1,S2_SR_HARMONIZED_SCL_v1,174.87536558779308,-41.25682941117081,0.0574,0.0782,0.0843,0.0763,0.0379,0.0342,0.0279,0.0153,0.0021,0.0017
hutt_20200713,COPERNICUS/S2_SR_HARMONIZED/20200712T222549_20200712T222545_T60GUV,2020-07-12 22:27:27,hutt_20200713_plumeTrain_0,1,train,https://doi.org/10.1080/00288330.2022.2088569,"Gall et al. 2022, Figure 10A",v1,S2_SR_HARMONIZED_SCL_v1,174.87572344650644,-41.256836017195155,0.0533,0.0756,0.0824,0.0781,0.035,0.0335,0.0252,0.015,0.0014,1.0E-4
hutt_20200713,COPERNICUS/S2_SR_HARMONIZED/20200712T222549_20200712T222545_T60GUV,2020-07-12 22:27:27,hutt_20200713_plumeTrain_0,1,train,https://doi.org/10.1080/00288330.2022.2088569,"Gall et al. 2022, Figure 10A",v1,S2_SR_HARMONIZED_SCL_v1,174.87584273277074,-41.25683821895629,0.0521,0.0733,0.0814,0.0751,0.0339,0.0318,0.0276,0.0145,0.0013,0.0031
hutt_20200713,COPERNICUS/S2_SR_HARMONIZED/20200712T222549_20200712T222545_T60GUV,2020-07-12 22:27:27,hutt_20200713_plumeTrain_0,1,train,https://doi.org/10.1080/00288330.2022.2088569,"Gall et al. 2022, Figure 10A",v1,S2_SR_HARMONIZED_SCL_v1,174.87596201904822,-41.25684042059394,0.0515,0.0724,0.0819,0.0751,0.0339,0.0318,0.0244,0.0145,0.0013,0.0031
hutt_20200713,COPERNICUS/S2_SR_HARMONIZED/20200712T222549_20200712T222545_T60GUV,2020-07-12 22:27:27,hutt_20200713_plumeTrain_0,1,train,https://doi.org/10.1080/00288330.2022.2088569,"Gall et al. 2022, Figure 10A",v1,S2_SR_HARMONIZED_SCL_v1,174.87608130533897,-41.256842622108095,0.0541,0.0753,0.0814,0.0745,0.0366,0.0316,0.0246,0.0149,0.0022,0.001
hutt_20200713,COPERNICUS/S2_SR_HARMONIZED/20200712T222549_20200712T222545_T60GUV,2020-07-12 22:27:27,hutt_20200713_plumeTrain_0,1,train,https://doi.org/10.1080/00288330.2022.2088569,"Gall et al. 2022, Figure 10A",v1,S2_SR_HARMONIZED_SCL_v1,174.87643916429062,-41.25684922590963,0.0504,0.0772,0.0814,0.0761,0.0362,0.0288,0.0262,0.0149,0.0018,0.0021
hutt_20200713,COPERNICUS/S2_SR_HARMONIZED/20200712T222549_20200712T222545_T60GUV,2020-07-12 22:27:27,hutt_20200713_plumeTrain_0,1,train,https://doi.org/10.1080/00288330.2022.2088569,"Gall et al. 2022, Figure 10A",v1,S2_SR_HARMONIZED_SCL_v1,174.8765584506343,-41.256851426929835,0.0561,0.0755,0.0819,0.0746,0.0337,0.0297,0.0264,0.0158,0.0011,0.0023
hutt_20200713,COPERNICUS/S2_SR_HARMONIZED/20200712T222549_20200712T222545_T60GUV,2020-07-12 22:27:27,hutt_20200713_plumeTrain_0,1,train,https://doi.org/10.1080/00288330.2022.2088569,"Gall et al. 2022, Figure 10A",v1,S2_SR_HARMONIZED_SCL_v1,174.87667773699118,-41.25685362782655,0.0528,0.0739,0.0801,0.0746,0.0337,0.0297,0.0269,0.0158,0.0011,0.0023
hutt_20200713,COPERNICUS/S2_SR_HARMONIZED/20200712T222549_20200712T222545_T60GUV,2020-07-12 22:27:27,hutt_20200713_plumeTrain_0,1,train,https://doi.org/10.1080/00288330.2022.2088569,"Gall et al. 2022, Figure 10A",v1,S2_SR_HARMONIZED_SCL_v1,174.87679702336135,-41.25685582859977,0.0531,0.0741,0.0808,0.0755,0.0318,0.0312,0.0271,0.0183,6.0E-4,6.0E-4
hutt_20200713,COPERNICUS/S2_SR_HARMONIZED/20200712T222549_20200712T222545_T60GUV,2020-07-12 22:27:27,hutt_20200713_plumeTrain_0,1,train,https://doi.org/10.1080/00288330.2022.2088569,"Gall et al. 2022, Figure 10A",v1,S2_SR_HARMONIZED_SCL_v1,174.8769163097447,-41.25685802924951,0.0546,0.0744,0.0782,0.0755,0.0318,0.0312,0.027,0.0183,6.0E-4,6.0E-4
hutt_20200713,COPERNICUS/S2_SR_HARMONIZED/20200712T222549_20200712T222545_T60GUV,2020-07-12 22:27:27,hutt_20200713_plumeTrain_0,1,train,https://doi.org/10.1080/00288330.2022.2088569,"Gall et al. 2022, Figure 10A",v1,S2_SR_HARMONIZED_SCL_v1,174.8770355961413,-41.25686022977575,0.0517,0.0752,0.0786,0.0768,0.0318,0.0338,0.0271,0.0174,0.0018,0.002
hutt_20200713,COPERNICUS/S2_SR_HARMONIZED/20200712T222549_20200712T222545_T60GUV,2020-07-12 22:27:27,hutt_20200713_plumeTrain_0,1,train,https://doi.org/10.1080/00288330.2022.2088569,"Gall et al. 2022, Figure 10A",v1,S2_SR_HARMONIZED_SCL_v1,174.87715488255114,-41.25686243017851,0.0496,0.0753,0.081,0.0768,0.0318,0.0338,0.0232,0.0174,0.0018,0.002
hutt_20200713,COPERNICUS/S2_SR_HARMONIZED/20200712T222549_20200712T222545_T60GUV,2020-07-12 22:27:27,hutt_20200713_plumeTrain_0,1,train,https://doi.org/10.1080/00288330.2022.2088569,"Gall et al. 2022, Figure 10A",v1,S2_SR_HARMONIZED_SCL_v1,174.8773934554105,-41.256866830613546,0.0528,0.0731,0.0807,0.075,0.0305,0.0312,0.0263,0.0168,0.0013,0.0036
hutt_20200713,COPERNICUS/S2_SR_HARMONIZED/20200712T222549_20200712T222545_T60GUV,2020-07-12 22:27:27,hutt_20200713_plumeTrain_0,1,train,https://doi.org/10.1080/00288330.2022.2088569,"Gall et al. 2022, Figure 10A",v1,S2_SR_HARMONIZED_SCL_v1,174.87763202832275,-41.25687123055463,0.0523,0.0788,0.0829,0.0737,0.0336,0.0298,0.0253,0.0159,0.001,0.002
hutt_20200713,COPERNICUS/S2_SR_HARMONIZED/20200712T222549_20200712T222545_T60GUV,2020-07-12 22:27:27,hutt_20200713_plumeTrain_0,1,train,https://doi.org/10.1080/00288330.2022.2088569,"Gall et al. 2022, Figure 10A",v1,S2_SR_HARMONIZED_SCL_v1,174.87775131479873,-41.25687343033994,0.0527,0.0753,0.0824,0.0733,0.0335,0.0299,0.0269,0.0163,0.0028,0.0022
hutt_20200713,COPERNICUS/S2_SR_HARMONIZED/20200712T222549_20200712T222545_T60GUV,2020-07-12 22:27:27,hutt_20200713_plumeTrain_0,1,train,https://doi.org/10.1080/00288330.2022.2088569,"Gall et al. 2022, Figure 10A",v1,S2_SR_HARMONIZED_SCL_v1,174.87787060128792,-41.25687563000176,0.0509,0.0738,0.0786,0.0733,0.0335,0.0299,0.0292,0.0163,0.0028,0.0022
hutt_20200713,COPERNICUS/S2_SR_HARMONIZED/20200712T222549_20200712T222545_T60GUV,2020-07-12 22:27:27,hutt_20200713_plumeTrain_0,1,train,https://doi.org/10.1080/00288330.2022.2088569,"Gall et al. 2022, Figure 10A",v1,S2_SR_HARMONIZED_SCL_v1,174.87321551680168,-41.256879767863936,0.0517,0.0785,0.0831,0.0737,0.0345,0.0328,0.0273,0.0156,0.0019,0.0022
hutt_20200713,COPERNICUS/S2_SR_HARMONIZED/20200712T222549_20200712T222545_T60GUV,2020-07-12 22:27:27,hutt_20200713_plumeTrain_0,1,train,https://doi.org/10.1080/00288330.2022.2088569,"Gall et al. 2022, Figure 10A",v1,S2_SR_HARMONIZED_SCL_v1,174.87333480295135,-41.256881972225266,0.0557,0.074,0.0803,0.0737,0.0345,0.0328,0.0279,0.0156,0.0019,0.0022
hutt_20200713,COPERNICUS/S2_SR_HARMONIZED/20200712T222549_20200712T222545_T60GUV,2020-07-12 22:27:27,hutt_20200713_plumeTrain_0,1,train,https://doi.org/10.1080/00288330.2022.2088569,"Gall et al. 2022, Figure 10A",v1,S2_SR_HARMONIZED_SCL_v1,174.87345408911426,-41.25688417646311,0.0582,0.0788,0.0819,0.0758,0.0357,0.0328,0.0279,0.0156,0.0034,0.0036
hutt_20200713,COPERNICUS/S2_SR_HARMONIZED/20200712T222549_20200712T222545_T60GUV,2020-07-12 22:27:27,hutt_20200713_plumeTrain_0,1,train,https://doi.org/10.1080/00288330.2022.2088569,"Gall et al. 2022, Figure 10A",v1,S2_SR_HARMONIZED_SCL_v1,174.87357337529042,-41.25688638057747,0.0557,0.0783,0.0819,0.0758,0.0357,0.0328,0.0273,0.0156,0.0034,0.0036
hutt_20200713,COPERNICUS/S2_SR_HARMONIZED/20200712T222549_20200712T222545_T60GUV,2020-07-12 22:27:27,hutt_20200713_plumeTrain_0,1,train,https://doi.org/10.1080/00288330.2022.2088569,"Gall et al. 2022, Figure 10A",v1,S2_SR_HARMONIZED_SCL_v1,174.87369266147985,-41.25688858456834,0.0529,0.0767,0.0835,0.0759,0.0347,0.0337,0.0272,0.0164,0.0024,0.0026
hutt_20200713,COPERNICUS/S2_SR_HARMONIZED/20200712T222549_20200712T222545_T60GUV,2020-07-12 22:27:27,hutt_20200713_plumeTrain_0,1,train,https://doi.org/10.1080/00288330.2022.2088569,"Gall et al. 2022, Figure 10A",v1,S2_SR_HARMONIZED_SCL_v1,174.87381194768253,-41.25689078843572,0.0548,0.0782,0.0841,0.0759,0.0347,0.0337,0.0279,0.0164,0.0024,0.0026
hutt_20200713,COPERNICUS/S2_SR_HARMONIZED/20200712T222549_20200712T222545_T60GUV,2020-07-12 22:27:27,hutt_20200713_plumeTrain_0,1,train,https://doi.org/10.1080/00288330.2022.2088569,"Gall et al. 2022, Figure 10A",v1,S2_SR_HARMONIZED_SCL_v1,174.87405052012764,-41.25689519580001,0.0548,0.0808,0.0833,0.0763,0.0335,0.032,0.0278,0.0164,0.0022,0.0015
hutt_20200713,COPERNICUS/S2_SR_HARMONIZED/20200712T222549_20200712T222545_T60GUV,2020-07-12 22:27:27,hutt_20200713_plumeTrain_0,1,train,https://doi.org/10.1080/00288330.2022.2088569,"Gall et al. 2022, Figure 10A",v1,S2_SR_HARMONIZED_SCL_v1,174.87416980637005,-41.256897399296925,0.0534,0.0808,0.0818,0.0765,0.0339,0.0332,0.027,0.0164,0.0032,0.0015
hutt_20200713,COPERNICUS/S2_SR_HARMONIZED/20200712T222549_20200712T222545_T60GUV,2020-07-12 22:27:27,hutt_20200713_plumeTrain_0,1,train,https://doi.org/10.1080/00288330.2022.2088569,"Gall et al. 2022, Figure 10A",v1,S2_SR_HARMONIZED_SCL_v1,174.87428909262573,-41.25689960267035,0.0577,0.0763,0.0826,0.0765,0.0339,0.0332,0.0256,0.0164,0.0032,0.0015
hutt_20200713,COPERNICUS/S2_SR_HARMONIZED/20200712T222549_20200712T222545_T60GUV,2020-07-12 22:27:27,hutt_20200713_plumeTrain_0,1,train,https://doi.org/10.1080/00288330.2022.2088569,"Gall et al. 2022, Figure 10A",v1,S2_SR_HARMONIZED_SCL_v1,174.87476623778085,-41.25690841492916,0.0574,0.0809,0.0867,0.0774,0.0354,0.0337,0.029,0.0163,0.0034,0.002
hutt_20200713,COPERNICUS/S2_SR_HARMONIZED/20200712T222549_20200712T222545_T60GUV,2020-07-12 22:27:27,hutt_20200713_plumeTrain_0,1,train,https://doi.org/10.1080/00288330.2022.2088569,"Gall et al. 2022, Figure 10A",v1,S2_SR_HARMONIZED_SCL_v1,174.87488552410272,-41.25691061768514,0.0562,0.0763,0.0839,0.0775,0.0354,0.0322,0.0278,0.0164,0.0023,0.0021
hutt_20200713,COPERNICUS/S2_SR_HARMONIZED/20200712T222549_20200712T222545_T60GUV,2020-07-12 22:27:27,hutt_20200713_plumeTrain_0,1,train,https://doi.org/10.1080/00288330.2022.2088569,"Gall et al. 2022, Figure 10A",v1,S2_SR_HARMONIZED_SCL_v1,174.87500481043787,-41.25691282031763,0.0592,0.0771,0.0813,0.0775,0.0354,0.0322,0.0289,0.0164,0.0023,0.0021
hutt_20200713,COPERNICUS/S2_SR_HARMONIZED/20200712T222549_20200712T222545_T60GUV,2020-07-12 22:27:27,hutt_20200713_plumeTrain_0,1,train,https://doi.org/10.1080/00288330.2022.2088569,"Gall et al. 2022, Figure 10A",v1,S2_SR_HARMONIZED_SCL_v1,174.87512409678624,-41.25691502282663,0.0562,0.075,0.0831,0.0797,0.0333,0.0337,0.0259,0.0163,0.0018,0.0035
hutt_20200713,COPERNICUS/S2_SR_HARMONIZED/20200712T222549_20200712T222545_T60GUV,2020-07-12 22:27:27,hutt_20200713_plumeTrain_0,1,train,https://doi.org/10.1080/00288330.2022.2088569,"Gall et al. 2022, Figure 10A",v1,S2_SR_HARMONIZED_SCL_v1,174.87524338314788,-41.25691722521215,0.0574,0.0778,0.0832,0.0797,0.0333,0.0337,0.0261,0.0163,0.0018,0.0035
hutt_20200713,COPERNICUS/S2_SR_HARMONIZED/20200712T222549_20200712T222545_T60GUV,2020-07-12 22:27:27,hutt_20200713_plumeTrain_0,1,train,https://doi.org/10.1080/00288330.2022.2088569,"Gall et al. 2022, Figure 10A",v1,S2_SR_HARMONIZED_SCL_v1,174.87548195591083,-41.256921629612705,0.0536,0.0785,0.0853,0.0763,0.0379,0.0342,0.0248,0.0153,0.0021,0.0017
hutt_20200713,COPERNICUS/S2_SR_HARMONIZED/20200712T222549_20200712T222545_T60GUV,2020-07-12 22:27:27,hutt_20200713_plumeTrain_0,1,train,https://doi.org/10.1080/00288330.2022.2088569,"Gall et al. 2022, Figure 10A",v1,S2_SR_HARMONIZED_SCL_v1,174.87560124231217,-41.25692383162775,0.0527,0.0773,0.0848,0.0781,0.035,0.0335,0.0242,0.015,0.0014,1.0E-4
hutt_20200713,COPERNICUS/S2_SR_HARMONIZED/20200712T222549_20200712T222545_T60GUV,2020-07-12 22:27:27,hutt_20200713_plumeTrain_0,1,train,https://doi.org/10.1080/00288330.2022.2088569,"Gall et al. 2022, Figure 10A",v1,S2_SR_HARMONIZED_SCL_v1,174.87572052872673,-41.256926033519306,0.0536,0.078,0.0834,0.0781,0.035,0.0335,0.0261,0.015,0.0014,1.0E-4
hutt_20200713,COPERNICUS/S2_SR_HARMONIZED/20200712T222549_20200712T222545_T60GUV,2020-07-12 22:27:27,hutt_20200713_plumeTrain_0,1,train,https://doi.org/10.1080/00288330.2022.2088569,"Gall et al. 2022, Figure 10A",v1,S2_SR_HARMONIZED_SCL_v1,174.8759591015956,-41.25693043693195,0.0518,0.0761,0.0819,0.0751,0.0339,0.0318,0.0262,0.0145,0.0013,0.0031
hutt_20200713,COPERNICUS/S2_SR_HARMONIZED/20200712T222549_20200712T222545_T60GUV,2020-07-12 22:27:27,hutt_20200713_plumeTrain_0,1,train,https://doi.org/10.1080/00288330.2022.2088569,"Gall et al. 2022, Figure 10A",v1,S2_SR_HARMONIZED_SCL_v1,174.87607838804988,-41.256932638453044,0.0562,0.0766,0.0833,0.0745,0.0366,0.0316,0.0265,0.0149,0.0022,0.001
hutt_20200713,COPERNICUS/S2_SR_HARMONIZED/20200712T222549_20200712T222545_T60GUV,2020-07-12 22:27:27,hutt_20200713_plumeTrain_0,1,train,https://doi.org/10.1080/00288330.2022.2088569,"Gall et al. 2022, Figure 10A",v1,S2_SR_HARMONIZED_SCL_v1,174.87619767451739,-41.256934839850636,0.0508,0.0755,0.0805,0.0745,0.0366,0.0316,0.0229,0.0149,0.0022,0.001
hutt_20200713,COPERNICUS/S2_SR_HARMONIZED/20200712T222549_20200712T222545_T60GUV,2020-07-12 22:27:27,hutt_20200713_plumeTrain_0,1,train,https://doi.org/10.1080/00288330.2022.2088569,"Gall et al. 2022, Figure 10A",v1,S2_SR_HARMONIZED_SCL_v1,174.87667482051984,-41.256943644206146,0.0492,0.0742,0.0836,0.0746,0.0337,0.0297,0.0245,0.0158,0.0011,0.0023
hutt_20200713,COPERNICUS/S2_SR_HARMONIZED/20200712T222549_20200712T222545_T60GUV,2020-07-12 22:27:27,hutt_20200713_plumeTrain_0,1,train,https://doi.org/10.1080/00288330.2022.2088569,"Gall et al. 2022, Figure 10A",v1,S2_SR_HARMONIZED_SCL_v1,174.8767941070535,-41.25694584498629,0.0549,0.075,0.0841,0.0755,0.0318,0.0312,0.0258,0.0183,6.0E-4,6.0E-4
hutt_20200713,COPERNICUS/S2_SR_HARMONIZED/20200712T222549_20200712T222545_T60GUV,2020-07-12 22:27:27,hutt_20200713_plumeTrain_0,1,train,https://doi.org/10.1080/00288330.2022.2088569,"Gall et al. 2022, Figure 10A",v1,S2_SR_HARMONIZED_SCL_v1,174.8770326801606,-41.256950246176125,0.0573,0.0755,0.08,0.0768,0.0318,0.0338,0.0261,0.0174,0.0018,0.002
hutt_20200713,COPERNICUS/S2_SR_HARMONIZED/20200712T222549_20200712T222545_T60GUV,2020-07-12 22:27:27,hutt_20200713_plumeTrain_0,1,train,https://doi.org/10.1080/00288330.2022.2088569,"Gall et al. 2022, Figure 10A",v1,S2_SR_HARMONIZED_SCL_v1,174.87715196673398,-41.256952446585814,0.051,0.0774,0.08,0.0768,0.0318,0.0338,0.0258,0.0174,0.0018,0.002
hutt_20200713,COPERNICUS/S2_SR_HARMONIZED/20200712T222549_20200712T222545_T60GUV,2020-07-12 22:27:27,hutt_20200713_plumeTrain_0,1,train,https://doi.org/10.1080/00288330.2022.2088569,"Gall et al. 2022, Figure 10A",v1,S2_SR_HARMONIZED_SCL_v1,174.87727125332057,-41.256954646872,0.0514,0.075,0.0782,0.075,0.0305,0.0312,0.0286,0.0168,0.0013,0.0036
hutt_20200713,COPERNICUS/S2_SR_HARMONIZED/20200712T222549_20200712T222545_T60GUV,2020-07-12 22:27:27,hutt_20200713_plumeTrain_0,1,train,https://doi.org/10.1080/00288330.2022.2088569,"Gall et al. 2022, Figure 10A",v1,S2_SR_HARMONIZED_SCL_v1,174.87750982653347,-41.25695904707391,0.0523,0.0733,0.0793,0.0737,0.0336,0.0298,0.024,0.0159,0.001,0.002
hutt_20200713,COPERNICUS/S2_SR_HARMONIZED/20200712T222549_20200712T222545_T60GUV,2020-07-12 22:27:27,hutt_20200713_plumeTrain_0,1,train,https://doi.org/10.1080/00288330.2022.2088569,"Gall et al. 2022, Figure 10A",v1,S2_SR_HARMONIZED_SCL_v1,174.87810625979716,-41.25697004541763,0.0509,0.0761,0.0802,0.0745,0.0339,0.0314,0.0295,0.0149,0.0016,1.0E-4
hutt_20200713,COPERNICUS/S2_SR_HARMONIZED/20200712T222549_20200712T222545_T60GUV,2020-07-12 22:27:27,hutt_20200713_plumeTrain_0,1,train,https://doi.org/10.1080/00288330.2022.2088569,"Gall et al. 2022, Figure 10A",v1,S2_SR_HARMONIZED_SCL_v1,174.8733318818875,-41.256971988409134,0.0571,0.0785,0.0814,0.0757,0.0356,0.0358,0.0283,0.0149,0.0025,0.0025
hutt_20200713,COPERNICUS/S2_SR_HARMONIZED/20200712T222549_20200712T222545_T60GUV,2020-07-12 22:27:27,hutt_20200713_plumeTrain_0,1,train,https://doi.org/10.1080/00288330.2022.2088569,"Gall et al. 2022, Figure 10A",v1,S2_SR_HARMONIZED_SCL_v1,174.8735704545537,-41.256976396775215,0.0597,0.0797,0.0808,0.0757,0.0352,0.0331,0.0267,0.0153,0.0033,0.0044
hutt_20200713,COPERNICUS/S2_SR_HARMONIZED/20200712T222549_20200712T222545_T60GUV,2020-07-12 22:27:27,hutt_20200713_plumeTrain_0,1,train,https://doi.org/10.1080/00288330.2022.2088569,"Gall et al. 2022, Figure 10A",v1,S2_SR_HARMONIZED_SCL_v1,174.87368974090666,-41.25697860077302,0.0578,0.078,0.0841,0.0766,0.0358,0.0294,0.0272,0.0168,0.0024,0.0023
hutt_20200713,COPERNICUS/S2_SR_HARMONIZED/20200712T222549_20200712T222545_T60GUV,2020-07-12 22:27:27,hutt_20200713_plumeTrain_0,1,train,https://doi.org/10.1080/00288330.2022.2088569,"Gall et al. 2022, Figure 10A",v1,S2_SR_HARMONIZED_SCL_v1,174.87392831365233,-41.256983008398166,0.0582,0.0793,0.0823,0.0766,0.0363,0.0304,0.0278,0.0164,0.0024,0.0013
hutt_20200713,COPERNICUS/S2_SR_HARMONIZED/20200712T222549_20200712T222545_T60GUV,2020-07-12 22:27:27,hutt_20200713_plumeTrain_0,1,train,https://doi.org/10.1080/00288330.2022.2088569,"Gall et al. 2022, Figure 10A",v1,S2_SR_HARMONIZED_SCL_v1,174.87404760004506,-41.256985212025505,0.0597,0.0805,0.0841,0.0766,0.0363,0.0304,0.0262,0.0164,0.0024,0.0013
hutt_20200713,COPERNICUS/S2_SR_HARMONIZED/20200712T222549_20200712T222545_T60GUV,2020-07-12 22:27:27,hutt_20200713_plumeTrain_0,1,train,https://doi.org/10.1080/00288330.2022.2088569,"Gall et al. 2022, Figure 10A",v1,S2_SR_HARMONIZED_SCL_v1,174.8744054593027,-41.25699182216658,0.0494,0.0835,0.0823,0.077,0.0363,0.0315,0.0285,0.0164,0.0019,0.0025
hutt_20200713,COPERNICUS/S2_SR_HARMONIZED/20200712T222549_20200712T222545_T60GUV,2020-07-12 22:27:27,hutt_20200713_plumeTrain_0,1,train,https://doi.org/10.1080/00288330.2022.2088569,"Gall et al. 2022, Figure 10A",v1,S2_SR_HARMONIZED_SCL_v1,174.87464403220736,-41.256996228309866,0.0581,0.0756,0.0821,0.0767,0.0352,0.0334,0.0285,0.0165,0.0021,0.002
hutt_20200713,COPERNICUS/S2_SR_HARMONIZED/20200712T222549_20200712T222545_T60GUV,2020-07-12 22:27:27,hutt_20200713_plumeTrain_0,1,train,https://doi.org/10.1080/00288330.2022.2088569,"Gall et al. 2022, Figure 10A",v1,S2_SR_HARMONIZED_SCL_v1,174.87488260516497,-41.25700063395918,0.0585,0.0781,0.0822,0.0764,0.0353,0.0327,0.0268,0.0164,0.0028,0.0025
hutt_20200713,COPERNICUS/S2_SR_HARMONIZED/20200712T222549_20200712T222545_T60GUV,2020-07-12 22:27:27,hutt_20200713_plumeTrain_0,1,train,https://doi.org/10.1080/00288330.2022.2088569,"Gall et al. 2022, Figure 10A",v1,S2_SR_HARMONIZED_SCL_v1,174.87500189166363,-41.25700283659861,0.0585,0.0783,0.0839,0.0764,0.0353,0.0327,0.0285,0.0164,0.0028,0.0025
hutt_20200713,COPERNICUS/S2_SR_HARMONIZED/20200712T222549_20200712T222545_T60GUV,2020-07-12 22:27:27,hutt_20200713_plumeTrain_0,1,train,https://doi.org/10.1080/00288330.2022.2088569,"Gall et al. 2022, Figure 10A",v1,S2_SR_HARMONIZED_SCL_v1,174.87512117817556,-41.257005039114546,0.0585,0.0789,0.0837,0.0775,0.0351,0.0333,0.0265,0.0161,8.0E-4,0.0027
hutt_20200713,COPERNICUS/S2_SR_HARMONIZED/20200712T222549_20200712T222545_T60GUV,2020-07-12 22:27:27,hutt_20200713_plumeTrain_0,1,train,https://doi.org/10.1080/00288330.2022.2088569,"Gall et al. 2022, Figure 10A",v1,S2_SR_HARMONIZED_SCL_v1,174.87524046470074,-41.25700724150699,0.0596,0.0765,0.0834,0.0775,0.0351,0.0333,0.0279,0.0161,8.0E-4,0.0027
hutt_20200713,COPERNICUS/S2_SR_HARMONIZED/20200712T222549_20200712T222545_T60GUV,2020-07-12 22:27:27,hutt_20200713_plumeTrain_0,1,train,https://doi.org/10.1080/00288330.2022.2088569,"Gall et al. 2022, Figure 10A",v1,S2_SR_HARMONIZED_SCL_v1,174.87535975123913,-41.25700944377595,0.0547,0.0783,0.0841,0.0773,0.0378,0.0334,0.029,0.0177,0.0019,0.0027
hutt_20200713,COPERNICUS/S2_SR_HARMONIZED/20200712T222549_20200712T222545_T60GUV,2020-07-12 22:27:27,hutt_20200713_plumeTrain_0,1,train,https://doi.org/10.1080/00288330.2022.2088569,"Gall et al. 2022, Figure 10A",v1,S2_SR_HARMONIZED_SCL_v1,174.87559832435565,-41.2570138479434,0.0514,0.0763,0.0833,0.0768,0.0339,0.0329,0.0246,0.0159,0.0021,8.0E-4
hutt_20200713,COPERNICUS/S2_SR_HARMONIZED/20200712T222549_20200712T222545_T60GUV,2020-07-12 22:27:27,hutt_20200713_plumeTrain_0,1,train,https://doi.org/10.1080/00288330.2022.2088569,"Gall et al. 2022, Figure 10A",v1,S2_SR_HARMONIZED_SCL_v1,174.8757176109338,-41.25701604984189,0.0529,0.0792,0.0858,0.0768,0.0339,0.0329,0.0252,0.0159,0.0021,8.0E-4
hutt_20200713,COPERNICUS/S2_SR_HARMONIZED/20200712T222549_20200712T222545_T60GUV,2020-07-12 22:27:27,hutt_20200713_plumeTrain_0,1,train,https://doi.org/10.1080/00288330.2022.2088569,"Gall et al. 2022, Figure 10A",v1,S2_SR_HARMONIZED_SCL_v1,174.87607547074757,-41.25702265479641,0.0562,0.0761,0.0821,0.076,0.0341,0.0318,0.0283,0.016,8.0E-4,1.0E-4
hutt_20200713,COPERNICUS/S2_SR_HARMONIZED/20200712T222549_20200712T222545_T60GUV,2020-07-12 22:27:27,hutt_20200713_plumeTrain_0,1,train,https://doi.org/10.1080/00288330.2022.2088569,"Gall et al. 2022, Figure 10A",v1,S2_SR_HARMONIZED_SCL_v1,174.87619475737864,-41.25702485620094,0.0536,0.0736,0.0832,0.076,0.0341,0.0318,0.0251,0.016,8.0E-4,1.0E-4
hutt_20200713,COPERNICUS/S2_SR_HARMONIZED/20200712T222549_20200712T222545_T60GUV,2020-07-12 22:27:27,hutt_20200713_plumeTrain_0,1,train,https://doi.org/10.1080/00288330.2022.2088569,"Gall et al. 2022, Figure 10A",v1,S2_SR_HARMONIZED_SCL_v1,174.87631404402293,-41.25702705748198,0.0494,0.0749,0.0825,0.0763,0.0345,0.0309,0.0264,0.0161,0.0014,8.0E-4
hutt_20200713,COPERNICUS/S2_SR_HARMONIZED/20200712T222549_20200712T222545_T60GUV,2020-07-12 22:27:27,hutt_20200713_plumeTrain_0,1,train,https://doi.org/10.1080/00288330.2022.2088569,"Gall et al. 2022, Figure 10A",v1,S2_SR_HARMONIZED_SCL_v1,174.87643333068047,-41.257029258639534,0.0547,0.0771,0.084,0.0763,0.0345,0.0309,0.0266,0.0161,0.0014,8.0E-4
hutt_20200713,COPERNICUS/S2_SR_HARMONIZED/20200712T222549_20200712T222545_T60GUV,2020-07-12 22:27:27,hutt_20200713_plumeTrain_0,1,train,https://doi.org/10.1080/00288330.2022.2088569,"Gall et al. 2022, Figure 10A",v1,S2_SR_HARMONIZED_SCL_v1,174.87667190403525,-41.25703366058416,0.0497,0.0739,0.0844,0.0734,0.0346,0.03,0.0247,0.0161,3.0E-4,0.0032
hutt_20200713,COPERNICUS/S2_SR_HARMONIZED/20200712T222549_20200712T222545_T60GUV,2020-07-12 22:27:27,hutt_20200713_plumeTrain_0,1,train,https://doi.org/10.1080/00288330.2022.2088569,"Gall et al. 2022, Figure 10A",v1,S2_SR_HARMONIZED_SCL_v1,174.87691047744295,-41.25703806203483,0.0521,0.0756,0.0825,0.0743,0.0338,0.0338,0.024,0.0182,4.0E-4,0.0025
hutt_20200713,COPERNICUS/S2_SR_HARMONIZED/20200712T222549_20200712T222545_T60GUV,2020-07-12 22:27:27,hutt_20200713_plumeTrain_0,1,train,https://doi.org/10.1080/00288330.2022.2088569,"Gall et al. 2022, Figure 10A",v1,S2_SR_HARMONIZED_SCL_v1,174.87702976416662,-41.25704026257493,0.0547,0.078,0.083,0.0753,0.0332,0.0318,0.025,0.015,0.0018,0.002
hutt_20200713,COPERNICUS/S2_SR_HARMONIZED/20200712T222549_20200712T222545_T60GUV,2020-07-12 22:27:27,hutt_20200713_plumeTrain_0,1,train,https://doi.org/10.1080/00288330.2022.2088569,"Gall et al. 2022, Figure 10A",v1,S2_SR_HARMONIZED_SCL_v1,174.87714905090357,-41.25704246299154,0.0551,0.077,0.0843,0.0753,0.0332,0.0318,0.0263,0.015,0.0018,0.002
hutt_20200713,COPERNICUS/S2_SR_HARMONIZED/20200712T222549_20200712T222545_T60GUV,2020-07-12 22:27:27,hutt_20200713_plumeTrain_0,1,train,https://doi.org/10.1080/00288330.2022.2088569,"Gall et al. 2022, Figure 10A",v1,S2_SR_HARMONIZED_SCL_v1,174.8772683376537,-41.25704466328466,0.0535,0.0802,0.0825,0.0746,0.0321,0.03,0.0272,0.0143,6.0E-4,0.0029
hutt_20200713,COPERNICUS/S2_SR_HARMONIZED/20200712T222549_20200712T222545_T60GUV,2020-07-12 22:27:27,hutt_20200713_plumeTrain_0,1,train,https://doi.org/10.1080/00288330.2022.2088569,"Gall et al. 2022, Figure 10A",v1,S2_SR_HARMONIZED_SCL_v1,174.8775069111937,-41.25704906350043,0.0535,0.0765,0.0793,0.0736,0.0336,0.0306,0.0239,0.0169,0.0021,0.0029
hutt_20200713,COPERNICUS/S2_SR_HARMONIZED/20200712T222549_20200712T222545_T60GUV,2020-07-12 22:27:27,hutt_20200713_plumeTrain_0,1,train,https://doi.org/10.1080/00288330.2022.2088569,"Gall et al. 2022, Figure 10A",v1,S2_SR_HARMONIZED_SCL_v1,174.87774548478657,-41.25705346322224,0.0499,0.073,0.0807,0.0748,0.032,0.0324,0.0218,0.0171,0.0019,0.0018
hutt_20200713,COPERNICUS/S2_SR_HARMONIZED/20200712T222549_20200712T222545_T60GUV,2020-07-12 22:27:27,hutt_20200713_plumeTrain_0,1,train,https://doi.org/10.1080/00288330.2022.2088569,"Gall et al. 2022, Figure 10A",v1,S2_SR_HARMONIZED_SCL_v1,174.8779840584324,-41.25705786245009,0.0546,0.078,0.0816,0.0755,0.0337,0.033,0.0244,0.015,9.0E-4,8.0E-4
hutt_20200713,COPERNICUS/S2_SR_HARMONIZED/20200712T222549_20200712T222545_T60GUV,2020-07-12 22:27:27,hutt_20200713_plumeTrain_0,1,train,https://doi.org/10.1080/00288330.2022.2088569,"Gall et al. 2022, Figure 10A",v1,S2_SR_HARMONIZED_SCL_v1,174.8781033452751,-41.257060061878775,0.0506,0.0777,0.0797,0.0755,0.0337,0.033,0.0272,0.015,9.0E-4,8.0E-4
hutt_20200713,COPERNICUS/S2_SR_HARMONIZED/20200712T222549_20200712T222545_T60GUV,2020-07-12 22:27:27,hutt_20200713_plumeTrain_0,1,train,https://doi.org/10.1080/00288330.2022.2088569,"Gall et al. 2022, Figure 10A",v1,S2_SR_HARMONIZED_SCL_v1,174.87822263213107,-41.257062261183975,0.0545,0.0775,0.0823,0.0758,0.0337,0.0351,0.0272,0.0154,0.0014,0.002
hutt_20200713,COPERNICUS/S2_SR_HARMONIZED/20200712T222549_20200712T222545_T60GUV,2020-07-12 22:27:27,hutt_20200713_plumeTrain_0,1,train,https://doi.org/10.1080/00288330.2022.2088569,"Gall et al. 2022, Figure 10A",v1,S2_SR_HARMONIZED_SCL_v1,174.87834191900026,-41.257064460365676,0.0545,0.0755,0.0789,0.0758,0.0337,0.0351,0.0248,0.0154,0.0014,0.002
hutt_20200713,COPERNICUS/S2_SR_HARMONIZED/20200712T222549_20200712T222545_T60GUV,2020-07-12 22:27:27,hutt_20200713_plumeTrain_0,1,train,https://doi.org/10.1080/00288330.2022.2088569,"Gall et al. 2022, Figure 10A",v1,S2_SR_HARMONIZED_SCL_v1,174.87332896081043,-41.257062004591404,0.0514,0.0796,0.0811,0.0757,0.0356,0.0358,0.0289,0.0149,0.0025,0.0025
hutt_20200713,COPERNICUS/S2_SR_HARMONIZED/20200712T222549_20200712T222545_T60GUV,2020-07-12 22:27:27,hutt_20200713_plumeTrain_0,1,train,https://doi.org/10.1080/00288330.2022.2088569,"Gall et al. 2022, Figure 10A",v1,S2_SR_HARMONIZED_SCL_v1,174.87356753380368,-41.25706641297137,0.0627,0.078,0.0827,0.0757,0.0352,0.0331,0.0246,0.0153,0.0033,0.0044
hutt_20200713,COPERNICUS/S2_SR_HARMONIZED/20200712T222549_20200712T222545_T60GUV,2020-07-12 22:27:27,hutt_20200713_plumeTrain_0,1,train,https://doi.org/10.1080/00288330.2022.2088569,"Gall et al. 2022, Figure 10A",v1,S2_SR_HARMONIZED_SCL_v1,174.8736868203202,-41.257068616976106,0.0633,0.0813,0.0838,0.0766,0.0358,0.0294,0.0252,0.0168,0.0024,0.0023
hutt_20200713,COPERNICUS/S2_SR_HARMONIZED/20200712T222549_20200712T222545_T60GUV,2020-07-12 22:27:27,hutt_20200713_plumeTrain_0,1,train,https://doi.org/10.1080/00288330.2022.2088569,"Gall et al. 2022, Figure 10A",v1,S2_SR_HARMONIZED_SCL_v1,174.87392539339297,-41.25707302461513,0.0578,0.0793,0.0803,0.0766,0.0363,0.0304,0.0263,0.0164,0.0024,0.0013
hutt_20200713,COPERNICUS/S2_SR_HARMONIZED/20200712T222549_20200712T222545_T60GUV,2020-07-12 22:27:27,hutt_20200713_plumeTrain_0,1,train,https://doi.org/10.1080/00288330.2022.2088569,"Gall et al. 2022, Figure 10A",v1,S2_SR_HARMONIZED_SCL_v1,174.87416396651875,-41.257077431760194,0.0557,0.0791,0.0845,0.0775,0.0373,0.0327,0.0272,0.0164,0.0027,0.0017
hutt_20200713,COPERNICUS/S2_SR_HARMONIZED/20200712T222549_20200712T222545_T60GUV,2020-07-12 22:27:27,hutt_20200713_plumeTrain_0,1,train,https://doi.org/10.1080/00288330.2022.2088569,"Gall et al. 2022, Figure 10A",v1,S2_SR_HARMONIZED_SCL_v1,174.87428325310148,-41.25707963514749,0.0546,0.0749,0.0855,0.0775,0.0373,0.0327,0.0262,0.0164,0.0027,0.0017
hutt_20200713,COPERNICUS/S2_SR_HARMONIZED/20200712T222549_20200712T222545_T60GUV,2020-07-12 22:27:27,hutt_20200713_plumeTrain_0,1,train,https://doi.org/10.1080/00288330.2022.2088569,"Gall et al. 2022, Figure 10A",v1,S2_SR_HARMONIZED_SCL_v1,174.87452182630676,-41.25708404155162,0.0602,0.0796,0.0821,0.077,0.0363,0.0315,0.0281,0.0164,0.0019,0.0025
hutt_20200713,COPERNICUS/S2_SR_HARMONIZED/20200712T222549_20200712T222545_T60GUV,2020-07-12 22:27:27,hutt_20200713_plumeTrain_0,1,train,https://doi.org/10.1080/00288330.2022.2088569,"Gall et al. 2022, Figure 10A",v1,S2_SR_HARMONIZED_SCL_v1,174.87464111292925,-41.257086244568455,0.0623,0.0781,0.0847,0.0767,0.0352,0.0334,0.0278,0.0165,0.0021,0.002
hutt_20200713,COPERNICUS/S2_SR_HARMONIZED/20200712T222549_20200712T222545_T60GUV,2020-07-12 22:27:27,hutt_20200713_plumeTrain_0,1,train,https://doi.org/10.1080/00288330.2022.2088569,"Gall et al. 2022, Figure 10A",v1,S2_SR_HARMONIZED_SCL_v1,174.87476039956496,-41.25708844746179,0.0554,0.0763,0.086,0.0767,0.0352,0.0334,0.0267,0.0165,0.0021,0.002
hutt_20200713,COPERNICUS/S2_SR_HARMONIZED/20200712T222549_20200712T222545_T60GUV,2020-07-12 22:27:27,hutt_20200713_plumeTrain_0,1,train,https://doi.org/10.1080/00288330.2022.2088569,"Gall et al. 2022, Figure 10A",v1,S2_SR_HARMONIZED_SCL_v1,174.87487968621394,-41.257090650231646,0.0556,0.0789,0.0813,0.0764,0.0353,0.0327,0.0264,0.0164,0.0028,0.0025
hutt_20200713,COPERNICUS/S2_SR_HARMONIZED/20200712T222549_20200712T222545_T60GUV,2020-07-12 22:27:27,hutt_20200713_plumeTrain_0,1,train,https://doi.org/10.1080/00288330.2022.2088569,"Gall et al. 2022, Figure 10A",v1,S2_SR_HARMONIZED_SCL_v1,174.87511825955164,-41.257095055400875,0.0597,0.0756,0.0863,0.0775,0.0351,0.0333,0.0278,0.0161,8.0E-4,0.0027
hutt_20200713,COPERNICUS/S2_SR_HARMONIZED/20200712T222549_20200712T222545_T60GUV,2020-07-12 22:27:27,hutt_20200713_plumeTrain_0,1,train,https://doi.org/10.1080/00288330.2022.2088569,"Gall et al. 2022, Figure 10A",v1,S2_SR_HARMONIZED_SCL_v1,174.8754761196575,-41.25710166222854,0.0553,0.0783,0.084,0.0773,0.0378,0.0334,0.0272,0.0177,0.0019,0.0027
hutt_20200713,COPERNICUS/S2_SR_HARMONIZED/20200712T222549_20200712T222545_T60GUV,2020-07-12 22:27:27,hutt_20200713_plumeTrain_0,1,train,https://doi.org/10.1080/00288330.2022.2088569,"Gall et al. 2022, Figure 10A",v1,S2_SR_HARMONIZED_SCL_v1,174.87559540638594,-41.25710386425745,0.0541,0.0778,0.0835,0.0768,0.0339,0.0329,0.0254,0.0159,0.0021,8.0E-4
hutt_20200713,COPERNICUS/S2_SR_HARMONIZED/20200712T222549_20200712T222545_T60GUV,2020-07-12 22:27:27,hutt_20200713_plumeTrain_0,1,train,https://doi.org/10.1080/00288330.2022.2088569,"Gall et al. 2022, Figure 10A",v1,S2_SR_HARMONIZED_SCL_v1,174.87571469312758,-41.257106066162876,0.0556,0.0782,0.0826,0.0768,0.0339,0.0329,0.0257,0.0159,0.0021,8.0E-4
hutt_20200713,COPERNICUS/S2_SR_HARMONIZED/20200712T222549_20200712T222545_T60GUV,2020-07-12 22:27:27,hutt_20200713_plumeTrain_0,1,train,https://doi.org/10.1080/00288330.2022.2088569,"Gall et al. 2022, Figure 10A",v1,S2_SR_HARMONIZED_SCL_v1,174.87643041385556,-41.257119275002104,0.0541,0.0756,0.0825,0.0763,0.0345,0.0309,0.0272,0.0161,0.0014,8.0E-4
hutt_20200713,COPERNICUS/S2_SR_HARMONIZED/20200712T222549_20200712T222545_T60GUV,2020-07-12 22:27:27,hutt_20200713_plumeTrain_0,1,train,https://doi.org/10.1080/00288330.2022.2088569,"Gall et al. 2022, Figure 10A",v1,S2_SR_HARMONIZED_SCL_v1,174.87654970068988,-41.257121476043096,0.0545,0.0761,0.0835,0.0734,0.0346,0.03,0.0274,0.0161,3.0E-4,0.0032
hutt_20200713,COPERNICUS/S2_SR_HARMONIZED/20200712T222549_20200712T222545_T60GUV,2020-07-12 22:27:27,hutt_20200713_plumeTrain_0,1,train,https://doi.org/10.1080/00288330.2022.2088569,"Gall et al. 2022, Figure 10A",v1,S2_SR_HARMONIZED_SCL_v1,174.8766689875374,-41.257123676960596,0.0508,0.0757,0.0814,0.0734,0.0346,0.03,0.0247,0.0161,3.0E-4,0.0032
hutt_20200713,COPERNICUS/S2_SR_HARMONIZED/20200712T222549_20200712T222545_T60GUV,2020-07-12 22:27:27,hutt_20200713_plumeTrain_0,1,train,https://doi.org/10.1080/00288330.2022.2088569,"Gall et al. 2022, Figure 10A",v1,S2_SR_HARMONIZED_SCL_v1,174.8767882743982,-41.2571258777546,0.0536,0.0751,0.0803,0.0743,0.0338,0.0338,0.0243,0.0182,4.0E-4,0.0025
hutt_20200713,COPERNICUS/S2_SR_HARMONIZED/20200712T222549_20200712T222545_T60GUV,2020-07-12 22:27:27,hutt_20200713_plumeTrain_0,1,train,https://doi.org/10.1080/00288330.2022.2088569,"Gall et al. 2022, Figure 10A",v1,S2_SR_HARMONIZED_SCL_v1,174.8769075612722,-41.25712807842512,0.054,0.0748,0.0805,0.0743,0.0338,0.0338,0.0258,0.0182,4.0E-4,0.0025
hutt_20200713,COPERNICUS/S2_SR_HARMONIZED/20200712T222549_20200712T222545_T60GUV,2020-07-12 22:27:27,hutt_20200713_plumeTrain_0,1,train,https://doi.org/10.1080/00288330.2022.2088569,"Gall et al. 2022, Figure 10A",v1,S2_SR_HARMONIZED_SCL_v1,174.87714613505992,-41.257132479395686,0.0586,0.0744,0.0822,0.0753,0.0332,0.0318,0.0271,0.015,0.0018,0.002
hutt_20200713,COPERNICUS/S2_SR_HARMONIZED/20200712T222549_20200712T222545_T60GUV,2020-07-12 22:27:27,hutt_20200713_plumeTrain_0,1,train,https://doi.org/10.1080/00288330.2022.2088569,"Gall et al. 2022, Figure 10A",v1,S2_SR_HARMONIZED_SCL_v1,174.87726542197362,-41.25713467969574,0.0579,0.0774,0.0828,0.0746,0.0321,0.03,0.0282,0.0143,6.0E-4,0.0029
hutt_20200713,COPERNICUS/S2_SR_HARMONIZED/20200712T222549_20200712T222545_T60GUV,2020-07-12 22:27:27,hutt_20200713_plumeTrain_0,1,train,https://doi.org/10.1080/00288330.2022.2088569,"Gall et al. 2022, Figure 10A",v1,S2_SR_HARMONIZED_SCL_v1,174.87738470890056,-41.25713687987229,0.0535,0.0763,0.0825,0.0746,0.0321,0.03,0.0281,0.0143,6.0E-4,0.0029
hutt_20200713,COPERNICUS/S2_SR_HARMONIZED/20200712T222549_20200712T222545_T60GUV,2020-07-12 22:27:27,hutt_20200713_plumeTrain_0,1,train,https://doi.org/10.1080/00288330.2022.2088569,"Gall et al. 2022, Figure 10A",v1,S2_SR_HARMONIZED_SCL_v1,174.87762328279408,-41.257141279854935,0.0551,0.0742,0.0794,0.0736,0.0336,0.0306,0.0267,0.0169,0.0021,0.0029
hutt_20200713,COPERNICUS/S2_SR_HARMONIZED/20200712T222549_20200712T222545_T60GUV,2020-07-12 22:27:27,hutt_20200713_plumeTrain_0,1,train,https://doi.org/10.1080/00288330.2022.2088569,"Gall et al. 2022, Figure 10A",v1,S2_SR_HARMONIZED_SCL_v1,174.8778618567405,-41.25714567934361,0.0509,0.0775,0.0802,0.0748,0.032,0.0324,0.0276,0.0171,0.0019,0.0018
hutt_20200713,COPERNICUS/S2_SR_HARMONIZED/20200712T222549_20200712T222545_T60GUV,2020-07-12 22:27:27,hutt_20200713_plumeTrain_0,1,train,https://doi.org/10.1080/00288330.2022.2088569,"Gall et al. 2022, Figure 10A",v1,S2_SR_HARMONIZED_SCL_v1,174.87821971775935,-41.25715227765045,0.0546,0.0741,0.0802,0.0758,0.0337,0.0351,0.0253,0.0154,0.0014,0.002
hutt_20200713,COPERNICUS/S2_SR_HARMONIZED/20200712T222549_20200712T222545_T60GUV,2020-07-12 22:27:27,hutt_20200713_plumeTrain_0,1,train,https://doi.org/10.1080/00288330.2022.2088569,"Gall et al. 2022, Figure 10A",v1,S2_SR_HARMONIZED_SCL_v1,174.87833900479208,-41.25715447683908,0.0449,0.0753,0.0789,0.0758,0.0337,0.0351,0.0252,0.0154,0.0014,0.002
hutt_20200713,COPERNICUS/S2_SR_HARMONIZED/20200712T222549_20200712T222545_T60GUV,2020-07-12 22:27:27,hutt_20200713_plumeTrain_0,1,train,https://doi.org/10.1080/00288330.2022.2088569,"Gall et al. 2022, Figure 10A",v1,S2_SR_HARMONIZED_SCL_v1,174.87845829183803,-41.25715667590422,0.051,0.0754,0.0818,0.0734,0.0341,0.0311,0.0259,0.0164,0.003,0.001
hutt_20200713,COPERNICUS/S2_SR_HARMONIZED/20200712T222549_20200712T222545_T60GUV,2020-07-12 22:27:27,hutt_20200713_plumeTrain_0,1,train,https://doi.org/10.1080/00288330.2022.2088569,"Gall et al. 2022, Figure 10A",v1,S2_SR_HARMONIZED_SCL_v1,174.87344532637363,-41.25715422503077,0.0568,0.0791,0.0814,0.0761,0.0355,0.032,0.0275,0.0155,0.003,0.0031
hutt_20200713,COPERNICUS/S2_SR_HARMONIZED/20200712T222549_20200712T222545_T60GUV,2020-07-12 22:27:27,hutt_20200713_plumeTrain_0,1,train,https://doi.org/10.1080/00288330.2022.2088569,"Gall et al. 2022, Figure 10A",v1,S2_SR_HARMONIZED_SCL_v1,174.8736838997205,-41.257158633177625,0.0602,0.0788,0.0816,0.0757,0.0369,0.0297,0.0269,0.0166,0.0031,0.0044
hutt_20200713,COPERNICUS/S2_SR_HARMONIZED/20200712T222549_20200712T222545_T60GUV,2020-07-12 22:27:27,hutt_20200713_plumeTrain_0,1,train,https://doi.org/10.1080/00288330.2022.2088569,"Gall et al. 2022, Figure 10A",v1,S2_SR_HARMONIZED_SCL_v1,174.8738031864138,-41.25716083706582,0.0572,0.0785,0.0842,0.0757,0.0369,0.0297,0.027,0.0166,0.0031,0.0044
hutt_20200713,COPERNICUS/S2_SR_HARMONIZED/20200712T222549_20200712T222545_T60GUV,2020-07-12 22:27:27,hutt_20200713_plumeTrain_0,1,train,https://doi.org/10.1080/00288330.2022.2088569,"Gall et al. 2022, Figure 10A",v1,S2_SR_HARMONIZED_SCL_v1,174.87404175984017,-41.25716524447174,0.0578,0.0761,0.0844,0.0802,0.0348,0.0296,0.0286,0.0162,0.0019,0.0032
hutt_20200713,COPERNICUS/S2_SR_HARMONIZED/20200712T222549_20200712T222545_T60GUV,2020-07-12 22:27:27,hutt_20200713_plumeTrain_0,1,train,https://doi.org/10.1080/00288330.2022.2088569,"Gall et al. 2022, Figure 10A",v1,S2_SR_HARMONIZED_SCL_v1,174.87416104657322,-41.25716744798947,0.0547,0.0777,0.087,0.0803,0.0338,0.0316,0.0242,0.0164,0.0031,0.002
hutt_20200713,COPERNICUS/S2_SR_HARMONIZED/20200712T222549_20200712T222545_T60GUV,2020-07-12 22:27:27,hutt_20200713_plumeTrain_0,1,train,https://doi.org/10.1080/00288330.2022.2088569,"Gall et al. 2022, Figure 10A",v1,S2_SR_HARMONIZED_SCL_v1,174.87428033331952,-41.2571696513837,0.0506,0.0758,0.0866,0.0803,0.0338,0.0316,0.0263,0.0164,0.0031,0.002
hutt_20200713,COPERNICUS/S2_SR_HARMONIZED/20200712T222549_20200712T222545_T60GUV,2020-07-12 22:27:27,hutt_20200713_plumeTrain_0,1,train,https://doi.org/10.1080/00288330.2022.2088569,"Gall et al. 2022, Figure 10A",v1,S2_SR_HARMONIZED_SCL_v1,174.87451890685185,-41.2571740578017,0.0542,0.0797,0.0825,0.0797,0.0361,0.0321,0.0279,0.0164,0.0033,0.0032
hutt_20200713,COPERNICUS/S2_SR_HARMONIZED/20200712T222549_20200712T222545_T60GUV,2020-07-12 22:27:27,hutt_20200713_plumeTrain_0,1,train,https://doi.org/10.1080/00288330.2022.2088569,"Gall et al. 2022, Figure 10A",v1,S2_SR_HARMONIZED_SCL_v1,174.8746381936379,-41.25717626082547,0.0618,0.0781,0.0811,0.0783,0.0356,0.0319,0.0278,0.0164,0.0028,0.0018
hutt_20200713,COPERNICUS/S2_SR_HARMONIZED/20200712T222549_20200712T222545_T60GUV,2020-07-12 22:27:27,hutt_20200713_plumeTrain_0,1,train,https://doi.org/10.1080/00288330.2022.2088569,"Gall et al. 2022, Figure 10A",v1,S2_SR_HARMONIZED_SCL_v1,174.8751153409145,-41.257185071685626,0.0597,0.0786,0.085,0.0778,0.0357,0.0345,0.0278,0.0181,0.0014,6.0E-4
hutt_20200713,COPERNICUS/S2_SR_HARMONIZED/20200712T222549_20200712T222545_T60GUV,2020-07-12 22:27:27,hutt_20200713_plumeTrain_0,1,train,https://doi.org/10.1080/00288330.2022.2088569,"Gall et al. 2022, Figure 10A",v1,S2_SR_HARMONIZED_SCL_v1,174.87535391463226,-41.25718947637476,0.053,0.0783,0.0843,0.0775,0.0371,0.0336,0.0268,0.0171,0.0013,0.002
hutt_20200713,COPERNICUS/S2_SR_HARMONIZED/20200712T222549_20200712T222545_T60GUV,2020-07-12 22:27:27,hutt_20200713_plumeTrain_0,1,train,https://doi.org/10.1080/00288330.2022.2088569,"Gall et al. 2022, Figure 10A",v1,S2_SR_HARMONIZED_SCL_v1,174.875473201511,-41.25719167853409,0.0537,0.0791,0.0851,0.0775,0.0371,0.0336,0.0248,0.0171,0.0013,0.002
hutt_20200713,COPERNICUS/S2_SR_HARMONIZED/20200712T222549_20200712T222545_T60GUV,2020-07-12 22:27:27,hutt_20200713_plumeTrain_0,1,train,https://doi.org/10.1080/00288330.2022.2088569,"Gall et al. 2022, Figure 10A",v1,S2_SR_HARMONIZED_SCL_v1,174.87583106222664,-41.257198284271155,0.0509,0.0791,0.0845,0.078,0.0335,0.0331,0.0279,0.016,8.0E-4,0.003
hutt_20200713,COPERNICUS/S2_SR_HARMONIZED/20200712T222549_20200712T222545_T60GUV,2020-07-12 22:27:27,hutt_20200713_plumeTrain_0,1,train,https://doi.org/10.1080/00288330.2022.2088569,"Gall et al. 2022, Figure 10A",v1,S2_SR_HARMONIZED_SCL_v1,174.87654678401526,-41.257211492411024,0.0536,0.0761,0.0825,0.0753,0.0352,0.0325,0.0273,0.0179,0.0017,0.0021
hutt_20200713,COPERNICUS/S2_SR_HARMONIZED/20200712T222549_20200712T222545_T60GUV,2020-07-12 22:27:27,hutt_20200713_plumeTrain_0,1,train,https://doi.org/10.1080/00288330.2022.2088569,"Gall et al. 2022, Figure 10A",v1,S2_SR_HARMONIZED_SCL_v1,174.87678535805068,-41.257215894136394,0.0595,0.0766,0.0803,0.0779,0.0354,0.0342,0.0256,0.0189,5.0E-4,0.0021
hutt_20200713,COPERNICUS/S2_SR_HARMONIZED/20200712T222549_20200712T222545_T60GUV,2020-07-12 22:27:27,hutt_20200713_plumeTrain_0,1,train,https://doi.org/10.1080/00288330.2022.2088569,"Gall et al. 2022, Figure 10A",v1,S2_SR_HARMONIZED_SCL_v1,174.87702393213902,-41.2572202953678,0.0549,0.0781,0.0818,0.0746,0.0363,0.032,0.0266,0.0141,0.0013,0.0018
hutt_20200713,COPERNICUS/S2_SR_HARMONIZED/20200712T222549_20200712T222545_T60GUV,2020-07-12 22:27:27,hutt_20200713_plumeTrain_0,1,train,https://doi.org/10.1080/00288330.2022.2088569,"Gall et al. 2022, Figure 10A",v1,S2_SR_HARMONIZED_SCL_v1,174.87714321920305,-41.25722249579826,0.054,0.0789,0.0822,0.0746,0.0363,0.032,0.0263,0.0141,0.0013,0.0018
hutt_20200713,COPERNICUS/S2_SR_HARMONIZED/20200712T222549_20200712T222545_T60GUV,2020-07-12 22:27:27,hutt_20200713_plumeTrain_0,1,train,https://doi.org/10.1080/00288330.2022.2088569,"Gall et al. 2022, Figure 10A",v1,S2_SR_HARMONIZED_SCL_v1,174.87738179337077,-41.25722689628872,0.0517,0.0739,0.0818,0.0746,0.0362,0.0323,0.0276,0.0158,0.0016,0.0016
hutt_20200713,COPERNICUS/S2_SR_HARMONIZED/20200712T222549_20200712T222545_T60GUV,2020-07-12 22:27:27,hutt_20200713_plumeTrain_0,1,train,https://doi.org/10.1080/00288330.2022.2088569,"Gall et al. 2022, Figure 10A",v1,S2_SR_HARMONIZED_SCL_v1,174.87750108047447,-41.25722909634871,0.0528,0.0755,0.0834,0.0736,0.0337,0.0326,0.0258,0.0186,0.0019,0.0023
hutt_20200713,COPERNICUS/S2_SR_HARMONIZED/20200712T222549_20200712T222545_T60GUV,2020-07-12 22:27:27,hutt_20200713_plumeTrain_0,1,train,https://doi.org/10.1080/00288330.2022.2088569,"Gall et al. 2022, Figure 10A",v1,S2_SR_HARMONIZED_SCL_v1,174.87773965472155,-41.25723349609822,0.0507,0.0747,0.0787,0.0728,0.0322,0.0306,0.0273,0.017,6.0E-4,0.002
hutt_20200713,COPERNICUS/S2_SR_HARMONIZED/20200712T222549_20200712T222545_T60GUV,2020-07-12 22:27:27,hutt_20200713_plumeTrain_0,1,train,https://doi.org/10.1080/00288330.2022.2088569,"Gall et al. 2022, Figure 10A",v1,S2_SR_HARMONIZED_SCL_v1,174.87785894186493,-41.25723569578774,0.0535,0.0762,0.0792,0.0728,0.0322,0.0306,0.0288,0.017,6.0E-4,0.002
hutt_20200713,COPERNICUS/S2_SR_HARMONIZED/20200712T222549_20200712T222545_T60GUV,2020-07-12 22:27:27,hutt_20200713_plumeTrain_0,1,train,https://doi.org/10.1080/00288330.2022.2088569,"Gall et al. 2022, Figure 10A",v1,S2_SR_HARMONIZED_SCL_v1,174.87797822902155,-41.25723789535377,0.0539,0.0724,0.0811,0.074,0.0339,0.0333,0.0278,0.015,9.0E-4,0.0025
hutt_20200713,COPERNICUS/S2_SR_HARMONIZED/20200712T222549_20200712T222545_T60GUV,2020-07-12 22:27:27,hutt_20200713_plumeTrain_0,1,train,https://doi.org/10.1080/00288330.2022.2088569,"Gall et al. 2022, Figure 10A",v1,S2_SR_HARMONIZED_SCL_v1,174.87809751619136,-41.2572400947963,0.0535,0.0741,0.0807,0.074,0.0339,0.0333,0.0282,0.015,9.0E-4,0.0025
hutt_20200713,COPERNICUS/S2_SR_HARMONIZED/20200712T222549_20200712T222545_T60GUV,2020-07-12 22:27:27,hutt_20200713_plumeTrain_0,1,train,https://doi.org/10.1080/00288330.2022.2088569,"Gall et al. 2022, Figure 10A",v1,S2_SR_HARMONIZED_SCL_v1,174.87821680337441,-41.25724229411535,0.0554,0.0742,0.0804,0.0754,0.035,0.0325,0.0263,0.0174,0.0019,0.002
hutt_20200713,COPERNICUS/S2_SR_HARMONIZED/20200712T222549_20200712T222545_T60GUV,2020-07-12 22:27:27,hutt_20200713_plumeTrain_0,1,train,https://doi.org/10.1080/00288330.2022.2088569,"Gall et al. 2022, Figure 10A",v1,S2_SR_HARMONIZED_SCL_v1,174.8784553777802,-41.25724669238297,0.0503,0.0742,0.0803,0.0741,0.0357,0.0295,0.026,0.016,0.003,0.0022
hutt_20200713,COPERNICUS/S2_SR_HARMONIZED/20200712T222549_20200712T222545_T60GUV,2020-07-12 22:27:27,hutt_20200713_plumeTrain_0,1,train,https://doi.org/10.1080/00288330.2022.2088569,"Gall et al. 2022, Figure 10A",v1,S2_SR_HARMONIZED_SCL_v1,174.8785746650029,-41.25724889133154,0.0504,0.0724,0.081,0.0741,0.0357,0.0295,0.0243,0.016,0.003,0.0022
hutt_20200713,COPERNICUS/S2_SR_HARMONIZED/20200712T222549_20200712T222545_T60GUV,2020-07-12 22:27:27,hutt_20200713_plumeTrain_0,1,train,https://doi.org/10.1080/00288330.2022.2088569,"Gall et al. 2022, Figure 10A",v1,S2_SR_HARMONIZED_SCL_v1,174.87356169226393,-41.25724644535893,0.0535,0.0788,0.0797,0.0761,0.0355,0.032,0.0255,0.0155,0.003,0.0031
hutt_20200713,COPERNICUS/S2_SR_HARMONIZED/20200712T222549_20200712T222545_T60GUV,2020-07-12 22:27:27,hutt_20200713_plumeTrain_0,1,train,https://doi.org/10.1080/00288330.2022.2088569,"Gall et al. 2022, Figure 10A",v1,S2_SR_HARMONIZED_SCL_v1,174.87368097910755,-41.25724864937755,0.0569,0.0815,0.0865,0.0757,0.0369,0.0297,0.0286,0.0166,0.0031,0.0044
hutt_20200713,COPERNICUS/S2_SR_HARMONIZED/20200712T222549_20200712T222545_T60GUV,2020-07-12 22:27:27,hutt_20200713_plumeTrain_0,1,train,https://doi.org/10.1080/00288330.2022.2088569,"Gall et al. 2022, Figure 10A",v1,S2_SR_HARMONIZED_SCL_v1,174.87391955283448,-41.25725305704433,0.0568,0.0776,0.0823,0.0802,0.0348,0.0296,0.0273,0.0162,0.0019,0.0032
hutt_20200713,COPERNICUS/S2_SR_HARMONIZED/20200712T222549_20200712T222545_T60GUV,2020-07-12 22:27:27,hutt_20200713_plumeTrain_0,1,train,https://doi.org/10.1080/00288330.2022.2088569,"Gall et al. 2022, Figure 10A",v1,S2_SR_HARMONIZED_SCL_v1,174.87403883971783,-41.25725526069248,0.0582,0.0799,0.0841,0.0802,0.0348,0.0296,0.0254,0.0162,0.0019,0.0032
hutt_20200713,COPERNICUS/S2_SR_HARMONIZED/20200712T222549_20200712T222545_T60GUV,2020-07-12 22:27:27,hutt_20200713_plumeTrain_0,1,train,https://doi.org/10.1080/00288330.2022.2088569,"Gall et al. 2022, Figure 10A",v1,S2_SR_HARMONIZED_SCL_v1,174.87415812661445,-41.25725746421714,0.0568,0.0787,0.0828,0.0803,0.0338,0.0316,0.0275,0.0164,0.0031,0.002
hutt_20200713,COPERNICUS/S2_SR_HARMONIZED/20200712T222549_20200712T222545_T60GUV,2020-07-12 22:27:27,hutt_20200713_plumeTrain_0,1,train,https://doi.org/10.1080/00288330.2022.2088569,"Gall et al. 2022, Figure 10A",v1,S2_SR_HARMONIZED_SCL_v1,174.8742774135243,-41.257259667618314,0.0568,0.078,0.0828,0.0803,0.0338,0.0316,0.0289,0.0164,0.0031,0.002
hutt_20200713,COPERNICUS/S2_SR_HARMONIZED/20200712T222549_20200712T222545_T60GUV,2020-07-12 22:27:27,hutt_20200713_plumeTrain_0,1,train,https://doi.org/10.1080/00288330.2022.2088569,"Gall et al. 2022, Figure 10A",v1,S2_SR_HARMONIZED_SCL_v1,174.87451598738375,-41.25726407405019,0.0537,0.0793,0.0822,0.0797,0.0361,0.0321,0.0279,0.0164,0.0033,0.0032
hutt_20200713,COPERNICUS/S2_SR_HARMONIZED/20200712T222549_20200712T222545_T60GUV,2020-07-12 22:27:27,hutt_20200713_plumeTrain_0,1,train,https://doi.org/10.1080/00288330.2022.2088569,"Gall et al. 2022, Figure 10A",v1,S2_SR_HARMONIZED_SCL_v1,174.87463527433331,-41.25726627708089,0.0569,0.0786,0.0822,0.0783,0.0356,0.0319,0.0276,0.0164,0.0028,0.0018
hutt_20200713,COPERNICUS/S2_SR_HARMONIZED/20200712T222549_20200712T222545_T60GUV,2020-07-12 22:27:27,hutt_20200713_plumeTrain_0,1,train,https://doi.org/10.1080/00288330.2022.2088569,"Gall et al. 2022, Figure 10A",v1,S2_SR_HARMONIZED_SCL_v1,174.87475456129616,-41.2572684799881,0.0571,0.0814,0.0808,0.0783,0.0356,0.0319,0.0265,0.0164,0.0028,0.0018
hutt_20200713,COPERNICUS/S2_SR_HARMONIZED/20200712T222549_20200712T222545_T60GUV,2020-07-12 22:27:27,hutt_20200713_plumeTrain_0,1,train,https://doi.org/10.1080/00288330.2022.2088569,"Gall et al. 2022, Figure 10A",v1,S2_SR_HARMONIZED_SCL_v1,174.87487384827222,-41.25727068277182,0.0561,0.0777,0.0817,0.0796,0.0353,0.0314,0.0276,0.0165,0.0018,0.0011
hutt_20200713,COPERNICUS/S2_SR_HARMONIZED/20200712T222549_20200712T222545_T60GUV,2020-07-12 22:27:27,hutt_20200713_plumeTrain_0,1,train,https://doi.org/10.1080/00288330.2022.2088569,"Gall et al. 2022, Figure 10A",v1,S2_SR_HARMONIZED_SCL_v1,174.87547028335123,-41.257281694838056,0.0546,0.0783,0.0828,0.0775,0.0371,0.0336,0.0273,0.0171,0.0013,0.002
hutt_20200713,COPERNICUS/S2_SR_HARMONIZED/20200712T222549_20200712T222545_T60GUV,2020-07-12 22:27:27,hutt_20200713_plumeTrain_0,1,train,https://doi.org/10.1080/00288330.2022.2088569,"Gall et al. 2022, Figure 10A",v1,S2_SR_HARMONIZED_SCL_v1,174.8757088574755,-41.257286098800115,0.055,0.077,0.0827,0.0782,0.0349,0.0314,0.0275,0.0171,0.0019,0.0044
hutt_20200713,COPERNICUS/S2_SR_HARMONIZED/20200712T222549_20200712T222545_T60GUV,2020-07-12 22:27:27,hutt_20200713_plumeTrain_0,1,train,https://doi.org/10.1080/00288330.2022.2088569,"Gall et al. 2022, Figure 10A",v1,S2_SR_HARMONIZED_SCL_v1,174.8758281445575,-41.25728830059592,0.0553,0.0799,0.0836,0.078,0.0335,0.0331,0.0267,0.016,8.0E-4,0.003
hutt_20200713,COPERNICUS/S2_SR_HARMONIZED/20200712T222549_20200712T222545_T60GUV,2020-07-12 22:27:27,hutt_20200713_plumeTrain_0,1,train,https://doi.org/10.1080/00288330.2022.2088569,"Gall et al. 2022, Figure 10A",v1,S2_SR_HARMONIZED_SCL_v1,174.87606671876122,-41.25729270381703,0.0541,0.074,0.0855,0.078,0.0348,0.0328,0.0246,0.0174,6.0E-4,2.0E-4
hutt_20200713,COPERNICUS/S2_SR_HARMONIZED/20200712T222549_20200712T222545_T60GUV,2020-07-12 22:27:27,hutt_20200713_plumeTrain_0,1,train,https://doi.org/10.1080/00288330.2022.2088569,"Gall et al. 2022, Figure 10A",v1,S2_SR_HARMONIZED_SCL_v1,174.87630529301785,-41.25729710654418,0.0548,0.0758,0.0834,0.0771,0.0342,0.0323,0.0264,0.016,0.002,1.0E-4
hutt_20200713,COPERNICUS/S2_SR_HARMONIZED/20200712T222549_20200712T222545_T60GUV,2020-07-12 22:27:27,hutt_20200713_plumeTrain_0,1,train,https://doi.org/10.1080/00288330.2022.2088569,"Gall et al. 2022, Figure 10A",v1,S2_SR_HARMONIZED_SCL_v1,174.87654386732746,-41.25730150877737,0.0596,0.0766,0.0831,0.0753,0.0352,0.0325,0.0289,0.0179,0.0017,0.0021
hutt_20200713,COPERNICUS/S2_SR_HARMONIZED/20200712T222549_20200712T222545_T60GUV,2020-07-12 22:27:27,hutt_20200713_plumeTrain_0,1,train,https://doi.org/10.1080/00288330.2022.2088569,"Gall et al. 2022, Figure 10A",v1,S2_SR_HARMONIZED_SCL_v1,174.87666315450207,-41.25730370970872,0.049,0.0755,0.0823,0.0753,0.0352,0.0325,0.029,0.0179,0.0017,0.0021
hutt_20200713,COPERNICUS/S2_SR_HARMONIZED/20200712T222549_20200712T222545_T60GUV,2020-07-12 22:27:27,hutt_20200713_plumeTrain_0,1,train,https://doi.org/10.1080/00288330.2022.2088569,"Gall et al. 2022, Figure 10A",v1,S2_SR_HARMONIZED_SCL_v1,174.87678244168995,-41.257305910516585,0.0512,0.0769,0.0825,0.0779,0.0354,0.0342,0.0268,0.0189,5.0E-4,0.0021
hutt_20200713,COPERNICUS/S2_SR_HARMONIZED/20200712T222549_20200712T222545_T60GUV,2020-07-12 22:27:27,hutt_20200713_plumeTrain_0,1,train,https://doi.org/10.1080/00288330.2022.2088569,"Gall et al. 2022, Figure 10A",v1,S2_SR_HARMONIZED_SCL_v1,174.8770210161054,-41.257310311761856,0.0549,0.0779,0.0821,0.0746,0.0363,0.032,0.0261,0.0141,0.0013,0.0018
hutt_20200713,COPERNICUS/S2_SR_HARMONIZED/20200712T222549_20200712T222545_T60GUV,2020-07-12 22:27:27,hutt_20200713_plumeTrain_0,1,train,https://doi.org/10.1080/00288330.2022.2088569,"Gall et al. 2022, Figure 10A",v1,S2_SR_HARMONIZED_SCL_v1,174.87714030333296,-41.25731251219924,0.0535,0.0783,0.0815,0.0746,0.0363,0.032,0.0264,0.0141,0.0013,0.0018
hutt_20200713,COPERNICUS/S2_SR_HARMONIZED/20200712T222549_20200712T222545_T60GUV,2020-07-12 22:27:27,hutt_20200713_plumeTrain_0,1,train,https://doi.org/10.1080/00288330.2022.2088569,"Gall et al. 2022, Figure 10A",v1,S2_SR_HARMONIZED_SCL_v1,174.87725959057374,-41.25731471251314,0.0547,0.0763,0.0811,0.0746,0.0362,0.0323,0.0266,0.0158,0.0016,0.0016
hutt_20200713,COPERNICUS/S2_SR_HARMONIZED/20200712T222549_20200712T222545_T60GUV,2020-07-12 22:27:27,hutt_20200713_plumeTrain_0,1,train,https://doi.org/10.1080/00288330.2022.2088569,"Gall et al. 2022, Figure 10A",v1,S2_SR_HARMONIZED_SCL_v1,174.87785602697613,-41.257325712230276,0.0528,0.0774,0.0797,0.0728,0.0322,0.0306,0.0285,0.017,6.0E-4,0.002
hutt_20200713,COPERNICUS/S2_SR_HARMONIZED/20200712T222549_20200712T222545_T60GUV,2020-07-12 22:27:27,hutt_20200713_plumeTrain_0,1,train,https://doi.org/10.1080/00288330.2022.2088569,"Gall et al. 2022, Figure 10A",v1,S2_SR_HARMONIZED_SCL_v1,174.87809460162967,-41.25733011125269,0.0535,0.0762,0.0797,0.074,0.0339,0.0333,0.0256,0.015,9.0E-4,0.0025
hutt_20200713,COPERNICUS/S2_SR_HARMONIZED/20200712T222549_20200712T222545_T60GUV,2020-07-12 22:27:27,hutt_20200713_plumeTrain_0,1,train,https://doi.org/10.1080/00288330.2022.2088569,"Gall et al. 2022, Figure 10A",v1,S2_SR_HARMONIZED_SCL_v1,174.87821388897626,-41.25733231057867,0.0535,0.0738,0.0803,0.0754,0.035,0.0325,0.0256,0.0174,0.0019,0.002
hutt_20200713,COPERNICUS/S2_SR_HARMONIZED/20200712T222549_20200712T222545_T60GUV,2020-07-12 22:27:27,hutt_20200713_plumeTrain_0,1,train,https://doi.org/10.1080/00288330.2022.2088569,"Gall et al. 2022, Figure 10A",v1,S2_SR_HARMONIZED_SCL_v1,174.87833317633607,-41.25733450978114,0.052,0.0762,0.0811,0.0754,0.035,0.0325,0.025,0.0174,0.0019,0.002
hutt_20200713,COPERNICUS/S2_SR_HARMONIZED/20200712T222549_20200712T222545_T60GUV,2020-07-12 22:27:27,hutt_20200713_plumeTrain_0,1,train,https://doi.org/10.1080/00288330.2022.2088569,"Gall et al. 2022, Figure 10A",v1,S2_SR_HARMONIZED_SCL_v1,174.87845246370912,-41.25733670886013,0.053,0.0756,0.0803,0.0741,0.0357,0.0295,0.025,0.016,0.003,0.0022
hutt_20200713,COPERNICUS/S2_SR_HARMONIZED/20200712T222549_20200712T222545_T60GUV,2020-07-12 22:27:27,hutt_20200713_plumeTrain_0,1,train,https://doi.org/10.1080/00288330.2022.2088569,"Gall et al. 2022, Figure 10A",v1,S2_SR_HARMONIZED_SCL_v1,174.87857175109536,-41.25733890781562,0.0579,0.0716,0.0786,0.0741,0.0357,0.0295,0.03,0.016,0.003,0.0022
hutt_20200713,COPERNICUS/S2_SR_HARMONIZED/20200712T222549_20200712T222545_T60GUV,2020-07-12 22:27:27,hutt_20200713_plumeTrain_0,1,train,https://doi.org/10.1080/00288330.2022.2088569,"Gall et al. 2022, Figure 10A",v1,S2_SR_HARMONIZED_SCL_v1,174.87869103849488,-41.25734110664762,0.0545,0.0714,0.0803,0.0728,0.0374,0.0315,0.0255,0.0158,0.0022,0.0036
hutt_20200713,COPERNICUS/S2_SR_HARMONIZED/20200712T222549_20200712T222545_T60GUV,2020-07-12 22:27:27,hutt_20200713_plumeTrain_0,1,train,https://doi.org/10.1080/00288330.2022.2088569,"Gall et al. 2022, Figure 10A",v1,S2_SR_HARMONIZED_SCL_v1,174.8735587714742,-41.257336461550345,0.0576,0.081,0.0843,0.0757,0.0347,0.0313,0.0278,0.014,0.003,0.0025
hutt_20200713,COPERNICUS/S2_SR_HARMONIZED/20200712T222549_20200712T222545_T60GUV,2020-07-12 22:27:27,hutt_20200713_plumeTrain_0,1,train,https://doi.org/10.1080/00288330.2022.2088569,"Gall et al. 2022, Figure 10A",v1,S2_SR_HARMONIZED_SCL_v1,174.87379734550174,-41.25734086947797,0.0557,0.0807,0.0843,0.0764,0.0351,0.0351,0.0273,0.0174,0.0018,0.0035
hutt_20200713,COPERNICUS/S2_SR_HARMONIZED/20200712T222549_20200712T222545_T60GUV,2020-07-12 22:27:27,hutt_20200713_plumeTrain_0,1,train,https://doi.org/10.1080/00288330.2022.2088569,"Gall et al. 2022, Figure 10A",v1,S2_SR_HARMONIZED_SCL_v1,174.87391663253538,-41.25734307325656,0.0583,0.0794,0.0827,0.0784,0.0371,0.0362,0.0285,0.0184,0.0028,0.0025
hutt_20200713,COPERNICUS/S2_SR_HARMONIZED/20200712T222549_20200712T222545_T60GUV,2020-07-12 22:27:27,hutt_20200713_plumeTrain_0,1,train,https://doi.org/10.1080/00288330.2022.2088569,"Gall et al. 2022, Figure 10A",v1,S2_SR_HARMONIZED_SCL_v1,174.87415520664243,-41.257347480443244,0.0535,0.0777,0.083,0.0766,0.0333,0.0324,0.0249,0.0169,0.0026,0.0023
hutt_20200713,COPERNICUS/S2_SR_HARMONIZED/20200712T222549_20200712T222545_T60GUV,2020-07-12 22:27:27,hutt_20200713_plumeTrain_0,1,train,https://doi.org/10.1080/00288330.2022.2088569,"Gall et al. 2022, Figure 10A",v1,S2_SR_HARMONIZED_SCL_v1,174.87475164214186,-41.257358496248884,0.0585,0.0819,0.0834,0.0782,0.0366,0.0321,0.0246,0.0174,0.0031,7.0E-4
hutt_20200713,COPERNICUS/S2_SR_HARMONIZED/20200712T222549_20200712T222545_T60GUV,2020-07-12 22:27:27,hutt_20200713_plumeTrain_0,1,train,https://doi.org/10.1080/00288330.2022.2088569,"Gall et al. 2022, Figure 10A",v1,S2_SR_HARMONIZED_SCL_v1,174.87499021643436,-41.2573629017067,0.057,0.079,0.0847,0.0787,0.0349,0.0338,0.0261,0.0177,0.0024,0.0012
hutt_20200713,COPERNICUS/S2_SR_HARMONIZED/20200712T222549_20200712T222545_T60GUV,2020-07-12 22:27:27,hutt_20200713_plumeTrain_0,1,train,https://doi.org/10.1080/00288330.2022.2088569,"Gall et al. 2022, Figure 10A",v1,S2_SR_HARMONIZED_SCL_v1,174.87510950360047,-41.257365104250376,0.0577,0.0781,0.0844,0.0778,0.0356,0.034,0.0242,0.0153,0.0018,0.0012
hutt_20200713,COPERNICUS/S2_SR_HARMONIZED/20200712T222549_20200712T222545_T60GUV,2020-07-12 22:27:27,hutt_20200713_plumeTrain_0,1,train,https://doi.org/10.1080/00288330.2022.2088569,"Gall et al. 2022, Figure 10A",v1,S2_SR_HARMONIZED_SCL_v1,174.8752287907798,-41.25736730667055,0.0577,0.0805,0.0825,0.0778,0.0356,0.034,0.0286,0.0153,0.0018,0.0012
hutt_20200713,COPERNICUS/S2_SR_HARMONIZED/20200712T222549_20200712T222545_T60GUV,2020-07-12 22:27:27,hutt_20200713_plumeTrain_0,1,train,https://doi.org/10.1080/00288330.2022.2088569,"Gall et al. 2022, Figure 10A",v1,S2_SR_HARMONIZED_SCL_v1,174.8755866523973,-41.25737391319015,0.0567,0.0777,0.0865,0.0776,0.0384,0.0325,0.0283,0.0183,0.0019,0.0031
hutt_20200713,COPERNICUS/S2_SR_HARMONIZED/20200712T222549_20200712T222545_T60GUV,2020-07-12 22:27:27,hutt_20200713_plumeTrain_0,1,train,https://doi.org/10.1080/00288330.2022.2088569,"Gall et al. 2022, Figure 10A",v1,S2_SR_HARMONIZED_SCL_v1,174.87582522687515,-41.257378316919095,0.0596,0.0799,0.0826,0.0786,0.0349,0.0312,0.025,0.0166,0.0017,0.0034
hutt_20200713,COPERNICUS/S2_SR_HARMONIZED/20200712T222549_20200712T222545_T60GUV,2020-07-12 22:27:27,hutt_20200713_plumeTrain_0,1,train,https://doi.org/10.1080/00288330.2022.2088569,"Gall et al. 2022, Figure 10A",v1,S2_SR_HARMONIZED_SCL_v1,174.87606380140593,-41.25738272015408,0.0532,0.0776,0.0836,0.0776,0.0354,0.0322,0.0266,0.0175,7.0E-4,0.0018
hutt_20200713,COPERNICUS/S2_SR_HARMONIZED/20200712T222549_20200712T222545_T60GUV,2020-07-12 22:27:27,hutt_20200713_plumeTrain_0,1,train,https://doi.org/10.1080/00288330.2022.2088569,"Gall et al. 2022, Figure 10A",v1,S2_SR_HARMONIZED_SCL_v1,174.8761830886912,-41.25738492158632,0.0536,0.0764,0.0836,0.0776,0.0354,0.0322,0.0274,0.0175,7.0E-4,0.0018
hutt_20200713,COPERNICUS/S2_SR_HARMONIZED/20200712T222549_20200712T222545_T60GUV,2020-07-12 22:27:27,hutt_20200713_plumeTrain_0,1,train,https://doi.org/10.1080/00288330.2022.2088569,"Gall et al. 2022, Figure 10A",v1,S2_SR_HARMONIZED_SCL_v1,174.8763023759897,-41.25738712289509,0.0548,0.0743,0.0822,0.0773,0.0357,0.0338,0.0262,0.0138,9.0E-4,1.0E-4
hutt_20200713,COPERNICUS/S2_SR_HARMONIZED/20200712T222549_20200712T222545_T60GUV,2020-07-12 22:27:27,hutt_20200713_plumeTrain_0,1,train,https://doi.org/10.1080/00288330.2022.2088569,"Gall et al. 2022, Figure 10A",v1,S2_SR_HARMONIZED_SCL_v1,174.87654095062638,-41.25739152514213,0.0601,0.0764,0.0861,0.0762,0.0351,0.0348,0.026,0.0163,0.0017,0.0012
hutt_20200713,COPERNICUS/S2_SR_HARMONIZED/20200712T222549_20200712T222545_T60GUV,2020-07-12 22:27:27,hutt_20200713_plumeTrain_0,1,train,https://doi.org/10.1080/00288330.2022.2088569,"Gall et al. 2022, Figure 10A",v1,S2_SR_HARMONIZED_SCL_v1,174.87677952531598,-41.25739592689522,0.0552,0.0769,0.0814,0.077,0.0341,0.0323,0.0265,0.0175,0.0017,0.0023
hutt_20200713,COPERNICUS/S2_SR_HARMONIZED/20200712T222549_20200712T222545_T60GUV,2020-07-12 22:27:27,hutt_20200713_plumeTrain_0,1,train,https://doi.org/10.1080/00288330.2022.2088569,"Gall et al. 2022, Figure 10A",v1,S2_SR_HARMONIZED_SCL_v1,174.87689881268065,-41.25739812758652,0.0527,0.0769,0.0826,0.077,0.0341,0.0323,0.026,0.0175,0.0017,0.0023
hutt_20200713,COPERNICUS/S2_SR_HARMONIZED/20200712T222549_20200712T222545_T60GUV,2020-07-12 22:27:27,hutt_20200713_plumeTrain_0,1,train,https://doi.org/10.1080/00288330.2022.2088569,"Gall et al. 2022, Figure 10A",v1,S2_SR_HARMONIZED_SCL_v1,174.87713738744964,-41.257402528598654,0.0518,0.0748,0.0808,0.077,0.0344,0.0345,0.0248,0.0171,0.0021,0.0023
hutt_20200713,COPERNICUS/S2_SR_HARMONIZED/20200712T222549_20200712T222545_T60GUV,2020-07-12 22:27:27,hutt_20200713_plumeTrain_0,1,train,https://doi.org/10.1080/00288330.2022.2088569,"Gall et al. 2022, Figure 10A",v1,S2_SR_HARMONIZED_SCL_v1,174.87737596227154,-41.25740692911681,0.0546,0.0766,0.0819,0.0756,0.0353,0.032,0.0247,0.0179,0.0017,0.0023
hutt_20200713,COPERNICUS/S2_SR_HARMONIZED/20200712T222549_20200712T222545_T60GUV,2020-07-12 22:27:27,hutt_20200713_plumeTrain_0,1,train,https://doi.org/10.1080/00288330.2022.2088569,"Gall et al. 2022, Figure 10A",v1,S2_SR_HARMONIZED_SCL_v1,174.87749524970235,-41.257409129190656,0.0562,0.0739,0.0794,0.0752,0.0345,0.0321,0.0258,0.0164,0.0021,0.0021
hutt_20200713,COPERNICUS/S2_SR_HARMONIZED/20200712T222549_20200712T222545_T60GUV,2020-07-12 22:27:27,hutt_20200713_plumeTrain_0,1,train,https://doi.org/10.1080/00288330.2022.2088569,"Gall et al. 2022, Figure 10A",v1,S2_SR_HARMONIZED_SCL_v1,174.87821097456487,-41.2574223270404,0.0554,0.0744,0.079,0.0758,0.0359,0.0319,0.024,0.0182,0.0021,0.0029
hutt_20200713,COPERNICUS/S2_SR_HARMONIZED/20200712T222549_20200712T222545_T60GUV,2020-07-12 22:27:27,hutt_20200713_plumeTrain_0,1,train,https://doi.org/10.1080/00288330.2022.2088569,"Gall et al. 2022, Figure 10A",v1,S2_SR_HARMONIZED_SCL_v1,174.8786881247377,-41.25743112313705,0.0534,0.073,0.0789,0.0744,0.0357,0.0308,0.0249,0.018,0.002,0.0037
hutt_20200713,COPERNICUS/S2_SR_HARMONIZED/20200712T222549_20200712T222545_T60GUV,2020-07-12 22:27:27,hutt_20200713_plumeTrain_0,1,train,https://doi.org/10.1080/00288330.2022.2088569,"Gall et al. 2022, Figure 10A",v1,S2_SR_HARMONIZED_SCL_v1,174.87391371222301,-41.2574330894672,0.0531,0.0815,0.083,0.0784,0.0371,0.0362,0.029,0.0184,0.0028,0.0025
hutt_20200713,COPERNICUS/S2_SR_HARMONIZED/20200712T222549_20200712T222545_T60GUV,2020-07-12 22:27:27,hutt_20200713_plumeTrain_0,1,train,https://doi.org/10.1080/00288330.2022.2088569,"Gall et al. 2022, Figure 10A",v1,S2_SR_HARMONIZED_SCL_v1,174.87403299943347,-41.25743529312923,0.0568,0.0802,0.0819,0.0784,0.0371,0.0362,0.0292,0.0184,0.0028,0.0025
hutt_20200713,COPERNICUS/S2_SR_HARMONIZED/20200712T222549_20200712T222545_T60GUV,2020-07-12 22:27:27,hutt_20200713_plumeTrain_0,1,train,https://doi.org/10.1080/00288330.2022.2088569,"Gall et al. 2022, Figure 10A",v1,S2_SR_HARMONIZED_SCL_v1,174.87415228665716,-41.25743749666776,0.0575,0.0777,0.0835,0.0766,0.0333,0.0324,0.0292,0.0169,0.0026,0.0023
hutt_20200713,COPERNICUS/S2_SR_HARMONIZED/20200712T222549_20200712T222545_T60GUV,2020-07-12 22:27:27,hutt_20200713_plumeTrain_0,1,train,https://doi.org/10.1080/00288330.2022.2088569,"Gall et al. 2022, Figure 10A",v1,S2_SR_HARMONIZED_SCL_v1,174.87451014840772,-41.25744410654242,0.0588,0.0814,0.0862,0.0786,0.0363,0.0319,0.0273,0.0162,0.0031,0.0021
hutt_20200713,COPERNICUS/S2_SR_HARMONIZED/20200712T222549_20200712T222545_T60GUV,2020-07-12 22:27:27,hutt_20200713_plumeTrain_0,1,train,https://doi.org/10.1080/00288330.2022.2088569,"Gall et al. 2022, Figure 10A",v1,S2_SR_HARMONIZED_SCL_v1,174.87474872297435,-41.25744851250808,0.0557,0.0769,0.0847,0.0782,0.0366,0.0321,0.0279,0.0174,0.0031,7.0E-4
hutt_20200713,COPERNICUS/S2_SR_HARMONIZED/20200712T222549_20200712T222545_T60GUV,2020-07-12 22:27:27,hutt_20200713_plumeTrain_0,1,train,https://doi.org/10.1080/00288330.2022.2088569,"Gall et al. 2022, Figure 10A",v1,S2_SR_HARMONIZED_SCL_v1,174.87498729759392,-41.25745291797976,0.0577,0.0821,0.084,0.0787,0.0349,0.0338,0.0263,0.0177,0.0024,0.0012
hutt_20200713,COPERNICUS/S2_SR_HARMONIZED/20200712T222549_20200712T222545_T60GUV,2020-07-12 22:27:27,hutt_20200713_plumeTrain_0,1,train,https://doi.org/10.1080/00288330.2022.2088569,"Gall et al. 2022, Figure 10A",v1,S2_SR_HARMONIZED_SCL_v1,174.87510658492357,-41.25745512053037,0.0602,0.0792,0.0836,0.0778,0.0356,0.034,0.0278,0.0153,0.0018,0.0012
hutt_20200713,COPERNICUS/S2_SR_HARMONIZED/20200712T222549_20200712T222545_T60GUV,2020-07-12 22:27:27,hutt_20200713_plumeTrain_0,1,train,https://doi.org/10.1080/00288330.2022.2088569,"Gall et al. 2022, Figure 10A",v1,S2_SR_HARMONIZED_SCL_v1,174.87522587226647,-41.25745732295749,0.0528,0.0781,0.0818,0.0778,0.0356,0.034,0.0269,0.0153,0.0018,0.0012
hutt_20200713,COPERNICUS/S2_SR_HARMONIZED/20200712T222549_20200712T222545_T60GUV,2020-07-12 22:27:27,hutt_20200713_plumeTrain_0,1,train,https://doi.org/10.1080/00288330.2022.2088569,"Gall et al. 2022, Figure 10A",v1,S2_SR_HARMONIZED_SCL_v1,174.8753451596226,-41.25745952526111,0.0522,0.0778,0.0807,0.0766,0.0372,0.0337,0.027,0.0141,0.001,0.0013
hutt_20200713,COPERNICUS/S2_SR_HARMONIZED/20200712T222549_20200712T222545_T60GUV,2020-07-12 22:27:27,hutt_20200713_plumeTrain_0,1,train,https://doi.org/10.1080/00288330.2022.2088569,"Gall et al. 2022, Figure 10A",v1,S2_SR_HARMONIZED_SCL_v1,174.875464446992,-41.257461727441246,0.0567,0.0759,0.0839,0.0766,0.0372,0.0337,0.027,0.0141,0.001,0.0013
hutt_20200713,COPERNICUS/S2_SR_HARMONIZED/20200712T222549_20200712T222545_T60GUV,2020-07-12 22:27:27,hutt_20200713_plumeTrain_0,1,train,https://doi.org/10.1080/00288330.2022.2088569,"Gall et al. 2022, Figure 10A",v1,S2_SR_HARMONIZED_SCL_v1,174.8755837343746,-41.25746392949789,0.055,0.0809,0.0894,0.0776,0.0384,0.0325,0.0298,0.0183,0.0019,0.0031
hutt_20200713,COPERNICUS/S2_SR_HARMONIZED/20200712T222549_20200712T222545_T60GUV,2020-07-12 22:27:27,hutt_20200713_plumeTrain_0,1,train,https://doi.org/10.1080/00288330.2022.2088569,"Gall et al. 2022, Figure 10A",v1,S2_SR_HARMONIZED_SCL_v1,174.87570302177045,-41.25746613143104,0.0556,0.0811,0.0855,0.0776,0.0384,0.0325,0.0259,0.0183,0.0019,0.0031
hutt_20200713,COPERNICUS/S2_SR_HARMONIZED/20200712T222549_20200712T222545_T60GUV,2020-07-12 22:27:27,hutt_20200713_plumeTrain_0,1,train,https://doi.org/10.1080/00288330.2022.2088569,"Gall et al. 2022, Figure 10A",v1,S2_SR_HARMONIZED_SCL_v1,174.87582230917957,-41.257468333240695,0.0537,0.0781,0.0822,0.0786,0.0349,0.0312,0.0255,0.0166,0.0017,0.0034
hutt_20200713,COPERNICUS/S2_SR_HARMONIZED/20200712T222549_20200712T222545_T60GUV,2020-07-12 22:27:27,hutt_20200713_plumeTrain_0,1,train,https://doi.org/10.1080/00288330.2022.2088569,"Gall et al. 2022, Figure 10A",v1,S2_SR_HARMONIZED_SCL_v1,174.87594159660188,-41.25747053492686,0.0553,0.0778,0.0846,0.0786,0.0349,0.0312,0.0275,0.0166,0.0017,0.0034
hutt_20200713,COPERNICUS/S2_SR_HARMONIZED/20200712T222549_20200712T222545_T60GUV,2020-07-12 22:27:27,hutt_20200713_plumeTrain_0,1,train,https://doi.org/10.1080/00288330.2022.2088569,"Gall et al. 2022, Figure 10A",v1,S2_SR_HARMONIZED_SCL_v1,174.8762994589483,-41.25747713924441,0.0563,0.0772,0.0832,0.0773,0.0357,0.0338,0.0269,0.0138,9.0E-4,1.0E-4
hutt_20200713,COPERNICUS/S2_SR_HARMONIZED/20200712T222549_20200712T222545_T60GUV,2020-07-12 22:27:27,hutt_20200713_plumeTrain_0,1,train,https://doi.org/10.1080/00288330.2022.2088569,"Gall et al. 2022, Figure 10A",v1,S2_SR_HARMONIZED_SCL_v1,174.87641874642355,-41.25747934043661,0.0553,0.078,0.0821,0.0773,0.0357,0.0338,0.026,0.0138,9.0E-4,1.0E-4
hutt_20200713,COPERNICUS/S2_SR_HARMONIZED/20200712T222549_20200712T222545_T60GUV,2020-07-12 22:27:27,hutt_20200713_plumeTrain_0,1,train,https://doi.org/10.1080/00288330.2022.2088569,"Gall et al. 2022, Figure 10A",v1,S2_SR_HARMONIZED_SCL_v1,174.87653803391208,-41.257481541505314,0.0541,0.0774,0.0832,0.0762,0.0351,0.0348,0.0263,0.0163,0.0017,0.0012
hutt_20200713,COPERNICUS/S2_SR_HARMONIZED/20200712T222549_20200712T222545_T60GUV,2020-07-12 22:27:27,hutt_20200713_plumeTrain_0,1,train,https://doi.org/10.1080/00288330.2022.2088569,"Gall et al. 2022, Figure 10A",v1,S2_SR_HARMONIZED_SCL_v1,174.8766573214138,-41.25748374245053,0.0532,0.0749,0.0842,0.0762,0.0351,0.0348,0.026,0.0163,0.0017,0.0012
hutt_20200713,COPERNICUS/S2_SR_HARMONIZED/20200712T222549_20200712T222545_T60GUV,2020-07-12 22:27:27,hutt_20200713_plumeTrain_0,1,train,https://doi.org/10.1080/00288330.2022.2088569,"Gall et al. 2022, Figure 10A",v1,S2_SR_HARMONIZED_SCL_v1,174.8767766089288,-41.25748594327226,0.0555,0.0755,0.0813,0.077,0.0341,0.0323,0.0267,0.0175,0.0017,0.0023
hutt_20200713,COPERNICUS/S2_SR_HARMONIZED/20200712T222549_20200712T222545_T60GUV,2020-07-12 22:27:27,hutt_20200713_plumeTrain_0,1,train,https://doi.org/10.1080/00288330.2022.2088569,"Gall et al. 2022, Figure 10A",v1,S2_SR_HARMONIZED_SCL_v1,174.87701518399842,-41.257490344545225,0.0531,0.0771,0.0825,0.077,0.0344,0.0345,0.0281,0.0171,0.0021,0.0023
hutt_20200713,COPERNICUS/S2_SR_HARMONIZED/20200712T222549_20200712T222545_T60GUV,2020-07-12 22:27:27,hutt_20200713_plumeTrain_0,1,train,https://doi.org/10.1080/00288330.2022.2088569,"Gall et al. 2022, Figure 10A",v1,S2_SR_HARMONIZED_SCL_v1,174.87725375912098,-41.25749474532423,0.0524,0.0763,0.0803,0.0756,0.0353,0.032,0.0263,0.0179,0.0017,0.0023
hutt_20200713,COPERNICUS/S2_SR_HARMONIZED/20200712T222549_20200712T222545_T60GUV,2020-07-12 22:27:27,hutt_20200713_plumeTrain_0,1,train,https://doi.org/10.1080/00288330.2022.2088569,"Gall et al. 2022, Figure 10A",v1,S2_SR_HARMONIZED_SCL_v1,174.8773730467021,-41.25749694552849,0.0531,0.0776,0.0815,0.0756,0.0353,0.032,0.0259,0.0179,0.0017,0.0023
hutt_20200713,COPERNICUS/S2_SR_HARMONIZED/20200712T222549_20200712T222545_T60GUV,2020-07-12 22:27:27,hutt_20200713_plumeTrain_0,1,train,https://doi.org/10.1080/00288330.2022.2088569,"Gall et al. 2022, Figure 10A",v1,S2_SR_HARMONIZED_SCL_v1,174.87773090952481,-41.25750354540033,0.0554,0.0763,0.0803,0.0757,0.0343,0.0315,0.0263,0.0166,0.0014,0.0021
hutt_20200713,COPERNICUS/S2_SR_HARMONIZED/20200712T222549_20200712T222545_T60GUV,2020-07-12 22:27:27,hutt_20200713_plumeTrain_0,1,train,https://doi.org/10.1080/00288330.2022.2088569,"Gall et al. 2022, Figure 10A",v1,S2_SR_HARMONIZED_SCL_v1,174.87820806014028,-41.25751234350056,0.0579,0.075,0.0825,0.0758,0.0359,0.0319,0.0248,0.0182,0.0021,0.0029
hutt_20200713,COPERNICUS/S2_SR_HARMONIZED/20200712T222549_20200712T222545_T60GUV,2020-07-12 22:27:27,hutt_20200713_plumeTrain_0,1,train,https://doi.org/10.1080/00288330.2022.2088569,"Gall et al. 2022, Figure 10A",v1,S2_SR_HARMONIZED_SCL_v1,174.87832734782717,-41.25751454271688,0.0545,0.0744,0.08,0.0758,0.0359,0.0319,0.0237,0.0182,0.0021,0.0029
hutt_20200713,COPERNICUS/S2_SR_HARMONIZED/20200712T222549_20200712T222545_T60GUV,2020-07-12 22:27:27,hutt_20200713_plumeTrain_0,1,train,https://doi.org/10.1080/00288330.2022.2088569,"Gall et al. 2022, Figure 10A",v1,S2_SR_HARMONIZED_SCL_v1,174.87844663552733,-41.25751674180972,0.0524,0.0738,0.0824,0.0749,0.0357,0.0302,0.025,0.0172,0.0029,0.0025
hutt_20200713,COPERNICUS/S2_SR_HARMONIZED/20200712T222549_20200712T222545_T60GUV,2020-07-12 22:27:27,hutt_20200713_plumeTrain_0,1,train,https://doi.org/10.1080/00288330.2022.2088569,"Gall et al. 2022, Figure 10A",v1,S2_SR_HARMONIZED_SCL_v1,174.8785659232407,-41.25751894077905,0.0532,0.0753,0.0811,0.0749,0.0357,0.0302,0.0251,0.0172,0.0029,0.0025
hutt_20200713,COPERNICUS/S2_SR_HARMONIZED/20200712T222549_20200712T222545_T60GUV,2020-07-12 22:27:27,hutt_20200713_plumeTrain_0,1,train,https://doi.org/10.1080/00288330.2022.2088569,"Gall et al. 2022, Figure 10A",v1,S2_SR_HARMONIZED_SCL_v1,174.87880449870707,-41.257523338347255,0.0547,0.0803,0.0802,0.0744,0.0357,0.0308,0.0247,0.018,0.002,0.0037
hutt_20200713,COPERNICUS/S2_SR_HARMONIZED/20200712T222549_20200712T222545_T60GUV,2020-07-12 22:27:27,hutt_20200713_plumeTrain_0,1,train,https://doi.org/10.1080/00288330.2022.2088569,"Gall et al. 2022, Figure 10A",v1,S2_SR_HARMONIZED_SCL_v1,174.87892378646012,-41.25752553694612,0.051,0.0771,0.0789,0.075,0.0378,0.0332,0.0255,0.0184,0.001,0.0012
hutt_20200713,COPERNICUS/S2_SR_HARMONIZED/20200712T222549_20200712T222545_T60GUV,2020-07-12 22:27:27,hutt_20200713_plumeTrain_0,1,train,https://doi.org/10.1080/00288330.2022.2088569,"Gall et al. 2022, Figure 10A",v1,S2_SR_HARMONIZED_SCL_v1,174.87379150453668,-41.2575209018838,0.0548,0.0777,0.083,0.0765,0.0356,0.0327,0.0255,0.018,0.0019,0.0023
hutt_20200713,COPERNICUS/S2_SR_HARMONIZED/20200712T222549_20200712T222545_T60GUV,2020-07-12 22:27:27,hutt_20200713_plumeTrain_0,1,train,https://doi.org/10.1080/00288330.2022.2088569,"Gall et al. 2022, Figure 10A",v1,S2_SR_HARMONIZED_SCL_v1,174.8739107918974,-41.257523105676256,0.0548,0.0779,0.0839,0.078,0.0359,0.0329,0.0303,0.0187,0.0031,0.003
hutt_20200713,COPERNICUS/S2_SR_HARMONIZED/20200712T222549_20200712T222545_T60GUV,2020-07-12 22:27:27,hutt_20200713_plumeTrain_0,1,train,https://doi.org/10.1080/00288330.2022.2088569,"Gall et al. 2022, Figure 10A",v1,S2_SR_HARMONIZED_SCL_v1,174.8740300792714,-41.257525309345226,0.0572,0.0785,0.0835,0.078,0.0359,0.0329,0.0261,0.0187,0.0031,0.003
hutt_20200713,COPERNICUS/S2_SR_HARMONIZED/20200712T222549_20200712T222545_T60GUV,2020-07-12 22:27:27,hutt_20200713_plumeTrain_0,1,train,https://doi.org/10.1080/00288330.2022.2088569,"Gall et al. 2022, Figure 10A",v1,S2_SR_HARMONIZED_SCL_v1,174.87426865405914,-41.257529716312675,0.052,0.0811,0.0846,0.0751,0.0348,0.0318,0.0272,0.0169,0.0024,0.0032
hutt_20200713,COPERNICUS/S2_SR_HARMONIZED/20200712T222549_20200712T222545_T60GUV,2020-07-12 22:27:27,hutt_20200713_plumeTrain_0,1,train,https://doi.org/10.1080/00288330.2022.2088569,"Gall et al. 2022, Figure 10A",v1,S2_SR_HARMONIZED_SCL_v1,174.87462651634007,-41.257536325837684,0.0514,0.0791,0.0878,0.0768,0.0372,0.0343,0.0254,0.0165,0.0032,0.0027
hutt_20200713,COPERNICUS/S2_SR_HARMONIZED/20200712T222549_20200712T222545_T60GUV,2020-07-12 22:27:27,hutt_20200713_plumeTrain_0,1,train,https://doi.org/10.1080/00288330.2022.2088569,"Gall et al. 2022, Figure 10A",v1,S2_SR_HARMONIZED_SCL_v1,174.87474580379356,-41.2575385287657,0.0565,0.0803,0.0852,0.0768,0.0372,0.0343,0.0252,0.0165,0.0032,0.0027
hutt_20200713,COPERNICUS/S2_SR_HARMONIZED/20200712T222549_20200712T222545_T60GUV,2020-07-12 22:27:27,hutt_20200713_plumeTrain_0,1,train,https://doi.org/10.1080/00288330.2022.2088569,"Gall et al. 2022, Figure 10A",v1,S2_SR_HARMONIZED_SCL_v1,174.8752229537399,-41.25754733924284,0.0563,0.081,0.0848,0.0783,0.0348,0.0319,0.0269,0.0153,0.0019,7.0E-4
hutt_20200713,COPERNICUS/S2_SR_HARMONIZED/20200712T222549_20200712T222545_T60GUV,2020-07-12 22:27:27,hutt_20200713_plumeTrain_0,1,train,https://doi.org/10.1080/00288330.2022.2088569,"Gall et al. 2022, Figure 10A",v1,S2_SR_HARMONIZED_SCL_v1,174.8753422412596,-41.2575495415534,0.0571,0.0778,0.0833,0.0788,0.0337,0.0298,0.0275,0.0167,0.0015,7.0E-4
hutt_20200713,COPERNICUS/S2_SR_HARMONIZED/20200712T222549_20200712T222545_T60GUV,2020-07-12 22:27:27,hutt_20200713_plumeTrain_0,1,train,https://doi.org/10.1080/00288330.2022.2088569,"Gall et al. 2022, Figure 10A",v1,S2_SR_HARMONIZED_SCL_v1,174.87558081633867,-41.257553945804034,0.053,0.0792,0.085,0.0767,0.0366,0.0302,0.0261,0.0182,0.001,0.0016
hutt_20200713,COPERNICUS/S2_SR_HARMONIZED/20200712T222549_20200712T222545_T60GUV,2020-07-12 22:27:27,hutt_20200713_plumeTrain_0,1,train,https://doi.org/10.1080/00288330.2022.2088569,"Gall et al. 2022, Figure 10A",v1,S2_SR_HARMONIZED_SCL_v1,174.87570010389805,-41.25755614774412,0.0553,0.0792,0.0863,0.0767,0.0366,0.0302,0.0275,0.0182,0.001,0.0016
hutt_20200713,COPERNICUS/S2_SR_HARMONIZED/20200712T222549_20200712T222545_T60GUV,2020-07-12 22:27:27,hutt_20200713_plumeTrain_0,1,train,https://doi.org/10.1080/00288330.2022.2088569,"Gall et al. 2022, Figure 10A",v1,S2_SR_HARMONIZED_SCL_v1,174.87581939147074,-41.25755834956071,0.0562,0.0786,0.0849,0.0778,0.0385,0.029,0.0288,0.0165,0.0018,0.0031
hutt_20200713,COPERNICUS/S2_SR_HARMONIZED/20200712T222549_20200712T222545_T60GUV,2020-07-12 22:27:27,hutt_20200713_plumeTrain_0,1,train,https://doi.org/10.1080/00288330.2022.2088569,"Gall et al. 2022, Figure 10A",v1,S2_SR_HARMONIZED_SCL_v1,174.87617725426807,-41.257564954269526,0.0514,0.0813,0.0876,0.0783,0.036,0.0337,0.0286,0.0186,0.0016,0.003
hutt_20200713,COPERNICUS/S2_SR_HARMONIZED/20200712T222549_20200712T222545_T60GUV,2020-07-12 22:27:27,hutt_20200713_plumeTrain_0,1,train,https://doi.org/10.1080/00288330.2022.2088569,"Gall et al. 2022, Figure 10A",v1,S2_SR_HARMONIZED_SCL_v1,174.87629654189368,-41.25756715559215,0.0506,0.0772,0.0838,0.0766,0.0352,0.0323,0.0274,0.0175,0.0021,0.0017
hutt_20200713,COPERNICUS/S2_SR_HARMONIZED/20200712T222549_20200712T222545_T60GUV,2020-07-12 22:27:27,hutt_20200713_plumeTrain_0,1,train,https://doi.org/10.1080/00288330.2022.2088569,"Gall et al. 2022, Figure 10A",v1,S2_SR_HARMONIZED_SCL_v1,174.87641582953248,-41.25756935679128,0.0541,0.0747,0.0838,0.0766,0.0352,0.0323,0.0269,0.0175,0.0021,0.0017
hutt_20200713,COPERNICUS/S2_SR_HARMONIZED/20200712T222549_20200712T222545_T60GUV,2020-07-12 22:27:27,hutt_20200713_plumeTrain_0,1,train,https://doi.org/10.1080/00288330.2022.2088569,"Gall et al. 2022, Figure 10A",v1,S2_SR_HARMONIZED_SCL_v1,174.87653511718455,-41.25757155786692,0.0547,0.0774,0.0855,0.0762,0.034,0.033,0.028,0.0179,8.0E-4,7.0E-4
hutt_20200713,COPERNICUS/S2_SR_HARMONIZED/20200712T222549_20200712T222545_T60GUV,2020-07-12 22:27:27,hutt_20200713_plumeTrain_0,1,train,https://doi.org/10.1080/00288330.2022.2088569,"Gall et al. 2022, Figure 10A",v1,S2_SR_HARMONIZED_SCL_v1,174.87677369252836,-41.25757595964771,0.0536,0.0764,0.0826,0.0771,0.035,0.0331,0.0279,0.0186,0.002,6.0E-4
hutt_20200713,COPERNICUS/S2_SR_HARMONIZED/20200712T222549_20200712T222545_T60GUV,2020-07-12 22:27:27,hutt_20200713_plumeTrain_0,1,train,https://doi.org/10.1080/00288330.2022.2088569,"Gall et al. 2022, Figure 10A",v1,S2_SR_HARMONIZED_SCL_v1,174.8771315556433,-41.25758256139272,0.0514,0.0781,0.0831,0.0777,0.0347,0.0326,0.0269,0.0183,0.0013,1.0E-4
hutt_20200713,COPERNICUS/S2_SR_HARMONIZED/20200712T222549_20200712T222545_T60GUV,2020-07-12 22:27:27,hutt_20200713_plumeTrain_0,1,train,https://doi.org/10.1080/00288330.2022.2088569,"Gall et al. 2022, Figure 10A",v1,S2_SR_HARMONIZED_SCL_v1,174.87725084337472,-41.2575847617274,0.0521,0.0753,0.0833,0.0753,0.0341,0.0316,0.0272,0.0182,6.0E-4,0.0021
hutt_20200713,COPERNICUS/S2_SR_HARMONIZED/20200712T222549_20200712T222545_T60GUV,2020-07-12 22:27:27,hutt_20200713_plumeTrain_0,1,train,https://doi.org/10.1080/00288330.2022.2088569,"Gall et al. 2022, Figure 10A",v1,S2_SR_HARMONIZED_SCL_v1,174.87760870664843,-41.25759136199049,0.0554,0.0766,0.0803,0.0762,0.0351,0.0326,0.0251,0.014,0.002,0.001
hutt_20200713,COPERNICUS/S2_SR_HARMONIZED/20200712T222549_20200712T222545_T60GUV,2020-07-12 22:27:27,hutt_20200713_plumeTrain_0,1,train,https://doi.org/10.1080/00288330.2022.2088569,"Gall et al. 2022, Figure 10A",v1,S2_SR_HARMONIZED_SCL_v1,174.87820514570245,-41.25760235995913,0.0572,0.0774,0.0814,0.075,0.0354,0.0323,0.0265,0.0167,0.0019,0.0026
hutt_20200713,COPERNICUS/S2_SR_HARMONIZED/20200712T222549_20200712T222545_T60GUV,2020-07-12 22:27:27,hutt_20200713_plumeTrain_0,1,train,https://doi.org/10.1080/00288330.2022.2088569,"Gall et al. 2022, Figure 10A",v1,S2_SR_HARMONIZED_SCL_v1,174.8783244335529,-41.257604559182376,0.0554,0.0783,0.0792,0.075,0.0354,0.0323,0.0237,0.0167,0.0019,0.0026
hutt_20200713,COPERNICUS/S2_SR_HARMONIZED/20200712T222549_20200712T222545_T60GUV,2020-07-12 22:27:27,hutt_20200713_plumeTrain_0,1,train,https://doi.org/10.1080/00288330.2022.2088569,"Gall et al. 2022, Figure 10A",v1,S2_SR_HARMONIZED_SCL_v1,174.8784437214166,-41.25760675828213,0.0547,0.075,0.0807,0.0741,0.0357,0.0342,0.0237,0.017,0.0016,0.0018
hutt_20200713,COPERNICUS/S2_SR_HARMONIZED/20200712T222549_20200712T222545_T60GUV,2020-07-12 22:27:27,hutt_20200713_plumeTrain_0,1,train,https://doi.org/10.1080/00288330.2022.2088569,"Gall et al. 2022, Figure 10A",v1,S2_SR_HARMONIZED_SCL_v1,174.87856300929352,-41.2576089572584,0.0548,0.072,0.0792,0.0741,0.0357,0.0342,0.0273,0.017,0.0016,0.0018
hutt_20200713,COPERNICUS/S2_SR_HARMONIZED/20200712T222549_20200712T222545_T60GUV,2020-07-12 22:27:27,hutt_20200713_plumeTrain_0,1,train,https://doi.org/10.1080/00288330.2022.2088569,"Gall et al. 2022, Figure 10A",v1,S2_SR_HARMONIZED_SCL_v1,174.87868229718364,-41.25761115611117,0.0545,0.0771,0.0824,0.0731,0.0355,0.0309,0.0271,0.0186,0.0019,0.0026
hutt_20200713,COPERNICUS/S2_SR_HARMONIZED/20200712T222549_20200712T222545_T60GUV,2020-07-12 22:27:27,hutt_20200713_plumeTrain_0,1,train,https://doi.org/10.1080/00288330.2022.2088569,"Gall et al. 2022, Figure 10A",v1,S2_SR_HARMONIZED_SCL_v1,174.87880158508702,-41.257613354840444,0.056,0.0786,0.0824,0.0731,0.0355,0.0309,0.0256,0.0186,0.0019,0.0026
hutt_20200713,COPERNICUS/S2_SR_HARMONIZED/20200712T222549_20200712T222545_T60GUV,2020-07-12 22:27:27,hutt_20200713_plumeTrain_0,1,train,https://doi.org/10.1080/00288330.2022.2088569,"Gall et al. 2022, Figure 10A",v1,S2_SR_HARMONIZED_SCL_v1,174.87892087300358,-41.25761555344623,0.0534,0.0767,0.0792,0.0745,0.035,0.0312,0.0275,0.0203,0.0014,0.0026
hutt_20200713,COPERNICUS/S2_SR_HARMONIZED/20200712T222549_20200712T222545_T60GUV,2020-07-12 22:27:27,hutt_20200713_plumeTrain_0,1,train,https://doi.org/10.1080/00288330.2022.2088569,"Gall et al. 2022, Figure 10A",v1,S2_SR_HARMONIZED_SCL_v1,174.87904016093339,-41.25761775192852,0.0513,0.0738,0.0807,0.0745,0.035,0.0312,0.0282,0.0203,0.0014,0.0026
hutt_20200713,COPERNICUS/S2_SR_HARMONIZED/20200712T222549_20200712T222545_T60GUV,2020-07-12 22:27:27,hutt_20200713_plumeTrain_0,1,train,https://doi.org/10.1080/00288330.2022.2088569,"Gall et al. 2022, Figure 10A",v1,S2_SR_HARMONIZED_SCL_v1,174.87378858403426,-41.25761091808434,0.0562,0.0794,0.0843,0.0765,0.0356,0.0327,0.0259,0.018,0.0019,0.0023
hutt_20200713,COPERNICUS/S2_SR_HARMONIZED/20200712T222549_20200712T222545_T60GUV,2020-07-12 22:27:27,hutt_20200713_plumeTrain_0,1,train,https://doi.org/10.1080/00288330.2022.2088569,"Gall et al. 2022, Figure 10A",v1,S2_SR_HARMONIZED_SCL_v1,174.87390787155857,-41.257613121883736,0.0619,0.0798,0.0828,0.078,0.0359,0.0329,0.0286,0.0187,0.0031,0.003
hutt_20200713,COPERNICUS/S2_SR_HARMONIZED/20200712T222549_20200712T222545_T60GUV,2020-07-12 22:27:27,hutt_20200713_plumeTrain_0,1,train,https://doi.org/10.1080/00288330.2022.2088569,"Gall et al. 2022, Figure 10A",v1,S2_SR_HARMONIZED_SCL_v1,174.8743850217882,-41.257621935846394,0.0597,0.0804,0.0841,0.0752,0.0364,0.0343,0.0288,0.0163,0.003,0.0021
hutt_20200713,COPERNICUS/S2_SR_HARMONIZED/20200712T222549_20200712T222545_T60GUV,2020-07-12 22:27:27,hutt_20200713_plumeTrain_0,1,train,https://doi.org/10.1080/00288330.2022.2088569,"Gall et al. 2022, Figure 10A",v1,S2_SR_HARMONIZED_SCL_v1,174.87474288459956,-41.257628545021724,0.059,0.0833,0.0883,0.0768,0.0372,0.0343,0.0256,0.0165,0.0032,0.0027
hutt_20200713,COPERNICUS/S2_SR_HARMONIZED/20200712T222549_20200712T222545_T60GUV,2020-07-12 22:27:27,hutt_20200713_plumeTrain_0,1,train,https://doi.org/10.1080/00288330.2022.2088569,"Gall et al. 2022, Figure 10A",v1,S2_SR_HARMONIZED_SCL_v1,174.87498145987334,-41.25763295052115,0.0605,0.0825,0.0833,0.0773,0.0375,0.0314,0.029,0.0164,0.0023,0.0023
hutt_20200713,COPERNICUS/S2_SR_HARMONIZED/20200712T222549_20200712T222545_T60GUV,2020-07-12 22:27:27,hutt_20200713_plumeTrain_0,1,train,https://doi.org/10.1080/00288330.2022.2088569,"Gall et al. 2022, Figure 10A",v1,S2_SR_HARMONIZED_SCL_v1,174.8751007475301,-41.25763515308563,0.0623,0.0805,0.0821,0.0783,0.0348,0.0319,0.0276,0.0153,0.0019,7.0E-4
hutt_20200713,COPERNICUS/S2_SR_HARMONIZED/20200712T222549_20200712T222545_T60GUV,2020-07-12 22:27:27,hutt_20200713_plumeTrain_0,1,train,https://doi.org/10.1080/00288330.2022.2088569,"Gall et al. 2022, Figure 10A",v1,S2_SR_HARMONIZED_SCL_v1,174.87522003520007,-41.25763735552661,0.057,0.0792,0.0855,0.0783,0.0348,0.0319,0.0275,0.0153,0.0019,7.0E-4
hutt_20200713,COPERNICUS/S2_SR_HARMONIZED/20200712T222549_20200712T222545_T60GUV,2020-07-12 22:27:27,hutt_20200713_plumeTrain_0,1,train,https://doi.org/10.1080/00288330.2022.2088569,"Gall et al. 2022, Figure 10A",v1,S2_SR_HARMONIZED_SCL_v1,174.87557789828952,-41.25764396210861,0.0546,0.0768,0.0856,0.0767,0.0366,0.0302,0.0307,0.0182,0.001,0.0016
hutt_20200713,COPERNICUS/S2_SR_HARMONIZED/20200712T222549_20200712T222545_T60GUV,2020-07-12 22:27:27,hutt_20200713_plumeTrain_0,1,train,https://doi.org/10.1080/00288330.2022.2088569,"Gall et al. 2022, Figure 10A",v1,S2_SR_HARMONIZED_SCL_v1,174.87569718601247,-41.25764616405562,0.0513,0.0774,0.0863,0.0767,0.0366,0.0302,0.029,0.0182,0.001,0.0016
hutt_20200713,COPERNICUS/S2_SR_HARMONIZED/20200712T222549_20200712T222545_T60GUV,2020-07-12 22:27:27,hutt_20200713_plumeTrain_0,1,train,https://doi.org/10.1080/00288330.2022.2088569,"Gall et al. 2022, Figure 10A",v1,S2_SR_HARMONIZED_SCL_v1,174.87581647374867,-41.25764836587914,0.057,0.0793,0.086,0.0778,0.0385,0.029,0.028,0.0165,0.0018,0.0031
hutt_20200713,COPERNICUS/S2_SR_HARMONIZED/20200712T222549_20200712T222545_T60GUV,2020-07-12 22:27:27,hutt_20200713_plumeTrain_0,1,train,https://doi.org/10.1080/00288330.2022.2088569,"Gall et al. 2022, Figure 10A",v1,S2_SR_HARMONIZED_SCL_v1,174.87593576149808,-41.25765056757918,0.0606,0.0804,0.0831,0.0778,0.0385,0.029,0.026,0.0165,0.0018,0.0031
hutt_20200713,COPERNICUS/S2_SR_HARMONIZED/20200712T222549_20200712T222545_T60GUV,2020-07-12 22:27:27,hutt_20200713_plumeTrain_0,1,train,https://doi.org/10.1080/00288330.2022.2088569,"Gall et al. 2022, Figure 10A",v1,S2_SR_HARMONIZED_SCL_v1,174.87605504926074,-41.257652769155705,0.0514,0.0767,0.0863,0.0783,0.036,0.0337,0.0299,0.0186,0.0016,0.003
hutt_20200713,COPERNICUS/S2_SR_HARMONIZED/20200712T222549_20200712T222545_T60GUV,2020-07-12 22:27:27,hutt_20200713_plumeTrain_0,1,train,https://doi.org/10.1080/00288330.2022.2088569,"Gall et al. 2022, Figure 10A",v1,S2_SR_HARMONIZED_SCL_v1,174.8762936248258,-41.257657171938305,0.0581,0.0764,0.0817,0.0766,0.0352,0.0323,0.0268,0.0175,0.0021,0.0017
hutt_20200713,COPERNICUS/S2_SR_HARMONIZED/20200712T222549_20200712T222545_T60GUV,2020-07-12 22:27:27,hutt_20200713_plumeTrain_0,1,train,https://doi.org/10.1080/00288330.2022.2088569,"Gall et al. 2022, Figure 10A",v1,S2_SR_HARMONIZED_SCL_v1,174.87641291262818,-41.257659373144364,0.0547,0.0743,0.0849,0.0766,0.0352,0.0323,0.0286,0.0175,0.0021,0.0017
hutt_20200713,COPERNICUS/S2_SR_HARMONIZED/20200712T222549_20200712T222545_T60GUV,2020-07-12 22:27:27,hutt_20200713_plumeTrain_0,1,train,https://doi.org/10.1080/00288330.2022.2088569,"Gall et al. 2022, Figure 10A",v1,S2_SR_HARMONIZED_SCL_v1,174.8765322004438,-41.25766157422693,0.0527,0.0773,0.0862,0.0762,0.034,0.033,0.0263,0.0179,8.0E-4,7.0E-4
hutt_20200713,COPERNICUS/S2_SR_HARMONIZED/20200712T222549_20200712T222545_T60GUV,2020-07-12 22:27:27,hutt_20200713_plumeTrain_0,1,train,https://doi.org/10.1080/00288330.2022.2088569,"Gall et al. 2022, Figure 10A",v1,S2_SR_HARMONIZED_SCL_v1,174.8766514882726,-41.257663775186,0.0527,0.0756,0.0867,0.0762,0.034,0.033,0.0279,0.0179,8.0E-4,7.0E-4
hutt_20200713,COPERNICUS/S2_SR_HARMONIZED/20200712T222549_20200712T222545_T60GUV,2020-07-12 22:27:27,hutt_20200713_plumeTrain_0,1,train,https://doi.org/10.1080/00288330.2022.2088569,"Gall et al. 2022, Figure 10A",v1,S2_SR_HARMONIZED_SCL_v1,174.87689006397,-41.257668176733674,0.0532,0.078,0.0847,0.0771,0.035,0.0331,0.0281,0.0186,0.002,6.0E-4
hutt_20200713,COPERNICUS/S2_SR_HARMONIZED/20200712T222549_20200712T222545_T60GUV,2020-07-12 22:27:27,hutt_20200713_plumeTrain_0,1,train,https://doi.org/10.1080/00288330.2022.2088569,"Gall et al. 2022, Figure 10A",v1,S2_SR_HARMONIZED_SCL_v1,174.87700935183852,-41.25767037732227,0.0513,0.0791,0.0838,0.0777,0.0347,0.0326,0.0248,0.0183,0.0013,1.0E-4
hutt_20200713,COPERNICUS/S2_SR_HARMONIZED/20200712T222549_20200712T222545_T60GUV,2020-07-12 22:27:27,hutt_20200713_plumeTrain_0,1,train,https://doi.org/10.1080/00288330.2022.2088569,"Gall et al. 2022, Figure 10A",v1,S2_SR_HARMONIZED_SCL_v1,174.8772479276153,-41.25767477812898,0.0508,0.0781,0.0868,0.0753,0.0341,0.0316,0.0262,0.0182,6.0E-4,0.0021
hutt_20200713,COPERNICUS/S2_SR_HARMONIZED/20200712T222549_20200712T222545_T60GUV,2020-07-12 22:27:27,hutt_20200713_plumeTrain_0,1,train,https://doi.org/10.1080/00288330.2022.2088569,"Gall et al. 2022, Figure 10A",v1,S2_SR_HARMONIZED_SCL_v1,174.8773672155235,-41.2576769783471,0.0525,0.0766,0.0803,0.0753,0.0341,0.0316,0.0265,0.0182,6.0E-4,0.0021
hutt_20200713,COPERNICUS/S2_SR_HARMONIZED/20200712T222549_20200712T222545_T60GUV,2020-07-12 22:27:27,hutt_20200713_plumeTrain_0,1,train,https://doi.org/10.1080/00288330.2022.2088569,"Gall et al. 2022, Figure 10A",v1,S2_SR_HARMONIZED_SCL_v1,174.87748650344497,-41.25767917844173,0.0555,0.0756,0.0794,0.0762,0.0351,0.0326,0.0264,0.014,0.002,0.001
hutt_20200713,COPERNICUS/S2_SR_HARMONIZED/20200712T222549_20200712T222545_T60GUV,2020-07-12 22:27:27,hutt_20200713_plumeTrain_0,1,train,https://doi.org/10.1080/00288330.2022.2088569,"Gall et al. 2022, Figure 10A",v1,S2_SR_HARMONIZED_SCL_v1,174.8776057913796,-41.257681378412855,0.0514,0.0756,0.0803,0.0762,0.0351,0.0326,0.0268,0.014,0.002,0.001
hutt_20200713,COPERNICUS/S2_SR_HARMONIZED/20200712T222549_20200712T222545_T60GUV,2020-07-12 22:27:27,hutt_20200713_plumeTrain_0,1,train,https://doi.org/10.1080/00288330.2022.2088569,"Gall et al. 2022, Figure 10A",v1,S2_SR_HARMONIZED_SCL_v1,174.87784436728865,-41.25768577798464,0.0504,0.0783,0.0794,0.0755,0.0357,0.034,0.0266,0.0157,0.0027,0.001
hutt_20200713,COPERNICUS/S2_SR_HARMONIZED/20200712T222549_20200712T222545_T60GUV,2020-07-12 22:27:27,hutt_20200713_plumeTrain_0,1,train,https://doi.org/10.1080/00288330.2022.2088569,"Gall et al. 2022, Figure 10A",v1,S2_SR_HARMONIZED_SCL_v1,174.87808294325058,-41.25769017706245,0.0532,0.0739,0.0811,0.0748,0.036,0.032,0.0259,0.016,0.0015,0.0026
hutt_20200713,COPERNICUS/S2_SR_HARMONIZED/20200712T222549_20200712T222545_T60GUV,2020-07-12 22:27:27,hutt_20200713_plumeTrain_0,1,train,https://doi.org/10.1080/00288330.2022.2088569,"Gall et al. 2022, Figure 10A",v1,S2_SR_HARMONIZED_SCL_v1,174.87820223125138,-41.25769237641612,0.0477,0.0745,0.0795,0.075,0.0354,0.0323,0.026,0.0167,0.0019,0.0026
hutt_20200713,COPERNICUS/S2_SR_HARMONIZED/20200712T222549_20200712T222545_T60GUV,2020-07-12 22:27:27,hutt_20200713_plumeTrain_0,1,train,https://doi.org/10.1080/00288330.2022.2088569,"Gall et al. 2022, Figure 10A",v1,S2_SR_HARMONIZED_SCL_v1,174.8783215192654,-41.25769457564629,0.0514,0.0756,0.0813,0.075,0.0354,0.0323,0.0238,0.0167,0.0019,0.0026
hutt_20200713,COPERNICUS/S2_SR_HARMONIZED/20200712T222549_20200712T222545_T60GUV,2020-07-12 22:27:27,hutt_20200713_plumeTrain_0,1,train,https://doi.org/10.1080/00288330.2022.2088569,"Gall et al. 2022, Figure 10A",v1,S2_SR_HARMONIZED_SCL_v1,174.87844080729266,-41.25769677475297,0.0554,0.0773,0.081,0.0741,0.0357,0.0342,0.0259,0.017,0.0016,0.0018
hutt_20200713,COPERNICUS/S2_SR_HARMONIZED/20200712T222549_20200712T222545_T60GUV,2020-07-12 22:27:27,hutt_20200713_plumeTrain_0,1,train,https://doi.org/10.1080/00288330.2022.2088569,"Gall et al. 2022, Figure 10A",v1,S2_SR_HARMONIZED_SCL_v1,174.8785600953331,-41.257698973736154,0.0554,0.0731,0.0813,0.0741,0.0357,0.0342,0.0264,0.017,0.0016,0.0018
hutt_20200713,COPERNICUS/S2_SR_HARMONIZED/20200712T222549_20200712T222545_T60GUV,2020-07-12 22:27:27,hutt_20200713_plumeTrain_0,1,train,https://doi.org/10.1080/00288330.2022.2088569,"Gall et al. 2022, Figure 10A",v1,S2_SR_HARMONIZED_SCL_v1,174.8786793833868,-41.25770117259585,0.0545,0.0747,0.0803,0.0731,0.0355,0.0309,0.0247,0.0186,0.0019,0.0026
hutt_20200713,COPERNICUS/S2_SR_HARMONIZED/20200712T222549_20200712T222545_T60GUV,2020-07-12 22:27:27,hutt_20200713_plumeTrain_0,1,train,https://doi.org/10.1080/00288330.2022.2088569,"Gall et al. 2022, Figure 10A",v1,S2_SR_HARMONIZED_SCL_v1,174.87879867145372,-41.25770337133205,0.0535,0.0723,0.082,0.0731,0.0355,0.0309,0.026,0.0186,0.0019,0.0026
hutt_20200713,COPERNICUS/S2_SR_HARMONIZED/20200712T222549_20200712T222545_T60GUV,2020-07-12 22:27:27,hutt_20200713_plumeTrain_0,1,train,https://doi.org/10.1080/00288330.2022.2088569,"Gall et al. 2022, Figure 10A",v1,S2_SR_HARMONIZED_SCL_v1,174.87891795953385,-41.25770556994475,0.0554,0.073,0.081,0.0745,0.035,0.0312,0.0287,0.0203,0.0014,0.0026
hutt_20200713,COPERNICUS/S2_SR_HARMONIZED/20200712T222549_20200712T222545_T60GUV,2020-07-12 22:27:27,hutt_20200713_plumeTrain_0,1,train,https://doi.org/10.1080/00288330.2022.2088569,"Gall et al. 2022, Figure 10A",v1,S2_SR_HARMONIZED_SCL_v1,174.87903724762717,-41.25770776843397,0.0534,0.0756,0.0807,0.0745,0.035,0.0312,0.028,0.0203,0.0014,0.0026
hutt_20200713,COPERNICUS/S2_SR_HARMONIZED/20200712T222549_20200712T222545_T60GUV,2020-07-12 22:27:27,hutt_20200713_plumeTrain_0,1,train,https://doi.org/10.1080/00288330.2022.2088569,"Gall et al. 2022, Figure 10A",v1,S2_SR_HARMONIZED_SCL_v1,174.8792758238535,-41.25771216504191,0.0525,0.0762,0.0828,0.0745,0.0343,0.0317,0.0265,0.0171,0.0014,0.0032
hutt_20200713,COPERNICUS/S2_SR_HARMONIZED/20200712T222549_20200712T222545_T60GUV,2020-07-12 22:27:27,hutt_20200713_plumeTrain_0,1,train,https://doi.org/10.1080/00288330.2022.2088569,"Gall et al. 2022, Figure 10A",v1,S2_SR_HARMONIZED_SCL_v1,174.87402423890754,-41.25770534177247,0.061,0.0794,0.0846,0.0764,0.0338,0.0292,0.0293,0.0183,0.003,0.0035
hutt_20200713,COPERNICUS/S2_SR_HARMONIZED/20200712T222549_20200712T222545_T60GUV,2020-07-12 22:27:27,hutt_20200713_plumeTrain_0,1,train,https://doi.org/10.1080/00288330.2022.2088569,"Gall et al. 2022, Figure 10A",v1,S2_SR_HARMONIZED_SCL_v1,174.87426281434946,-41.257709748767674,0.0564,0.0785,0.0818,0.077,0.0357,0.0323,0.0277,0.0163,0.0026,0.0025
hutt_20200713,COPERNICUS/S2_SR_HARMONIZED/20200712T222549_20200712T222545_T60GUV,2020-07-12 22:27:27,hutt_20200713_plumeTrain_0,1,train,https://doi.org/10.1080/00288330.2022.2088569,"Gall et al. 2022, Figure 10A",v1,S2_SR_HARMONIZED_SCL_v1,174.8743821020903,-41.257711952080044,0.0583,0.0826,0.0823,0.0772,0.0346,0.0346,0.0303,0.0168,0.0027,0.0023
hutt_20200713,COPERNICUS/S2_SR_HARMONIZED/20200712T222549_20200712T222545_T60GUV,2020-07-12 22:27:27,hutt_20200713_plumeTrain_0,1,train,https://doi.org/10.1080/00288330.2022.2088569,"Gall et al. 2022, Figure 10A",v1,S2_SR_HARMONIZED_SCL_v1,174.87450138984437,-41.25771415526891,0.0593,0.0811,0.0848,0.0772,0.0346,0.0346,0.0261,0.0168,0.0027,0.0023
hutt_20200713,COPERNICUS/S2_SR_HARMONIZED/20200712T222549_20200712T222545_T60GUV,2020-07-12 22:27:27,hutt_20200713_plumeTrain_0,1,train,https://doi.org/10.1080/00288330.2022.2088569,"Gall et al. 2022, Figure 10A",v1,S2_SR_HARMONIZED_SCL_v1,174.87473996539228,-41.25771856127618,0.0582,0.0769,0.0841,0.0764,0.0353,0.0314,0.0278,0.0163,0.0031,0.0035
hutt_20200713,COPERNICUS/S2_SR_HARMONIZED/20200712T222549_20200712T222545_T60GUV,2020-07-12 22:27:27,hutt_20200713_plumeTrain_0,1,train,https://doi.org/10.1080/00288330.2022.2088569,"Gall et al. 2022, Figure 10A",v1,S2_SR_HARMONIZED_SCL_v1,174.87485925318612,-41.25772076409457,0.0529,0.0797,0.0829,0.0752,0.034,0.031,0.0276,0.0162,0.0019,0.0017
hutt_20200713,COPERNICUS/S2_SR_HARMONIZED/20200712T222549_20200712T222545_T60GUV,2020-07-12 22:27:27,hutt_20200713_plumeTrain_0,1,train,https://doi.org/10.1080/00288330.2022.2088569,"Gall et al. 2022, Figure 10A",v1,S2_SR_HARMONIZED_SCL_v1,174.87497854099317,-41.25772296678947,0.0603,0.0784,0.0837,0.0752,0.034,0.031,0.0291,0.0162,0.0019,0.0017
hutt_20200713,COPERNICUS/S2_SR_HARMONIZED/20200712T222549_20200712T222545_T60GUV,2020-07-12 22:27:27,hutt_20200713_plumeTrain_0,1,train,https://doi.org/10.1080/00288330.2022.2088569,"Gall et al. 2022, Figure 10A",v1,S2_SR_HARMONIZED_SCL_v1,174.8750978288135,-41.25772516936088,0.0624,0.0784,0.0871,0.0793,0.0362,0.0352,0.028,0.0173,0.0017,1.0E-4
hutt_20200713,COPERNICUS/S2_SR_HARMONIZED/20200712T222549_20200712T222545_T60GUV,2020-07-12 22:27:27,hutt_20200713_plumeTrain_0,1,train,https://doi.org/10.1080/00288330.2022.2088569,"Gall et al. 2022, Figure 10A",v1,S2_SR_HARMONIZED_SCL_v1,174.87521711664704,-41.2577273718088,0.0575,0.0793,0.0818,0.0793,0.0362,0.0352,0.0252,0.0173,0.0017,1.0E-4
hutt_20200713,COPERNICUS/S2_SR_HARMONIZED/20200712T222549_20200712T222545_T60GUV,2020-07-12 22:27:27,hutt_20200713_plumeTrain_0,1,train,https://doi.org/10.1080/00288330.2022.2088569,"Gall et al. 2022, Figure 10A",v1,S2_SR_HARMONIZED_SCL_v1,174.8753364044938,-41.25772957413322,0.0597,0.0811,0.0851,0.0774,0.0362,0.0319,0.024,0.0186,0.0021,0.0018
hutt_20200713,COPERNICUS/S2_SR_HARMONIZED/20200712T222549_20200712T222545_T60GUV,2020-07-12 22:27:27,hutt_20200713_plumeTrain_0,1,train,https://doi.org/10.1080/00288330.2022.2088569,"Gall et al. 2022, Figure 10A",v1,S2_SR_HARMONIZED_SCL_v1,174.87545569235382,-41.257731776334154,0.0612,0.0821,0.0857,0.0774,0.0362,0.0319,0.025,0.0186,0.0021,0.0018
hutt_20200713,COPERNICUS/S2_SR_HARMONIZED/20200712T222549_20200712T222545_T60GUV,2020-07-12 22:27:27,hutt_20200713_plumeTrain_0,1,train,https://doi.org/10.1080/00288330.2022.2088569,"Gall et al. 2022, Figure 10A",v1,S2_SR_HARMONIZED_SCL_v1,174.8755749802271,-41.2577339784116,0.055,0.081,0.0863,0.0748,0.0363,0.0318,0.0272,0.0175,0.0018,0.0027
hutt_20200713,COPERNICUS/S2_SR_HARMONIZED/20200712T222549_20200712T222545_T60GUV,2020-07-12 22:27:27,hutt_20200713_plumeTrain_0,1,train,https://doi.org/10.1080/00288330.2022.2088569,"Gall et al. 2022, Figure 10A",v1,S2_SR_HARMONIZED_SCL_v1,174.87581355601336,-41.257738382195996,0.0537,0.0764,0.0844,0.0777,0.0388,0.0324,0.0279,0.0167,0.0023,0.0035
hutt_20200713,COPERNICUS/S2_SR_HARMONIZED/20200712T222549_20200712T222545_T60GUV,2020-07-12 22:27:27,hutt_20200713_plumeTrain_0,1,train,https://doi.org/10.1080/00288330.2022.2088569,"Gall et al. 2022, Figure 10A",v1,S2_SR_HARMONIZED_SCL_v1,174.876171419792,-41.2577449869464,0.0581,0.081,0.0855,0.0805,0.0367,0.0324,0.028,0.0183,0.0023,0.0022
hutt_20200713,COPERNICUS/S2_SR_HARMONIZED/20200712T222549_20200712T222545_T60GUV,2020-07-12 22:27:27,hutt_20200713_plumeTrain_0,1,train,https://doi.org/10.1080/00288330.2022.2088569,"Gall et al. 2022, Figure 10A",v1,S2_SR_HARMONIZED_SCL_v1,174.8762907077447,-41.25774718828288,0.0584,0.0808,0.0826,0.078,0.0357,0.0306,0.0257,0.0184,0.0035,0.0021
hutt_20200713,COPERNICUS/S2_SR_HARMONIZED/20200712T222549_20200712T222545_T60GUV,2020-07-12 22:27:27,hutt_20200713_plumeTrain_0,1,train,https://doi.org/10.1080/00288330.2022.2088569,"Gall et al. 2022, Figure 10A",v1,S2_SR_HARMONIZED_SCL_v1,174.87640999571062,-41.25774938949587,0.0536,0.0795,0.0827,0.078,0.0357,0.0306,0.0271,0.0184,0.0035,0.0021
hutt_20200713,COPERNICUS/S2_SR_HARMONIZED/20200712T222549_20200712T222545_T60GUV,2020-07-12 22:27:27,hutt_20200713_plumeTrain_0,1,train,https://doi.org/10.1080/00288330.2022.2088569,"Gall et al. 2022, Figure 10A",v1,S2_SR_HARMONIZED_SCL_v1,174.87664857168218,-41.257753791551366,0.0541,0.077,0.0855,0.0757,0.0376,0.0327,0.0283,0.0183,0.0015,7.0E-4
hutt_20200713,COPERNICUS/S2_SR_HARMONIZED/20200712T222549_20200712T222545_T60GUV,2020-07-12 22:27:27,hutt_20200713_plumeTrain_0,1,train,https://doi.org/10.1080/00288330.2022.2088569,"Gall et al. 2022, Figure 10A",v1,S2_SR_HARMONIZED_SCL_v1,174.8767678596878,-41.25775599239388,0.0533,0.0799,0.0859,0.0788,0.0371,0.0334,0.0278,0.0185,0.0011,1.0E-4
hutt_20200713,COPERNICUS/S2_SR_HARMONIZED/20200712T222549_20200712T222545_T60GUV,2020-07-12 22:27:27,hutt_20200713_plumeTrain_0,1,train,https://doi.org/10.1080/00288330.2022.2088569,"Gall et al. 2022, Figure 10A",v1,S2_SR_HARMONIZED_SCL_v1,174.87736429991438,-41.25776699475403,0.0529,0.0764,0.0791,0.073,0.0358,0.031,0.0265,0.0177,0.0013,0.0034
hutt_20200713,COPERNICUS/S2_SR_HARMONIZED/20200712T222549_20200712T222545_T60GUV,2020-07-12 22:27:27,hutt_20200713_plumeTrain_0,1,train,https://doi.org/10.1080/00288330.2022.2088569,"Gall et al. 2022, Figure 10A",v1,S2_SR_HARMONIZED_SCL_v1,174.87748358799936,-41.257769194855584,0.0552,0.0734,0.0808,0.0732,0.0355,0.0323,0.0264,0.0175,1.0E-4,0.0027
hutt_20200713,COPERNICUS/S2_SR_HARMONIZED/20200712T222549_20200712T222545_T60GUV,2020-07-12 22:27:27,hutt_20200713_plumeTrain_0,1,train,https://doi.org/10.1080/00288330.2022.2088569,"Gall et al. 2022, Figure 10A",v1,S2_SR_HARMONIZED_SCL_v1,174.87784145233374,-41.25777579441927,0.0521,0.0733,0.0808,0.0733,0.0358,0.0333,0.0246,0.0164,0.0013,0.0017
hutt_20200713,COPERNICUS/S2_SR_HARMONIZED/20200712T222549_20200712T222545_T60GUV,2020-07-12 22:27:27,hutt_20200713_plumeTrain_0,1,train,https://doi.org/10.1080/00288330.2022.2088569,"Gall et al. 2022, Figure 10A",v1,S2_SR_HARMONIZED_SCL_v1,174.87808002862275,-41.25778019351094,0.0565,0.0725,0.0818,0.0734,0.0349,0.0327,0.0265,0.017,0.002,0.0024
hutt_20200713,COPERNICUS/S2_SR_HARMONIZED/20200712T222549_20200712T222545_T60GUV,2020-07-12 22:27:27,hutt_20200713_plumeTrain_0,1,train,https://doi.org/10.1080/00288330.2022.2088569,"Gall et al. 2022, Figure 10A",v1,S2_SR_HARMONIZED_SCL_v1,174.87819931678712,-41.25778239287152,0.0512,0.0731,0.0803,0.0719,0.0344,0.0323,0.0243,0.0173,0.0014,8.0E-4
hutt_20200713,COPERNICUS/S2_SR_HARMONIZED/20200712T222549_20200712T222545_T60GUV,2020-07-12 22:27:27,hutt_20200713_plumeTrain_0,1,train,https://doi.org/10.1080/00288330.2022.2088569,"Gall et al. 2022, Figure 10A",v1,S2_SR_HARMONIZED_SCL_v1,174.87831860496468,-41.25778459210862,0.0544,0.0763,0.0814,0.0719,0.0344,0.0323,0.0251,0.0173,0.0014,8.0E-4
hutt_20200713,COPERNICUS/S2_SR_HARMONIZED/20200712T222549_20200712T222545_T60GUV,2020-07-12 22:27:27,hutt_20200713_plumeTrain_0,1,train,https://doi.org/10.1080/00288330.2022.2088569,"Gall et al. 2022, Figure 10A",v1,S2_SR_HARMONIZED_SCL_v1,174.8784378931555,-41.25778679122222,0.0566,0.076,0.0824,0.0731,0.0347,0.0324,0.03,0.0189,0.0012,0.0022
hutt_20200713,COPERNICUS/S2_SR_HARMONIZED/20200712T222549_20200712T222545_T60GUV,2020-07-12 22:27:27,hutt_20200713_plumeTrain_0,1,train,https://doi.org/10.1080/00288330.2022.2088569,"Gall et al. 2022, Figure 10A",v1,S2_SR_HARMONIZED_SCL_v1,174.8785571813595,-41.25778899021233,0.0526,0.0744,0.0828,0.0731,0.0347,0.0324,0.0262,0.0189,0.0012,0.0022
hutt_20200713,COPERNICUS/S2_SR_HARMONIZED/20200712T222549_20200712T222545_T60GUV,2020-07-12 22:27:27,hutt_20200713_plumeTrain_0,1,train,https://doi.org/10.1080/00288330.2022.2088569,"Gall et al. 2022, Figure 10A",v1,S2_SR_HARMONIZED_SCL_v1,174.87867646957673,-41.257791189078944,0.0511,0.0755,0.0793,0.0716,0.0357,0.0317,0.0244,0.0187,0.0022,0.0029
hutt_20200713,COPERNICUS/S2_SR_HARMONIZED/20200712T222549_20200712T222545_T60GUV,2020-07-12 22:27:27,hutt_20200713_plumeTrain_0,1,train,https://doi.org/10.1080/00288330.2022.2088569,"Gall et al. 2022, Figure 10A",v1,S2_SR_HARMONIZED_SCL_v1,174.87891504605088,-41.257795586441695,0.053,0.0715,0.0824,0.0737,0.0357,0.0321,0.0269,0.0199,0.002,0.0031
hutt_20200713,COPERNICUS/S2_SR_HARMONIZED/20200712T222549_20200712T222545_T60GUV,2020-07-12 22:27:27,hutt_20200713_plumeTrain_0,1,train,https://doi.org/10.1080/00288330.2022.2088569,"Gall et al. 2022, Figure 10A",v1,S2_SR_HARMONIZED_SCL_v1,174.8790343343078,-41.25779778493783,0.0582,0.0762,0.0793,0.0737,0.0357,0.0321,0.0279,0.0199,0.002,0.0031
hutt_20200713,COPERNICUS/S2_SR_HARMONIZED/20200712T222549_20200712T222545_T60GUV,2020-07-12 22:27:27,hutt_20200713_plumeTrain_0,1,train,https://doi.org/10.1080/00288330.2022.2088569,"Gall et al. 2022, Figure 10A",v1,S2_SR_HARMONIZED_SCL_v1,174.8791536225779,-41.25779998331047,0.0558,0.0756,0.081,0.0723,0.0367,0.0329,0.0288,0.016,0.001,0.0011
hutt_20200713,COPERNICUS/S2_SR_HARMONIZED/20200712T222549_20200712T222545_T60GUV,2020-07-12 22:27:27,hutt_20200713_plumeTrain_0,1,train,https://doi.org/10.1080/00288330.2022.2088569,"Gall et al. 2022, Figure 10A",v1,S2_SR_HARMONIZED_SCL_v1,174.8792729108612,-41.25780218155962,0.0546,0.0762,0.083,0.0723,0.0367,0.0329,0.0265,0.016,0.001,0.0011
hutt_20200713,COPERNICUS/S2_SR_HARMONIZED/20200712T222549_20200712T222545_T60GUV,2020-07-12 22:27:27,hutt_20200713_plumeTrain_0,1,train,https://doi.org/10.1080/00288330.2022.2088569,"Gall et al. 2022, Figure 10A",v1,S2_SR_HARMONIZED_SCL_v1,174.87402131870573,-41.25779535798373,0.0586,0.0805,0.0818,0.0764,0.0338,0.0292,0.0284,0.0183,0.003,0.0035
hutt_20200713,COPERNICUS/S2_SR_HARMONIZED/20200712T222549_20200712T222545_T60GUV,2020-07-12 22:27:27,hutt_20200713_plumeTrain_0,1,train,https://doi.org/10.1080/00288330.2022.2088569,"Gall et al. 2022, Figure 10A",v1,S2_SR_HARMONIZED_SCL_v1,174.87414060658364,-41.257797561550014,0.0606,0.0779,0.0831,0.077,0.0357,0.0323,0.0284,0.0163,0.0026,0.0025
hutt_20200713,COPERNICUS/S2_SR_HARMONIZED/20200712T222549_20200712T222545_T60GUV,2020-07-12 22:27:27,hutt_20200713_plumeTrain_0,1,train,https://doi.org/10.1080/00288330.2022.2088569,"Gall et al. 2022, Figure 10A",v1,S2_SR_HARMONIZED_SCL_v1,174.87437918237916,-41.25780196831211,0.0576,0.0796,0.086,0.0772,0.0346,0.0346,0.0273,0.0168,0.0027,0.0023
hutt_20200713,COPERNICUS/S2_SR_HARMONIZED/20200712T222549_20200712T222545_T60GUV,2020-07-12 22:27:27,hutt_20200713_plumeTrain_0,1,train,https://doi.org/10.1080/00288330.2022.2088569,"Gall et al. 2022, Figure 10A",v1,S2_SR_HARMONIZED_SCL_v1,174.87461775822766,-41.257806374580234,0.055,0.077,0.083,0.0764,0.0353,0.0314,0.0234,0.0163,0.0031,0.0035
hutt_20200713,COPERNICUS/S2_SR_HARMONIZED/20200712T222549_20200712T222545_T60GUV,2020-07-12 22:27:27,hutt_20200713_plumeTrain_0,1,train,https://doi.org/10.1080/00288330.2022.2088569,"Gall et al. 2022, Figure 10A",v1,S2_SR_HARMONIZED_SCL_v1,174.87485633412916,-41.25781078035438,0.0531,0.0785,0.0822,0.0752,0.034,0.031,0.0279,0.0162,0.0019,0.0017
hutt_20200713,COPERNICUS/S2_SR_HARMONIZED/20200712T222549_20200712T222545_T60GUV,2020-07-12 22:27:27,hutt_20200713_plumeTrain_0,1,train,https://doi.org/10.1080/00288330.2022.2088569,"Gall et al. 2022, Figure 10A",v1,S2_SR_HARMONIZED_SCL_v1,174.87509491008362,-41.25781518563456,0.0557,0.0819,0.0835,0.0793,0.0362,0.0352,0.0269,0.0173,0.0017,1.0E-4
hutt_20200713,COPERNICUS/S2_SR_HARMONIZED/20200712T222549_20200712T222545_T60GUV,2020-07-12 22:27:27,hutt_20200713_plumeTrain_0,1,train,https://doi.org/10.1080/00288330.2022.2088569,"Gall et al. 2022, Figure 10A",v1,S2_SR_HARMONIZED_SCL_v1,174.87521419808073,-41.257817388089414,0.0568,0.0805,0.0787,0.0793,0.0362,0.0352,0.0261,0.0173,0.0017,1.0E-4
hutt_20200713,COPERNICUS/S2_SR_HARMONIZED/20200712T222549_20200712T222545_T60GUV,2020-07-12 22:27:27,hutt_20200713_plumeTrain_0,1,train,https://doi.org/10.1080/00288330.2022.2088569,"Gall et al. 2022, Figure 10A",v1,S2_SR_HARMONIZED_SCL_v1,174.87533348609105,-41.25781959042077,0.055,0.0784,0.0861,0.0774,0.0362,0.0319,0.0255,0.0186,0.0021,0.0018
hutt_20200713,COPERNICUS/S2_SR_HARMONIZED/20200712T222549_20200712T222545_T60GUV,2020-07-12 22:27:27,hutt_20200713_plumeTrain_0,1,train,https://doi.org/10.1080/00288330.2022.2088569,"Gall et al. 2022, Figure 10A",v1,S2_SR_HARMONIZED_SCL_v1,174.87545277411465,-41.25782179262863,0.0567,0.0792,0.0847,0.0774,0.0362,0.0319,0.0273,0.0186,0.0021,0.0018
hutt_20200713,COPERNICUS/S2_SR_HARMONIZED/20200712T222549_20200712T222545_T60GUV,2020-07-12 22:27:27,hutt_20200713_plumeTrain_0,1,train,https://doi.org/10.1080/00288330.2022.2088569,"Gall et al. 2022, Figure 10A",v1,S2_SR_HARMONIZED_SCL_v1,174.87557206215146,-41.25782399471301,0.0512,0.08,0.0852,0.0748,0.0363,0.0318,0.0267,0.0175,0.0018,0.0027
hutt_20200713,COPERNICUS/S2_SR_HARMONIZED/20200712T222549_20200712T222545_T60GUV,2020-07-12 22:27:27,hutt_20200713_plumeTrain_0,1,train,https://doi.org/10.1080/00288330.2022.2088569,"Gall et al. 2022, Figure 10A",v1,S2_SR_HARMONIZED_SCL_v1,174.87569135020152,-41.25782619667389,0.0563,0.0792,0.085,0.0748,0.0363,0.0318,0.0265,0.0175,0.0018,0.0027
hutt_20200713,COPERNICUS/S2_SR_HARMONIZED/20200712T222549_20200712T222545_T60GUV,2020-07-12 22:27:27,hutt_20200713_plumeTrain_0,1,train,https://doi.org/10.1080/00288330.2022.2088569,"Gall et al. 2022, Figure 10A",v1,S2_SR_HARMONIZED_SCL_v1,174.87592992634134,-41.25783060022516,0.0528,0.08,0.0879,0.0777,0.0388,0.0324,0.0278,0.0167,0.0023,0.0035
hutt_20200713,COPERNICUS/S2_SR_HARMONIZED/20200712T222549_20200712T222545_T60GUV,2020-07-12 22:27:27,hutt_20200713_plumeTrain_0,1,train,https://doi.org/10.1080/00288330.2022.2088569,"Gall et al. 2022, Figure 10A",v1,S2_SR_HARMONIZED_SCL_v1,174.8760492144311,-41.25783280181557,0.0571,0.081,0.0879,0.0805,0.0367,0.0324,0.0277,0.0183,0.0023,0.0022
hutt_20200713,COPERNICUS/S2_SR_HARMONIZED/20200712T222549_20200712T222545_T60GUV,2020-07-12 22:27:27,hutt_20200713_plumeTrain_0,1,train,https://doi.org/10.1080/00288330.2022.2088569,"Gall et al. 2022, Figure 10A",v1,S2_SR_HARMONIZED_SCL_v1,174.87616850253414,-41.25783500328247,0.057,0.0824,0.0864,0.0805,0.0367,0.0324,0.028,0.0183,0.0023,0.0022
hutt_20200713,COPERNICUS/S2_SR_HARMONIZED/20200712T222549_20200712T222545_T60GUV,2020-07-12 22:27:27,hutt_20200713_plumeTrain_0,1,train,https://doi.org/10.1080/00288330.2022.2088569,"Gall et al. 2022, Figure 10A",v1,S2_SR_HARMONIZED_SCL_v1,174.87628779065037,-41.257837204625886,0.0548,0.0778,0.0881,0.078,0.0357,0.0306,0.028,0.0184,0.0035,0.0021
hutt_20200713,COPERNICUS/S2_SR_HARMONIZED/20200712T222549_20200712T222545_T60GUV,2020-07-12 22:27:27,hutt_20200713_plumeTrain_0,1,train,https://doi.org/10.1080/00288330.2022.2088569,"Gall et al. 2022, Figure 10A",v1,S2_SR_HARMONIZED_SCL_v1,174.87652636692255,-41.25784160694222,0.0547,0.0795,0.085,0.0757,0.0376,0.0327,0.0278,0.0183,0.0015,7.0E-4
hutt_20200713,COPERNICUS/S2_SR_HARMONIZED/20200712T222549_20200712T222545_T60GUV,2020-07-12 22:27:27,hutt_20200713_plumeTrain_0,1,train,https://doi.org/10.1080/00288330.2022.2088569,"Gall et al. 2022, Figure 10A",v1,S2_SR_HARMONIZED_SCL_v1,174.8766456550785,-41.25784380791516,0.0529,0.077,0.0841,0.0757,0.0376,0.0327,0.0274,0.0183,0.0015,7.0E-4
hutt_20200713,COPERNICUS/S2_SR_HARMONIZED/20200712T222549_20200712T222545_T60GUV,2020-07-12 22:27:27,hutt_20200713_plumeTrain_0,1,train,https://doi.org/10.1080/00288330.2022.2088569,"Gall et al. 2022, Figure 10A",v1,S2_SR_HARMONIZED_SCL_v1,174.87676494324765,-41.257846008764595,0.0545,0.0772,0.0853,0.0788,0.0371,0.0334,0.028,0.0185,0.0011,1.0E-4
hutt_20200713,COPERNICUS/S2_SR_HARMONIZED/20200712T222549_20200712T222545_T60GUV,2020-07-12 22:27:27,hutt_20200713_plumeTrain_0,1,train,https://doi.org/10.1080/00288330.2022.2088569,"Gall et al. 2022, Figure 10A",v1,S2_SR_HARMONIZED_SCL_v1,174.87688423143007,-41.25784820949054,0.0532,0.0782,0.0815,0.0788,0.0371,0.0334,0.029,0.0185,0.0011,1.0E-4
hutt_20200713,COPERNICUS/S2_SR_HARMONIZED/20200712T222549_20200712T222545_T60GUV,2020-07-12 22:27:27,hutt_20200713_plumeTrain_0,1,train,https://doi.org/10.1080/00288330.2022.2088569,"Gall et al. 2022, Figure 10A",v1,S2_SR_HARMONIZED_SCL_v1,174.8770035196257,-41.25785041009299,0.0555,0.078,0.0806,0.0765,0.0357,0.0301,0.0261,0.0165,0.0013,0.002
hutt_20200713,COPERNICUS/S2_SR_HARMONIZED/20200712T222549_20200712T222545_T60GUV,2020-07-12 22:27:27,hutt_20200713_plumeTrain_0,1,train,https://doi.org/10.1080/00288330.2022.2088569,"Gall et al. 2022, Figure 10A",v1,S2_SR_HARMONIZED_SCL_v1,174.87712280783458,-41.25785261057196,0.0566,0.0763,0.0826,0.0765,0.0357,0.0301,0.0257,0.0165,0.0013,0.002
hutt_20200713,COPERNICUS/S2_SR_HARMONIZED/20200712T222549_20200712T222545_T60GUV,2020-07-12 22:27:27,hutt_20200713_plumeTrain_0,1,train,https://doi.org/10.1080/00288330.2022.2088569,"Gall et al. 2022, Figure 10A",v1,S2_SR_HARMONIZED_SCL_v1,174.87724209605668,-41.25785481092742,0.0515,0.0771,0.0819,0.073,0.0358,0.031,0.0277,0.0177,0.0013,0.0034
hutt_20200713,COPERNICUS/S2_SR_HARMONIZED/20200712T222549_20200712T222545_T60GUV,2020-07-12 22:27:27,hutt_20200713_plumeTrain_0,1,train,https://doi.org/10.1080/00288330.2022.2088569,"Gall et al. 2022, Figure 10A",v1,S2_SR_HARMONIZED_SCL_v1,174.87736138429202,-41.25785701115939,0.0533,0.074,0.0805,0.073,0.0358,0.031,0.0264,0.0177,0.0013,0.0034
hutt_20200713,COPERNICUS/S2_SR_HARMONIZED/20200712T222549_20200712T222545_T60GUV,2020-07-12 22:27:27,hutt_20200713_plumeTrain_0,1,train,https://doi.org/10.1080/00288330.2022.2088569,"Gall et al. 2022, Figure 10A",v1,S2_SR_HARMONIZED_SCL_v1,174.87748067254054,-41.25785921126786,0.0531,0.0749,0.0814,0.0732,0.0355,0.0323,0.0281,0.0175,1.0E-4,0.0027
hutt_20200713,COPERNICUS/S2_SR_HARMONIZED/20200712T222549_20200712T222545_T60GUV,2020-07-12 22:27:27,hutt_20200713_plumeTrain_0,1,train,https://doi.org/10.1080/00288330.2022.2088569,"Gall et al. 2022, Figure 10A",v1,S2_SR_HARMONIZED_SCL_v1,174.8775999608023,-41.257861411252854,0.0546,0.0784,0.0822,0.0732,0.0355,0.0323,0.0272,0.0175,1.0E-4,0.0027
hutt_20200713,COPERNICUS/S2_SR_HARMONIZED/20200712T222549_20200712T222545_T60GUV,2020-07-12 22:27:27,hutt_20200713_plumeTrain_0,1,train,https://doi.org/10.1080/00288330.2022.2088569,"Gall et al. 2022, Figure 10A",v1,S2_SR_HARMONIZED_SCL_v1,174.87783853736556,-41.25786581085234,0.0513,0.0776,0.0825,0.0733,0.0358,0.0333,0.028,0.0164,0.0013,0.0017
hutt_20200713,COPERNICUS/S2_SR_HARMONIZED/20200712T222549_20200712T222545_T60GUV,2020-07-12 22:27:27,hutt_20200713_plumeTrain_0,1,train,https://doi.org/10.1080/00288330.2022.2088569,"Gall et al. 2022, Figure 10A",v1,S2_SR_HARMONIZED_SCL_v1,174.87795782566704,-41.25786801046684,0.0554,0.0748,0.0812,0.0734,0.0349,0.0327,0.0261,0.017,0.002,0.0024
hutt_20200713,COPERNICUS/S2_SR_HARMONIZED/20200712T222549_20200712T222545_T60GUV,2020-07-12 22:27:27,hutt_20200713_plumeTrain_0,1,train,https://doi.org/10.1080/00288330.2022.2088569,"Gall et al. 2022, Figure 10A",v1,S2_SR_HARMONIZED_SCL_v1,174.8780771139817,-41.257870209957844,0.0569,0.0742,0.0788,0.0734,0.0349,0.0327,0.0258,0.017,0.002,0.0024
hutt_20200713,COPERNICUS/S2_SR_HARMONIZED/20200712T222549_20200712T222545_T60GUV,2020-07-12 22:27:27,hutt_20200713_plumeTrain_0,1,train,https://doi.org/10.1080/00288330.2022.2088569,"Gall et al. 2022, Figure 10A",v1,S2_SR_HARMONIZED_SCL_v1,174.8781964023096,-41.25787240932536,0.0554,0.0757,0.0794,0.0719,0.0344,0.0323,0.025,0.0173,0.0014,8.0E-4
hutt_20200713,COPERNICUS/S2_SR_HARMONIZED/20200712T222549_20200712T222545_T60GUV,2020-07-12 22:27:27,hutt_20200713_plumeTrain_0,1,train,https://doi.org/10.1080/00288330.2022.2088569,"Gall et al. 2022, Figure 10A",v1,S2_SR_HARMONIZED_SCL_v1,174.87867355575347,-41.25788120556047,0.052,0.0766,0.0805,0.0716,0.0357,0.0317,0.0262,0.0187,0.0022,0.0029
hutt_20200713,COPERNICUS/S2_SR_HARMONIZED/20200712T222549_20200712T222545_T60GUV,2020-07-12 22:27:27,hutt_20200713_plumeTrain_0,1,train,https://doi.org/10.1080/00288330.2022.2088569,"Gall et al. 2022, Figure 10A",v1,S2_SR_HARMONIZED_SCL_v1,174.87879284414748,-41.25788340431052,0.0496,0.0739,0.0777,0.0716,0.0357,0.0317,0.0282,0.0187,0.0022,0.0029
hutt_20200713,COPERNICUS/S2_SR_HARMONIZED/20200712T222549_20200712T222545_T60GUV,2020-07-12 22:27:27,hutt_20200713_plumeTrain_0,1,train,https://doi.org/10.1080/00288330.2022.2088569,"Gall et al. 2022, Figure 10A",v1,S2_SR_HARMONIZED_SCL_v1,174.8789121325547,-41.25788560293707,0.0507,0.0761,0.0814,0.0737,0.0357,0.0321,0.0283,0.0199,0.002,0.0031
hutt_20200713,COPERNICUS/S2_SR_HARMONIZED/20200712T222549_20200712T222545_T60GUV,2020-07-12 22:27:27,hutt_20200713_plumeTrain_0,1,train,https://doi.org/10.1080/00288330.2022.2088569,"Gall et al. 2022, Figure 10A",v1,S2_SR_HARMONIZED_SCL_v1,174.8791507094088,-41.25788999981969,0.053,0.0765,0.0802,0.0723,0.0367,0.0329,0.0279,0.016,0.001,0.0011
hutt_20200713,COPERNICUS/S2_SR_HARMONIZED/20200712T222549_20200712T222545_T60GUV,2020-07-12 22:27:27,hutt_20200713_plumeTrain_0,1,train,https://doi.org/10.1080/00288330.2022.2088569,"Gall et al. 2022, Figure 10A",v1,S2_SR_HARMONIZED_SCL_v1,174.8792699978557,-41.25789219807576,0.0506,0.077,0.0808,0.0723,0.0367,0.0329,0.0285,0.016,0.001,0.0011
hutt_20200713,COPERNICUS/S2_SR_HARMONIZED/20200712T222549_20200712T222545_T60GUV,2020-07-12 22:27:27,hutt_20200713_plumeTrain_0,1,train,https://doi.org/10.1080/00288330.2022.2088569,"Gall et al. 2022, Figure 10A",v1,S2_SR_HARMONIZED_SCL_v1,174.8795085747891,-41.25789659421741,0.0567,0.0745,0.0817,0.0737,0.0339,0.0331,0.0258,0.0132,0.002,0.0017
hutt_20200713,COPERNICUS/S2_SR_HARMONIZED/20200712T222549_20200712T222545_T60GUV,2020-07-12 22:27:27,hutt_20200713_plumeTrain_0,1,train,https://doi.org/10.1080/00288330.2022.2088569,"Gall et al. 2022, Figure 10A",v1,S2_SR_HARMONIZED_SCL_v1,174.87413768653212,-41.25788757776662,0.0551,0.0753,0.0835,0.0765,0.0346,0.0316,0.0285,0.0172,0.0015,0.0018
hutt_20200713,COPERNICUS/S2_SR_HARMONIZED/20200712T222549_20200712T222545_T60GUV,2020-07-12 22:27:27,hutt_20200713_plumeTrain_0,1,train,https://doi.org/10.1080/00288330.2022.2088569,"Gall et al. 2022, Figure 10A",v1,S2_SR_HARMONIZED_SCL_v1,174.8742569745868,-41.25788978121635,0.0531,0.0778,0.0839,0.0765,0.0346,0.0316,0.029,0.0172,0.0015,0.0018
hutt_20200713,COPERNICUS/S2_SR_HARMONIZED/20200712T222549_20200712T222545_T60GUV,2020-07-12 22:27:27,hutt_20200713_plumeTrain_0,1,train,https://doi.org/10.1080/00288330.2022.2088569,"Gall et al. 2022, Figure 10A",v1,S2_SR_HARMONIZED_SCL_v1,174.87437626265475,-41.25789198454259,0.0551,0.0791,0.0844,0.0765,0.0337,0.0321,0.0288,0.0182,0.0023,0.0022
hutt_20200713,COPERNICUS/S2_SR_HARMONIZED/20200712T222549_20200712T222545_T60GUV,2020-07-12 22:27:27,hutt_20200713_plumeTrain_0,1,train,https://doi.org/10.1080/00288330.2022.2088569,"Gall et al. 2022, Figure 10A",v1,S2_SR_HARMONIZED_SCL_v1,174.87449555073596,-41.25789418774533,0.059,0.0811,0.087,0.0765,0.0337,0.0321,0.0269,0.0182,0.0023,0.0022
hutt_20200713,COPERNICUS/S2_SR_HARMONIZED/20200712T222549_20200712T222545_T60GUV,2020-07-12 22:27:27,hutt_20200713_plumeTrain_0,1,train,https://doi.org/10.1080/00288330.2022.2088569,"Gall et al. 2022, Figure 10A",v1,S2_SR_HARMONIZED_SCL_v1,174.87461483883038,-41.25789639082458,0.0531,0.0775,0.085,0.0765,0.0339,0.0314,0.0261,0.0182,0.0031,0.0026
hutt_20200713,COPERNICUS/S2_SR_HARMONIZED/20200712T222549_20200712T222545_T60GUV,2020-07-12 22:27:27,hutt_20200713_plumeTrain_0,1,train,https://doi.org/10.1080/00288330.2022.2088569,"Gall et al. 2022, Figure 10A",v1,S2_SR_HARMONIZED_SCL_v1,174.87473412693805,-41.25789859378033,0.0523,0.0794,0.0836,0.0765,0.0339,0.0314,0.0278,0.0182,0.0031,0.0026
hutt_20200713,COPERNICUS/S2_SR_HARMONIZED/20200712T222549_20200712T222545_T60GUV,2020-07-12 22:27:27,hutt_20200713_plumeTrain_0,1,train,https://doi.org/10.1080/00288330.2022.2088569,"Gall et al. 2022, Figure 10A",v1,S2_SR_HARMONIZED_SCL_v1,174.87485341505896,-41.2579007966126,0.0583,0.078,0.0846,0.0768,0.035,0.0338,0.0256,0.0178,0.0027,0.0022
hutt_20200713,COPERNICUS/S2_SR_HARMONIZED/20200712T222549_20200712T222545_T60GUV,2020-07-12 22:27:27,hutt_20200713_plumeTrain_0,1,train,https://doi.org/10.1080/00288330.2022.2088569,"Gall et al. 2022, Figure 10A",v1,S2_SR_HARMONIZED_SCL_v1,174.87509199134055,-41.25790520190665,0.0557,0.0798,0.0828,0.0785,0.038,0.0364,0.0278,0.0163,0.0019,0.0022
hutt_20200713,COPERNICUS/S2_SR_HARMONIZED/20200712T222549_20200712T222545_T60GUV,2020-07-12 22:27:27,hutt_20200713_plumeTrain_0,1,train,https://doi.org/10.1080/00288330.2022.2088569,"Gall et al. 2022, Figure 10A",v1,S2_SR_HARMONIZED_SCL_v1,174.87521127950117,-41.25790740436844,0.053,0.0797,0.0828,0.0785,0.038,0.0364,0.0285,0.0163,0.0019,0.0022
hutt_20200713,COPERNICUS/S2_SR_HARMONIZED/20200712T222549_20200712T222545_T60GUV,2020-07-12 22:27:27,hutt_20200713_plumeTrain_0,1,train,https://doi.org/10.1080/00288330.2022.2088569,"Gall et al. 2022, Figure 10A",v1,S2_SR_HARMONIZED_SCL_v1,174.8754498558622,-41.25791180892153,0.0606,0.0772,0.0808,0.0749,0.0394,0.0349,0.0263,0.0164,0.0019,0.0021
hutt_20200713,COPERNICUS/S2_SR_HARMONIZED/20200712T222549_20200712T222545_T60GUV,2020-07-12 22:27:27,hutt_20200713_plumeTrain_0,1,train,https://doi.org/10.1080/00288330.2022.2088569,"Gall et al. 2022, Figure 10A",v1,S2_SR_HARMONIZED_SCL_v1,174.8759270087431,-41.25792061654578,0.0592,0.0805,0.0844,0.0785,0.0383,0.0343,0.0273,0.0181,1.0E-4,0.0027
hutt_20200713,COPERNICUS/S2_SR_HARMONIZED/20200712T222549_20200712T222545_T60GUV,2020-07-12 22:27:27,hutt_20200713_plumeTrain_0,1,train,https://doi.org/10.1080/00288330.2022.2088569,"Gall et al. 2022, Figure 10A",v1,S2_SR_HARMONIZED_SCL_v1,174.87604629699644,-41.257922818143115,0.0589,0.0796,0.0866,0.0789,0.0376,0.0307,0.0272,0.0186,5.0E-4,8.0E-4
hutt_20200713,COPERNICUS/S2_SR_HARMONIZED/20200712T222549_20200712T222545_T60GUV,2020-07-12 22:27:27,hutt_20200713_plumeTrain_0,1,train,https://doi.org/10.1080/00288330.2022.2088569,"Gall et al. 2022, Figure 10A",v1,S2_SR_HARMONIZED_SCL_v1,174.87628487354277,-41.2579272209673,0.0612,0.0781,0.0871,0.0786,0.0361,0.034,0.0274,0.0187,0.0018,0.0035
hutt_20200713,COPERNICUS/S2_SR_HARMONIZED/20200712T222549_20200712T222545_T60GUV,2020-07-12 22:27:27,hutt_20200713_plumeTrain_0,1,train,https://doi.org/10.1080/00288330.2022.2088569,"Gall et al. 2022, Figure 10A",v1,S2_SR_HARMONIZED_SCL_v1,174.87640416183584,-41.25792942219414,0.0556,0.081,0.0854,0.0786,0.0361,0.034,0.028,0.0187,0.0018,0.0035
hutt_20200713,COPERNICUS/S2_SR_HARMONIZED/20200712T222549_20200712T222545_T60GUV,2020-07-12 22:27:27,hutt_20200713_plumeTrain_0,1,train,https://doi.org/10.1080/00288330.2022.2088569,"Gall et al. 2022, Figure 10A",v1,S2_SR_HARMONIZED_SCL_v1,174.8765234501421,-41.257931623297495,0.0605,0.0785,0.0843,0.0763,0.0368,0.0357,0.0273,0.02,0.0024,0.0032
hutt_20200713,COPERNICUS/S2_SR_HARMONIZED/20200712T222549_20200712T222545_T60GUV,2020-07-12 22:27:27,hutt_20200713_plumeTrain_0,1,train,https://doi.org/10.1080/00288330.2022.2088569,"Gall et al. 2022, Figure 10A",v1,S2_SR_HARMONIZED_SCL_v1,174.8767620267943,-41.25793602513372,0.055,0.0803,0.0873,0.0794,0.0356,0.0325,0.0296,0.0186,7.0E-4,0.0021
hutt_20200713,COPERNICUS/S2_SR_HARMONIZED/20200712T222549_20200712T222545_T60GUV,2020-07-12 22:27:27,hutt_20200713_plumeTrain_0,1,train,https://doi.org/10.1080/00288330.2022.2088569,"Gall et al. 2022, Figure 10A",v1,S2_SR_HARMONIZED_SCL_v1,174.87700060349945,-41.257940426475976,0.0552,0.0791,0.0821,0.0773,0.0355,0.0307,0.0254,0.0168,0.0021,0.003
hutt_20200713,COPERNICUS/S2_SR_HARMONIZED/20200712T222549_20200712T222545_T60GUV,2020-07-12 22:27:27,hutt_20200713_plumeTrain_0,1,train,https://doi.org/10.1080/00288330.2022.2088569,"Gall et al. 2022, Figure 10A",v1,S2_SR_HARMONIZED_SCL_v1,174.8772391802575,-41.25794482732426,0.0525,0.0749,0.0819,0.0773,0.0356,0.0329,0.0253,0.0148,0.0016,0.0026
hutt_20200713,COPERNICUS/S2_SR_HARMONIZED/20200712T222549_20200712T222545_T60GUV,2020-07-12 22:27:27,hutt_20200713_plumeTrain_0,1,train,https://doi.org/10.1080/00288330.2022.2088569,"Gall et al. 2022, Figure 10A",v1,S2_SR_HARMONIZED_SCL_v1,174.8774777570685,-41.25794922767856,0.0546,0.0781,0.0819,0.0781,0.0356,0.033,0.0255,0.0165,0.0019,0.002
hutt_20200713,COPERNICUS/S2_SR_HARMONIZED/20200712T222549_20200712T222545_T60GUV,2020-07-12 22:27:27,hutt_20200713_plumeTrain_0,1,train,https://doi.org/10.1080/00288330.2022.2088569,"Gall et al. 2022, Figure 10A",v1,S2_SR_HARMONIZED_SCL_v1,174.8778356223842,-41.25795582728381,0.0526,0.0766,0.0818,0.074,0.0356,0.0332,0.0263,0.0169,0.0028,0.0035
hutt_20200713,COPERNICUS/S2_SR_HARMONIZED/20200712T222549_20200712T222545_T60GUV,2020-07-12 22:27:27,hutt_20200713_plumeTrain_0,1,train,https://doi.org/10.1080/00288330.2022.2088569,"Gall et al. 2022, Figure 10A",v1,S2_SR_HARMONIZED_SCL_v1,174.87795491084918,-41.25795802690523,0.0587,0.0749,0.0788,0.0765,0.0348,0.034,0.0267,0.0168,0.0022,0.003
hutt_20200713,COPERNICUS/S2_SR_HARMONIZED/20200712T222549_20200712T222545_T60GUV,2020-07-12 22:27:27,hutt_20200713_plumeTrain_0,1,train,https://doi.org/10.1080/00288330.2022.2088569,"Gall et al. 2022, Figure 10A",v1,S2_SR_HARMONIZED_SCL_v1,174.87807419932741,-41.25796022640316,0.0562,0.0748,0.0786,0.0765,0.0348,0.034,0.0254,0.0168,0.0022,0.003
hutt_20200713,COPERNICUS/S2_SR_HARMONIZED/20200712T222549_20200712T222545_T60GUV,2020-07-12 22:27:27,hutt_20200713_plumeTrain_0,1,train,https://doi.org/10.1080/00288330.2022.2088569,"Gall et al. 2022, Figure 10A",v1,S2_SR_HARMONIZED_SCL_v1,174.8781934878189,-41.257962425777606,0.0496,0.0757,0.0811,0.0767,0.0354,0.0325,0.0259,0.0166,0.0019,0.002
hutt_20200713,COPERNICUS/S2_SR_HARMONIZED/20200712T222549_20200712T222545_T60GUV,2020-07-12 22:27:27,hutt_20200713_plumeTrain_0,1,train,https://doi.org/10.1080/00288330.2022.2088569,"Gall et al. 2022, Figure 10A",v1,S2_SR_HARMONIZED_SCL_v1,174.87831277632358,-41.25796462502855,0.051,0.0776,0.0805,0.0767,0.0354,0.0325,0.0253,0.0166,0.0019,0.002
hutt_20200713,COPERNICUS/S2_SR_HARMONIZED/20200712T222549_20200712T222545_T60GUV,2020-07-12 22:27:27,hutt_20200713_plumeTrain_0,1,train,https://doi.org/10.1080/00288330.2022.2088569,"Gall et al. 2022, Figure 10A",v1,S2_SR_HARMONIZED_SCL_v1,174.87855135337261,-41.25796902315995,0.0517,0.0781,0.0795,0.0729,0.0361,0.0345,0.0264,0.0178,0.002,0.0035
hutt_20200713,COPERNICUS/S2_SR_HARMONIZED/20200712T222549_20200712T222545_T60GUV,2020-07-12 22:27:27,hutt_20200713_plumeTrain_0,1,train,https://doi.org/10.1080/00288330.2022.2088569,"Gall et al. 2022, Figure 10A",v1,S2_SR_HARMONIZED_SCL_v1,174.87867064191695,-41.25797122204042,0.0514,0.0816,0.0808,0.0719,0.0351,0.0338,0.0222,0.0189,0.0017,0.002
hutt_20200713,COPERNICUS/S2_SR_HARMONIZED/20200712T222549_20200712T222545_T60GUV,2020-07-12 22:27:27,hutt_20200713_plumeTrain_0,1,train,https://doi.org/10.1080/00288330.2022.2088569,"Gall et al. 2022, Figure 10A",v1,S2_SR_HARMONIZED_SCL_v1,174.87914779622653,-41.25798001632731,0.0509,0.0771,0.0824,0.077,0.0369,0.0341,0.0273,0.0191,0.002,0.0026
hutt_20200713,COPERNICUS/S2_SR_HARMONIZED/20200712T222549_20200712T222545_T60GUV,2020-07-12 22:27:27,hutt_20200713_plumeTrain_0,1,train,https://doi.org/10.1080/00288330.2022.2088569,"Gall et al. 2022, Figure 10A",v1,S2_SR_HARMONIZED_SCL_v1,174.87950566209747,-41.25798661074579,0.0534,0.0731,0.0807,0.0777,0.0354,0.0348,0.0266,0.0184,0.0022,0.0025
hutt_20200713,COPERNICUS/S2_SR_HARMONIZED/20200712T222549_20200712T222545_T60GUV,2020-07-12 22:27:27,hutt_20200713_plumeTrain_0,1,train,https://doi.org/10.1080/00288330.2022.2088569,"Gall et al. 2022, Figure 10A",v1,S2_SR_HARMONIZED_SCL_v1,174.87974423941085,-41.2579910064073,0.0506,0.0727,0.0816,0.0774,0.0341,0.0347,0.0266,0.0183,0.003,0.0036
hutt_20200713,COPERNICUS/S2_SR_HARMONIZED/20200712T222549_20200712T222545_T60GUV,2020-07-12 22:27:27,hutt_20200713_plumeTrain_0,1,train,https://doi.org/10.1080/00288330.2022.2088569,"Gall et al. 2022, Figure 10A",v1,S2_SR_HARMONIZED_SCL_v1,174.87413476646736,-41.25797759398164,0.0625,0.075,0.082,0.0765,0.0346,0.0316,0.028,0.0172,0.0015,0.0018
hutt_20200713,COPERNICUS/S2_SR_HARMONIZED/20200712T222549_20200712T222545_T60GUV,2020-07-12 22:27:27,hutt_20200713_plumeTrain_0,1,train,https://doi.org/10.1080/00288330.2022.2088569,"Gall et al. 2022, Figure 10A",v1,S2_SR_HARMONIZED_SCL_v1,174.8742540546856,-41.25797979743831,0.0562,0.0778,0.0839,0.0765,0.0346,0.0316,0.0277,0.0172,0.0015,0.0018
hutt_20200713,COPERNICUS/S2_SR_HARMONIZED/20200712T222549_20200712T222545_T60GUV,2020-07-12 22:27:27,hutt_20200713_plumeTrain_0,1,train,https://doi.org/10.1080/00288330.2022.2088569,"Gall et al. 2022, Figure 10A",v1,S2_SR_HARMONIZED_SCL_v1,174.8743733429171,-41.257982000771484,0.0529,0.0816,0.083,0.0765,0.0337,0.0321,0.0292,0.0182,0.0023,0.0022
hutt_20200713,COPERNICUS/S2_SR_HARMONIZED/20200712T222549_20200712T222545_T60GUV,2020-07-12 22:27:27,hutt_20200713_plumeTrain_0,1,train,https://doi.org/10.1080/00288330.2022.2088569,"Gall et al. 2022, Figure 10A",v1,S2_SR_HARMONIZED_SCL_v1,174.8746119194198,-41.25798640706735,0.0593,0.078,0.0842,0.0765,0.0339,0.0314,0.0295,0.0182,0.0031,0.0026
hutt_20200713,COPERNICUS/S2_SR_HARMONIZED/20200712T222549_20200712T222545_T60GUV,2020-07-12 22:27:27,hutt_20200713_plumeTrain_0,1,train,https://doi.org/10.1080/00288330.2022.2088569,"Gall et al. 2022, Figure 10A",v1,S2_SR_HARMONIZED_SCL_v1,174.87473120769104,-41.25798861003005,0.0538,0.075,0.0863,0.0765,0.0339,0.0314,0.0263,0.0182,0.0031,0.0026
hutt_20200713,COPERNICUS/S2_SR_HARMONIZED/20200712T222549_20200712T222545_T60GUV,2020-07-12 22:27:27,hutt_20200713_plumeTrain_0,1,train,https://doi.org/10.1080/00288330.2022.2088569,"Gall et al. 2022, Figure 10A",v1,S2_SR_HARMONIZED_SCL_v1,174.87508907258422,-41.25799521817716,0.0565,0.0785,0.0818,0.0785,0.038,0.0364,0.0277,0.0163,0.0019,0.0022
hutt_20200713,COPERNICUS/S2_SR_HARMONIZED/20200712T222549_20200712T222545_T60GUV,2020-07-12 22:27:27,hutt_20200713_plumeTrain_0,1,train,https://doi.org/10.1080/00288330.2022.2088569,"Gall et al. 2022, Figure 10A",v1,S2_SR_HARMONIZED_SCL_v1,174.8752083609084,-41.25799742064588,0.0561,0.0793,0.0857,0.0785,0.038,0.0364,0.0267,0.0163,0.0019,0.0022
hutt_20200713,COPERNICUS/S2_SR_HARMONIZED/20200712T222549_20200712T222545_T60GUV,2020-07-12 22:27:27,hutt_20200713_plumeTrain_0,1,train,https://doi.org/10.1080/00288330.2022.2088569,"Gall et al. 2022, Figure 10A",v1,S2_SR_HARMONIZED_SCL_v1,174.87532764924583,-41.2579996229911,0.0554,0.0836,0.0849,0.0749,0.0394,0.0349,0.0295,0.0164,0.0019,0.0021
hutt_20200713,COPERNICUS/S2_SR_HARMONIZED/20200712T222549_20200712T222545_T60GUV,2020-07-12 22:27:27,hutt_20200713_plumeTrain_0,1,train,https://doi.org/10.1080/00288330.2022.2088569,"Gall et al. 2022, Figure 10A",v1,S2_SR_HARMONIZED_SCL_v1,174.87556622596045,-41.258004027311074,0.0565,0.0787,0.0826,0.0787,0.0356,0.0339,0.0263,0.016,0.0012,0.0028
hutt_20200713,COPERNICUS/S2_SR_HARMONIZED/20200712T222549_20200712T222545_T60GUV,2020-07-12 22:27:27,hutt_20200713_plumeTrain_0,1,train,https://doi.org/10.1080/00288330.2022.2088569,"Gall et al. 2022, Figure 10A",v1,S2_SR_HARMONIZED_SCL_v1,174.87568551433762,-41.25800622928581,0.0567,0.08,0.0847,0.0787,0.0356,0.0339,0.0267,0.016,0.0012,0.0028
hutt_20200713,COPERNICUS/S2_SR_HARMONIZED/20200712T222549_20200712T222545_T60GUV,2020-07-12 22:27:27,hutt_20200713_plumeTrain_0,1,train,https://doi.org/10.1080/00288330.2022.2088569,"Gall et al. 2022, Figure 10A",v1,S2_SR_HARMONIZED_SCL_v1,174.87580480272803,-41.258008431137064,0.0567,0.0805,0.0844,0.0785,0.0383,0.0343,0.0283,0.0181,1.0E-4,0.0027
hutt_20200713,COPERNICUS/S2_SR_HARMONIZED/20200712T222549_20200712T222545_T60GUV,2020-07-12 22:27:27,hutt_20200713_plumeTrain_0,1,train,https://doi.org/10.1080/00288330.2022.2088569,"Gall et al. 2022, Figure 10A",v1,S2_SR_HARMONIZED_SCL_v1,174.87592409113165,-41.258010632864824,0.0506,0.0789,0.0857,0.0785,0.0383,0.0343,0.0262,0.0181,1.0E-4,0.0027
hutt_20200713,COPERNICUS/S2_SR_HARMONIZED/20200712T222549_20200712T222545_T60GUV,2020-07-12 22:27:27,hutt_20200713_plumeTrain_0,1,train,https://doi.org/10.1080/00288330.2022.2088569,"Gall et al. 2022, Figure 10A",v1,S2_SR_HARMONIZED_SCL_v1,174.87604337954852,-41.258012834469085,0.0542,0.0774,0.0879,0.0789,0.0376,0.0307,0.0256,0.0186,5.0E-4,8.0E-4
hutt_20200713,COPERNICUS/S2_SR_HARMONIZED/20200712T222549_20200712T222545_T60GUV,2020-07-12 22:27:27,hutt_20200713_plumeTrain_0,1,train,https://doi.org/10.1080/00288330.2022.2088569,"Gall et al. 2022, Figure 10A",v1,S2_SR_HARMONIZED_SCL_v1,174.87616266797863,-41.258015035949846,0.057,0.0777,0.0874,0.0789,0.0376,0.0307,0.0279,0.0186,5.0E-4,8.0E-4
hutt_20200713,COPERNICUS/S2_SR_HARMONIZED/20200712T222549_20200712T222545_T60GUV,2020-07-12 22:27:27,hutt_20200713_plumeTrain_0,1,train,https://doi.org/10.1080/00288330.2022.2088569,"Gall et al. 2022, Figure 10A",v1,S2_SR_HARMONIZED_SCL_v1,174.876281956422,-41.25801723730712,0.0574,0.0786,0.0866,0.0786,0.0361,0.034,0.0265,0.0187,0.0018,0.0035
hutt_20200713,COPERNICUS/S2_SR_HARMONIZED/20200712T222549_20200712T222545_T60GUV,2020-07-12 22:27:27,hutt_20200713_plumeTrain_0,1,train,https://doi.org/10.1080/00288330.2022.2088569,"Gall et al. 2022, Figure 10A",v1,S2_SR_HARMONIZED_SCL_v1,174.87640124487856,-41.2580194385409,0.0577,0.0804,0.0846,0.0786,0.0361,0.034,0.028,0.0187,0.0018,0.0035
hutt_20200713,COPERNICUS/S2_SR_HARMONIZED/20200712T222549_20200712T222545_T60GUV,2020-07-12 22:27:27,hutt_20200713_plumeTrain_0,1,train,https://doi.org/10.1080/00288330.2022.2088569,"Gall et al. 2022, Figure 10A",v1,S2_SR_HARMONIZED_SCL_v1,174.87675911032773,-41.258026041501275,0.0553,0.0762,0.0839,0.0794,0.0356,0.0325,0.0309,0.0186,7.0E-4,0.0021
hutt_20200713,COPERNICUS/S2_SR_HARMONIZED/20200712T222549_20200712T222545_T60GUV,2020-07-12 22:27:27,hutt_20200713_plumeTrain_0,1,train,https://doi.org/10.1080/00288330.2022.2088569,"Gall et al. 2022, Figure 10A",v1,S2_SR_HARMONIZED_SCL_v1,174.87687839883725,-41.258028242241075,0.0574,0.0752,0.0826,0.0794,0.0356,0.0325,0.0303,0.0186,7.0E-4,0.0021
hutt_20200713,COPERNICUS/S2_SR_HARMONIZED/20200712T222549_20200712T222545_T60GUV,2020-07-12 22:27:27,hutt_20200713_plumeTrain_0,1,train,https://doi.org/10.1080/00288330.2022.2088569,"Gall et al. 2022, Figure 10A",v1,S2_SR_HARMONIZED_SCL_v1,174.87711697589594,-41.2580326433502,0.0512,0.0763,0.0827,0.0773,0.0355,0.0307,0.0259,0.0168,0.0021,0.003
hutt_20200713,COPERNICUS/S2_SR_HARMONIZED/20200712T222549_20200712T222545_T60GUV,2020-07-12 22:27:27,hutt_20200713_plumeTrain_0,1,train,https://doi.org/10.1080/00288330.2022.2088569,"Gall et al. 2022, Figure 10A",v1,S2_SR_HARMONIZED_SCL_v1,174.87723626444514,-41.258034843719514,0.0529,0.0761,0.0839,0.0773,0.0356,0.0329,0.0266,0.0148,0.0016,0.0026
hutt_20200713,COPERNICUS/S2_SR_HARMONIZED/20200712T222549_20200712T222545_T60GUV,2020-07-12 22:27:27,hutt_20200713_plumeTrain_0,1,train,https://doi.org/10.1080/00288330.2022.2088569,"Gall et al. 2022, Figure 10A",v1,S2_SR_HARMONIZED_SCL_v1,174.8773555530076,-41.25803704396534,0.0529,0.0775,0.0815,0.0773,0.0356,0.0329,0.0266,0.0148,0.0016,0.0026
hutt_20200713,COPERNICUS/S2_SR_HARMONIZED/20200712T222549_20200712T222545_T60GUV,2020-07-12 22:27:27,hutt_20200713_plumeTrain_0,1,train,https://doi.org/10.1080/00288330.2022.2088569,"Gall et al. 2022, Figure 10A",v1,S2_SR_HARMONIZED_SCL_v1,174.87771341877425,-41.25804364396185,0.0544,0.074,0.0794,0.074,0.0356,0.0332,0.025,0.0169,0.0028,0.0035
hutt_20200713,COPERNICUS/S2_SR_HARMONIZED/20200712T222549_20200712T222545_T60GUV,2020-07-12 22:27:27,hutt_20200713_plumeTrain_0,1,train,https://doi.org/10.1080/00288330.2022.2088569,"Gall et al. 2022, Figure 10A",v1,S2_SR_HARMONIZED_SCL_v1,174.87819057331495,-41.25805244222826,0.0511,0.0772,0.0805,0.0767,0.0354,0.0325,0.0263,0.0166,0.0019,0.002
hutt_20200713,COPERNICUS/S2_SR_HARMONIZED/20200712T222549_20200712T222545_T60GUV,2020-07-12 22:27:27,hutt_20200713_plumeTrain_0,1,train,https://doi.org/10.1080/00288330.2022.2088569,"Gall et al. 2022, Figure 10A",v1,S2_SR_HARMONIZED_SCL_v1,174.87842915066463,-41.258056840620505,0.0532,0.0751,0.0824,0.0729,0.0361,0.0345,0.0274,0.0178,0.002,0.0035
hutt_20200713,COPERNICUS/S2_SR_HARMONIZED/20200712T222549_20200712T222545_T60GUV,2020-07-12 22:27:27,hutt_20200713_plumeTrain_0,1,train,https://doi.org/10.1080/00288330.2022.2088569,"Gall et al. 2022, Figure 10A",v1,S2_SR_HARMONIZED_SCL_v1,174.87866772806723,-41.25806123851876,0.0507,0.0757,0.0815,0.0719,0.0351,0.0338,0.0228,0.0189,0.0017,0.002
hutt_20200713,COPERNICUS/S2_SR_HARMONIZED/20200712T222549_20200712T222545_T60GUV,2020-07-12 22:27:27,hutt_20200713_plumeTrain_0,1,train,https://doi.org/10.1080/00288330.2022.2088569,"Gall et al. 2022, Figure 10A",v1,S2_SR_HARMONIZED_SCL_v1,174.87878701678835,-41.25806343728265,0.0489,0.0731,0.0818,0.0719,0.0351,0.0338,0.026,0.0189,0.0017,0.002
hutt_20200713,COPERNICUS/S2_SR_HARMONIZED/20200712T222549_20200712T222545_T60GUV,2020-07-12 22:27:27,hutt_20200713_plumeTrain_0,1,train,https://doi.org/10.1080/00288330.2022.2088569,"Gall et al. 2022, Figure 10A",v1,S2_SR_HARMONIZED_SCL_v1,174.8789063055227,-41.25806563592305,0.0488,0.0714,0.081,0.0773,0.0354,0.0324,0.027,0.0189,0.0019,0.0026
hutt_20200713,COPERNICUS/S2_SR_HARMONIZED/20200712T222549_20200712T222545_T60GUV,2020-07-12 22:27:27,hutt_20200713_plumeTrain_0,1,train,https://doi.org/10.1080/00288330.2022.2088569,"Gall et al. 2022, Figure 10A",v1,S2_SR_HARMONIZED_SCL_v1,174.87902559427025,-41.25806783443995,0.0566,0.0763,0.0825,0.0773,0.0354,0.0324,0.0282,0.0189,0.0019,0.0026
hutt_20200713,COPERNICUS/S2_SR_HARMONIZED/20200712T222549_20200712T222545_T60GUV,2020-07-12 22:27:27,hutt_20200713_plumeTrain_0,1,train,https://doi.org/10.1080/00288330.2022.2088569,"Gall et al. 2022, Figure 10A",v1,S2_SR_HARMONIZED_SCL_v1,174.87950274939266,-41.258076627272594,0.051,0.0747,0.0803,0.0777,0.0354,0.0348,0.0272,0.0184,0.0022,0.0025
hutt_20200713,COPERNICUS/S2_SR_HARMONIZED/20200712T222549_20200712T222545_T60GUV,2020-07-12 22:27:27,hutt_20200713_plumeTrain_0,1,train,https://doi.org/10.1080/00288330.2022.2088569,"Gall et al. 2022, Figure 10A",v1,S2_SR_HARMONIZED_SCL_v1,174.8796220382063,-41.25807882517202,0.0545,0.0752,0.0824,0.0774,0.0341,0.0347,0.0268,0.0183,0.003,0.0036
hutt_20200713,COPERNICUS/S2_SR_HARMONIZED/20200712T222549_20200712T222545_T60GUV,2020-07-12 22:27:27,hutt_20200713_plumeTrain_0,1,train,https://doi.org/10.1080/00288330.2022.2088569,"Gall et al. 2022, Figure 10A",v1,S2_SR_HARMONIZED_SCL_v1,174.8798606158732,-41.258083220600376,0.0539,0.0747,0.0816,0.0756,0.0352,0.0318,0.0266,0.02,0.0011,0.0017
hutt_20200713,COPERNICUS/S2_SR_HARMONIZED/20200712T222549_20200712T222545_T60GUV,2020-07-12 22:27:27,hutt_20200713_plumeTrain_0,1,train,https://doi.org/10.1080/00288330.2022.2088569,"Gall et al. 2022, Figure 10A",v1,S2_SR_HARMONIZED_SCL_v1,174.87425113477119,-41.25806981365869,0.0586,0.0786,0.0824,0.0755,0.0345,0.032,0.0299,0.0181,0.0027,0.0021
hutt_20200713,COPERNICUS/S2_SR_HARMONIZED/20200712T222549_20200712T222545_T60GUV,2020-07-12 22:27:27,hutt_20200713_plumeTrain_0,1,train,https://doi.org/10.1080/00288330.2022.2088569,"Gall et al. 2022, Figure 10A",v1,S2_SR_HARMONIZED_SCL_v1,174.8743704231662,-41.2580720169988,0.0673,0.0808,0.0836,0.0764,0.0356,0.0319,0.03,0.0163,0.0031,0.0012
hutt_20200713,COPERNICUS/S2_SR_HARMONIZED/20200712T222549_20200712T222545_T60GUV,2020-07-12 22:27:27,hutt_20200713_plumeTrain_0,1,train,https://doi.org/10.1080/00288330.2022.2088569,"Gall et al. 2022, Figure 10A",v1,S2_SR_HARMONIZED_SCL_v1,174.8744897115745,-41.25807422021542,0.0576,0.0786,0.082,0.0764,0.0356,0.0319,0.0244,0.0163,0.0031,0.0012
hutt_20200713,COPERNICUS/S2_SR_HARMONIZED/20200712T222549_20200712T222545_T60GUV,2020-07-12 22:27:27,hutt_20200713_plumeTrain_0,1,train,https://doi.org/10.1080/00288330.2022.2088569,"Gall et al. 2022, Figure 10A",v1,S2_SR_HARMONIZED_SCL_v1,174.874608999996,-41.25807642330854,0.059,0.082,0.0819,0.0788,0.0354,0.0321,0.0295,0.017,0.0028,0.0011
hutt_20200713,COPERNICUS/S2_SR_HARMONIZED/20200712T222549_20200712T222545_T60GUV,2020-07-12 22:27:27,hutt_20200713_plumeTrain_0,1,train,https://doi.org/10.1080/00288330.2022.2088569,"Gall et al. 2022, Figure 10A",v1,S2_SR_HARMONIZED_SCL_v1,174.87484757687884,-41.2580808291243,0.0624,0.0776,0.078,0.0745,0.035,0.0312,0.0273,0.0176,0.0022,0.0013
hutt_20200713,COPERNICUS/S2_SR_HARMONIZED/20200712T222549_20200712T222545_T60GUV,2020-07-12 22:27:27,hutt_20200713_plumeTrain_0,1,train,https://doi.org/10.1080/00288330.2022.2088569,"Gall et al. 2022, Figure 10A",v1,S2_SR_HARMONIZED_SCL_v1,174.8749668653401,-41.258083031846944,0.0586,0.0778,0.0803,0.0745,0.035,0.0312,0.0278,0.0176,0.0022,0.0013
hutt_20200713,COPERNICUS/S2_SR_HARMONIZED/20200712T222549_20200712T222545_T60GUV,2020-07-12 22:27:27,hutt_20200713_plumeTrain_0,1,train,https://doi.org/10.1080/00288330.2022.2088569,"Gall et al. 2022, Figure 10A",v1,S2_SR_HARMONIZED_SCL_v1,174.87508615381464,-41.25808523444609,0.0548,0.0795,0.0806,0.0748,0.0338,0.0336,0.0264,0.0164,0.0018,0.003
hutt_20200713,COPERNICUS/S2_SR_HARMONIZED/20200712T222549_20200712T222545_T60GUV,2020-07-12 22:27:27,hutt_20200713_plumeTrain_0,1,train,https://doi.org/10.1080/00288330.2022.2088569,"Gall et al. 2022, Figure 10A",v1,S2_SR_HARMONIZED_SCL_v1,174.87520544230236,-41.25808743692174,0.0593,0.0811,0.0837,0.0748,0.0338,0.0336,0.0252,0.0164,0.0018,0.003
hutt_20200713,COPERNICUS/S2_SR_HARMONIZED/20200712T222549_20200712T222545_T60GUV,2020-07-12 22:27:27,hutt_20200713_plumeTrain_0,1,train,https://doi.org/10.1080/00288330.2022.2088569,"Gall et al. 2022, Figure 10A",v1,S2_SR_HARMONIZED_SCL_v1,174.8754440193176,-41.25809184150256,0.0548,0.0782,0.0824,0.0739,0.0366,0.033,0.0269,0.0166,0.0019,0.002
hutt_20200713,COPERNICUS/S2_SR_HARMONIZED/20200712T222549_20200712T222545_T60GUV,2020-07-12 22:27:27,hutt_20200713_plumeTrain_0,1,train,https://doi.org/10.1080/00288330.2022.2088569,"Gall et al. 2022, Figure 10A",v1,S2_SR_HARMONIZED_SCL_v1,174.8756825963858,-41.258096245589414,0.0597,0.0797,0.0834,0.0749,0.037,0.0312,0.0259,0.016,0.0017,0.0012
hutt_20200713,COPERNICUS/S2_SR_HARMONIZED/20200712T222549_20200712T222545_T60GUV,2020-07-12 22:27:27,hutt_20200713_plumeTrain_0,1,train,https://doi.org/10.1080/00288330.2022.2088569,"Gall et al. 2022, Figure 10A",v1,S2_SR_HARMONIZED_SCL_v1,174.87592117350695,-41.258100649182275,0.0623,0.0777,0.0852,0.078,0.0364,0.0325,0.0252,0.0196,7.0E-4,0.0028
hutt_20200713,COPERNICUS/S2_SR_HARMONIZED/20200712T222549_20200712T222545_T60GUV,2020-07-12 22:27:27,hutt_20200713_plumeTrain_0,1,train,https://doi.org/10.1080/00288330.2022.2088569,"Gall et al. 2022, Figure 10A",v1,S2_SR_HARMONIZED_SCL_v1,174.87604046208736,-41.25810285079347,0.0556,0.0805,0.0863,0.0788,0.0375,0.0332,0.0266,0.0177,0.0016,0.0021
hutt_20200713,COPERNICUS/S2_SR_HARMONIZED/20200712T222549_20200712T222545_T60GUV,2020-07-12 22:27:27,hutt_20200713_plumeTrain_0,1,train,https://doi.org/10.1080/00288330.2022.2088569,"Gall et al. 2022, Figure 10A",v1,S2_SR_HARMONIZED_SCL_v1,174.87639832790808,-41.25810945488608,0.0581,0.0796,0.0873,0.0782,0.0374,0.0323,0.0262,0.018,0.002,0.0036
hutt_20200713,COPERNICUS/S2_SR_HARMONIZED/20200712T222549_20200712T222545_T60GUV,2020-07-12 22:27:27,hutt_20200713_plumeTrain_0,1,train,https://doi.org/10.1080/00288330.2022.2088569,"Gall et al. 2022, Figure 10A",v1,S2_SR_HARMONIZED_SCL_v1,174.87651761654143,-41.2581116560033,0.0574,0.0786,0.0856,0.0778,0.0362,0.0345,0.027,0.0195,0.002,0.003
hutt_20200713,COPERNICUS/S2_SR_HARMONIZED/20200712T222549_20200712T222545_T60GUV,2020-07-12 22:27:27,hutt_20200713_plumeTrain_0,1,train,https://doi.org/10.1080/00288330.2022.2088569,"Gall et al. 2022, Figure 10A",v1,S2_SR_HARMONIZED_SCL_v1,174.8767561938479,-41.25811605786724,0.0612,0.0827,0.0859,0.0799,0.0354,0.033,0.0296,0.0164,0.0015,0.0032
hutt_20200713,COPERNICUS/S2_SR_HARMONIZED/20200712T222549_20200712T222545_T60GUV,2020-07-12 22:27:27,hutt_20200713_plumeTrain_0,1,train,https://doi.org/10.1080/00288330.2022.2088569,"Gall et al. 2022, Figure 10A",v1,S2_SR_HARMONIZED_SCL_v1,174.87687548252094,-41.25811825861397,0.0629,0.0799,0.0855,0.0799,0.0354,0.033,0.0288,0.0164,0.0015,0.0032
hutt_20200713,COPERNICUS/S2_SR_HARMONIZED/20200712T222549_20200712T222545_T60GUV,2020-07-12 22:27:27,hutt_20200713_plumeTrain_0,1,train,https://doi.org/10.1080/00288330.2022.2088569,"Gall et al. 2022, Figure 10A",v1,S2_SR_HARMONIZED_SCL_v1,174.87699477120728,-41.258120459237205,0.0574,0.077,0.0859,0.0779,0.0354,0.0346,0.0244,0.0165,0.0018,0.0025
hutt_20200713,COPERNICUS/S2_SR_HARMONIZED/20200712T222549_20200712T222545_T60GUV,2020-07-12 22:27:27,hutt_20200713_plumeTrain_0,1,train,https://doi.org/10.1080/00288330.2022.2088569,"Gall et al. 2022, Figure 10A",v1,S2_SR_HARMONIZED_SCL_v1,174.8771140599068,-41.25812265973695,0.0536,0.0791,0.085,0.0779,0.0354,0.0346,0.0272,0.0165,0.0018,0.0025
hutt_20200713,COPERNICUS/S2_SR_HARMONIZED/20200712T222549_20200712T222545_T60GUV,2020-07-12 22:27:27,hutt_20200713_plumeTrain_0,1,train,https://doi.org/10.1080/00288330.2022.2088569,"Gall et al. 2022, Figure 10A",v1,S2_SR_HARMONIZED_SCL_v1,174.87771050360286,-41.25813366038323,0.0583,0.0773,0.0838,0.0764,0.0359,0.0327,0.0269,0.0169,0.0023,0.0011
hutt_20200713,COPERNICUS/S2_SR_HARMONIZED/20200712T222549_20200712T222545_T60GUV,2020-07-12 22:27:27,hutt_20200713_plumeTrain_0,1,train,https://doi.org/10.1080/00288330.2022.2088569,"Gall et al. 2022, Figure 10A",v1,S2_SR_HARMONIZED_SCL_v1,174.87782979238176,-41.258135860142005,0.0546,0.0744,0.0798,0.0764,0.0359,0.0327,0.0263,0.0169,0.0023,0.0011
hutt_20200713,COPERNICUS/S2_SR_HARMONIZED/20200712T222549_20200712T222545_T60GUV,2020-07-12 22:27:27,hutt_20200713_plumeTrain_0,1,train,https://doi.org/10.1080/00288330.2022.2088569,"Gall et al. 2022, Figure 10A",v1,S2_SR_HARMONIZED_SCL_v1,174.87794908117388,-41.25813805977728,0.0552,0.0755,0.0799,0.0768,0.0359,0.0335,0.0266,0.0168,0.0018,7.0E-4
hutt_20200713,COPERNICUS/S2_SR_HARMONIZED/20200712T222549_20200712T222545_T60GUV,2020-07-12 22:27:27,hutt_20200713_plumeTrain_0,1,train,https://doi.org/10.1080/00288330.2022.2088569,"Gall et al. 2022, Figure 10A",v1,S2_SR_HARMONIZED_SCL_v1,174.87806836997922,-41.258140259289064,0.0546,0.0761,0.083,0.0768,0.0359,0.0335,0.0268,0.0168,0.0018,7.0E-4
hutt_20200713,COPERNICUS/S2_SR_HARMONIZED/20200712T222549_20200712T222545_T60GUV,2020-07-12 22:27:27,hutt_20200713_plumeTrain_0,1,train,https://doi.org/10.1080/00288330.2022.2088569,"Gall et al. 2022, Figure 10A",v1,S2_SR_HARMONIZED_SCL_v1,174.8781876587978,-41.25814245867735,0.0555,0.0761,0.0799,0.0764,0.0357,0.0312,0.0265,0.017,0.002,0.0011
hutt_20200713,COPERNICUS/S2_SR_HARMONIZED/20200712T222549_20200712T222545_T60GUV,2020-07-12 22:27:27,hutt_20200713_plumeTrain_0,1,train,https://doi.org/10.1080/00288330.2022.2088569,"Gall et al. 2022, Figure 10A",v1,S2_SR_HARMONIZED_SCL_v1,174.87854552533284,-41.25814905610124,0.0526,0.0763,0.0791,0.0762,0.0359,0.0316,0.0271,0.017,0.0027,0.0021
hutt_20200713,COPERNICUS/S2_SR_HARMONIZED/20200712T222549_20200712T222545_T60GUV,2020-07-12 22:27:27,hutt_20200713_plumeTrain_0,1,train,https://doi.org/10.1080/00288330.2022.2088569,"Gall et al. 2022, Figure 10A",v1,S2_SR_HARMONIZED_SCL_v1,174.87866481420428,-41.258151254995546,0.0559,0.0742,0.0805,0.0758,0.0344,0.0337,0.027,0.0178,0.0039,7.0E-4
hutt_20200713,COPERNICUS/S2_SR_HARMONIZED/20200712T222549_20200712T222545_T60GUV,2020-07-12 22:27:27,hutt_20200713_plumeTrain_0,1,train,https://doi.org/10.1080/00288330.2022.2088569,"Gall et al. 2022, Figure 10A",v1,S2_SR_HARMONIZED_SCL_v1,174.87878410308898,-41.258153453766354,0.0526,0.0748,0.0818,0.0758,0.0344,0.0337,0.0268,0.0178,0.0039,7.0E-4
hutt_20200713,COPERNICUS/S2_SR_HARMONIZED/20200712T222549_20200712T222545_T60GUV,2020-07-12 22:27:27,hutt_20200713_plumeTrain_0,1,train,https://doi.org/10.1080/00288330.2022.2088569,"Gall et al. 2022, Figure 10A",v1,S2_SR_HARMONIZED_SCL_v1,174.87890339198685,-41.25815565241367,0.0525,0.0763,0.0818,0.0772,0.0335,0.0322,0.0255,0.0181,0.0021,1.0E-4
hutt_20200713,COPERNICUS/S2_SR_HARMONIZED/20200712T222549_20200712T222545_T60GUV,2020-07-12 22:27:27,hutt_20200713_plumeTrain_0,1,train,https://doi.org/10.1080/00288330.2022.2088569,"Gall et al. 2022, Figure 10A",v1,S2_SR_HARMONIZED_SCL_v1,174.87902268089798,-41.25815785093749,0.0551,0.0763,0.0779,0.0772,0.0335,0.0322,0.025,0.0181,0.0021,1.0E-4
hutt_20200713,COPERNICUS/S2_SR_HARMONIZED/20200712T222549_20200712T222545_T60GUV,2020-07-12 22:27:27,hutt_20200713_plumeTrain_0,1,train,https://doi.org/10.1080/00288330.2022.2088569,"Gall et al. 2022, Figure 10A",v1,S2_SR_HARMONIZED_SCL_v1,174.8794998366746,-41.25816664379782,0.0512,0.076,0.0846,0.0761,0.0369,0.0344,0.0262,0.019,0.0012,0.0016
hutt_20200713,COPERNICUS/S2_SR_HARMONIZED/20200712T222549_20200712T222545_T60GUV,2020-07-12 22:27:27,hutt_20200713_plumeTrain_0,1,train,https://doi.org/10.1080/00288330.2022.2088569,"Gall et al. 2022, Figure 10A",v1,S2_SR_HARMONIZED_SCL_v1,174.8796191256518,-41.25816884170416,0.0546,0.0742,0.0813,0.0777,0.0364,0.0317,0.0268,0.0178,0.0028,0.0016
hutt_20200713,COPERNICUS/S2_SR_HARMONIZED/20200712T222549_20200712T222545_T60GUV,2020-07-12 22:27:27,hutt_20200713_plumeTrain_0,1,train,https://doi.org/10.1080/00288330.2022.2088569,"Gall et al. 2022, Figure 10A",v1,S2_SR_HARMONIZED_SCL_v1,174.8797384146422,-41.258171039487,0.0558,0.0731,0.0843,0.0777,0.0364,0.0317,0.028,0.0178,0.0028,0.0016
hutt_20200713,COPERNICUS/S2_SR_HARMONIZED/20200712T222549_20200712T222545_T60GUV,2020-07-12 22:27:27,hutt_20200713_plumeTrain_0,1,train,https://doi.org/10.1080/00288330.2022.2088569,"Gall et al. 2022, Figure 10A",v1,S2_SR_HARMONIZED_SCL_v1,174.87436750340206,-41.25816203322453,0.0549,0.0796,0.0824,0.0764,0.0356,0.0319,0.0295,0.0163,0.0031,0.0012
hutt_20200713,COPERNICUS/S2_SR_HARMONIZED/20200712T222549_20200712T222545_T60GUV,2020-07-12 22:27:27,hutt_20200713_plumeTrain_0,1,train,https://doi.org/10.1080/00288330.2022.2088569,"Gall et al. 2022, Figure 10A",v1,S2_SR_HARMONIZED_SCL_v1,174.8744867919739,-41.25816423644809,0.0562,0.0788,0.081,0.0764,0.0356,0.0319,0.0244,0.0163,0.0031,0.0012
hutt_20200713,COPERNICUS/S2_SR_HARMONIZED/20200712T222549_20200712T222545_T60GUV,2020-07-12 22:27:27,hutt_20200713_plumeTrain_0,1,train,https://doi.org/10.1080/00288330.2022.2088569,"Gall et al. 2022, Figure 10A",v1,S2_SR_HARMONIZED_SCL_v1,174.874606080559,-41.25816643954814,0.0547,0.0802,0.082,0.0788,0.0354,0.0321,0.0272,0.017,0.0028,0.0011
hutt_20200713,COPERNICUS/S2_SR_HARMONIZED/20200712T222549_20200712T222545_T60GUV,2020-07-12 22:27:27,hutt_20200713_plumeTrain_0,1,train,https://doi.org/10.1080/00288330.2022.2088569,"Gall et al. 2022, Figure 10A",v1,S2_SR_HARMONIZED_SCL_v1,174.87472536915735,-41.25816864252471,0.0604,0.0802,0.0868,0.0788,0.0354,0.0321,0.027,0.017,0.0028,0.0011
hutt_20200713,COPERNICUS/S2_SR_HARMONIZED/20200712T222549_20200712T222545_T60GUV,2020-07-12 22:27:27,hutt_20200713_plumeTrain_0,1,train,https://doi.org/10.1080/00288330.2022.2088569,"Gall et al. 2022, Figure 10A",v1,S2_SR_HARMONIZED_SCL_v1,174.8748446577689,-41.25817084537778,0.0614,0.0785,0.0818,0.0745,0.035,0.0312,0.0246,0.0176,0.0022,0.0013
hutt_20200713,COPERNICUS/S2_SR_HARMONIZED/20200712T222549_20200712T222545_T60GUV,2020-07-12 22:27:27,hutt_20200713_plumeTrain_0,1,train,https://doi.org/10.1080/00288330.2022.2088569,"Gall et al. 2022, Figure 10A",v1,S2_SR_HARMONIZED_SCL_v1,174.87496394639373,-41.25817304810735,0.0557,0.0767,0.0815,0.0745,0.035,0.0312,0.0265,0.0176,0.0022,0.0013
hutt_20200713,COPERNICUS/S2_SR_HARMONIZED/20200712T222549_20200712T222545_T60GUV,2020-07-12 22:27:27,hutt_20200713_plumeTrain_0,1,train,https://doi.org/10.1080/00288330.2022.2088569,"Gall et al. 2022, Figure 10A",v1,S2_SR_HARMONIZED_SCL_v1,174.8750832350318,-41.258175250713435,0.0571,0.0767,0.0815,0.0748,0.0338,0.0336,0.0272,0.0164,0.0018,0.003
hutt_20200713,COPERNICUS/S2_SR_HARMONIZED/20200712T222549_20200712T222545_T60GUV,2020-07-12 22:27:27,hutt_20200713_plumeTrain_0,1,train,https://doi.org/10.1080/00288330.2022.2088569,"Gall et al. 2022, Figure 10A",v1,S2_SR_HARMONIZED_SCL_v1,174.87532181234766,-41.25817965555511,0.0575,0.0777,0.0814,0.0739,0.0366,0.033,0.0255,0.0166,0.0019,0.002
hutt_20200713,COPERNICUS/S2_SR_HARMONIZED/20200712T222549_20200712T222545_T60GUV,2020-07-12 22:27:27,hutt_20200713_plumeTrain_0,1,train,https://doi.org/10.1080/00288330.2022.2088569,"Gall et al. 2022, Figure 10A",v1,S2_SR_HARMONIZED_SCL_v1,174.87544110102547,-41.2581818577907,0.0586,0.0767,0.0813,0.0739,0.0366,0.033,0.0246,0.0166,0.0019,0.002
hutt_20200713,COPERNICUS/S2_SR_HARMONIZED/20200712T222549_20200712T222545_T60GUV,2020-07-12 22:27:27,hutt_20200713_plumeTrain_0,1,train,https://doi.org/10.1080/00288330.2022.2088569,"Gall et al. 2022, Figure 10A",v1,S2_SR_HARMONIZED_SCL_v1,174.87556038971647,-41.25818405990281,0.059,0.0766,0.0807,0.0749,0.037,0.0312,0.0254,0.016,0.0017,0.0012
hutt_20200713,COPERNICUS/S2_SR_HARMONIZED/20200712T222549_20200712T222545_T60GUV,2020-07-12 22:27:27,hutt_20200713_plumeTrain_0,1,train,https://doi.org/10.1080/00288330.2022.2088569,"Gall et al. 2022, Figure 10A",v1,S2_SR_HARMONIZED_SCL_v1,174.87579896713828,-41.25818846375653,0.057,0.0779,0.0842,0.078,0.0364,0.0325,0.0279,0.0196,7.0E-4,0.0028
hutt_20200713,COPERNICUS/S2_SR_HARMONIZED/20200712T222549_20200712T222545_T60GUV,2020-07-12 22:27:27,hutt_20200713_plumeTrain_0,1,train,https://doi.org/10.1080/00288330.2022.2088569,"Gall et al. 2022, Figure 10A",v1,S2_SR_HARMONIZED_SCL_v1,174.876037544613,-41.25819286711627,0.0564,0.0814,0.0867,0.0788,0.0375,0.0332,0.028,0.0177,0.0016,0.0021
hutt_20200713,COPERNICUS/S2_SR_HARMONIZED/20200712T222549_20200712T222545_T60GUV,2020-07-12 22:27:27,hutt_20200713_plumeTrain_0,1,train,https://doi.org/10.1080/00288330.2022.2088569,"Gall et al. 2022, Figure 10A",v1,S2_SR_HARMONIZED_SCL_v1,174.8761568333702,-41.2581950686109,0.0597,0.0805,0.0835,0.0788,0.0375,0.0332,0.0286,0.0177,0.0016,0.0021
hutt_20200713,COPERNICUS/S2_SR_HARMONIZED/20200712T222549_20200712T222545_T60GUV,2020-07-12 22:27:27,hutt_20200713_plumeTrain_0,1,train,https://doi.org/10.1080/00288330.2022.2088569,"Gall et al. 2022, Figure 10A",v1,S2_SR_HARMONIZED_SCL_v1,174.87627612214067,-41.25819726998204,0.0581,0.0805,0.086,0.0782,0.0374,0.0323,0.0285,0.018,0.002,0.0036
hutt_20200713,COPERNICUS/S2_SR_HARMONIZED/20200712T222549_20200712T222545_T60GUV,2020-07-12 22:27:27,hutt_20200713_plumeTrain_0,1,train,https://doi.org/10.1080/00288330.2022.2088569,"Gall et al. 2022, Figure 10A",v1,S2_SR_HARMONIZED_SCL_v1,174.87639541092437,-41.25819947122968,0.0601,0.0796,0.0866,0.0782,0.0374,0.0323,0.029,0.018,0.002,0.0036
hutt_20200713,COPERNICUS/S2_SR_HARMONIZED/20200712T222549_20200712T222545_T60GUV,2020-07-12 22:27:27,hutt_20200713_plumeTrain_0,1,train,https://doi.org/10.1080/00288330.2022.2088569,"Gall et al. 2022, Figure 10A",v1,S2_SR_HARMONIZED_SCL_v1,174.8765146997213,-41.25820167235382,0.0601,0.075,0.0854,0.0778,0.0362,0.0345,0.0278,0.0195,0.002,0.003
hutt_20200713,COPERNICUS/S2_SR_HARMONIZED/20200712T222549_20200712T222545_T60GUV,2020-07-12 22:27:27,hutt_20200713_plumeTrain_0,1,train,https://doi.org/10.1080/00288330.2022.2088569,"Gall et al. 2022, Figure 10A",v1,S2_SR_HARMONIZED_SCL_v1,174.87663398853144,-41.25820387335447,0.0556,0.0796,0.0837,0.0778,0.0362,0.0345,0.0297,0.0195,0.002,0.003
hutt_20200713,COPERNICUS/S2_SR_HARMONIZED/20200712T222549_20200712T222545_T60GUV,2020-07-12 22:27:27,hutt_20200713_plumeTrain_0,1,train,https://doi.org/10.1080/00288330.2022.2088569,"Gall et al. 2022, Figure 10A",v1,S2_SR_HARMONIZED_SCL_v1,174.87675327735485,-41.25820607423162,0.0536,0.0804,0.086,0.0799,0.0354,0.033,0.0307,0.0164,0.0015,0.0032
hutt_20200713,COPERNICUS/S2_SR_HARMONIZED/20200712T222549_20200712T222545_T60GUV,2020-07-12 22:27:27,hutt_20200713_plumeTrain_0,1,train,https://doi.org/10.1080/00288330.2022.2088569,"Gall et al. 2022, Figure 10A",v1,S2_SR_HARMONIZED_SCL_v1,174.87687256619145,-41.258208274985286,0.0587,0.0802,0.0846,0.0799,0.0354,0.033,0.0277,0.0164,0.0015,0.0032
hutt_20200713,COPERNICUS/S2_SR_HARMONIZED/20200712T222549_20200712T222545_T60GUV,2020-07-12 22:27:27,hutt_20200713_plumeTrain_0,1,train,https://doi.org/10.1080/00288330.2022.2088569,"Gall et al. 2022, Figure 10A",v1,S2_SR_HARMONIZED_SCL_v1,174.8769918550413,-41.25821047561544,0.0604,0.0795,0.0847,0.0779,0.0354,0.0346,0.0286,0.0165,0.0018,0.0025
hutt_20200713,COPERNICUS/S2_SR_HARMONIZED/20200712T222549_20200712T222545_T60GUV,2020-07-12 22:27:27,hutt_20200713_plumeTrain_0,1,train,https://doi.org/10.1080/00288330.2022.2088569,"Gall et al. 2022, Figure 10A",v1,S2_SR_HARMONIZED_SCL_v1,174.87734972167027,-41.258217076764964,0.0527,0.0782,0.083,0.0735,0.0351,0.0343,0.0269,0.0168,0.0011,0.0023
hutt_20200713,COPERNICUS/S2_SR_HARMONIZED/20200712T222549_20200712T222545_T60GUV,2020-07-12 22:27:27,hutt_20200713_plumeTrain_0,1,train,https://doi.org/10.1080/00288330.2022.2088569,"Gall et al. 2022, Figure 10A",v1,S2_SR_HARMONIZED_SCL_v1,174.87746901057304,-41.25821927690115,0.0536,0.073,0.0806,0.0754,0.0357,0.0325,0.0257,0.0167,0.0021,6.0E-4
hutt_20200713,COPERNICUS/S2_SR_HARMONIZED/20200712T222549_20200712T222545_T60GUV,2020-07-12 22:27:27,hutt_20200713_plumeTrain_0,1,train,https://doi.org/10.1080/00288330.2022.2088569,"Gall et al. 2022, Figure 10A",v1,S2_SR_HARMONIZED_SCL_v1,174.87758829948905,-41.25822147691384,0.0576,0.0732,0.08,0.0754,0.0357,0.0325,0.0275,0.0167,0.0021,6.0E-4
hutt_20200713,COPERNICUS/S2_SR_HARMONIZED/20200712T222549_20200712T222545_T60GUV,2020-07-12 22:27:27,hutt_20200713_plumeTrain_0,1,train,https://doi.org/10.1080/00288330.2022.2088569,"Gall et al. 2022, Figure 10A",v1,S2_SR_HARMONIZED_SCL_v1,174.87770758841825,-41.258223676803034,0.0566,0.0764,0.081,0.0764,0.0359,0.0327,0.0298,0.0169,0.0023,0.0011
hutt_20200713,COPERNICUS/S2_SR_HARMONIZED/20200712T222549_20200712T222545_T60GUV,2020-07-12 22:27:27,hutt_20200713_plumeTrain_0,1,train,https://doi.org/10.1080/00288330.2022.2088569,"Gall et al. 2022, Figure 10A",v1,S2_SR_HARMONIZED_SCL_v1,174.87782687736072,-41.25822587656873,0.0541,0.0764,0.0788,0.0764,0.0359,0.0327,0.0274,0.0169,0.0023,0.0011
hutt_20200713,COPERNICUS/S2_SR_HARMONIZED/20200712T222549_20200712T222545_T60GUV,2020-07-12 22:27:27,hutt_20200713_plumeTrain_0,1,train,https://doi.org/10.1080/00288330.2022.2088569,"Gall et al. 2022, Figure 10A",v1,S2_SR_HARMONIZED_SCL_v1,174.87794616631638,-41.25822807621093,0.0565,0.0744,0.0791,0.0768,0.0359,0.0335,0.0267,0.0168,0.0018,7.0E-4
hutt_20200713,COPERNICUS/S2_SR_HARMONIZED/20200712T222549_20200712T222545_T60GUV,2020-07-12 22:27:27,hutt_20200713_plumeTrain_0,1,train,https://doi.org/10.1080/00288330.2022.2088569,"Gall et al. 2022, Figure 10A",v1,S2_SR_HARMONIZED_SCL_v1,174.87806545528528,-41.25823027572964,0.0547,0.0771,0.0849,0.0768,0.0359,0.0335,0.0263,0.0168,0.0018,7.0E-4
hutt_20200713,COPERNICUS/S2_SR_HARMONIZED/20200712T222549_20200712T222545_T60GUV,2020-07-12 22:27:27,hutt_20200713_plumeTrain_0,1,train,https://doi.org/10.1080/00288330.2022.2088569,"Gall et al. 2022, Figure 10A",v1,S2_SR_HARMONIZED_SCL_v1,174.87842332227132,-41.25823687354478,0.0554,0.0739,0.0826,0.0762,0.0359,0.0316,0.0235,0.017,0.0027,0.0021
hutt_20200713,COPERNICUS/S2_SR_HARMONIZED/20200712T222549_20200712T222545_T60GUV,2020-07-12 22:27:27,hutt_20200713_plumeTrain_0,1,train,https://doi.org/10.1080/00288330.2022.2088569,"Gall et al. 2022, Figure 10A",v1,S2_SR_HARMONIZED_SCL_v1,174.8789004784378,-41.25824566890271,0.0528,0.0771,0.0845,0.0772,0.0335,0.0322,0.0271,0.0181,0.0021,1.0E-4
hutt_20200713,COPERNICUS/S2_SR_HARMONIZED/20200712T222549_20200712T222545_T60GUV,2020-07-12 22:27:27,hutt_20200713_plumeTrain_0,1,train,https://doi.org/10.1080/00288330.2022.2088569,"Gall et al. 2022, Figure 10A",v1,S2_SR_HARMONIZED_SCL_v1,174.8790197675125,-41.25824786743345,0.0528,0.0774,0.0783,0.0772,0.0335,0.0322,0.0265,0.0181,0.0021,1.0E-4
hutt_20200713,COPERNICUS/S2_SR_HARMONIZED/20200712T222549_20200712T222545_T60GUV,2020-07-12 22:27:27,hutt_20200713_plumeTrain_0,1,train,https://doi.org/10.1080/00288330.2022.2088569,"Gall et al. 2022, Figure 10A",v1,S2_SR_HARMONIZED_SCL_v1,174.87925834570146,-41.258252264124444,0.0585,0.0756,0.0813,0.0747,0.0347,0.0309,0.0271,0.0188,0.0011,7.0E-4
hutt_20200713,COPERNICUS/S2_SR_HARMONIZED/20200712T222549_20200712T222545_T60GUV,2020-07-12 22:27:27,hutt_20200713_plumeTrain_0,1,train,https://doi.org/10.1080/00288330.2022.2088569,"Gall et al. 2022, Figure 10A",v1,S2_SR_HARMONIZED_SCL_v1,174.87949692394332,-41.25825666032146,0.0565,0.0739,0.0843,0.0761,0.0369,0.0344,0.0256,0.019,0.0012,0.0016
hutt_20200713,COPERNICUS/S2_SR_HARMONIZED/20200712T222549_20200712T222545_T60GUV,2020-07-12 22:27:27,hutt_20200713_plumeTrain_0,1,train,https://doi.org/10.1080/00288330.2022.2088569,"Gall et al. 2022, Figure 10A",v1,S2_SR_HARMONIZED_SCL_v1,174.87973550223805,-41.25826105602448,0.0545,0.0722,0.0813,0.0777,0.0364,0.0317,0.0302,0.0178,0.0028,0.0016
hutt_20200713,COPERNICUS/S2_SR_HARMONIZED/20200712T222549_20200712T222545_T60GUV,2020-07-12 22:27:27,hutt_20200713_plumeTrain_0,1,train,https://doi.org/10.1080/00288330.2022.2088569,"Gall et al. 2022, Figure 10A",v1,S2_SR_HARMONIZED_SCL_v1,174.8799740805856,-41.258265451233534,0.0554,0.0738,0.0803,0.077,0.0345,0.031,0.0264,0.0161,0.0025,0.0034
hutt_20200713,COPERNICUS/S2_SR_HARMONIZED/20200712T222549_20200712T222545_T60GUV,2020-07-12 22:27:27,hutt_20200713_plumeTrain_0,1,train,https://doi.org/10.1080/00288330.2022.2088569,"Gall et al. 2022, Figure 10A",v1,S2_SR_HARMONIZED_SCL_v1,174.8744838723601,-41.258254252679166,0.0589,0.0802,0.0811,0.0785,0.0345,0.0319,0.0277,0.019,9.0E-4,0.0023
hutt_20200713,COPERNICUS/S2_SR_HARMONIZED/20200712T222549_20200712T222545_T60GUV,2020-07-12 22:27:27,hutt_20200713_plumeTrain_0,1,train,https://doi.org/10.1080/00288330.2022.2088569,"Gall et al. 2022, Figure 10A",v1,S2_SR_HARMONIZED_SCL_v1,174.87460316110872,-41.25825645578617,0.0549,0.0821,0.085,0.0776,0.0364,0.0323,0.0293,0.0155,0.0013,0.0021
hutt_20200713,COPERNICUS/S2_SR_HARMONIZED/20200712T222549_20200712T222545_T60GUV,2020-07-12 22:27:27,hutt_20200713_plumeTrain_0,1,train,https://doi.org/10.1080/00288330.2022.2088569,"Gall et al. 2022, Figure 10A",v1,S2_SR_HARMONIZED_SCL_v1,174.8747224498706,-41.25825865876966,0.0558,0.0794,0.0872,0.0776,0.0364,0.0323,0.0279,0.0155,0.0013,0.0021
hutt_20200713,COPERNICUS/S2_SR_HARMONIZED/20200712T222549_20200712T222545_T60GUV,2020-07-12 22:27:27,hutt_20200713_plumeTrain_0,1,train,https://doi.org/10.1080/00288330.2022.2088569,"Gall et al. 2022, Figure 10A",v1,S2_SR_HARMONIZED_SCL_v1,174.87508031623577,-41.258265266979194,0.0569,0.0766,0.081,0.0749,0.0341,0.0338,0.0267,0.0168,0.0018,0.0028
hutt_20200713,COPERNICUS/S2_SR_HARMONIZED/20200712T222549_20200712T222545_T60GUV,2020-07-12 22:27:27,hutt_20200713_plumeTrain_0,1,train,https://doi.org/10.1080/00288330.2022.2088569,"Gall et al. 2022, Figure 10A",v1,S2_SR_HARMONIZED_SCL_v1,174.8753188938787,-41.25826967183474,0.0548,0.0777,0.0829,0.0751,0.0346,0.0323,0.0269,0.0165,0.0021,0.0013
hutt_20200713,COPERNICUS/S2_SR_HARMONIZED/20200712T222549_20200712T222545_T60GUV,2020-07-12 22:27:27,hutt_20200713_plumeTrain_0,1,train,https://doi.org/10.1080/00288330.2022.2088569,"Gall et al. 2022, Figure 10A",v1,S2_SR_HARMONIZED_SCL_v1,174.87543818272005,-41.258271874077266,0.0568,0.0791,0.0828,0.0751,0.0346,0.0323,0.0254,0.0165,0.0021,0.0013
hutt_20200713,COPERNICUS/S2_SR_HARMONIZED/20200712T222549_20200712T222545_T60GUV,2020-07-12 22:27:27,hutt_20200713_plumeTrain_0,1,train,https://doi.org/10.1080/00288330.2022.2088569,"Gall et al. 2022, Figure 10A",v1,S2_SR_HARMONIZED_SCL_v1,174.87567676044247,-41.25827627819184,0.0597,0.0742,0.0816,0.076,0.0371,0.0318,0.0247,0.0165,0.003,2.0E-4
hutt_20200713,COPERNICUS/S2_SR_HARMONIZED/20200712T222549_20200712T222545_T60GUV,2020-07-12 22:27:27,hutt_20200713_plumeTrain_0,1,train,https://doi.org/10.1080/00288330.2022.2088569,"Gall et al. 2022, Figure 10A",v1,S2_SR_HARMONIZED_SCL_v1,174.87579604932353,-41.25827848006389,0.057,0.079,0.0847,0.0784,0.0351,0.0317,0.0266,0.0202,0.0029,0.0041
hutt_20200713,COPERNICUS/S2_SR_HARMONIZED/20200712T222549_20200712T222545_T60GUV,2020-07-12 22:27:27,hutt_20200713_plumeTrain_0,1,train,https://doi.org/10.1080/00288330.2022.2088569,"Gall et al. 2022, Figure 10A",v1,S2_SR_HARMONIZED_SCL_v1,174.8760346271254,-41.258282883437495,0.0575,0.0793,0.085,0.079,0.0364,0.0322,0.0268,0.0177,0.0022,0.0017
hutt_20200713,COPERNICUS/S2_SR_HARMONIZED/20200712T222549_20200712T222545_T60GUV,2020-07-12 22:27:27,hutt_20200713_plumeTrain_0,1,train,https://doi.org/10.1080/00288330.2022.2088569,"Gall et al. 2022, Figure 10A",v1,S2_SR_HARMONIZED_SCL_v1,174.87615391604615,-41.258285084939054,0.0582,0.0784,0.0871,0.079,0.0364,0.0322,0.028,0.0177,0.0022,0.0017
hutt_20200713,COPERNICUS/S2_SR_HARMONIZED/20200712T222549_20200712T222545_T60GUV,2020-07-12 22:27:27,hutt_20200713_plumeTrain_0,1,train,https://doi.org/10.1080/00288330.2022.2088569,"Gall et al. 2022, Figure 10A",v1,S2_SR_HARMONIZED_SCL_v1,174.87627320498018,-41.25828728631712,0.0633,0.0797,0.0892,0.0785,0.0371,0.0326,0.0269,0.0186,0.002,0.0023
hutt_20200713,COPERNICUS/S2_SR_HARMONIZED/20200712T222549_20200712T222545_T60GUV,2020-07-12 22:27:27,hutt_20200713_plumeTrain_0,1,train,https://doi.org/10.1080/00288330.2022.2088569,"Gall et al. 2022, Figure 10A",v1,S2_SR_HARMONIZED_SCL_v1,174.87639249392743,-41.258289487571695,0.0577,0.0827,0.0856,0.0785,0.0371,0.0326,0.0273,0.0186,0.002,0.0023
hutt_20200713,COPERNICUS/S2_SR_HARMONIZED/20200712T222549_20200712T222545_T60GUV,2020-07-12 22:27:27,hutt_20200713_plumeTrain_0,1,train,https://doi.org/10.1080/00288330.2022.2088569,"Gall et al. 2022, Figure 10A",v1,S2_SR_HARMONIZED_SCL_v1,174.8766310718616,-41.258293889710345,0.057,0.0796,0.0847,0.0798,0.0359,0.0343,0.0266,0.0204,0.0018,0.0018
hutt_20200713,COPERNICUS/S2_SR_HARMONIZED/20200712T222549_20200712T222545_T60GUV,2020-07-12 22:27:27,hutt_20200713_plumeTrain_0,1,train,https://doi.org/10.1080/00288330.2022.2088569,"Gall et al. 2022, Figure 10A",v1,S2_SR_HARMONIZED_SCL_v1,174.87686964984874,-41.25829829135501,0.0569,0.0765,0.0834,0.0791,0.0352,0.0342,0.0275,0.0176,0.002,0.0031
hutt_20200713,COPERNICUS/S2_SR_HARMONIZED/20200712T222549_20200712T222545_T60GUV,2020-07-12 22:27:27,hutt_20200713_plumeTrain_0,1,train,https://doi.org/10.1080/00288330.2022.2088569,"Gall et al. 2022, Figure 10A",v1,S2_SR_HARMONIZED_SCL_v1,174.87746609504808,-41.25830929330552,0.0567,0.0764,0.0805,0.0767,0.0337,0.0336,0.0275,0.0167,0.0017,0.0013
hutt_20200713,COPERNICUS/S2_SR_HARMONIZED/20200712T222549_20200712T222545_T60GUV,2020-07-12 22:27:27,hutt_20200713_plumeTrain_0,1,train,https://doi.org/10.1080/00288330.2022.2088569,"Gall et al. 2022, Figure 10A",v1,S2_SR_HARMONIZED_SCL_v1,174.87758538412763,-41.25831149332514,0.0555,0.0792,0.0792,0.0767,0.0337,0.0336,0.0278,0.0167,0.0017,0.0013
hutt_20200713,COPERNICUS/S2_SR_HARMONIZED/20200712T222549_20200712T222545_T60GUV,2020-07-12 22:27:27,hutt_20200713_plumeTrain_0,1,train,https://doi.org/10.1080/00288330.2022.2088569,"Gall et al. 2022, Figure 10A",v1,S2_SR_HARMONIZED_SCL_v1,174.8778239623264,-41.25831589299388,0.0546,0.077,0.0799,0.0765,0.0347,0.0325,0.0265,0.0168,0.002,0.0018
hutt_20200713,COPERNICUS/S2_SR_HARMONIZED/20200712T222549_20200712T222545_T60GUV,2020-07-12 22:27:27,hutt_20200713_plumeTrain_0,1,train,https://doi.org/10.1080/00288330.2022.2088569,"Gall et al. 2022, Figure 10A",v1,S2_SR_HARMONIZED_SCL_v1,174.87794325144563,-41.258318092643,0.0566,0.0773,0.0807,0.0767,0.0358,0.0325,0.0263,0.0167,0.0025,0.0035
hutt_20200713,COPERNICUS/S2_SR_HARMONIZED/20200712T222549_20200712T222545_T60GUV,2020-07-12 22:27:27,hutt_20200713_plumeTrain_0,1,train,https://doi.org/10.1080/00288330.2022.2088569,"Gall et al. 2022, Figure 10A",v1,S2_SR_HARMONIZED_SCL_v1,174.8780625405781,-41.25832029216863,0.0536,0.0764,0.0837,0.0767,0.0358,0.0325,0.0267,0.0167,0.0025,0.0035
hutt_20200713,COPERNICUS/S2_SR_HARMONIZED/20200712T222549_20200712T222545_T60GUV,2020-07-12 22:27:27,hutt_20200713_plumeTrain_0,1,train,https://doi.org/10.1080/00288330.2022.2088569,"Gall et al. 2022, Figure 10A",v1,S2_SR_HARMONIZED_SCL_v1,174.87830111888272,-41.258324690849406,0.0528,0.0755,0.0811,0.0757,0.036,0.0321,0.0277,0.017,0.0031,0.003
hutt_20200713,COPERNICUS/S2_SR_HARMONIZED/20200712T222549_20200712T222545_T60GUV,2020-07-12 22:27:27,hutt_20200713_plumeTrain_0,1,train,https://doi.org/10.1080/00288330.2022.2088569,"Gall et al. 2022, Figure 10A",v1,S2_SR_HARMONIZED_SCL_v1,174.87842040805484,-41.258326890004554,0.0565,0.0721,0.0806,0.0753,0.0375,0.0321,0.0269,0.0166,0.0021,0.0036
hutt_20200713,COPERNICUS/S2_SR_HARMONIZED/20200712T222549_20200712T222545_T60GUV,2020-07-12 22:27:27,hutt_20200713_plumeTrain_0,1,train,https://doi.org/10.1080/00288330.2022.2088569,"Gall et al. 2022, Figure 10A",v1,S2_SR_HARMONIZED_SCL_v1,174.87853969724017,-41.2583290890362,0.0587,0.0798,0.0796,0.0753,0.0375,0.0321,0.0278,0.0166,0.0021,0.0036
hutt_20200713,COPERNICUS/S2_SR_HARMONIZED/20200712T222549_20200712T222545_T60GUV,2020-07-12 22:27:27,hutt_20200713_plumeTrain_0,1,train,https://doi.org/10.1080/00288330.2022.2088569,"Gall et al. 2022, Figure 10A",v1,S2_SR_HARMONIZED_SCL_v1,174.87865898643872,-41.25833128794435,0.0523,0.0744,0.0814,0.0754,0.0339,0.0345,0.0285,0.0174,0.0022,0.0012
hutt_20200713,COPERNICUS/S2_SR_HARMONIZED/20200712T222549_20200712T222545_T60GUV,2020-07-12 22:27:27,hutt_20200713_plumeTrain_0,1,train,https://doi.org/10.1080/00288330.2022.2088569,"Gall et al. 2022, Figure 10A",v1,S2_SR_HARMONIZED_SCL_v1,174.87889756487556,-41.258335685390165,0.0572,0.0753,0.0811,0.0743,0.0338,0.0335,0.0258,0.0168,0.0015,0.001
hutt_20200713,COPERNICUS/S2_SR_HARMONIZED/20200712T222549_20200712T222545_T60GUV,2020-07-12 22:27:27,hutt_20200713_plumeTrain_0,1,train,https://doi.org/10.1080/00288330.2022.2088569,"Gall et al. 2022, Figure 10A",v1,S2_SR_HARMONIZED_SCL_v1,174.87937472190777,-41.258344478799835,0.0575,0.0763,0.0814,0.078,0.0363,0.0346,0.0257,0.0183,6.0E-4,0.0027
hutt_20200713,COPERNICUS/S2_SR_HARMONIZED/20200712T222549_20200712T222545_T60GUV,2020-07-12 22:27:27,hutt_20200713_plumeTrain_0,1,train,https://doi.org/10.1080/00288330.2022.2088569,"Gall et al. 2022, Figure 10A",v1,S2_SR_HARMONIZED_SCL_v1,174.87949401119883,-41.258346676843516,0.0547,0.0748,0.0813,0.078,0.0363,0.0346,0.0273,0.0183,6.0E-4,0.0027
hutt_20200713,COPERNICUS/S2_SR_HARMONIZED/20200712T222549_20200712T222545_T60GUV,2020-07-12 22:27:27,hutt_20200713_plumeTrain_0,1,train,https://doi.org/10.1080/00288330.2022.2088569,"Gall et al. 2022, Figure 10A",v1,S2_SR_HARMONIZED_SCL_v1,174.87961330050314,-41.2583488747637,0.0493,0.0787,0.0797,0.0773,0.0372,0.031,0.0268,0.0161,0.0018,0.002
hutt_20200713,COPERNICUS/S2_SR_HARMONIZED/20200712T222549_20200712T222545_T60GUV,2020-07-12 22:27:27,hutt_20200713_plumeTrain_0,1,train,https://doi.org/10.1080/00288330.2022.2088569,"Gall et al. 2022, Figure 10A",v1,S2_SR_HARMONIZED_SCL_v1,174.8798518791514,-41.25835327023358,0.0517,0.0773,0.0804,0.0788,0.0349,0.0326,0.0279,0.0157,0.0026,0.0039
hutt_20200713,COPERNICUS/S2_SR_HARMONIZED/20200712T222549_20200712T222545_T60GUV,2020-07-12 22:27:27,hutt_20200713_plumeTrain_0,1,train,https://doi.org/10.1080/00288330.2022.2088569,"Gall et al. 2022, Figure 10A",v1,S2_SR_HARMONIZED_SCL_v1,174.87997116849536,-41.25835546778327,0.0554,0.0744,0.0818,0.0788,0.0349,0.0326,0.0291,0.0157,0.0026,0.0039
hutt_20200713,COPERNICUS/S2_SR_HARMONIZED/20200712T222549_20200712T222545_T60GUV,2020-07-12 22:27:27,hutt_20200713_plumeTrain_0,1,train,https://doi.org/10.1080/00288330.2022.2088569,"Gall et al. 2022, Figure 10A",v1,S2_SR_HARMONIZED_SCL_v1,174.8800904578525,-41.258357665209466,0.0561,0.0755,0.0843,0.0783,0.0353,0.0343,0.0258,0.0172,0.0019,0.0044
hutt_20200713,COPERNICUS/S2_SR_HARMONIZED/20200712T222549_20200712T222545_T60GUV,2020-07-12 22:27:27,hutt_20200713_plumeTrain_0,1,train,https://doi.org/10.1080/00288330.2022.2088569,"Gall et al. 2022, Figure 10A",v1,S2_SR_HARMONIZED_SCL_v1,174.8746002416452,-41.2583464720226,0.0572,0.0802,0.086,0.0776,0.0364,0.0323,0.0275,0.0155,0.0013,0.0021
hutt_20200713,COPERNICUS/S2_SR_HARMONIZED/20200712T222549_20200712T222545_T60GUV,2020-07-12 22:27:27,hutt_20200713_plumeTrain_0,1,train,https://doi.org/10.1080/00288330.2022.2088569,"Gall et al. 2022, Figure 10A",v1,S2_SR_HARMONIZED_SCL_v1,174.87471953057064,-41.258348675013046,0.059,0.0808,0.0841,0.0776,0.0364,0.0323,0.028,0.0155,0.0013,0.0021
hutt_20200713,COPERNICUS/S2_SR_HARMONIZED/20200712T222549_20200712T222545_T60GUV,2020-07-12 22:27:27,hutt_20200713_plumeTrain_0,1,train,https://doi.org/10.1080/00288330.2022.2088569,"Gall et al. 2022, Figure 10A",v1,S2_SR_HARMONIZED_SCL_v1,174.87483881950934,-41.258350877879984,0.0572,0.0773,0.0842,0.074,0.0365,0.0326,0.0296,0.0163,0.0019,8.0E-4
hutt_20200713,COPERNICUS/S2_SR_HARMONIZED/20200712T222549_20200712T222545_T60GUV,2020-07-12 22:27:27,hutt_20200713_plumeTrain_0,1,train,https://doi.org/10.1080/00288330.2022.2088569,"Gall et al. 2022, Figure 10A",v1,S2_SR_HARMONIZED_SCL_v1,174.87495810846127,-41.25835308062343,0.0568,0.0816,0.0835,0.074,0.0365,0.0326,0.0286,0.0163,0.0019,8.0E-4
hutt_20200713,COPERNICUS/S2_SR_HARMONIZED/20200712T222549_20200712T222545_T60GUV,2020-07-12 22:27:27,hutt_20200713_plumeTrain_0,1,train,https://doi.org/10.1080/00288330.2022.2088569,"Gall et al. 2022, Figure 10A",v1,S2_SR_HARMONIZED_SCL_v1,174.87519668640488,-41.258357485739836,0.0578,0.0813,0.0815,0.0749,0.0341,0.0338,0.0279,0.0168,0.0018,0.0028
hutt_20200713,COPERNICUS/S2_SR_HARMONIZED/20200712T222549_20200712T222545_T60GUV,2020-07-12 22:27:27,hutt_20200713_plumeTrain_0,1,train,https://doi.org/10.1080/00288330.2022.2088569,"Gall et al. 2022, Figure 10A",v1,S2_SR_HARMONIZED_SCL_v1,174.87531597539652,-41.25835968811279,0.0572,0.077,0.0813,0.0751,0.0346,0.0323,0.0272,0.0165,0.0021,0.0013
hutt_20200713,COPERNICUS/S2_SR_HARMONIZED/20200712T222549_20200712T222545_T60GUV,2020-07-12 22:27:27,hutt_20200713_plumeTrain_0,1,train,https://doi.org/10.1080/00288330.2022.2088569,"Gall et al. 2022, Figure 10A",v1,S2_SR_HARMONIZED_SCL_v1,174.87543526440143,-41.25836189036226,0.0564,0.077,0.0808,0.0751,0.0346,0.0323,0.0255,0.0165,0.0021,0.0013
hutt_20200713,COPERNICUS/S2_SR_HARMONIZED/20200712T222549_20200712T222545_T60GUV,2020-07-12 22:27:27,hutt_20200713_plumeTrain_0,1,train,https://doi.org/10.1080/00288330.2022.2088569,"Gall et al. 2022, Figure 10A",v1,S2_SR_HARMONIZED_SCL_v1,174.87567384245094,-41.25836629449069,0.0601,0.0801,0.0809,0.076,0.0371,0.0318,0.0263,0.0165,0.003,2.0E-4
hutt_20200713,COPERNICUS/S2_SR_HARMONIZED/20200712T222549_20200712T222545_T60GUV,2020-07-12 22:27:27,hutt_20200713_plumeTrain_0,1,train,https://doi.org/10.1080/00288330.2022.2088569,"Gall et al. 2022, Figure 10A",v1,S2_SR_HARMONIZED_SCL_v1,174.87579313149558,-41.25836849636967,0.0605,0.0766,0.0845,0.0784,0.0351,0.0317,0.0262,0.0202,0.0029,0.0041
hutt_20200713,COPERNICUS/S2_SR_HARMONIZED/20200712T222549_20200712T222545_T60GUV,2020-07-12 22:27:27,hutt_20200713_plumeTrain_0,1,train,https://doi.org/10.1080/00288330.2022.2088569,"Gall et al. 2022, Figure 10A",v1,S2_SR_HARMONIZED_SCL_v1,174.87591242055342,-41.258370698125155,0.0585,0.078,0.0822,0.0784,0.0351,0.0317,0.0273,0.0202,0.0029,0.0041
hutt_20200713,COPERNICUS/S2_SR_HARMONIZED/20200712T222549_20200712T222545_T60GUV,2020-07-12 22:27:27,hutt_20200713_plumeTrain_0,1,train,https://doi.org/10.1080/00288330.2022.2088569,"Gall et al. 2022, Figure 10A",v1,S2_SR_HARMONIZED_SCL_v1,174.87615099870885,-41.258375101265635,0.0602,0.0746,0.0839,0.079,0.0364,0.0322,0.0263,0.0177,0.0022,0.0017
hutt_20200713,COPERNICUS/S2_SR_HARMONIZED/20200712T222549_20200712T222545_T60GUV,2020-07-12 22:27:27,hutt_20200713_plumeTrain_0,1,train,https://doi.org/10.1080/00288330.2022.2088569,"Gall et al. 2022, Figure 10A",v1,S2_SR_HARMONIZED_SCL_v1,174.87627028780642,-41.25837730265063,0.0582,0.0776,0.0855,0.0785,0.0371,0.0326,0.026,0.0186,0.002,0.0023
hutt_20200713,COPERNICUS/S2_SR_HARMONIZED/20200712T222549_20200712T222545_T60GUV,2020-07-12 22:27:27,hutt_20200713_plumeTrain_0,1,train,https://doi.org/10.1080/00288330.2022.2088569,"Gall et al. 2022, Figure 10A",v1,S2_SR_HARMONIZED_SCL_v1,174.87650886604126,-41.25838170505013,0.0577,0.0763,0.0846,0.0798,0.0359,0.0343,0.0278,0.0204,0.0018,0.0018
hutt_20200713,COPERNICUS/S2_SR_HARMONIZED/20200712T222549_20200712T222545_T60GUV,2020-07-12 22:27:27,hutt_20200713_plumeTrain_0,1,train,https://doi.org/10.1080/00288330.2022.2088569,"Gall et al. 2022, Figure 10A",v1,S2_SR_HARMONIZED_SCL_v1,174.87662815517854,-41.25838390606464,0.0571,0.0811,0.086,0.0798,0.0359,0.0343,0.0296,0.0204,0.0018,0.0018
hutt_20200713,COPERNICUS/S2_SR_HARMONIZED/20200712T222549_20200712T222545_T60GUV,2020-07-12 22:27:27,hutt_20200713_plumeTrain_0,1,train,https://doi.org/10.1080/00288330.2022.2088569,"Gall et al. 2022, Figure 10A",v1,S2_SR_HARMONIZED_SCL_v1,174.87698602266974,-41.258390508367185,0.0556,0.0783,0.0818,0.0788,0.0349,0.036,0.0274,0.017,0.0028,0.0036
hutt_20200713,COPERNICUS/S2_SR_HARMONIZED/20200712T222549_20200712T222545_T60GUV,2020-07-12 22:27:27,hutt_20200713_plumeTrain_0,1,train,https://doi.org/10.1080/00288330.2022.2088569,"Gall et al. 2022, Figure 10A",v1,S2_SR_HARMONIZED_SCL_v1,174.87722460106338,-41.25839490928474,0.0527,0.0783,0.0833,0.0799,0.034,0.0359,0.0276,0.0167,0.0026,5.0E-4
hutt_20200713,COPERNICUS/S2_SR_HARMONIZED/20200712T222549_20200712T222545_T60GUV,2020-07-12 22:27:27,hutt_20200713_plumeTrain_0,1,train,https://doi.org/10.1080/00288330.2022.2088569,"Gall et al. 2022, Figure 10A",v1,S2_SR_HARMONIZED_SCL_v1,174.87734389028003,-41.258397109558274,0.058,0.078,0.0817,0.0799,0.034,0.0359,0.0281,0.0167,0.0026,5.0E-4
hutt_20200713,COPERNICUS/S2_SR_HARMONIZED/20200712T222549_20200712T222545_T60GUV,2020-07-12 22:27:27,hutt_20200713_plumeTrain_0,1,train,https://doi.org/10.1080/00288330.2022.2088569,"Gall et al. 2022, Figure 10A",v1,S2_SR_HARMONIZED_SCL_v1,174.87758246875302,-41.25840150973485,0.0518,0.0802,0.081,0.0767,0.0337,0.0336,0.0298,0.0167,0.0017,0.0013
hutt_20200713,COPERNICUS/S2_SR_HARMONIZED/20200712T222549_20200712T222545_T60GUV,2020-07-12 22:27:27,hutt_20200713_plumeTrain_0,1,train,https://doi.org/10.1080/00288330.2022.2088569,"Gall et al. 2022, Figure 10A",v1,S2_SR_HARMONIZED_SCL_v1,174.87782104727893,-41.25840590941744,0.0546,0.0754,0.0842,0.0765,0.0347,0.0325,0.0279,0.0168,0.002,0.0018
hutt_20200713,COPERNICUS/S2_SR_HARMONIZED/20200712T222549_20200712T222545_T60GUV,2020-07-12 22:27:27,hutt_20200713_plumeTrain_0,1,train,https://doi.org/10.1080/00288330.2022.2088569,"Gall et al. 2022, Figure 10A",v1,S2_SR_HARMONIZED_SCL_v1,174.8779403365617,-41.25840810907349,0.0555,0.0733,0.0807,0.0767,0.0358,0.0325,0.0244,0.0167,0.0025,0.0035
hutt_20200713,COPERNICUS/S2_SR_HARMONIZED/20200712T222549_20200712T222545_T60GUV,2020-07-12 22:27:27,hutt_20200713_plumeTrain_0,1,train,https://doi.org/10.1080/00288330.2022.2088569,"Gall et al. 2022, Figure 10A",v1,S2_SR_HARMONIZED_SCL_v1,174.87817891516696,-41.25841250801511,0.0491,0.078,0.0811,0.0757,0.036,0.0321,0.0259,0.017,0.0031,0.003
hutt_20200713,COPERNICUS/S2_SR_HARMONIZED/20200712T222549_20200712T222545_T60GUV,2020-07-12 22:27:27,hutt_20200713_plumeTrain_0,1,train,https://doi.org/10.1080/00288330.2022.2088569,"Gall et al. 2022, Figure 10A",v1,S2_SR_HARMONIZED_SCL_v1,174.87841749382508,-41.25841690646274,0.0518,0.0764,0.0816,0.0753,0.0375,0.0321,0.0278,0.0166,0.0021,0.0036
hutt_20200713,COPERNICUS/S2_SR_HARMONIZED/20200712T222549_20200712T222545_T60GUV,2020-07-12 22:27:27,hutt_20200713_plumeTrain_0,1,train,https://doi.org/10.1080/00288330.2022.2088569,"Gall et al. 2022, Figure 10A",v1,S2_SR_HARMONIZED_SCL_v1,174.87865607253613,-41.25842130441639,0.0548,0.0755,0.0816,0.0754,0.0339,0.0345,0.0254,0.0174,0.0022,0.0012
hutt_20200713,COPERNICUS/S2_SR_HARMONIZED/20200712T222549_20200712T222545_T60GUV,2020-07-12 22:27:27,hutt_20200713_plumeTrain_0,1,train,https://doi.org/10.1080/00288330.2022.2088569,"Gall et al. 2022, Figure 10A",v1,S2_SR_HARMONIZED_SCL_v1,174.87877536191147,-41.258423503207965,0.054,0.0788,0.0802,0.0754,0.0339,0.0345,0.0277,0.0174,0.0022,0.0012
hutt_20200713,COPERNICUS/S2_SR_HARMONIZED/20200712T222549_20200712T222545_T60GUV,2020-07-12 22:27:27,hutt_20200713_plumeTrain_0,1,train,https://doi.org/10.1080/00288330.2022.2088569,"Gall et al. 2022, Figure 10A",v1,S2_SR_HARMONIZED_SCL_v1,174.8790139407018,-41.25842790042063,0.0579,0.0725,0.0822,0.0743,0.0338,0.0335,0.0267,0.0168,0.0015,0.001
hutt_20200713,COPERNICUS/S2_SR_HARMONIZED/20200712T222549_20200712T222545_T60GUV,2020-07-12 22:27:27,hutt_20200713_plumeTrain_0,1,train,https://doi.org/10.1080/00288330.2022.2088569,"Gall et al. 2022, Figure 10A",v1,S2_SR_HARMONIZED_SCL_v1,174.87925251954508,-41.25843229713931,0.0554,0.0763,0.0808,0.0754,0.0359,0.0309,0.0285,0.0181,8.0E-4,0.0024
hutt_20200713,COPERNICUS/S2_SR_HARMONIZED/20200712T222549_20200712T222545_T60GUV,2020-07-12 22:27:27,hutt_20200713_plumeTrain_0,1,train,https://doi.org/10.1080/00288330.2022.2088569,"Gall et al. 2022, Figure 10A",v1,S2_SR_HARMONIZED_SCL_v1,174.8793718089865,-41.258434495313395,0.0565,0.0802,0.0835,0.078,0.0363,0.0346,0.027,0.0183,6.0E-4,0.0027
hutt_20200713,COPERNICUS/S2_SR_HARMONIZED/20200712T222549_20200712T222545_T60GUV,2020-07-12 22:27:27,hutt_20200713_plumeTrain_0,1,train,https://doi.org/10.1080/00288330.2022.2088569,"Gall et al. 2022, Figure 10A",v1,S2_SR_HARMONIZED_SCL_v1,174.8798489668844,-41.25844328677481,0.0512,0.0756,0.0813,0.0788,0.0349,0.0326,0.0264,0.0157,0.0026,0.0039
hutt_20200713,COPERNICUS/S2_SR_HARMONIZED/20200712T222549_20200712T222545_T60GUV,2020-07-12 22:27:27,hutt_20200713_plumeTrain_0,1,train,https://doi.org/10.1080/00288330.2022.2088569,"Gall et al. 2022, Figure 10A",v1,S2_SR_HARMONIZED_SCL_v1,174.88020683544653,-41.258449879074156,0.051,0.0765,0.0824,0.0783,0.0353,0.0343,0.0266,0.0172,0.0019,0.0044
hutt_20200713,COPERNICUS/S2_SR_HARMONIZED/20200712T222549_20200712T222545_T60GUV,2020-07-12 22:27:27,hutt_20200713_plumeTrain_0,1,train,https://doi.org/10.1080/00288330.2022.2088569,"Gall et al. 2022, Figure 10A",v1,S2_SR_HARMONIZED_SCL_v1,174.8803261249937,-41.258452076260276,0.0532,0.0756,0.086,0.0773,0.0373,0.0353,0.0303,0.0165,0.0017,0.0026
hutt_20200713,COPERNICUS/S2_SR_HARMONIZED/20200712T222549_20200712T222545_T60GUV,2020-07-12 22:27:27,hutt_20200713_plumeTrain_0,1,train,https://doi.org/10.1080/00288330.2022.2088569,"Gall et al. 2022, Figure 10A",v1,S2_SR_HARMONIZED_SCL_v1,174.88044541455403,-41.2584542733229,0.0565,0.0755,0.0807,0.0773,0.0373,0.0353,0.0276,0.0165,0.0017,0.0026
hutt_20200713,COPERNICUS/S2_SR_HARMONIZED/20200712T222549_20200712T222545_T60GUV,2020-07-12 22:27:27,hutt_20200713_plumeTrain_0,1,train,https://doi.org/10.1080/00288330.2022.2088569,"Gall et al. 2022, Figure 10A",v1,S2_SR_HARMONIZED_SCL_v1,174.87495518947517,-41.2584430968791,0.0558,0.0798,0.0842,0.0769,0.0369,0.0373,0.0285,0.0181,0.0017,0.0023
hutt_20200713,COPERNICUS/S2_SR_HARMONIZED/20200712T222549_20200712T222545_T60GUV,2020-07-12 22:27:27,hutt_20200713_plumeTrain_0,1,train,https://doi.org/10.1080/00288330.2022.2088569,"Gall et al. 2022, Figure 10A",v1,S2_SR_HARMONIZED_SCL_v1,174.87519376774586,-41.25844750200937,0.0598,0.0797,0.0828,0.0786,0.036,0.0335,0.0263,0.0181,0.0019,0.002
hutt_20200713,COPERNICUS/S2_SR_HARMONIZED/20200712T222549_20200712T222545_T60GUV,2020-07-12 22:27:27,hutt_20200713_plumeTrain_0,1,train,https://doi.org/10.1080/00288330.2022.2088569,"Gall et al. 2022, Figure 10A",v1,S2_SR_HARMONIZED_SCL_v1,174.87543234606954,-41.25845190664566,0.0534,0.0822,0.0818,0.0752,0.0361,0.032,0.0257,0.0161,0.0019,0.0023
hutt_20200713,COPERNICUS/S2_SR_HARMONIZED/20200712T222549_20200712T222545_T60GUV,2020-07-12 22:27:27,hutt_20200713_plumeTrain_0,1,train,https://doi.org/10.1080/00288330.2022.2088569,"Gall et al. 2022, Figure 10A",v1,S2_SR_HARMONIZED_SCL_v1,174.87555163525124,-41.25845410877856,0.0557,0.0767,0.0819,0.0789,0.0369,0.0342,0.0259,0.0164,0.0024,6.0E-4
hutt_20200713,COPERNICUS/S2_SR_HARMONIZED/20200712T222549_20200712T222545_T60GUV,2020-07-12 22:27:27,hutt_20200713_plumeTrain_0,1,train,https://doi.org/10.1080/00288330.2022.2088569,"Gall et al. 2022, Figure 10A",v1,S2_SR_HARMONIZED_SCL_v1,174.8756709244462,-41.25845631078796,0.0554,0.0801,0.0829,0.0789,0.0369,0.0342,0.0272,0.0164,0.0024,6.0E-4
hutt_20200713,COPERNICUS/S2_SR_HARMONIZED/20200712T222549_20200712T222545_T60GUV,2020-07-12 22:27:27,hutt_20200713_plumeTrain_0,1,train,https://doi.org/10.1080/00288330.2022.2088569,"Gall et al. 2022, Figure 10A",v1,S2_SR_HARMONIZED_SCL_v1,174.8759095028758,-41.25846071443629,0.0578,0.0785,0.0826,0.0774,0.0355,0.0343,0.0264,0.0187,0.0026,0.0016
hutt_20200713,COPERNICUS/S2_SR_HARMONIZED/20200712T222549_20200712T222545_T60GUV,2020-07-12 22:27:27,hutt_20200713_plumeTrain_0,1,train,https://doi.org/10.1080/00288330.2022.2088569,"Gall et al. 2022, Figure 10A",v1,S2_SR_HARMONIZED_SCL_v1,174.87602879211045,-41.25846291607521,0.0597,0.0784,0.0849,0.076,0.0356,0.0342,0.028,0.0182,0.0029,0.002
hutt_20200713,COPERNICUS/S2_SR_HARMONIZED/20200712T222549_20200712T222545_T60GUV,2020-07-12 22:27:27,hutt_20200713_plumeTrain_0,1,train,https://doi.org/10.1080/00288330.2022.2088569,"Gall et al. 2022, Figure 10A",v1,S2_SR_HARMONIZED_SCL_v1,174.87614808135834,-41.258465117590625,0.0592,0.0756,0.0821,0.076,0.0356,0.0342,0.0274,0.0182,0.0029,0.002
hutt_20200713,COPERNICUS/S2_SR_HARMONIZED/20200712T222549_20200712T222545_T60GUV,2020-07-12 22:27:27,hutt_20200713_plumeTrain_0,1,train,https://doi.org/10.1080/00288330.2022.2088569,"Gall et al. 2022, Figure 10A",v1,S2_SR_HARMONIZED_SCL_v1,174.8765059491814,-41.258471721395914,0.0549,0.0764,0.0841,0.079,0.0354,0.0342,0.0279,0.0197,0.002,0.0023
hutt_20200713,COPERNICUS/S2_SR_HARMONIZED/20200712T222549_20200712T222545_T60GUV,2020-07-12 22:27:27,hutt_20200713_plumeTrain_0,1,train,https://doi.org/10.1080/00288330.2022.2088569,"Gall et al. 2022, Figure 10A",v1,S2_SR_HARMONIZED_SCL_v1,174.87662523848223,-41.25847392241735,0.0571,0.0786,0.0811,0.079,0.0354,0.0342,0.0294,0.0197,0.002,0.0023
hutt_20200713,COPERNICUS/S2_SR_HARMONIZED/20200712T222549_20200712T222545_T60GUV,2020-07-12 22:27:27,hutt_20200713_plumeTrain_0,1,train,https://doi.org/10.1080/00288330.2022.2088569,"Gall et al. 2022, Figure 10A",v1,S2_SR_HARMONIZED_SCL_v1,174.87710239581787,-41.25848272526814,0.0547,0.0832,0.0843,0.08,0.0373,0.034,0.0281,0.0175,0.0016,0.0034
hutt_20200713,COPERNICUS/S2_SR_HARMONIZED/20200712T222549_20200712T222545_T60GUV,2020-07-12 22:27:27,hutt_20200713_plumeTrain_0,1,train,https://doi.org/10.1080/00288330.2022.2088569,"Gall et al. 2022, Figure 10A",v1,S2_SR_HARMONIZED_SCL_v1,174.87722168518485,-41.25848492567209,0.055,0.0818,0.0854,0.08,0.0391,0.0343,0.0279,0.0166,0.0011,0.001
hutt_20200713,COPERNICUS/S2_SR_HARMONIZED/20200712T222549_20200712T222545_T60GUV,2020-07-12 22:27:27,hutt_20200713_plumeTrain_0,1,train,https://doi.org/10.1080/00288330.2022.2088569,"Gall et al. 2022, Figure 10A",v1,S2_SR_HARMONIZED_SCL_v1,174.87734097456507,-41.258487125952556,0.0553,0.0799,0.0828,0.08,0.0391,0.0343,0.0286,0.0166,0.0011,0.001
hutt_20200713,COPERNICUS/S2_SR_HARMONIZED/20200712T222549_20200712T222545_T60GUV,2020-07-12 22:27:27,hutt_20200713_plumeTrain_0,1,train,https://doi.org/10.1080/00288330.2022.2088569,"Gall et al. 2022, Figure 10A",v1,S2_SR_HARMONIZED_SCL_v1,174.87757955336517,-41.25849152614298,0.0508,0.0789,0.0878,0.078,0.0367,0.0346,0.0298,0.0167,0.0013,0.0039
hutt_20200713,COPERNICUS/S2_SR_HARMONIZED/20200712T222549_20200712T222545_T60GUV,2020-07-12 22:27:27,hutt_20200713_plumeTrain_0,1,train,https://doi.org/10.1080/00288330.2022.2088569,"Gall et al. 2022, Figure 10A",v1,S2_SR_HARMONIZED_SCL_v1,174.87781813221818,-41.258495925839426,0.058,0.0782,0.083,0.0764,0.035,0.0352,0.0288,0.017,0.0023,0.0029
hutt_20200713,COPERNICUS/S2_SR_HARMONIZED/20200712T222549_20200712T222545_T60GUV,2020-07-12 22:27:27,hutt_20200713_plumeTrain_0,1,train,https://doi.org/10.1080/00288330.2022.2088569,"Gall et al. 2022, Figure 10A",v1,S2_SR_HARMONIZED_SCL_v1,174.87793742166454,-41.258498125502406,0.0536,0.0763,0.0813,0.0767,0.0357,0.0324,0.0255,0.0172,0.003,0.0031
hutt_20200713,COPERNICUS/S2_SR_HARMONIZED/20200712T222549_20200712T222545_T60GUV,2020-07-12 22:27:27,hutt_20200713_plumeTrain_0,1,train,https://doi.org/10.1080/00288330.2022.2088569,"Gall et al. 2022, Figure 10A",v1,S2_SR_HARMONIZED_SCL_v1,174.8780567111241,-41.25850032504188,0.0536,0.0776,0.083,0.0767,0.0357,0.0324,0.0269,0.0172,0.003,0.0031
hutt_20200713,COPERNICUS/S2_SR_HARMONIZED/20200712T222549_20200712T222545_T60GUV,2020-07-12 22:27:27,hutt_20200713_plumeTrain_0,1,train,https://doi.org/10.1080/00288330.2022.2088569,"Gall et al. 2022, Figure 10A",v1,S2_SR_HARMONIZED_SCL_v1,174.87829529008292,-41.258504723750356,0.0567,0.0749,0.0796,0.0753,0.0356,0.031,0.027,0.0167,0.0028,0.0024
hutt_20200713,COPERNICUS/S2_SR_HARMONIZED/20200712T222549_20200712T222545_T60GUV,2020-07-12 22:27:27,hutt_20200713_plumeTrain_0,1,train,https://doi.org/10.1080/00288330.2022.2088569,"Gall et al. 2022, Figure 10A",v1,S2_SR_HARMONIZED_SCL_v1,174.87841457958217,-41.258506922919345,0.0527,0.078,0.0832,0.0745,0.0361,0.0337,0.0275,0.0181,0.0018,0.0029
hutt_20200713,COPERNICUS/S2_SR_HARMONIZED/20200712T222549_20200712T222545_T60GUV,2020-07-12 22:27:27,hutt_20200713_plumeTrain_0,1,train,https://doi.org/10.1080/00288330.2022.2088569,"Gall et al. 2022, Figure 10A",v1,S2_SR_HARMONIZED_SCL_v1,174.87865315862032,-41.25851132088684,0.0569,0.0774,0.0806,0.0749,0.0362,0.0363,0.027,0.019,0.0011,0.0016
hutt_20200713,COPERNICUS/S2_SR_HARMONIZED/20200712T222549_20200712T222545_T60GUV,2020-07-12 22:27:27,hutt_20200713_plumeTrain_0,1,train,https://doi.org/10.1080/00288330.2022.2088569,"Gall et al. 2022, Figure 10A",v1,S2_SR_HARMONIZED_SCL_v1,174.87877244815922,-41.25851351968534,0.0559,0.0758,0.0804,0.0749,0.0362,0.0363,0.0285,0.019,0.0011,0.0016
hutt_20200713,COPERNICUS/S2_SR_HARMONIZED/20200712T222549_20200712T222545_T60GUV,2020-07-12 22:27:27,hutt_20200713_plumeTrain_0,1,train,https://doi.org/10.1080/00288330.2022.2088569,"Gall et al. 2022, Figure 10A",v1,S2_SR_HARMONIZED_SCL_v1,174.87889173771134,-41.258515718360336,0.0573,0.074,0.0791,0.076,0.0342,0.0341,0.0259,0.0178,0.0017,5.0E-4
hutt_20200713,COPERNICUS/S2_SR_HARMONIZED/20200712T222549_20200712T222545_T60GUV,2020-07-12 22:27:27,hutt_20200713_plumeTrain_0,1,train,https://doi.org/10.1080/00288330.2022.2088569,"Gall et al. 2022, Figure 10A",v1,S2_SR_HARMONIZED_SCL_v1,174.87936889605203,-41.25852451182538,0.0566,0.0779,0.0802,0.077,0.0349,0.0348,0.0259,0.0183,0.0027,0.0035
hutt_20200713,COPERNICUS/S2_SR_HARMONIZED/20200712T222549_20200712T222545_T60GUV,2020-07-12 22:27:27,hutt_20200713_plumeTrain_0,1,train,https://doi.org/10.1080/00288330.2022.2088569,"Gall et al. 2022, Figure 10A",v1,S2_SR_HARMONIZED_SCL_v1,174.87948818567023,-41.2585267098829,0.0489,0.0766,0.0841,0.077,0.0349,0.0348,0.026,0.0183,0.0027,0.0035
hutt_20200713,COPERNICUS/S2_SR_HARMONIZED/20200712T222549_20200712T222545_T60GUV,2020-07-12 22:27:27,hutt_20200713_plumeTrain_0,1,train,https://doi.org/10.1080/00288330.2022.2088569,"Gall et al. 2022, Figure 10A",v1,S2_SR_HARMONIZED_SCL_v1,174.87960747530164,-41.258528907816924,0.0545,0.0751,0.0836,0.0765,0.0345,0.0333,0.027,0.0182,0.0017,0.0021
hutt_20200713,COPERNICUS/S2_SR_HARMONIZED/20200712T222549_20200712T222545_T60GUV,2020-07-12 22:27:27,hutt_20200713_plumeTrain_0,1,train,https://doi.org/10.1080/00288330.2022.2088569,"Gall et al. 2022, Figure 10A",v1,S2_SR_HARMONIZED_SCL_v1,174.8797267649463,-41.25853110562745,0.0554,0.0757,0.0832,0.0765,0.0345,0.0333,0.0284,0.0182,0.0017,0.0021
hutt_20200713,COPERNICUS/S2_SR_HARMONIZED/20200712T222549_20200712T222545_T60GUV,2020-07-12 22:27:27,hutt_20200713_plumeTrain_0,1,train,https://doi.org/10.1080/00288330.2022.2088569,"Gall et al. 2022, Figure 10A",v1,S2_SR_HARMONIZED_SCL_v1,174.88008463395948,-41.25853769831803,0.0539,0.0771,0.0797,0.0751,0.0349,0.033,0.027,0.0169,0.002,0.0029
hutt_20200713,COPERNICUS/S2_SR_HARMONIZED/20200712T222549_20200712T222545_T60GUV,2020-07-12 22:27:27,hutt_20200713_plumeTrain_0,1,train,https://doi.org/10.1080/00288330.2022.2088569,"Gall et al. 2022, Figure 10A",v1,S2_SR_HARMONIZED_SCL_v1,174.8803232133677,-41.258542092827604,0.0535,0.0761,0.0832,0.0761,0.0363,0.0357,0.0309,0.0181,0.0018,0.002
hutt_20200713,COPERNICUS/S2_SR_HARMONIZED/20200712T222549_20200712T222545_T60GUV,2020-07-12 22:27:27,hutt_20200713_plumeTrain_0,1,train,https://doi.org/10.1080/00288330.2022.2088569,"Gall et al. 2022, Figure 10A",v1,S2_SR_HARMONIZED_SCL_v1,174.8804425030916,-41.258544289897145,0.0554,0.0756,0.0813,0.0761,0.0363,0.0357,0.0262,0.0181,0.0018,0.002
hutt_20200713,COPERNICUS/S2_SR_HARMONIZED/20200712T222549_20200712T222545_T60GUV,2020-07-12 22:27:27,hutt_20200713_plumeTrain_0,1,train,https://doi.org/10.1080/00288330.2022.2088569,"Gall et al. 2022, Figure 10A",v1,S2_SR_HARMONIZED_SCL_v1,174.8748329811968,-41.258530910375875,0.0594,0.0792,0.0828,0.0769,0.0369,0.0373,0.0263,0.0181,0.0017,0.0023
hutt_20200713,COPERNICUS/S2_SR_HARMONIZED/20200712T222549_20200712T222545_T60GUV,2020-07-12 22:27:27,hutt_20200713_plumeTrain_0,1,train,https://doi.org/10.1080/00288330.2022.2088569,"Gall et al. 2022, Figure 10A",v1,S2_SR_HARMONIZED_SCL_v1,174.87495227047583,-41.25853311313319,0.0593,0.0778,0.0828,0.0769,0.0369,0.0373,0.0273,0.0181,0.0017,0.0023
hutt_20200713,COPERNICUS/S2_SR_HARMONIZED/20200712T222549_20200712T222545_T60GUV,2020-07-12 22:27:27,hutt_20200713_plumeTrain_0,1,train,https://doi.org/10.1080/00288330.2022.2088569,"Gall et al. 2022, Figure 10A",v1,S2_SR_HARMONIZED_SCL_v1,174.87542942772444,-41.258541922927485,0.0548,0.0796,0.0846,0.0752,0.0361,0.032,0.0277,0.0161,0.0019,0.0023
hutt_20200713,COPERNICUS/S2_SR_HARMONIZED/20200712T222549_20200712T222545_T60GUV,2020-07-12 22:27:27,hutt_20200713_plumeTrain_0,1,train,https://doi.org/10.1080/00288330.2022.2088569,"Gall et al. 2022, Figure 10A",v1,S2_SR_HARMONIZED_SCL_v1,174.87566800642819,-41.25854632708366,0.0614,0.0822,0.0837,0.0789,0.0369,0.0342,0.0277,0.0164,0.0024,6.0E-4
hutt_20200713,COPERNICUS/S2_SR_HARMONIZED/20200712T222549_20200712T222545_T60GUV,2020-07-12 22:27:27,hutt_20200713_plumeTrain_0,1,train,https://doi.org/10.1080/00288330.2022.2088569,"Gall et al. 2022, Figure 10A",v1,S2_SR_HARMONIZED_SCL_v1,174.87578729579994,-41.2585485289765,0.0613,0.0813,0.0847,0.0774,0.0355,0.0343,0.0301,0.0187,0.0026,0.0016
hutt_20200713,COPERNICUS/S2_SR_HARMONIZED/20200712T222549_20200712T222545_T60GUV,2020-07-12 22:27:27,hutt_20200713_plumeTrain_0,1,train,https://doi.org/10.1080/00288330.2022.2088569,"Gall et al. 2022, Figure 10A",v1,S2_SR_HARMONIZED_SCL_v1,174.8760258745831,-41.25855293239169,0.0601,0.0777,0.0862,0.076,0.0356,0.0342,0.0272,0.0182,0.0029,0.002
hutt_20200713,COPERNICUS/S2_SR_HARMONIZED/20200712T222549_20200712T222545_T60GUV,2020-07-12 22:27:27,hutt_20200713_plumeTrain_0,1,train,https://doi.org/10.1080/00288330.2022.2088569,"Gall et al. 2022, Figure 10A",v1,S2_SR_HARMONIZED_SCL_v1,174.8765030323083,-41.25856173774012,0.0542,0.0764,0.0843,0.079,0.0354,0.0342,0.0276,0.0197,0.002,0.0023
hutt_20200713,COPERNICUS/S2_SR_HARMONIZED/20200712T222549_20200712T222545_T60GUV,2020-07-12 22:27:27,hutt_20200713_plumeTrain_0,1,train,https://doi.org/10.1080/00288330.2022.2088569,"Gall et al. 2022, Figure 10A",v1,S2_SR_HARMONIZED_SCL_v1,174.8766223217727,-41.25856393876849,0.0556,0.0784,0.085,0.079,0.0354,0.0342,0.0297,0.0197,0.002,0.0023
hutt_20200713,COPERNICUS/S2_SR_HARMONIZED/20200712T222549_20200712T222545_T60GUV,2020-07-12 22:27:27,hutt_20200713_plumeTrain_0,1,train,https://doi.org/10.1080/00288330.2022.2088569,"Gall et al. 2022, Figure 10A",v1,S2_SR_HARMONIZED_SCL_v1,174.8767416112503,-41.258566139673356,0.0574,0.0783,0.0856,0.0783,0.0365,0.0341,0.0307,0.0192,0.0014,0.0034
hutt_20200713,COPERNICUS/S2_SR_HARMONIZED/20200712T222549_20200712T222545_T60GUV,2020-07-12 22:27:27,hutt_20200713_plumeTrain_0,1,train,https://doi.org/10.1080/00288330.2022.2088569,"Gall et al. 2022, Figure 10A",v1,S2_SR_HARMONIZED_SCL_v1,174.87686090074118,-41.25856834045473,0.0568,0.0777,0.086,0.0783,0.0365,0.0341,0.0281,0.0192,0.0014,0.0034
hutt_20200713,COPERNICUS/S2_SR_HARMONIZED/20200712T222549_20200712T222545_T60GUV,2020-07-12 22:27:27,hutt_20200713_plumeTrain_0,1,train,https://doi.org/10.1080/00288330.2022.2088569,"Gall et al. 2022, Figure 10A",v1,S2_SR_HARMONIZED_SCL_v1,174.87698019024523,-41.258570541112604,0.0596,0.0778,0.0854,0.08,0.0373,0.034,0.0287,0.0175,0.0016,0.0034
hutt_20200713,COPERNICUS/S2_SR_HARMONIZED/20200712T222549_20200712T222545_T60GUV,2020-07-12 22:27:27,hutt_20200713_plumeTrain_0,1,train,https://doi.org/10.1080/00288330.2022.2088569,"Gall et al. 2022, Figure 10A",v1,S2_SR_HARMONIZED_SCL_v1,174.87709947976253,-41.25857274164699,0.0519,0.0809,0.0891,0.08,0.0373,0.034,0.0277,0.0175,0.0016,0.0034
hutt_20200713,COPERNICUS/S2_SR_HARMONIZED/20200712T222549_20200712T222545_T60GUV,2020-07-12 22:27:27,hutt_20200713_plumeTrain_0,1,train,https://doi.org/10.1080/00288330.2022.2088569,"Gall et al. 2022, Figure 10A",v1,S2_SR_HARMONIZED_SCL_v1,174.87745734839388,-41.258579342509144,0.0566,0.0815,0.081,0.078,0.0367,0.0346,0.0305,0.0167,0.0013,0.0039
hutt_20200713,COPERNICUS/S2_SR_HARMONIZED/20200712T222549_20200712T222545_T60GUV,2020-07-12 22:27:27,hutt_20200713_plumeTrain_0,1,train,https://doi.org/10.1080/00288330.2022.2088569,"Gall et al. 2022, Figure 10A",v1,S2_SR_HARMONIZED_SCL_v1,174.8775766379641,-41.25858154254954,0.0545,0.0783,0.0841,0.078,0.0367,0.0346,0.0309,0.0167,0.0013,0.0039
hutt_20200713,COPERNICUS/S2_SR_HARMONIZED/20200712T222549_20200712T222545_T60GUV,2020-07-12 22:27:27,hutt_20200713_plumeTrain_0,1,train,https://doi.org/10.1080/00288330.2022.2088569,"Gall et al. 2022, Figure 10A",v1,S2_SR_HARMONIZED_SCL_v1,174.87769592754753,-41.258583742466435,0.0545,0.0791,0.0823,0.0764,0.035,0.0352,0.0279,0.017,0.0023,0.0029
hutt_20200713,COPERNICUS/S2_SR_HARMONIZED/20200712T222549_20200712T222545_T60GUV,2020-07-12 22:27:27,hutt_20200713_plumeTrain_0,1,train,https://doi.org/10.1080/00288330.2022.2088569,"Gall et al. 2022, Figure 10A",v1,S2_SR_HARMONIZED_SCL_v1,174.87781521714422,-41.258585942259835,0.0576,0.077,0.0812,0.0764,0.035,0.0352,0.0266,0.017,0.0023,0.0029
hutt_20200713,COPERNICUS/S2_SR_HARMONIZED/20200712T222549_20200712T222545_T60GUV,2020-07-12 22:27:27,hutt_20200713_plumeTrain_0,1,train,https://doi.org/10.1080/00288330.2022.2088569,"Gall et al. 2022, Figure 10A",v1,S2_SR_HARMONIZED_SCL_v1,174.8780537963773,-41.25859034147614,0.0552,0.0792,0.0824,0.0767,0.0357,0.0324,0.0269,0.0172,0.003,0.0031
hutt_20200713,COPERNICUS/S2_SR_HARMONIZED/20200712T222549_20200712T222545_T60GUV,2020-07-12 22:27:27,hutt_20200713_plumeTrain_0,1,train,https://doi.org/10.1080/00288330.2022.2088569,"Gall et al. 2022, Figure 10A",v1,S2_SR_HARMONIZED_SCL_v1,174.87817308601362,-41.25859254089905,0.0549,0.077,0.0832,0.0753,0.0356,0.031,0.0264,0.0167,0.0028,0.0024
hutt_20200713,COPERNICUS/S2_SR_HARMONIZED/20200712T222549_20200712T222545_T60GUV,2020-07-12 22:27:27,hutt_20200713_plumeTrain_0,1,train,https://doi.org/10.1080/00288330.2022.2088569,"Gall et al. 2022, Figure 10A",v1,S2_SR_HARMONIZED_SCL_v1,174.87853095500202,-41.25859913842679,0.058,0.0782,0.0809,0.0745,0.0361,0.0337,0.0251,0.0181,0.0018,0.0029
hutt_20200713,COPERNICUS/S2_SR_HARMONIZED/20200712T222549_20200712T222545_T60GUV,2020-07-12 22:27:27,hutt_20200713_plumeTrain_0,1,train,https://doi.org/10.1080/00288330.2022.2088569,"Gall et al. 2022, Figure 10A",v1,S2_SR_HARMONIZED_SCL_v1,174.87888882410942,-41.25860573484306,0.059,0.0756,0.0844,0.076,0.0342,0.0341,0.0262,0.0178,0.0017,5.0E-4
hutt_20200713,COPERNICUS/S2_SR_HARMONIZED/20200712T222549_20200712T222545_T60GUV,2020-07-12 22:27:27,hutt_20200713_plumeTrain_0,1,train,https://doi.org/10.1080/00288330.2022.2088569,"Gall et al. 2022, Figure 10A",v1,S2_SR_HARMONIZED_SCL_v1,174.87900811383832,-41.258607933401485,0.0554,0.0769,0.0838,0.076,0.0342,0.0341,0.0252,0.0178,0.0017,5.0E-4
hutt_20200713,COPERNICUS/S2_SR_HARMONIZED/20200712T222549_20200712T222545_T60GUV,2020-07-12 22:27:27,hutt_20200713_plumeTrain_0,1,train,https://doi.org/10.1080/00288330.2022.2088569,"Gall et al. 2022, Figure 10A",v1,S2_SR_HARMONIZED_SCL_v1,174.87936598310432,-41.258614528335784,0.0562,0.0777,0.0798,0.077,0.0349,0.0348,0.0266,0.0183,0.0027,0.0035
hutt_20200713,COPERNICUS/S2_SR_HARMONIZED/20200712T222549_20200712T222545_T60GUV,2020-07-12 22:27:27,hutt_20200713_plumeTrain_0,1,train,https://doi.org/10.1080/00288330.2022.2088569,"Gall et al. 2022, Figure 10A",v1,S2_SR_HARMONIZED_SCL_v1,174.87948527288611,-41.25861672640023,0.0489,0.0745,0.0835,0.077,0.0349,0.0348,0.0271,0.0183,0.0027,0.0035
hutt_20200713,COPERNICUS/S2_SR_HARMONIZED/20200712T222549_20200712T222545_T60GUV,2020-07-12 22:27:27,hutt_20200713_plumeTrain_0,1,train,https://doi.org/10.1080/00288330.2022.2088569,"Gall et al. 2022, Figure 10A",v1,S2_SR_HARMONIZED_SCL_v1,174.8796045626811,-41.258618924341164,0.0544,0.0751,0.0861,0.0765,0.0345,0.0333,0.0267,0.0182,0.0017,0.0021
hutt_20200713,COPERNICUS/S2_SR_HARMONIZED/20200712T222549_20200712T222545_T60GUV,2020-07-12 22:27:27,hutt_20200713_plumeTrain_0,1,train,https://doi.org/10.1080/00288330.2022.2088569,"Gall et al. 2022, Figure 10A",v1,S2_SR_HARMONIZED_SCL_v1,174.87996243214533,-41.258625517423,0.0512,0.0771,0.0841,0.0793,0.0347,0.0326,0.0277,0.0177,0.002,0.0034
hutt_20200713,COPERNICUS/S2_SR_HARMONIZED/20200712T222549_20200712T222545_T60GUV,2020-07-12 22:27:27,hutt_20200713_plumeTrain_0,1,train,https://doi.org/10.1080/00288330.2022.2088569,"Gall et al. 2022, Figure 10A",v1,S2_SR_HARMONIZED_SCL_v1,174.88008172199318,-41.25862771486995,0.0512,0.0766,0.0833,0.0751,0.0349,0.033,0.027,0.0169,0.002,0.0029
hutt_20200713,COPERNICUS/S2_SR_HARMONIZED/20200712T222549_20200712T222545_T60GUV,2020-07-12 22:27:27,hutt_20200713_plumeTrain_0,1,train,https://doi.org/10.1080/00288330.2022.2088569,"Gall et al. 2022, Figure 10A",v1,S2_SR_HARMONIZED_SCL_v1,174.8802010118542,-41.2586299121934,0.0562,0.0769,0.0828,0.0751,0.0349,0.033,0.0282,0.0169,0.002,0.0029
hutt_20200713,COPERNICUS/S2_SR_HARMONIZED/20200712T222549_20200712T222545_T60GUV,2020-07-12 22:27:27,hutt_20200713_plumeTrain_0,1,train,https://doi.org/10.1080/00288330.2022.2088569,"Gall et al. 2022, Figure 10A",v1,S2_SR_HARMONIZED_SCL_v1,174.88043959161593,-41.25863430646981,0.0514,0.0756,0.0788,0.0761,0.0363,0.0357,0.027,0.0181,0.0018,0.002
hutt_20200713,COPERNICUS/S2_SR_HARMONIZED/20200712T222549_20200712T222545_T60GUV,2020-07-12 22:27:27,hutt_20200713_plumeTrain_0,1,train,https://doi.org/10.1080/00288330.2022.2088569,"Gall et al. 2022, Figure 10A",v1,S2_SR_HARMONIZED_SCL_v1,174.88067817143053,-41.258638700252234,0.0539,0.0763,0.0831,0.0765,0.0345,0.0343,0.0284,0.0203,0.0025,0.0029
hutt_20200713,COPERNICUS/S2_SR_HARMONIZED/20200712T222549_20200712T222545_T60GUV,2020-07-12 22:27:27,hutt_20200713_plumeTrain_0,1,train,https://doi.org/10.1080/00288330.2022.2088569,"Gall et al. 2022, Figure 10A",v1,S2_SR_HARMONIZED_SCL_v1,174.88079746135762,-41.2586408969582,0.0561,0.0763,0.0825,0.0754,0.0348,0.0344,0.0279,0.0175,0.0037,0.0029
hutt_20200713,COPERNICUS/S2_SR_HARMONIZED/20200712T222549_20200712T222545_T60GUV,2020-07-12 22:27:27,hutt_20200713_plumeTrain_0,1,train,https://doi.org/10.1080/00288330.2022.2088569,"Gall et al. 2022, Figure 10A",v1,S2_SR_HARMONIZED_SCL_v1,174.87483006202064,-41.25862092662144,0.0606,0.0805,0.0832,0.0746,0.0349,0.0313,0.0286,0.0177,0.0019,0.0021
hutt_20200713,COPERNICUS/S2_SR_HARMONIZED/20200712T222549_20200712T222545_T60GUV,2020-07-12 22:27:27,hutt_20200713_plumeTrain_0,1,train,https://doi.org/10.1080/00288330.2022.2088569,"Gall et al. 2022, Figure 10A",v1,S2_SR_HARMONIZED_SCL_v1,174.87494935146324,-41.25862312938569,0.0558,0.0781,0.0808,0.0746,0.0349,0.0313,0.0289,0.0177,0.0019,0.0021
hutt_20200713,COPERNICUS/S2_SR_HARMONIZED/20200712T222549_20200712T222545_T60GUV,2020-07-12 22:27:27,hutt_20200713_plumeTrain_0,1,train,https://doi.org/10.1080/00288330.2022.2088569,"Gall et al. 2022, Figure 10A",v1,S2_SR_HARMONIZED_SCL_v1,174.8751879303882,-41.2586275345437,0.0583,0.0796,0.0824,0.0747,0.0356,0.0319,0.0265,0.0182,0.003,0.002
hutt_20200713,COPERNICUS/S2_SR_HARMONIZED/20200712T222549_20200712T222545_T60GUV,2020-07-12 22:27:27,hutt_20200713_plumeTrain_0,1,train,https://doi.org/10.1080/00288330.2022.2088569,"Gall et al. 2022, Figure 10A",v1,S2_SR_HARMONIZED_SCL_v1,174.87542650936606,-41.25863193920772,0.0569,0.0807,0.083,0.0751,0.0355,0.0319,0.026,0.0184,0.0017,0.0035
hutt_20200713,COPERNICUS/S2_SR_HARMONIZED/20200712T222549_20200712T222545_T60GUV,2020-07-12 22:27:27,hutt_20200713_plumeTrain_0,1,train,https://doi.org/10.1080/00288330.2022.2088569,"Gall et al. 2022, Figure 10A",v1,S2_SR_HARMONIZED_SCL_v1,174.87566508839694,-41.25863634337776,0.0538,0.0799,0.0843,0.0794,0.0359,0.0335,0.0249,0.0177,6.0E-4,0.0023
hutt_20200713,COPERNICUS/S2_SR_HARMONIZED/20200712T222549_20200712T222545_T60GUV,2020-07-12 22:27:27,hutt_20200713_plumeTrain_0,1,train,https://doi.org/10.1080/00288330.2022.2088569,"Gall et al. 2022, Figure 10A",v1,S2_SR_HARMONIZED_SCL_v1,174.87578437793223,-41.258638545277535,0.0568,0.0785,0.0843,0.0784,0.0358,0.034,0.0292,0.0158,0.0016,0.0027
hutt_20200713,COPERNICUS/S2_SR_HARMONIZED/20200712T222549_20200712T222545_T60GUV,2020-07-12 22:27:27,hutt_20200713_plumeTrain_0,1,train,https://doi.org/10.1080/00288330.2022.2088569,"Gall et al. 2022, Figure 10A",v1,S2_SR_HARMONIZED_SCL_v1,174.87590366748077,-41.2586407470538,0.0535,0.0836,0.0828,0.0784,0.0358,0.034,0.0299,0.0158,0.0016,0.0027
hutt_20200713,COPERNICUS/S2_SR_HARMONIZED/20200712T222549_20200712T222545_T60GUV,2020-07-12 22:27:27,hutt_20200713_plumeTrain_0,1,train,https://doi.org/10.1080/00288330.2022.2088569,"Gall et al. 2022, Figure 10A",v1,S2_SR_HARMONIZED_SCL_v1,174.8762615362058,-41.258647351641656,0.0597,0.0805,0.0818,0.0765,0.0367,0.0329,0.0262,0.0166,0.0021,0.0021
hutt_20200713,COPERNICUS/S2_SR_HARMONIZED/20200712T222549_20200712T222545_T60GUV,2020-07-12 22:27:27,hutt_20200713_plumeTrain_0,1,train,https://doi.org/10.1080/00288330.2022.2088569,"Gall et al. 2022, Figure 10A",v1,S2_SR_HARMONIZED_SCL_v1,174.87638082580725,-41.25864955292395,0.0597,0.0787,0.0802,0.0765,0.0367,0.0329,0.0268,0.0166,0.0021,0.0021
hutt_20200713,COPERNICUS/S2_SR_HARMONIZED/20200712T222549_20200712T222545_T60GUV,2020-07-12 22:27:27,hutt_20200713_plumeTrain_0,1,train,https://doi.org/10.1080/00288330.2022.2088569,"Gall et al. 2022, Figure 10A",v1,S2_SR_HARMONIZED_SCL_v1,174.87650011542198,-41.25865175408274,0.0546,0.0777,0.0832,0.0779,0.0353,0.0349,0.0269,0.017,0.0018,0.0025
hutt_20200713,COPERNICUS/S2_SR_HARMONIZED/20200712T222549_20200712T222545_T60GUV,2020-07-12 22:27:27,hutt_20200713_plumeTrain_0,1,train,https://doi.org/10.1080/00288330.2022.2088569,"Gall et al. 2022, Figure 10A",v1,S2_SR_HARMONIZED_SCL_v1,174.87661940504992,-41.258653955118035,0.0533,0.0781,0.0864,0.0779,0.0353,0.0349,0.0283,0.017,0.0018,0.0025
hutt_20200713,COPERNICUS/S2_SR_HARMONIZED/20200712T222549_20200712T222545_T60GUV,2020-07-12 22:27:27,hutt_20200713_plumeTrain_0,1,train,https://doi.org/10.1080/00288330.2022.2088569,"Gall et al. 2022, Figure 10A",v1,S2_SR_HARMONIZED_SCL_v1,174.87673869469108,-41.258656156029836,0.0567,0.0808,0.0864,0.0779,0.0368,0.0336,0.0294,0.0184,6.0E-4,0.003
hutt_20200713,COPERNICUS/S2_SR_HARMONIZED/20200712T222549_20200712T222545_T60GUV,2020-07-12 22:27:27,hutt_20200713_plumeTrain_0,1,train,https://doi.org/10.1080/00288330.2022.2088569,"Gall et al. 2022, Figure 10A",v1,S2_SR_HARMONIZED_SCL_v1,174.8768579843455,-41.25865835681814,0.0589,0.0805,0.0867,0.0779,0.0368,0.0336,0.0268,0.0184,6.0E-4,0.003
hutt_20200713,COPERNICUS/S2_SR_HARMONIZED/20200712T222549_20200712T222545_T60GUV,2020-07-12 22:27:27,hutt_20200713_plumeTrain_0,1,train,https://doi.org/10.1080/00288330.2022.2088569,"Gall et al. 2022, Figure 10A",v1,S2_SR_HARMONIZED_SCL_v1,174.87697727401314,-41.25866055748294,0.0592,0.0797,0.0884,0.0783,0.0372,0.0325,0.0292,0.0188,7.0E-4,0.0022
hutt_20200713,COPERNICUS/S2_SR_HARMONIZED/20200712T222549_20200712T222545_T60GUV,2020-07-12 22:27:27,hutt_20200713_plumeTrain_0,1,train,https://doi.org/10.1080/00288330.2022.2088569,"Gall et al. 2022, Figure 10A",v1,S2_SR_HARMONIZED_SCL_v1,174.87745443281602,-41.25866935890719,0.0591,0.0793,0.0843,0.0774,0.0345,0.0343,0.0298,0.0166,0.0022,0.001
hutt_20200713,COPERNICUS/S2_SR_HARMONIZED/20200712T222549_20200712T222545_T60GUV,2020-07-12 22:27:27,hutt_20200713_plumeTrain_0,1,train,https://doi.org/10.1080/00288330.2022.2088569,"Gall et al. 2022, Figure 10A",v1,S2_SR_HARMONIZED_SCL_v1,174.87757372254978,-41.25867155895451,0.056,0.0767,0.0843,0.0774,0.0345,0.0343,0.0305,0.0166,0.0022,0.001
hutt_20200713,COPERNICUS/S2_SR_HARMONIZED/20200712T222549_20200712T222545_T60GUV,2020-07-12 22:27:27,hutt_20200713_plumeTrain_0,1,train,https://doi.org/10.1080/00288330.2022.2088569,"Gall et al. 2022, Figure 10A",v1,S2_SR_HARMONIZED_SCL_v1,174.87781230205704,-41.25867595867866,0.0584,0.0783,0.0827,0.077,0.0359,0.0345,0.0248,0.0172,0.0021,0.0032
hutt_20200713,COPERNICUS/S2_SR_HARMONIZED/20200712T222549_20200712T222545_T60GUV,2020-07-12 22:27:27,hutt_20200713_plumeTrain_0,1,train,https://doi.org/10.1080/00288330.2022.2088569,"Gall et al. 2022, Figure 10A",v1,S2_SR_HARMONIZED_SCL_v1,174.8779315918305,-41.25867815835549,0.0569,0.0785,0.0817,0.0767,0.0362,0.0281,0.0263,0.0195,0.0015,0.0032
hutt_20200713,COPERNICUS/S2_SR_HARMONIZED/20200712T222549_20200712T222545_T60GUV,2020-07-12 22:27:27,hutt_20200713_plumeTrain_0,1,train,https://doi.org/10.1080/00288330.2022.2088569,"Gall et al. 2022, Figure 10A",v1,S2_SR_HARMONIZED_SCL_v1,174.8780508816172,-41.25868035790881,0.0545,0.0796,0.0816,0.0767,0.0362,0.0281,0.0267,0.0195,0.0015,0.0032
hutt_20200713,COPERNICUS/S2_SR_HARMONIZED/20200712T222549_20200712T222545_T60GUV,2020-07-12 22:27:27,hutt_20200713_plumeTrain_0,1,train,https://doi.org/10.1080/00288330.2022.2088569,"Gall et al. 2022, Figure 10A",v1,S2_SR_HARMONIZED_SCL_v1,174.8781701714171,-41.258682557338645,0.0563,0.0767,0.0827,0.0751,0.0378,0.0298,0.0277,0.0201,0.0021,0.0011
hutt_20200713,COPERNICUS/S2_SR_HARMONIZED/20200712T222549_20200712T222545_T60GUV,2020-07-12 22:27:27,hutt_20200713_plumeTrain_0,1,train,https://doi.org/10.1080/00288330.2022.2088569,"Gall et al. 2022, Figure 10A",v1,S2_SR_HARMONIZED_SCL_v1,174.87828946123025,-41.25868475664498,0.0601,0.082,0.0832,0.0751,0.0378,0.0298,0.028,0.0201,0.0021,0.0011
hutt_20200713,COPERNICUS/S2_SR_HARMONIZED/20200712T222549_20200712T222545_T60GUV,2020-07-12 22:27:27,hutt_20200713_plumeTrain_0,1,train,https://doi.org/10.1080/00288330.2022.2088569,"Gall et al. 2022, Figure 10A",v1,S2_SR_HARMONIZED_SCL_v1,174.8784087510566,-41.25868695582782,0.0573,0.078,0.0834,0.0748,0.0378,0.0332,0.0283,0.0188,0.0016,1.0E-4
hutt_20200713,COPERNICUS/S2_SR_HARMONIZED/20200712T222549_20200712T222545_T60GUV,2020-07-12 22:27:27,hutt_20200713_plumeTrain_0,1,train,https://doi.org/10.1080/00288330.2022.2088569,"Gall et al. 2022, Figure 10A",v1,S2_SR_HARMONIZED_SCL_v1,174.8785280408962,-41.25868915488716,0.0529,0.0792,0.0859,0.0748,0.0378,0.0332,0.0272,0.0188,0.0016,1.0E-4
hutt_20200713,COPERNICUS/S2_SR_HARMONIZED/20200712T222549_20200712T222545_T60GUV,2020-07-12 22:27:27,hutt_20200713_plumeTrain_0,1,train,https://doi.org/10.1080/00288330.2022.2088569,"Gall et al. 2022, Figure 10A",v1,S2_SR_HARMONIZED_SCL_v1,174.87876662061504,-41.25869355263534,0.0536,0.0752,0.083,0.0766,0.035,0.0342,0.0267,0.0187,0.0017,0.0013
hutt_20200713,COPERNICUS/S2_SR_HARMONIZED/20200712T222549_20200712T222545_T60GUV,2020-07-12 22:27:27,hutt_20200713_plumeTrain_0,1,train,https://doi.org/10.1080/00288330.2022.2088569,"Gall et al. 2022, Figure 10A",v1,S2_SR_HARMONIZED_SCL_v1,174.87888591049426,-41.25869575132419,0.0555,0.0747,0.0824,0.0781,0.0343,0.031,0.0273,0.0189,8.0E-4,2.0E-4
hutt_20200713,COPERNICUS/S2_SR_HARMONIZED/20200712T222549_20200712T222545_T60GUV,2020-07-12 22:27:27,hutt_20200713_plumeTrain_0,1,train,https://doi.org/10.1080/00288330.2022.2088569,"Gall et al. 2022, Figure 10A",v1,S2_SR_HARMONIZED_SCL_v1,174.8792437802113,-41.25870234664975,0.0583,0.0755,0.0809,0.0774,0.036,0.0331,0.0265,0.017,0.0011,0.0039
hutt_20200713,COPERNICUS/S2_SR_HARMONIZED/20200712T222549_20200712T222545_T60GUV,2020-07-12 22:27:27,hutt_20200713_plumeTrain_0,1,train,https://doi.org/10.1080/00288330.2022.2088569,"Gall et al. 2022, Figure 10A",v1,S2_SR_HARMONIZED_SCL_v1,174.87936307014343,-41.258704544844605,0.0507,0.0753,0.0809,0.0762,0.0355,0.0349,0.0269,0.0179,0.0032,0.0044
hutt_20200713,COPERNICUS/S2_SR_HARMONIZED/20200712T222549_20200712T222545_T60GUV,2020-07-12 22:27:27,hutt_20200713_plumeTrain_0,1,train,https://doi.org/10.1080/00288330.2022.2088569,"Gall et al. 2022, Figure 10A",v1,S2_SR_HARMONIZED_SCL_v1,174.87948236008876,-41.25870674291596,0.0493,0.0739,0.0818,0.0762,0.0355,0.0349,0.027,0.0179,0.0032,0.0044
hutt_20200713,COPERNICUS/S2_SR_HARMONIZED/20200712T222549_20200712T222545_T60GUV,2020-07-12 22:27:27,hutt_20200713_plumeTrain_0,1,train,https://doi.org/10.1080/00288330.2022.2088569,"Gall et al. 2022, Figure 10A",v1,S2_SR_HARMONIZED_SCL_v1,174.87972094001907,-41.258711138688184,0.0525,0.0762,0.0847,0.0767,0.0349,0.0333,0.0272,0.0182,0.0028,0.0019
hutt_20200713,COPERNICUS/S2_SR_HARMONIZED/20200712T222549_20200712T222545_T60GUV,2020-07-12 22:27:27,hutt_20200713_plumeTrain_0,1,train,https://doi.org/10.1080/00288330.2022.2088569,"Gall et al. 2022, Figure 10A",v1,S2_SR_HARMONIZED_SCL_v1,174.87984023000405,-41.25871333638905,0.052,0.0757,0.0838,0.076,0.0341,0.0323,0.0279,0.018,0.0016,0.0021
hutt_20200713,COPERNICUS/S2_SR_HARMONIZED/20200712T222549_20200712T222545_T60GUV,2020-07-12 22:27:27,hutt_20200713_plumeTrain_0,1,train,https://doi.org/10.1080/00288330.2022.2088569,"Gall et al. 2022, Figure 10A",v1,S2_SR_HARMONIZED_SCL_v1,174.88007881001363,-41.258717731420276,0.0507,0.0776,0.0844,0.0748,0.0353,0.0333,0.0252,0.0159,0.0028,0.0019
hutt_20200713,COPERNICUS/S2_SR_HARMONIZED/20200712T222549_20200712T222545_T60GUV,2020-07-12 22:27:27,hutt_20200713_plumeTrain_0,1,train,https://doi.org/10.1080/00288330.2022.2088569,"Gall et al. 2022, Figure 10A",v1,S2_SR_HARMONIZED_SCL_v1,174.88019810003823,-41.25871992875065,0.0491,0.0784,0.0835,0.0748,0.0353,0.0333,0.0247,0.0159,0.0028,0.0019
hutt_20200713,COPERNICUS/S2_SR_HARMONIZED/20200712T222549_20200712T222545_T60GUV,2020-07-12 22:27:27,hutt_20200713_plumeTrain_0,1,train,https://doi.org/10.1080/00288330.2022.2088569,"Gall et al. 2022, Figure 10A",v1,S2_SR_HARMONIZED_SCL_v1,174.88031739007604,-41.258722125957526,0.0545,0.0813,0.0843,0.0769,0.037,0.0342,0.0264,0.0168,0.0022,0.0019
hutt_20200713,COPERNICUS/S2_SR_HARMONIZED/20200712T222549_20200712T222545_T60GUV,2020-07-12 22:27:27,hutt_20200713_plumeTrain_0,1,train,https://doi.org/10.1080/00288330.2022.2088569,"Gall et al. 2022, Figure 10A",v1,S2_SR_HARMONIZED_SCL_v1,174.88091384046328,-41.25873311013941,0.0517,0.0742,0.0803,0.0766,0.0363,0.0344,0.0271,0.018,0.0025,0.0011
hutt_20200713,COPERNICUS/S2_SR_HARMONIZED/20200712T222549_20200712T222545_T60GUV,2020-07-12 22:27:27,hutt_20200713_plumeTrain_0,1,train,https://doi.org/10.1080/00288330.2022.2088569,"Gall et al. 2022, Figure 10A",v1,S2_SR_HARMONIZED_SCL_v1,174.8749464324374,-41.25871314563661,0.0518,0.0768,0.0797,0.0746,0.0349,0.0313,0.0251,0.0177,0.0019,0.0021
hutt_20200713,COPERNICUS/S2_SR_HARMONIZED/20200712T222549_20200712T222545_T60GUV,2020-07-12 22:27:27,hutt_20200713_plumeTrain_0,1,train,https://doi.org/10.1080/00288330.2022.2088569,"Gall et al. 2022, Figure 10A",v1,S2_SR_HARMONIZED_SCL_v1,174.87530430133538,-41.258719753209185,0.0558,0.0798,0.0824,0.0751,0.0355,0.0319,0.0264,0.0184,0.0017,0.0035
hutt_20200713,COPERNICUS/S2_SR_HARMONIZED/20200712T222549_20200712T222545_T60GUV,2020-07-12 22:27:27,hutt_20200713_plumeTrain_0,1,train,https://doi.org/10.1080/00288330.2022.2088569,"Gall et al. 2022, Figure 10A",v1,S2_SR_HARMONIZED_SCL_v1,174.87554288066687,-41.25872415764008,0.0576,0.0818,0.0846,0.0794,0.0359,0.0335,0.028,0.0177,6.0E-4,0.0023
hutt_20200713,COPERNICUS/S2_SR_HARMONIZED/20200712T222549_20200712T222545_T60GUV,2020-07-12 22:27:27,hutt_20200713_plumeTrain_0,1,train,https://doi.org/10.1080/00288330.2022.2088569,"Gall et al. 2022, Figure 10A",v1,S2_SR_HARMONIZED_SCL_v1,174.87566217035248,-41.258726359670284,0.0568,0.0811,0.0834,0.0794,0.0359,0.0335,0.0266,0.0177,6.0E-4,0.0023
hutt_20200713,COPERNICUS/S2_SR_HARMONIZED/20200712T222549_20200712T222545_T60GUV,2020-07-12 22:27:27,hutt_20200713_plumeTrain_0,1,train,https://doi.org/10.1080/00288330.2022.2088569,"Gall et al. 2022, Figure 10A",v1,S2_SR_HARMONIZED_SCL_v1,174.87590074976342,-41.2587307633602,0.0551,0.0801,0.0853,0.0784,0.0358,0.034,0.0271,0.0158,0.0016,0.0027
hutt_20200713,COPERNICUS/S2_SR_HARMONIZED/20200712T222549_20200712T222545_T60GUV,2020-07-12 22:27:27,hutt_20200713_plumeTrain_0,1,train,https://doi.org/10.1080/00288330.2022.2088569,"Gall et al. 2022, Figure 10A",v1,S2_SR_HARMONIZED_SCL_v1,174.87602003948874,-41.2587329650199,0.0543,0.0801,0.0802,0.0766,0.0374,0.0339,0.028,0.0147,0.0018,0.0034
hutt_20200713,COPERNICUS/S2_SR_HARMONIZED/20200712T222549_20200712T222545_T60GUV,2020-07-12 22:27:27,hutt_20200713_plumeTrain_0,1,train,https://doi.org/10.1080/00288330.2022.2088569,"Gall et al. 2022, Figure 10A",v1,S2_SR_HARMONIZED_SCL_v1,174.8761393292273,-41.25873516655612,0.0593,0.0801,0.0851,0.0766,0.0374,0.0339,0.0267,0.0147,0.0018,0.0034
hutt_20200713,COPERNICUS/S2_SR_HARMONIZED/20200712T222549_20200712T222545_T60GUV,2020-07-12 22:27:27,hutt_20200713_plumeTrain_0,1,train,https://doi.org/10.1080/00288330.2022.2088569,"Gall et al. 2022, Figure 10A",v1,S2_SR_HARMONIZED_SCL_v1,174.8762586189791,-41.25873736796884,0.0561,0.0803,0.0847,0.0765,0.0367,0.0329,0.0274,0.0166,0.0021,0.0021
hutt_20200713,COPERNICUS/S2_SR_HARMONIZED/20200712T222549_20200712T222545_T60GUV,2020-07-12 22:27:27,hutt_20200713_plumeTrain_0,1,train,https://doi.org/10.1080/00288330.2022.2088569,"Gall et al. 2022, Figure 10A",v1,S2_SR_HARMONIZED_SCL_v1,174.87637790874413,-41.258739569258054,0.0585,0.0765,0.0852,0.0765,0.0367,0.0329,0.0287,0.0166,0.0021,0.0021
hutt_20200713,COPERNICUS/S2_SR_HARMONIZED/20200712T222549_20200712T222545_T60GUV,2020-07-12 22:27:27,hutt_20200713_plumeTrain_0,1,train,https://doi.org/10.1080/00288330.2022.2088569,"Gall et al. 2022, Figure 10A",v1,S2_SR_HARMONIZED_SCL_v1,174.8766164883139,-41.258743971466004,0.0597,0.0819,0.0828,0.0779,0.0353,0.0349,0.0281,0.017,0.0018,0.0025
hutt_20200713,COPERNICUS/S2_SR_HARMONIZED/20200712T222549_20200712T222545_T60GUV,2020-07-12 22:27:27,hutt_20200713_plumeTrain_0,1,train,https://doi.org/10.1080/00288330.2022.2088569,"Gall et al. 2022, Figure 10A",v1,S2_SR_HARMONIZED_SCL_v1,174.87685506793662,-41.25874837317997,0.0567,0.0811,0.085,0.0779,0.0368,0.0336,0.0271,0.0184,6.0E-4,0.003
hutt_20200713,COPERNICUS/S2_SR_HARMONIZED/20200712T222549_20200712T222545_T60GUV,2020-07-12 22:27:27,hutt_20200713_plumeTrain_0,1,train,https://doi.org/10.1080/00288330.2022.2088569,"Gall et al. 2022, Figure 10A",v1,S2_SR_HARMONIZED_SCL_v1,174.87697435776784,-41.2587505738517,0.0547,0.08,0.0852,0.0783,0.0372,0.0325,0.0262,0.0188,7.0E-4,0.0022
hutt_20200713,COPERNICUS/S2_SR_HARMONIZED/20200712T222549_20200712T222545_T60GUV,2020-07-12 22:27:27,hutt_20200713_plumeTrain_0,1,train,https://doi.org/10.1080/00288330.2022.2088569,"Gall et al. 2022, Figure 10A",v1,S2_SR_HARMONIZED_SCL_v1,174.87709364761224,-41.25875277439993,0.0528,0.0821,0.0832,0.0783,0.0372,0.0325,0.0268,0.0188,7.0E-4,0.0022
hutt_20200713,COPERNICUS/S2_SR_HARMONIZED/20200712T222549_20200712T222545_T60GUV,2020-07-12 22:27:27,hutt_20200713_plumeTrain_0,1,train,https://doi.org/10.1080/00288330.2022.2088569,"Gall et al. 2022, Figure 10A",v1,S2_SR_HARMONIZED_SCL_v1,174.8772129374699,-41.258754974824676,0.0515,0.0808,0.0821,0.0779,0.0361,0.0344,0.027,0.0173,6.0E-4,0.003
hutt_20200713,COPERNICUS/S2_SR_HARMONIZED/20200712T222549_20200712T222545_T60GUV,2020-07-12 22:27:27,hutt_20200713_plumeTrain_0,1,train,https://doi.org/10.1080/00288330.2022.2088569,"Gall et al. 2022, Figure 10A",v1,S2_SR_HARMONIZED_SCL_v1,174.87745151722493,-41.258759375303654,0.056,0.0792,0.0832,0.0774,0.0345,0.0343,0.0291,0.0166,0.0022,0.001
hutt_20200713,COPERNICUS/S2_SR_HARMONIZED/20200712T222549_20200712T222545_T60GUV,2020-07-12 22:27:27,hutt_20200713_plumeTrain_0,1,train,https://doi.org/10.1080/00288330.2022.2088569,"Gall et al. 2022, Figure 10A",v1,S2_SR_HARMONIZED_SCL_v1,174.87780938695664,-41.2587659750959,0.0584,0.0781,0.0837,0.077,0.0359,0.0345,0.0263,0.0172,0.0021,0.0032
hutt_20200713,COPERNICUS/S2_SR_HARMONIZED/20200712T222549_20200712T222545_T60GUV,2020-07-12 22:27:27,hutt_20200713_plumeTrain_0,1,train,https://doi.org/10.1080/00288330.2022.2088569,"Gall et al. 2022, Figure 10A",v1,S2_SR_HARMONIZED_SCL_v1,174.87792867689367,-41.258768174779654,0.057,0.0802,0.0846,0.0767,0.0362,0.0281,0.025,0.0195,0.0015,0.0032
hutt_20200713,COPERNICUS/S2_SR_HARMONIZED/20200712T222549_20200712T222545_T60GUV,2020-07-12 22:27:27,hutt_20200713_plumeTrain_0,1,train,https://doi.org/10.1080/00288330.2022.2088569,"Gall et al. 2022, Figure 10A",v1,S2_SR_HARMONIZED_SCL_v1,174.87804796684392,-41.2587703743399,0.056,0.0791,0.0849,0.0767,0.0362,0.0281,0.027,0.0195,0.0015,0.0032
hutt_20200713,COPERNICUS/S2_SR_HARMONIZED/20200712T222549_20200712T222545_T60GUV,2020-07-12 22:27:27,hutt_20200713_plumeTrain_0,1,train,https://doi.org/10.1080/00288330.2022.2088569,"Gall et al. 2022, Figure 10A",v1,S2_SR_HARMONIZED_SCL_v1,174.87852512677713,-41.25877917134594,0.0536,0.0791,0.0853,0.0748,0.0378,0.0332,0.0264,0.0188,0.0016,1.0E-4
hutt_20200713,COPERNICUS/S2_SR_HARMONIZED/20200712T222549_20200712T222545_T60GUV,2020-07-12 22:27:27,hutt_20200713_plumeTrain_0,1,train,https://doi.org/10.1080/00288330.2022.2088569,"Gall et al. 2022, Figure 10A",v1,S2_SR_HARMONIZED_SCL_v1,174.8787637068231,-41.258783569107976,0.0559,0.0749,0.0815,0.0766,0.035,0.0342,0.0274,0.0187,0.0017,0.0013
hutt_20200713,COPERNICUS/S2_SR_HARMONIZED/20200712T222549_20200712T222545_T60GUV,2020-07-12 22:27:27,hutt_20200713_plumeTrain_0,1,train,https://doi.org/10.1080/00288330.2022.2088569,"Gall et al. 2022, Figure 10A",v1,S2_SR_HARMONIZED_SCL_v1,174.8788829968659,-41.258785767803744,0.0547,0.074,0.0809,0.0781,0.0343,0.031,0.0274,0.0189,8.0E-4,2.0E-4
hutt_20200713,COPERNICUS/S2_SR_HARMONIZED/20200712T222549_20200712T222545_T60GUV,2020-07-12 22:27:27,hutt_20200713_plumeTrain_0,1,train,https://doi.org/10.1080/00288330.2022.2088569,"Gall et al. 2022, Figure 10A",v1,S2_SR_HARMONIZED_SCL_v1,174.8793601571693,-41.25879456135184,0.0517,0.0785,0.0802,0.0762,0.0355,0.0349,0.0266,0.0179,0.0032,0.0044
hutt_20200713,COPERNICUS/S2_SR_HARMONIZED/20200712T222549_20200712T222545_T60GUV,2020-07-12 22:27:27,hutt_20200713_plumeTrain_0,1,train,https://doi.org/10.1080/00288330.2022.2088569,"Gall et al. 2022, Figure 10A",v1,S2_SR_HARMONIZED_SCL_v1,174.8794794472782,-41.25879675943012,0.0511,0.0774,0.0799,0.0762,0.0355,0.0349,0.0266,0.0179,0.0032,0.0044
hutt_20200713,COPERNICUS/S2_SR_HARMONIZED/20200712T222549_20200712T222545_T60GUV,2020-07-12 22:27:27,hutt_20200713_plumeTrain_0,1,train,https://doi.org/10.1080/00288330.2022.2088569,"Gall et al. 2022, Figure 10A",v1,S2_SR_HARMONIZED_SCL_v1,174.87971802753563,-41.258801155216176,0.0493,0.0784,0.0825,0.0767,0.0349,0.0333,0.0287,0.0182,0.0028,0.0019
hutt_20200713,COPERNICUS/S2_SR_HARMONIZED/20200712T222549_20200712T222545_T60GUV,2020-07-12 22:27:27,hutt_20200713_plumeTrain_0,1,train,https://doi.org/10.1080/00288330.2022.2088569,"Gall et al. 2022, Figure 10A",v1,S2_SR_HARMONIZED_SCL_v1,174.87983731768415,-41.25880335292396,0.0514,0.0798,0.0832,0.076,0.0341,0.0323,0.0271,0.018,0.0016,0.0021
hutt_20200713,COPERNICUS/S2_SR_HARMONIZED/20200712T222549_20200712T222545_T60GUV,2020-07-12 22:27:27,hutt_20200713_plumeTrain_0,1,train,https://doi.org/10.1080/00288330.2022.2088569,"Gall et al. 2022, Figure 10A",v1,S2_SR_HARMONIZED_SCL_v1,174.8803144784104,-41.25881214252011,0.0535,0.0756,0.0822,0.0769,0.037,0.0342,0.027,0.0168,0.0022,0.0019
hutt_20200713,COPERNICUS/S2_SR_HARMONIZED/20200712T222549_20200712T222545_T60GUV,2020-07-12 22:27:27,hutt_20200713_plumeTrain_0,1,train,https://doi.org/10.1080/00288330.2022.2088569,"Gall et al. 2022, Figure 10A",v1,S2_SR_HARMONIZED_SCL_v1,174.88043376862504,-41.2588143396104,0.0523,0.0779,0.081,0.0769,0.037,0.0342,0.0261,0.0168,0.0022,0.0019
hutt_20200713,COPERNICUS/S2_SR_HARMONIZED/20200712T222549_20200712T222545_T60GUV,2020-07-12 22:27:27,hutt_20200713_plumeTrain_0,1,train,https://doi.org/10.1080/00288330.2022.2088569,"Gall et al. 2022, Figure 10A",v1,S2_SR_HARMONIZED_SCL_v1,174.88055305885283,-41.25881653657719,0.0554,0.0791,0.0849,0.079,0.0375,0.0326,0.0272,0.0202,0.0022,0.0022
hutt_20200713,COPERNICUS/S2_SR_HARMONIZED/20200712T222549_20200712T222545_T60GUV,2020-07-12 22:27:27,hutt_20200713_plumeTrain_0,1,train,https://doi.org/10.1080/00288330.2022.2088569,"Gall et al. 2022, Figure 10A",v1,S2_SR_HARMONIZED_SCL_v1,174.88067234909383,-41.25881873342049,0.0579,0.0793,0.0867,0.079,0.0375,0.0326,0.0299,0.0202,0.0022,0.0022
hutt_20200713,COPERNICUS/S2_SR_HARMONIZED/20200712T222549_20200712T222545_T60GUV,2020-07-12 22:27:27,hutt_20200713_plumeTrain_0,1,train,https://doi.org/10.1080/00288330.2022.2088569,"Gall et al. 2022, Figure 10A",v1,S2_SR_HARMONIZED_SCL_v1,174.88079163934805,-41.25882093014029,0.0545,0.0797,0.0886,0.0766,0.0363,0.0344,0.0286,0.018,0.0025,0.0011
hutt_20200713,COPERNICUS/S2_SR_HARMONIZED/20200712T222549_20200712T222545_T60GUV,2020-07-12 22:27:27,hutt_20200713_plumeTrain_0,1,train,https://doi.org/10.1080/00288330.2022.2088569,"Gall et al. 2022, Figure 10A",v1,S2_SR_HARMONIZED_SCL_v1,174.8750628031813,-41.25880536454057,0.0598,0.0786,0.0824,0.0724,0.0373,0.0315,0.0264,0.0167,0.0019,0.0025
hutt_20200713,COPERNICUS/S2_SR_HARMONIZED/20200712T222549_20200712T222545_T60GUV,2020-07-12 22:27:27,hutt_20200713_plumeTrain_0,1,train,https://doi.org/10.1080/00288330.2022.2088569,"Gall et al. 2022, Figure 10A",v1,S2_SR_HARMONIZED_SCL_v1,174.8751820929775,-41.25880756707169,0.0611,0.0753,0.0832,0.0724,0.0373,0.0315,0.0289,0.0167,0.0019,0.0025
hutt_20200713,COPERNICUS/S2_SR_HARMONIZED/20200712T222549_20200712T222545_T60GUV,2020-07-12 22:27:27,hutt_20200713_plumeTrain_0,1,train,https://doi.org/10.1080/00288330.2022.2088569,"Gall et al. 2022, Figure 10A",v1,S2_SR_HARMONIZED_SCL_v1,174.87542067260966,-41.25881197176345,0.0578,0.0788,0.08,0.0757,0.0341,0.0348,0.026,0.016,0.0017,0.0031
hutt_20200713,COPERNICUS/S2_SR_HARMONIZED/20200712T222549_20200712T222545_T60GUV,2020-07-12 22:27:27,hutt_20200713_plumeTrain_0,1,train,https://doi.org/10.1080/00288330.2022.2088569,"Gall et al. 2022, Figure 10A",v1,S2_SR_HARMONIZED_SCL_v1,174.87589783203282,-41.258820779664994,0.0605,0.0832,0.0872,0.0773,0.0353,0.0339,0.0266,0.0162,0.001,0.0017
hutt_20200713,COPERNICUS/S2_SR_HARMONIZED/20200712T222549_20200712T222545_T60GUV,2020-07-12 22:27:27,hutt_20200713_plumeTrain_0,1,train,https://doi.org/10.1080/00288330.2022.2088569,"Gall et al. 2022, Figure 10A",v1,S2_SR_HARMONIZED_SCL_v1,174.8760171219217,-41.25882298133164,0.0583,0.0826,0.083,0.0767,0.035,0.0359,0.026,0.0172,0.0021,0.0042
hutt_20200713,COPERNICUS/S2_SR_HARMONIZED/20200712T222549_20200712T222545_T60GUV,2020-07-12 22:27:27,hutt_20200713_plumeTrain_0,1,train,https://doi.org/10.1080/00288330.2022.2088569,"Gall et al. 2022, Figure 10A",v1,S2_SR_HARMONIZED_SCL_v1,174.87625570173918,-41.258827384294435,0.0557,0.0801,0.0839,0.0778,0.0365,0.0359,0.0279,0.0179,0.0015,0.0027
hutt_20200713,COPERNICUS/S2_SR_HARMONIZED/20200712T222549_20200712T222545_T60GUV,2020-07-12 22:27:27,hutt_20200713_plumeTrain_0,1,train,https://doi.org/10.1080/00288330.2022.2088569,"Gall et al. 2022, Figure 10A",v1,S2_SR_HARMONIZED_SCL_v1,174.8763749916678,-41.25882958559058,0.0578,0.0783,0.0855,0.0778,0.0365,0.0359,0.0261,0.0179,0.0015,0.0027
hutt_20200713,COPERNICUS/S2_SR_HARMONIZED/20200712T222549_20200712T222545_T60GUV,2020-07-12 22:27:27,hutt_20200713_plumeTrain_0,1,train,https://doi.org/10.1080/00288330.2022.2088569,"Gall et al. 2022, Figure 10A",v1,S2_SR_HARMONIZED_SCL_v1,174.87661357156466,-41.25883398781239,0.0592,0.0838,0.0855,0.0785,0.0364,0.0332,0.0284,0.0166,0.0012,0.0026
hutt_20200713,COPERNICUS/S2_SR_HARMONIZED/20200712T222549_20200712T222545_T60GUV,2020-07-12 22:27:27,hutt_20200713_plumeTrain_0,1,train,https://doi.org/10.1080/00288330.2022.2088569,"Gall et al. 2022, Figure 10A",v1,S2_SR_HARMONIZED_SCL_v1,174.87673286153296,-41.258836188738044,0.0567,0.0793,0.0838,0.0771,0.0355,0.0323,0.0251,0.0181,7.0E-4,0.0041
hutt_20200713,COPERNICUS/S2_SR_HARMONIZED/20200712T222549_20200712T222545_T60GUV,2020-07-12 22:27:27,hutt_20200713_plumeTrain_0,1,train,https://doi.org/10.1080/00288330.2022.2088569,"Gall et al. 2022, Figure 10A",v1,S2_SR_HARMONIZED_SCL_v1,174.8768521515145,-41.2588383895402,0.0528,0.079,0.0811,0.0771,0.0355,0.0323,0.0258,0.0181,7.0E-4,0.0041
hutt_20200713,COPERNICUS/S2_SR_HARMONIZED/20200712T222549_20200712T222545_T60GUV,2020-07-12 22:27:27,hutt_20200713_plumeTrain_0,1,train,https://doi.org/10.1080/00288330.2022.2088569,"Gall et al. 2022, Figure 10A",v1,S2_SR_HARMONIZED_SCL_v1,174.87697144150926,-41.25884059021887,0.0537,0.0796,0.084,0.0779,0.0378,0.0337,0.0259,0.0186,9.0E-4,0.0037
hutt_20200713,COPERNICUS/S2_SR_HARMONIZED/20200712T222549_20200712T222545_T60GUV,2020-07-12 22:27:27,hutt_20200713_plumeTrain_0,1,train,https://doi.org/10.1080/00288330.2022.2088569,"Gall et al. 2022, Figure 10A",v1,S2_SR_HARMONIZED_SCL_v1,174.87709073151726,-41.25884279077403,0.0571,0.0794,0.0817,0.0779,0.0378,0.0337,0.0253,0.0186,9.0E-4,0.0037
hutt_20200713,COPERNICUS/S2_SR_HARMONIZED/20200712T222549_20200712T222545_T60GUV,2020-07-12 22:27:27,hutt_20200713_plumeTrain_0,1,train,https://doi.org/10.1080/00288330.2022.2088569,"Gall et al. 2022, Figure 10A",v1,S2_SR_HARMONIZED_SCL_v1,174.87721002153847,-41.25884499120569,0.0571,0.0803,0.0814,0.0769,0.0385,0.034,0.0276,0.017,0.0017,0.0017
hutt_20200713,COPERNICUS/S2_SR_HARMONIZED/20200712T222549_20200712T222545_T60GUV,2020-07-12 22:27:27,hutt_20200713_plumeTrain_0,1,train,https://doi.org/10.1080/00288330.2022.2088569,"Gall et al. 2022, Figure 10A",v1,S2_SR_HARMONIZED_SCL_v1,174.87732931157294,-41.25884719151386,0.0532,0.0763,0.0846,0.0769,0.0385,0.034,0.0281,0.017,0.0017,0.0017
hutt_20200713,COPERNICUS/S2_SR_HARMONIZED/20200712T222549_20200712T222545_T60GUV,2020-07-12 22:27:27,hutt_20200713_plumeTrain_0,1,train,https://doi.org/10.1080/00288330.2022.2088569,"Gall et al. 2022, Figure 10A",v1,S2_SR_HARMONIZED_SCL_v1,174.87744860162059,-41.25884939169853,0.0541,0.0809,0.087,0.0766,0.035,0.0327,0.0327,0.0166,0.0031,1.0E-4
hutt_20200713,COPERNICUS/S2_SR_HARMONIZED/20200712T222549_20200712T222545_T60GUV,2020-07-12 22:27:27,hutt_20200713_plumeTrain_0,1,train,https://doi.org/10.1080/00288330.2022.2088569,"Gall et al. 2022, Figure 10A",v1,S2_SR_HARMONIZED_SCL_v1,174.8775678916815,-41.25885159175971,0.0591,0.0832,0.0871,0.0766,0.035,0.0327,0.0302,0.0166,0.0031,1.0E-4
hutt_20200713,COPERNICUS/S2_SR_HARMONIZED/20200712T222549_20200712T222545_T60GUV,2020-07-12 22:27:27,hutt_20200713_plumeTrain_0,1,train,https://doi.org/10.1080/00288330.2022.2088569,"Gall et al. 2022, Figure 10A",v1,S2_SR_HARMONIZED_SCL_v1,174.8779257619436,-41.25885819120223,0.0568,0.0804,0.0846,0.0783,0.0393,0.0365,0.0255,0.0166,9.0E-4,0.0042
hutt_20200713,COPERNICUS/S2_SR_HARMONIZED/20200712T222549_20200712T222545_T60GUV,2020-07-12 22:27:27,hutt_20200713_plumeTrain_0,1,train,https://doi.org/10.1080/00288330.2022.2088569,"Gall et al. 2022, Figure 10A",v1,S2_SR_HARMONIZED_SCL_v1,174.87804505205742,-41.258860390769414,0.0562,0.0799,0.0849,0.0783,0.0393,0.0365,0.0283,0.0166,9.0E-4,0.0042
hutt_20200713,COPERNICUS/S2_SR_HARMONIZED/20200712T222549_20200712T222545_T60GUV,2020-07-12 22:27:27,hutt_20200713_plumeTrain_0,1,train,https://doi.org/10.1080/00288330.2022.2088569,"Gall et al. 2022, Figure 10A",v1,S2_SR_HARMONIZED_SCL_v1,174.87816434218442,-41.25886259021309,0.0533,0.0765,0.0882,0.0759,0.0368,0.0341,0.0281,0.0182,0.0015,0.0032
hutt_20200713,COPERNICUS/S2_SR_HARMONIZED/20200712T222549_20200712T222545_T60GUV,2020-07-12 22:27:27,hutt_20200713_plumeTrain_0,1,train,https://doi.org/10.1080/00288330.2022.2088569,"Gall et al. 2022, Figure 10A",v1,S2_SR_HARMONIZED_SCL_v1,174.8782836323247,-41.25886478953328,0.0555,0.0767,0.0843,0.0759,0.0368,0.0341,0.0283,0.0182,0.0015,0.0032
hutt_20200713,COPERNICUS/S2_SR_HARMONIZED/20200712T222549_20200712T222545_T60GUV,2020-07-12 22:27:27,hutt_20200713_plumeTrain_0,1,train,https://doi.org/10.1080/00288330.2022.2088569,"Gall et al. 2022, Figure 10A",v1,S2_SR_HARMONIZED_SCL_v1,174.87864150282482,-41.25887138675283,0.0568,0.0803,0.0859,0.0784,0.0338,0.0326,0.0301,0.019,0.001,0.0021
hutt_20200713,COPERNICUS/S2_SR_HARMONIZED/20200712T222549_20200712T222545_T60GUV,2020-07-12 22:27:27,hutt_20200713_plumeTrain_0,1,train,https://doi.org/10.1080/00288330.2022.2088569,"Gall et al. 2022, Figure 10A",v1,S2_SR_HARMONIZED_SCL_v1,174.87876079301796,-41.258873585579025,0.0546,0.0782,0.0843,0.0784,0.0338,0.0326,0.0273,0.019,0.001,0.0021
hutt_20200713,COPERNICUS/S2_SR_HARMONIZED/20200712T222549_20200712T222545_T60GUV,2020-07-12 22:27:27,hutt_20200713_plumeTrain_0,1,train,https://doi.org/10.1080/00288330.2022.2088569,"Gall et al. 2022, Figure 10A",v1,S2_SR_HARMONIZED_SCL_v1,174.87888008322435,-41.25887578428171,0.0555,0.0757,0.0799,0.0784,0.0365,0.0343,0.0267,0.0186,0.0018,0.0015
hutt_20200713,COPERNICUS/S2_SR_HARMONIZED/20200712T222549_20200712T222545_T60GUV,2020-07-12 22:27:27,hutt_20200713_plumeTrain_0,1,train,https://doi.org/10.1080/00288330.2022.2088569,"Gall et al. 2022, Figure 10A",v1,S2_SR_HARMONIZED_SCL_v1,174.87899937344392,-41.25887798286091,0.0546,0.0763,0.0867,0.0784,0.0365,0.0343,0.0269,0.0186,0.0018,0.0015
hutt_20200713,COPERNICUS/S2_SR_HARMONIZED/20200712T222549_20200712T222545_T60GUV,2020-07-12 22:27:27,hutt_20200713_plumeTrain_0,1,train,https://doi.org/10.1080/00288330.2022.2088569,"Gall et al. 2022, Figure 10A",v1,S2_SR_HARMONIZED_SCL_v1,174.8791186636767,-41.2588801813166,0.0603,0.078,0.0858,0.0783,0.0388,0.0331,0.0253,0.017,8.0E-4,0.0031
hutt_20200713,COPERNICUS/S2_SR_HARMONIZED/20200712T222549_20200712T222545_T60GUV,2020-07-12 22:27:27,hutt_20200713_plumeTrain_0,1,train,https://doi.org/10.1080/00288330.2022.2088569,"Gall et al. 2022, Figure 10A",v1,S2_SR_HARMONIZED_SCL_v1,174.87923795392274,-41.258882379648796,0.0565,0.0785,0.0827,0.0783,0.0388,0.0331,0.0249,0.017,8.0E-4,0.0031
hutt_20200713,COPERNICUS/S2_SR_HARMONIZED/20200712T222549_20200712T222545_T60GUV,2020-07-12 22:27:27,hutt_20200713_plumeTrain_0,1,train,https://doi.org/10.1080/00288330.2022.2088569,"Gall et al. 2022, Figure 10A",v1,S2_SR_HARMONIZED_SCL_v1,174.8795958247401,-41.25888897390439,0.0521,0.0774,0.0804,0.0767,0.0364,0.0315,0.0266,0.0153,0.0027,0.001
hutt_20200713,COPERNICUS/S2_SR_HARMONIZED/20200712T222549_20200712T222545_T60GUV,2020-07-12 22:27:27,hutt_20200713_plumeTrain_0,1,train,https://doi.org/10.1080/00288330.2022.2088569,"Gall et al. 2022, Figure 10A",v1,S2_SR_HARMONIZED_SCL_v1,174.87971511503898,-41.25889117174259,0.0567,0.0781,0.0804,0.0767,0.0364,0.0315,0.0286,0.0153,0.0027,0.001
hutt_20200713,COPERNICUS/S2_SR_HARMONIZED/20200712T222549_20200712T222545_T60GUV,2020-07-12 22:27:27,hutt_20200713_plumeTrain_0,1,train,https://doi.org/10.1080/00288330.2022.2088569,"Gall et al. 2022, Figure 10A",v1,S2_SR_HARMONIZED_SCL_v1,174.87983440535106,-41.25889336945729,0.0572,0.0766,0.0821,0.076,0.0346,0.0301,0.027,0.0167,9.0E-4,0.0034
hutt_20200713,COPERNICUS/S2_SR_HARMONIZED/20200712T222549_20200712T222545_T60GUV,2020-07-12 22:27:27,hutt_20200713_plumeTrain_0,1,train,https://doi.org/10.1080/00288330.2022.2088569,"Gall et al. 2022, Figure 10A",v1,S2_SR_HARMONIZED_SCL_v1,174.8799536956764,-41.2588955670485,0.054,0.0798,0.0806,0.076,0.0346,0.0301,0.0254,0.0167,9.0E-4,0.0034
hutt_20200713,COPERNICUS/S2_SR_HARMONIZED/20200712T222549_20200712T222545_T60GUV,2020-07-12 22:27:27,hutt_20200713_plumeTrain_0,1,train,https://doi.org/10.1080/00288330.2022.2088569,"Gall et al. 2022, Figure 10A",v1,S2_SR_HARMONIZED_SCL_v1,174.8800729860149,-41.2588977645162,0.051,0.0764,0.0829,0.0747,0.0375,0.0329,0.0262,0.0168,0.0039,0.0027
hutt_20200713,COPERNICUS/S2_SR_HARMONIZED/20200712T222549_20200712T222545_T60GUV,2020-07-12 22:27:27,hutt_20200713_plumeTrain_0,1,train,https://doi.org/10.1080/00288330.2022.2088569,"Gall et al. 2022, Figure 10A",v1,S2_SR_HARMONIZED_SCL_v1,174.8803115667316,-41.25890215908111,0.0526,0.0745,0.0808,0.0755,0.0367,0.034,0.0276,0.0164,0.0023,0.0025
hutt_20200713,COPERNICUS/S2_SR_HARMONIZED/20200712T222549_20200712T222545_T60GUV,2020-07-12 22:27:27,hutt_20200713_plumeTrain_0,1,train,https://doi.org/10.1080/00288330.2022.2088569,"Gall et al. 2022, Figure 10A",v1,S2_SR_HARMONIZED_SCL_v1,174.88043085710976,-41.25890435617832,0.0551,0.0763,0.082,0.0755,0.0367,0.034,0.0277,0.0164,0.0023,0.0025
hutt_20200713,COPERNICUS/S2_SR_HARMONIZED/20200712T222549_20200712T222545_T60GUV,2020-07-12 22:27:27,hutt_20200713_plumeTrain_0,1,train,https://doi.org/10.1080/00288330.2022.2088569,"Gall et al. 2022, Figure 10A",v1,S2_SR_HARMONIZED_SCL_v1,174.8805501475011,-41.25890655315203,0.0511,0.0772,0.0871,0.0764,0.0373,0.0324,0.0254,0.0166,0.0018,0.0032
hutt_20200713,COPERNICUS/S2_SR_HARMONIZED/20200712T222549_20200712T222545_T60GUV,2020-07-12 22:27:27,hutt_20200713_plumeTrain_0,1,train,https://doi.org/10.1080/00288330.2022.2088569,"Gall et al. 2022, Figure 10A",v1,S2_SR_HARMONIZED_SCL_v1,174.88078872832347,-41.25891094672895,0.0512,0.0789,0.0832,0.0746,0.0366,0.0349,0.029,0.0168,0.002,0.0037
hutt_20200713,COPERNICUS/S2_SR_HARMONIZED/20200712T222549_20200712T222545_T60GUV,2020-07-12 22:27:27,hutt_20200713_plumeTrain_0,1,train,https://doi.org/10.1080/00288330.2022.2088569,"Gall et al. 2022, Figure 10A",v1,S2_SR_HARMONIZED_SCL_v1,174.87517917425228,-41.258897583333315,0.0604,0.0738,0.0825,0.0724,0.0373,0.0315,0.0285,0.0167,0.0019,0.0025
hutt_20200713,COPERNICUS/S2_SR_HARMONIZED/20200712T222549_20200712T222545_T60GUV,2020-07-12 22:27:27,hutt_20200713_plumeTrain_0,1,train,https://doi.org/10.1080/00288330.2022.2088569,"Gall et al. 2022, Figure 10A",v1,S2_SR_HARMONIZED_SCL_v1,174.8752984642253,-41.25889978574787,0.0527,0.078,0.0817,0.0757,0.0341,0.0348,0.0275,0.016,0.0017,0.0031
hutt_20200713,COPERNICUS/S2_SR_HARMONIZED/20200712T222549_20200712T222545_T60GUV,2020-07-12 22:27:27,hutt_20200713_plumeTrain_0,1,train,https://doi.org/10.1080/00288330.2022.2088569,"Gall et al. 2022, Figure 10A",v1,S2_SR_HARMONIZED_SCL_v1,174.87565633422378,-41.258906392250566,0.0565,0.0773,0.0836,0.0765,0.0348,0.0348,0.0272,0.0157,0.0015,8.0E-4
hutt_20200713,COPERNICUS/S2_SR_HARMONIZED/20200712T222549_20200712T222545_T60GUV,2020-07-12 22:27:27,hutt_20200713_plumeTrain_0,1,train,https://doi.org/10.1080/00288330.2022.2088569,"Gall et al. 2022, Figure 10A",v1,S2_SR_HARMONIZED_SCL_v1,174.87577562424977,-41.25890859417114,0.055,0.0816,0.0827,0.0773,0.0353,0.0339,0.0286,0.0162,0.001,0.0017
hutt_20200713,COPERNICUS/S2_SR_HARMONIZED/20200712T222549_20200712T222545_T60GUV,2020-07-12 22:27:27,hutt_20200713_plumeTrain_0,1,train,https://doi.org/10.1080/00288330.2022.2088569,"Gall et al. 2022, Figure 10A",v1,S2_SR_HARMONIZED_SCL_v1,174.87589491428898,-41.25891079596821,0.0593,0.0829,0.0856,0.0773,0.0353,0.0339,0.0296,0.0162,0.001,0.0017
hutt_20200713,COPERNICUS/S2_SR_HARMONIZED/20200712T222549_20200712T222545_T60GUV,2020-07-12 22:27:27,hutt_20200713_plumeTrain_0,1,train,https://doi.org/10.1080/00288330.2022.2088569,"Gall et al. 2022, Figure 10A",v1,S2_SR_HARMONIZED_SCL_v1,174.87601420434143,-41.25891299764179,0.0618,0.0814,0.0865,0.0767,0.035,0.0359,0.0293,0.0172,0.0021,0.0042
hutt_20200713,COPERNICUS/S2_SR_HARMONIZED/20200712T222549_20200712T222545_T60GUV,2020-07-12 22:27:27,hutt_20200713_plumeTrain_0,1,train,https://doi.org/10.1080/00288330.2022.2088569,"Gall et al. 2022, Figure 10A",v1,S2_SR_HARMONIZED_SCL_v1,174.8761334944071,-41.25891519919186,0.0605,0.0807,0.0823,0.0767,0.035,0.0359,0.0284,0.0172,0.0021,0.0042
hutt_20200713,COPERNICUS/S2_SR_HARMONIZED/20200712T222549_20200712T222545_T60GUV,2020-07-12 22:27:27,hutt_20200713_plumeTrain_0,1,train,https://doi.org/10.1080/00288330.2022.2088569,"Gall et al. 2022, Figure 10A",v1,S2_SR_HARMONIZED_SCL_v1,174.87649136468357,-41.258921803101096,0.0557,0.0801,0.0865,0.0785,0.0364,0.0332,0.0281,0.0166,0.0012,0.0026
hutt_20200713,COPERNICUS/S2_SR_HARMONIZED/20200712T222549_20200712T222545_T60GUV,2020-07-12 22:27:27,hutt_20200713_plumeTrain_0,1,train,https://doi.org/10.1080/00288330.2022.2088569,"Gall et al. 2022, Figure 10A",v1,S2_SR_HARMONIZED_SCL_v1,174.87661065480222,-41.25892400415719,0.0575,0.0828,0.0862,0.0785,0.0364,0.0332,0.029,0.0166,0.0012,0.0026
hutt_20200713,COPERNICUS/S2_SR_HARMONIZED/20200712T222549_20200712T222545_T60GUV,2020-07-12 22:27:27,hutt_20200713_plumeTrain_0,1,train,https://doi.org/10.1080/00288330.2022.2088569,"Gall et al. 2022, Figure 10A",v1,S2_SR_HARMONIZED_SCL_v1,174.87684923507913,-41.25892840589886,0.0556,0.0759,0.085,0.0771,0.0355,0.0323,0.0287,0.0181,7.0E-4,0.0041
hutt_20200713,COPERNICUS/S2_SR_HARMONIZED/20200712T222549_20200712T222545_T60GUV,2020-07-12 22:27:27,hutt_20200713_plumeTrain_0,1,train,https://doi.org/10.1080/00288330.2022.2088569,"Gall et al. 2022, Figure 10A",v1,S2_SR_HARMONIZED_SCL_v1,174.87696852523746,-41.25893060658445,0.0568,0.0814,0.0874,0.0779,0.0378,0.0337,0.0272,0.0186,9.0E-4,0.0037
hutt_20200713,COPERNICUS/S2_SR_HARMONIZED/20200712T222549_20200712T222545_T60GUV,2020-07-12 22:27:27,hutt_20200713_plumeTrain_0,1,train,https://doi.org/10.1080/00288330.2022.2088569,"Gall et al. 2022, Figure 10A",v1,S2_SR_HARMONIZED_SCL_v1,174.8772071055938,-41.25893500758513,0.0549,0.0797,0.0828,0.0769,0.0385,0.034,0.0266,0.017,0.0017,0.0017
hutt_20200713,COPERNICUS/S2_SR_HARMONIZED/20200712T222549_20200712T222545_T60GUV,2020-07-12 22:27:27,hutt_20200713_plumeTrain_0,1,train,https://doi.org/10.1080/00288330.2022.2088569,"Gall et al. 2022, Figure 10A",v1,S2_SR_HARMONIZED_SCL_v1,174.8780421372577,-41.25895040719733,0.0553,0.0799,0.0835,0.0783,0.0393,0.0365,0.03,0.0166,9.0E-4,0.0042
hutt_20200713,COPERNICUS/S2_SR_HARMONIZED/20200712T222549_20200712T222545_T60GUV,2020-07-12 22:27:27,hutt_20200713_plumeTrain_0,1,train,https://doi.org/10.1080/00288330.2022.2088569,"Gall et al. 2022, Figure 10A",v1,S2_SR_HARMONIZED_SCL_v1,174.87816142754826,-41.25895260664793,0.0553,0.0777,0.0879,0.0759,0.0368,0.0341,0.0278,0.0182,0.0015,0.0032
hutt_20200713,COPERNICUS/S2_SR_HARMONIZED/20200712T222549_20200712T222545_T60GUV,2020-07-12 22:27:27,hutt_20200713_plumeTrain_0,1,train,https://doi.org/10.1080/00288330.2022.2088569,"Gall et al. 2022, Figure 10A",v1,S2_SR_HARMONIZED_SCL_v1,174.87828071785208,-41.258954805975044,0.0562,0.0792,0.0846,0.0759,0.0368,0.0341,0.028,0.0182,0.0015,0.0032
hutt_20200713,COPERNICUS/S2_SR_HARMONIZED/20200712T222549_20200712T222545_T60GUV,2020-07-12 22:27:27,hutt_20200713_plumeTrain_0,1,train,https://doi.org/10.1080/00288330.2022.2088569,"Gall et al. 2022, Figure 10A",v1,S2_SR_HARMONIZED_SCL_v1,174.87840000816914,-41.25895700517865,0.0584,0.0827,0.084,0.0747,0.0368,0.032,0.0285,0.0186,0.0012,0.0026
hutt_20200713,COPERNICUS/S2_SR_HARMONIZED/20200712T222549_20200712T222545_T60GUV,2020-07-12 22:27:27,hutt_20200713_plumeTrain_0,1,train,https://doi.org/10.1080/00288330.2022.2088569,"Gall et al. 2022, Figure 10A",v1,S2_SR_HARMONIZED_SCL_v1,174.87863858884288,-41.25896140321537,0.0545,0.0804,0.0853,0.0784,0.0338,0.0326,0.0271,0.019,0.001,0.0021
hutt_20200713,COPERNICUS/S2_SR_HARMONIZED/20200712T222549_20200712T222545_T60GUV,2020-07-12 22:27:27,hutt_20200713_plumeTrain_0,1,train,https://doi.org/10.1080/00288330.2022.2088569,"Gall et al. 2022, Figure 10A",v1,S2_SR_HARMONIZED_SCL_v1,174.87875787919958,-41.25896360204848,0.0567,0.0813,0.083,0.0784,0.0338,0.0326,0.0281,0.019,0.001,0.0021
hutt_20200713,COPERNICUS/S2_SR_HARMONIZED/20200712T222549_20200712T222545_T60GUV,2020-07-12 22:27:27,hutt_20200713_plumeTrain_0,1,train,https://doi.org/10.1080/00288330.2022.2088569,"Gall et al. 2022, Figure 10A",v1,S2_SR_HARMONIZED_SCL_v1,174.8788771695695,-41.2589658007581,0.0573,0.077,0.0813,0.0784,0.0365,0.0343,0.0299,0.0186,0.0018,0.0015
hutt_20200713,COPERNICUS/S2_SR_HARMONIZED/20200712T222549_20200712T222545_T60GUV,2020-07-12 22:27:27,hutt_20200713_plumeTrain_0,1,train,https://doi.org/10.1080/00288330.2022.2088569,"Gall et al. 2022, Figure 10A",v1,S2_SR_HARMONIZED_SCL_v1,174.87899645995267,-41.25896799934421,0.0573,0.0774,0.0836,0.0784,0.0365,0.0343,0.0284,0.0186,0.0018,0.0015
hutt_20200713,COPERNICUS/S2_SR_HARMONIZED/20200712T222549_20200712T222545_T60GUV,2020-07-12 22:27:27,hutt_20200713_plumeTrain_0,1,train,https://doi.org/10.1080/00288330.2022.2088569,"Gall et al. 2022, Figure 10A",v1,S2_SR_HARMONIZED_SCL_v1,174.87923504075863,-41.258972396145936,0.0536,0.078,0.0822,0.0783,0.0388,0.0331,0.028,0.017,8.0E-4,0.0031
hutt_20200713,COPERNICUS/S2_SR_HARMONIZED/20200712T222549_20200712T222545_T60GUV,2020-07-12 22:27:27,hutt_20200713_plumeTrain_0,1,train,https://doi.org/10.1080/00288330.2022.2088569,"Gall et al. 2022, Figure 10A",v1,S2_SR_HARMONIZED_SCL_v1,174.88007007399574,-41.25898778106178,0.054,0.0772,0.0808,0.0747,0.0375,0.0329,0.0253,0.0168,0.0039,0.0027
hutt_20200713,COPERNICUS/S2_SR_HARMONIZED/20200712T222549_20200712T222545_T60GUV,2020-07-12 22:27:27,hutt_20200713_plumeTrain_0,1,train,https://doi.org/10.1080/00288330.2022.2088569,"Gall et al. 2022, Figure 10A",v1,S2_SR_HARMONIZED_SCL_v1,174.88042794558123,-41.25899437274465,0.0507,0.079,0.0838,0.0755,0.0367,0.034,0.0293,0.0164,0.0023,0.0025
hutt_20200713,COPERNICUS/S2_SR_HARMONIZED/20200712T222549_20200712T222545_T60GUV,2020-07-12 22:27:27,hutt_20200713_plumeTrain_0,1,train,https://doi.org/10.1080/00288330.2022.2088569,"Gall et al. 2022, Figure 10A",v1,S2_SR_HARMONIZED_SCL_v1,174.88066652670435,-41.25899876658241,0.0496,0.0742,0.0844,0.0764,0.0373,0.0324,0.0284,0.0166,0.0018,0.0032
hutt_20200713,COPERNICUS/S2_SR_HARMONIZED/20200712T222549_20200712T222545_T60GUV,2020-07-12 22:27:27,hutt_20200713_plumeTrain_0,1,train,https://doi.org/10.1080/00288330.2022.2088569,"Gall et al. 2022, Figure 10A",v1,S2_SR_HARMONIZED_SCL_v1,174.88078581728567,-41.25900096331603,0.0528,0.0742,0.0841,0.0746,0.0366,0.0349,0.0289,0.0168,0.002,0.0037
hutt_20200713,COPERNICUS/S2_SR_HARMONIZED/20200712T222549_20200712T222545_T60GUV,2020-07-12 22:27:27,hutt_20200713_plumeTrain_0,1,train,https://doi.org/10.1080/00288330.2022.2088569,"Gall et al. 2022, Figure 10A",v1,S2_SR_HARMONIZED_SCL_v1,174.8809051078802,-41.25900315992616,0.0562,0.0763,0.0843,0.0746,0.0366,0.0349,0.0277,0.0168,0.002,0.0037
hutt_20200713,COPERNICUS/S2_SR_HARMONIZED/20200712T222549_20200712T222545_T60GUV,2020-07-12 22:27:27,hutt_20200713_plumeTrain_0,1,train,https://doi.org/10.1080/00288330.2022.2088569,"Gall et al. 2022, Figure 10A",v1,S2_SR_HARMONIZED_SCL_v1,174.88102439848797,-41.259005356412786,0.0545,0.0763,0.0853,0.0768,0.0358,0.0348,0.0292,0.0174,0.0019,0.003
hutt_20200713,COPERNICUS/S2_SR_HARMONIZED/20200712T222549_20200712T222545_T60GUV,2020-07-12 22:27:27,hutt_20200713_plumeTrain_0,1,train,https://doi.org/10.1080/00288330.2022.2088569,"Gall et al. 2022, Figure 10A",v1,S2_SR_HARMONIZED_SCL_v1,174.88114368910894,-41.25900755277591,0.054,0.0748,0.0857,0.0768,0.0358,0.0348,0.0254,0.0174,0.0019,0.003
hutt_20200713,COPERNICUS/S2_SR_HARMONIZED/20200712T222549_20200712T222545_T60GUV,2020-07-12 22:27:27,hutt_20200713_plumeTrain_0,1,train,https://doi.org/10.1080/00288330.2022.2088569,"Gall et al. 2022, Figure 10A",v1,S2_SR_HARMONIZED_SCL_v1,174.88126297974313,-41.25900974901554,0.0568,0.0748,0.0818,0.0772,0.0363,0.0331,0.027,0.0193,0.0018,0.0025
hutt_20200713,COPERNICUS/S2_SR_HARMONIZED/20200712T222549_20200712T222545_T60GUV,2020-07-12 22:27:27,hutt_20200713_plumeTrain_0,1,train,https://doi.org/10.1080/00288330.2022.2088569,"Gall et al. 2022, Figure 10A",v1,S2_SR_HARMONIZED_SCL_v1,174.87529554565046,-41.25898980201485,0.0562,0.0789,0.0811,0.0752,0.0353,0.0334,0.0279,0.0169,0.0019,0.0027
hutt_20200713,COPERNICUS/S2_SR_HARMONIZED/20200712T222549_20200712T222545_T60GUV,2020-07-12 22:27:27,hutt_20200713_plumeTrain_0,1,train,https://doi.org/10.1080/00288330.2022.2088569,"Gall et al. 2022, Figure 10A",v1,S2_SR_HARMONIZED_SCL_v1,174.8755341259633,-41.258994206487344,0.0571,0.0792,0.0824,0.0745,0.0366,0.0329,0.0268,0.0154,0.0017,0.001
hutt_20200713,COPERNICUS/S2_SR_HARMONIZED/20200712T222549_20200712T222545_T60GUV,2020-07-12 22:27:27,hutt_20200713_plumeTrain_0,1,train,https://doi.org/10.1080/00288330.2022.2088569,"Gall et al. 2022, Figure 10A",v1,S2_SR_HARMONIZED_SCL_v1,174.8756534161396,-41.258996408538344,0.0549,0.0775,0.0832,0.0745,0.0366,0.0329,0.0279,0.0154,0.0017,0.001
hutt_20200713,COPERNICUS/S2_SR_HARMONIZED/20200712T222549_20200712T222545_T60GUV,2020-07-12 22:27:27,hutt_20200713_plumeTrain_0,1,train,https://doi.org/10.1080/00288330.2022.2088569,"Gall et al. 2022, Figure 10A",v1,S2_SR_HARMONIZED_SCL_v1,174.87577270632912,-41.258998610465845,0.0528,0.0794,0.0828,0.0739,0.0363,0.0323,0.028,0.0154,1.0E-4,0.0034
hutt_20200713,COPERNICUS/S2_SR_HARMONIZED/20200712T222549_20200712T222545_T60GUV,2020-07-12 22:27:27,hutt_20200713_plumeTrain_0,1,train,https://doi.org/10.1080/00288330.2022.2088569,"Gall et al. 2022, Figure 10A",v1,S2_SR_HARMONIZED_SCL_v1,174.8758919965319,-41.25900081226985,0.0586,0.0779,0.0811,0.0739,0.0363,0.0323,0.0271,0.0154,1.0E-4,0.0034
hutt_20200713,COPERNICUS/S2_SR_HARMONIZED/20200712T222549_20200712T222545_T60GUV,2020-07-12 22:27:27,hutt_20200713_plumeTrain_0,1,train,https://doi.org/10.1080/00288330.2022.2088569,"Gall et al. 2022, Figure 10A",v1,S2_SR_HARMONIZED_SCL_v1,174.8760112867479,-41.259003013950355,0.0611,0.0788,0.0823,0.077,0.0354,0.0341,0.0267,0.018,0.0013,0.0039
hutt_20200713,COPERNICUS/S2_SR_HARMONIZED/20200712T222549_20200712T222545_T60GUV,2020-07-12 22:27:27,hutt_20200713_plumeTrain_0,1,train,https://doi.org/10.1080/00288330.2022.2088569,"Gall et al. 2022, Figure 10A",v1,S2_SR_HARMONIZED_SCL_v1,174.87613057697715,-41.259005215507365,0.0583,0.0832,0.0854,0.077,0.0354,0.0341,0.0279,0.018,0.0013,0.0039
hutt_20200713,COPERNICUS/S2_SR_HARMONIZED/20200712T222549_20200712T222545_T60GUV,2020-07-12 22:27:27,hutt_20200713_plumeTrain_0,1,train,https://doi.org/10.1080/00288330.2022.2088569,"Gall et al. 2022, Figure 10A",v1,S2_SR_HARMONIZED_SCL_v1,174.87624986721966,-41.259007416940875,0.0575,0.0817,0.0823,0.0777,0.0358,0.0334,0.0265,0.0177,0.0013,0.0017
hutt_20200713,COPERNICUS/S2_SR_HARMONIZED/20200712T222549_20200712T222545_T60GUV,2020-07-12 22:27:27,hutt_20200713_plumeTrain_0,1,train,https://doi.org/10.1080/00288330.2022.2088569,"Gall et al. 2022, Figure 10A",v1,S2_SR_HARMONIZED_SCL_v1,174.87636915747535,-41.259009618250886,0.0597,0.0791,0.0816,0.0777,0.0358,0.0334,0.028,0.0177,0.0013,0.0017
hutt_20200713,COPERNICUS/S2_SR_HARMONIZED/20200712T222549_20200712T222545_T60GUV,2020-07-12 22:27:27,hutt_20200713_plumeTrain_0,1,train,https://doi.org/10.1080/00288330.2022.2088569,"Gall et al. 2022, Figure 10A",v1,S2_SR_HARMONIZED_SCL_v1,174.87648844774432,-41.2590118194374,0.0578,0.0788,0.0866,0.078,0.036,0.032,0.0278,0.0163,6.0E-4,0.0028
hutt_20200713,COPERNICUS/S2_SR_HARMONIZED/20200712T222549_20200712T222545_T60GUV,2020-07-12 22:27:27,hutt_20200713_plumeTrain_0,1,train,https://doi.org/10.1080/00288330.2022.2088569,"Gall et al. 2022, Figure 10A",v1,S2_SR_HARMONIZED_SCL_v1,174.8766077380265,-41.25901402050041,0.0565,0.0822,0.0855,0.078,0.036,0.032,0.0288,0.0163,6.0E-4,0.0028
hutt_20200713,COPERNICUS/S2_SR_HARMONIZED/20200712T222549_20200712T222545_T60GUV,2020-07-12 22:27:27,hutt_20200713_plumeTrain_0,1,train,https://doi.org/10.1080/00288330.2022.2088569,"Gall et al. 2022, Figure 10A",v1,S2_SR_HARMONIZED_SCL_v1,174.87708489928758,-41.259022823517476,0.0589,0.079,0.0819,0.0755,0.0384,0.0326,0.0253,0.0167,0.0015,0.0025
hutt_20200713,COPERNICUS/S2_SR_HARMONIZED/20200712T222549_20200712T222545_T60GUV,2020-07-12 22:27:27,hutt_20200713_plumeTrain_0,1,train,https://doi.org/10.1080/00288330.2022.2088569,"Gall et al. 2022, Figure 10A",v1,S2_SR_HARMONIZED_SCL_v1,174.8772041896359,-41.259025023963005,0.0512,0.0769,0.0843,0.0746,0.0388,0.0307,0.0251,0.0165,0.0029,0.0017
hutt_20200713,COPERNICUS/S2_SR_HARMONIZED/20200712T222549_20200712T222545_T60GUV,2020-07-12 22:27:27,hutt_20200713_plumeTrain_0,1,train,https://doi.org/10.1080/00288330.2022.2088569,"Gall et al. 2022, Figure 10A",v1,S2_SR_HARMONIZED_SCL_v1,174.8774427703723,-41.25902942448354,0.0602,0.08,0.085,0.0769,0.0356,0.0338,0.029,0.0165,0.0024,0.002
hutt_20200713,COPERNICUS/S2_SR_HARMONIZED/20200712T222549_20200712T222545_T60GUV,2020-07-12 22:27:27,hutt_20200713_plumeTrain_0,1,train,https://doi.org/10.1080/00288330.2022.2088569,"Gall et al. 2022, Figure 10A",v1,S2_SR_HARMONIZED_SCL_v1,174.8775620607603,-41.25903162455857,0.0596,0.0824,0.0813,0.0769,0.0356,0.0338,0.0302,0.0165,0.0024,0.002
hutt_20200713,COPERNICUS/S2_SR_HARMONIZED/20200712T222549_20200712T222545_T60GUV,2020-07-12 22:27:27,hutt_20200713_plumeTrain_0,1,train,https://doi.org/10.1080/00288330.2022.2088569,"Gall et al. 2022, Figure 10A",v1,S2_SR_HARMONIZED_SCL_v1,174.87768135116158,-41.25903382451009,0.0569,0.0769,0.0828,0.0807,0.0359,0.033,0.0263,0.0187,0.0028,0.0036
hutt_20200713,COPERNICUS/S2_SR_HARMONIZED/20200712T222549_20200712T222545_T60GUV,2020-07-12 22:27:27,hutt_20200713_plumeTrain_0,1,train,https://doi.org/10.1080/00288330.2022.2088569,"Gall et al. 2022, Figure 10A",v1,S2_SR_HARMONIZED_SCL_v1,174.87780064157607,-41.25903602433812,0.0547,0.0766,0.0849,0.0807,0.0359,0.033,0.0268,0.0187,0.0028,0.0036
hutt_20200713,COPERNICUS/S2_SR_HARMONIZED/20200712T222549_20200712T222545_T60GUV,2020-07-12 22:27:27,hutt_20200713_plumeTrain_0,1,train,https://doi.org/10.1080/00288330.2022.2088569,"Gall et al. 2022, Figure 10A",v1,S2_SR_HARMONIZED_SCL_v1,174.87791993200378,-41.25903822404265,0.0529,0.0786,0.0839,0.0796,0.0356,0.0341,0.0255,0.0185,0.002,0.0034
hutt_20200713,COPERNICUS/S2_SR_HARMONIZED/20200712T222549_20200712T222545_T60GUV,2020-07-12 22:27:27,hutt_20200713_plumeTrain_0,1,train,https://doi.org/10.1080/00288330.2022.2088569,"Gall et al. 2022, Figure 10A",v1,S2_SR_HARMONIZED_SCL_v1,174.8780392224447,-41.259040423623674,0.0547,0.0789,0.0839,0.0796,0.0356,0.0341,0.0256,0.0185,0.002,0.0034
hutt_20200713,COPERNICUS/S2_SR_HARMONIZED/20200712T222549_20200712T222545_T60GUV,2020-07-12 22:27:27,hutt_20200713_plumeTrain_0,1,train,https://doi.org/10.1080/00288330.2022.2088569,"Gall et al. 2022, Figure 10A",v1,S2_SR_HARMONIZED_SCL_v1,174.87815851289886,-41.25904262308121,0.0584,0.0793,0.0869,0.0771,0.0386,0.0347,0.0264,0.0183,0.0028,0.0026
hutt_20200713,COPERNICUS/S2_SR_HARMONIZED/20200712T222549_20200712T222545_T60GUV,2020-07-12 22:27:27,hutt_20200713_plumeTrain_0,1,train,https://doi.org/10.1080/00288330.2022.2088569,"Gall et al. 2022, Figure 10A",v1,S2_SR_HARMONIZED_SCL_v1,174.87827780336625,-41.259044822415234,0.0574,0.0799,0.0843,0.0771,0.0386,0.0347,0.0266,0.0183,0.0028,0.0026
hutt_20200713,COPERNICUS/S2_SR_HARMONIZED/20200712T222549_20200712T222545_T60GUV,2020-07-12 22:27:27,hutt_20200713_plumeTrain_0,1,train,https://doi.org/10.1080/00288330.2022.2088569,"Gall et al. 2022, Figure 10A",v1,S2_SR_HARMONIZED_SCL_v1,174.87839709384684,-41.25904702162577,0.0576,0.0821,0.0847,0.0767,0.0372,0.0337,0.0266,0.0188,0.0015,0.0034
hutt_20200713,COPERNICUS/S2_SR_HARMONIZED/20200712T222549_20200712T222545_T60GUV,2020-07-12 22:27:27,hutt_20200713_plumeTrain_0,1,train,https://doi.org/10.1080/00288330.2022.2088569,"Gall et al. 2022, Figure 10A",v1,S2_SR_HARMONIZED_SCL_v1,174.87851638434068,-41.259049220712804,0.0527,0.0807,0.0854,0.0767,0.0372,0.0337,0.0274,0.0188,0.0015,0.0034
hutt_20200713,COPERNICUS/S2_SR_HARMONIZED/20200712T222549_20200712T222545_T60GUV,2020-07-12 22:27:27,hutt_20200713_plumeTrain_0,1,train,https://doi.org/10.1080/00288330.2022.2088569,"Gall et al. 2022, Figure 10A",v1,S2_SR_HARMONIZED_SCL_v1,174.87863567484774,-41.25905141967634,0.0536,0.0783,0.0822,0.0805,0.0353,0.0346,0.025,0.019,2.0E-4,0.0011
hutt_20200713,COPERNICUS/S2_SR_HARMONIZED/20200712T222549_20200712T222545_T60GUV,2020-07-12 22:27:27,hutt_20200713_plumeTrain_0,1,train,https://doi.org/10.1080/00288330.2022.2088569,"Gall et al. 2022, Figure 10A",v1,S2_SR_HARMONIZED_SCL_v1,174.87875496536802,-41.25905361851637,0.058,0.0791,0.0824,0.0805,0.0353,0.0346,0.0256,0.019,2.0E-4,0.0011
hutt_20200713,COPERNICUS/S2_SR_HARMONIZED/20200712T222549_20200712T222545_T60GUV,2020-07-12 22:27:27,hutt_20200713_plumeTrain_0,1,train,https://doi.org/10.1080/00288330.2022.2088569,"Gall et al. 2022, Figure 10A",v1,S2_SR_HARMONIZED_SCL_v1,174.8788742559015,-41.259055817232905,0.0536,0.0785,0.0836,0.0768,0.0356,0.0327,0.0285,0.0181,0.0022,0.0019
hutt_20200713,COPERNICUS/S2_SR_HARMONIZED/20200712T222549_20200712T222545_T60GUV,2020-07-12 22:27:27,hutt_20200713_plumeTrain_0,1,train,https://doi.org/10.1080/00288330.2022.2088569,"Gall et al. 2022, Figure 10A",v1,S2_SR_HARMONIZED_SCL_v1,174.8789935464482,-41.25905801582594,0.0527,0.0758,0.0838,0.0768,0.0356,0.0327,0.0273,0.0181,0.0022,0.0019
hutt_20200713,COPERNICUS/S2_SR_HARMONIZED/20200712T222549_20200712T222545_T60GUV,2020-07-12 22:27:27,hutt_20200713_plumeTrain_0,1,train,https://doi.org/10.1080/00288330.2022.2088569,"Gall et al. 2022, Figure 10A",v1,S2_SR_HARMONIZED_SCL_v1,174.87911283700814,-41.25906021429548,0.0573,0.0776,0.0824,0.0794,0.0385,0.0336,0.028,0.017,0.0024,0.003
hutt_20200713,COPERNICUS/S2_SR_HARMONIZED/20200712T222549_20200712T222545_T60GUV,2020-07-12 22:27:27,hutt_20200713_plumeTrain_0,1,train,https://doi.org/10.1080/00288330.2022.2088569,"Gall et al. 2022, Figure 10A",v1,S2_SR_HARMONIZED_SCL_v1,174.87923212758128,-41.25906241264152,0.0546,0.0762,0.0819,0.0794,0.0385,0.0336,0.0286,0.017,0.0024,0.003
hutt_20200713,COPERNICUS/S2_SR_HARMONIZED/20200712T222549_20200712T222545_T60GUV,2020-07-12 22:27:27,hutt_20200713_plumeTrain_0,1,train,https://doi.org/10.1080/00288330.2022.2088569,"Gall et al. 2022, Figure 10A",v1,S2_SR_HARMONIZED_SCL_v1,174.87935141816763,-41.25906461086405,0.0526,0.0777,0.0832,0.0777,0.0357,0.0333,0.0256,0.0181,0.0019,0.0032
hutt_20200713,COPERNICUS/S2_SR_HARMONIZED/20200712T222549_20200712T222545_T60GUV,2020-07-12 22:27:27,hutt_20200713_plumeTrain_0,1,train,https://doi.org/10.1080/00288330.2022.2088569,"Gall et al. 2022, Figure 10A",v1,S2_SR_HARMONIZED_SCL_v1,174.87947070876723,-41.25906680896309,0.0555,0.0803,0.083,0.0777,0.0357,0.0333,0.0273,0.0181,0.0019,0.0032
hutt_20200713,COPERNICUS/S2_SR_HARMONIZED/20200712T222549_20200712T222545_T60GUV,2020-07-12 22:27:27,hutt_20200713_plumeTrain_0,1,train,https://doi.org/10.1080/00288330.2022.2088569,"Gall et al. 2022, Figure 10A",v1,S2_SR_HARMONIZED_SCL_v1,174.87970929000605,-41.25907120479067,0.0521,0.0772,0.0842,0.0768,0.0353,0.0344,0.0299,0.0177,0.0017,0.0032
hutt_20200713,COPERNICUS/S2_SR_HARMONIZED/20200712T222549_20200712T222545_T60GUV,2020-07-12 22:27:27,hutt_20200713_plumeTrain_0,1,train,https://doi.org/10.1080/00288330.2022.2088569,"Gall et al. 2022, Figure 10A",v1,S2_SR_HARMONIZED_SCL_v1,174.8799478712977,-41.25907560012425,0.0518,0.0792,0.0794,0.0765,0.0359,0.0342,0.0258,0.017,0.002,0.003
hutt_20200713,COPERNICUS/S2_SR_HARMONIZED/20200712T222549_20200712T222545_T60GUV,2020-07-12 22:27:27,hutt_20200713_plumeTrain_0,1,train,https://doi.org/10.1080/00288330.2022.2088569,"Gall et al. 2022, Figure 10A",v1,S2_SR_HARMONIZED_SCL_v1,174.88006716196335,-41.25907779760579,0.0548,0.0761,0.0827,0.0766,0.0366,0.0343,0.0253,0.0185,0.0034,0.0027
hutt_20200713,COPERNICUS/S2_SR_HARMONIZED/20200712T222549_20200712T222545_T60GUV,2020-07-12 22:27:27,hutt_20200713_plumeTrain_0,1,train,https://doi.org/10.1080/00288330.2022.2088569,"Gall et al. 2022, Figure 10A",v1,S2_SR_HARMONIZED_SCL_v1,174.8801864526422,-41.259079994963834,0.0547,0.0747,0.0838,0.0766,0.0366,0.0343,0.0281,0.0185,0.0034,0.0027
hutt_20200713,COPERNICUS/S2_SR_HARMONIZED/20200712T222549_20200712T222545_T60GUV,2020-07-12 22:27:27,hutt_20200713_plumeTrain_0,1,train,https://doi.org/10.1080/00288330.2022.2088569,"Gall et al. 2022, Figure 10A",v1,S2_SR_HARMONIZED_SCL_v1,174.88030574333428,-41.25908219219838,0.0554,0.0785,0.0823,0.0771,0.0371,0.0327,0.0267,0.0183,0.0028,0.0031
hutt_20200713,COPERNICUS/S2_SR_HARMONIZED/20200712T222549_20200712T222545_T60GUV,2020-07-12 22:27:27,hutt_20200713_plumeTrain_0,1,train,https://doi.org/10.1080/00288330.2022.2088569,"Gall et al. 2022, Figure 10A",v1,S2_SR_HARMONIZED_SCL_v1,174.88042503403955,-41.259084389309415,0.0569,0.0791,0.0831,0.0771,0.0371,0.0327,0.0264,0.0183,0.0028,0.0031
hutt_20200713,COPERNICUS/S2_SR_HARMONIZED/20200712T222549_20200712T222545_T60GUV,2020-07-12 22:27:27,hutt_20200713_plumeTrain_0,1,train,https://doi.org/10.1080/00288330.2022.2088569,"Gall et al. 2022, Figure 10A",v1,S2_SR_HARMONIZED_SCL_v1,174.88054432475803,-41.25908658629696,0.0587,0.0775,0.0838,0.0753,0.0357,0.0311,0.0302,0.0162,0.0017,0.0034
hutt_20200713,COPERNICUS/S2_SR_HARMONIZED/20200712T222549_20200712T222545_T60GUV,2020-07-12 22:27:27,hutt_20200713_plumeTrain_0,1,train,https://doi.org/10.1080/00288330.2022.2088569,"Gall et al. 2022, Figure 10A",v1,S2_SR_HARMONIZED_SCL_v1,174.88078290623466,-41.25909097990154,0.0566,0.0762,0.0808,0.0737,0.0362,0.0331,0.029,0.0158,0.002,0.0037
hutt_20200713,COPERNICUS/S2_SR_HARMONIZED/20200712T222549_20200712T222545_T60GUV,2020-07-12 22:27:27,hutt_20200713_plumeTrain_0,1,train,https://doi.org/10.1080/00288330.2022.2088569,"Gall et al. 2022, Figure 10A",v1,S2_SR_HARMONIZED_SCL_v1,174.8809021969928,-41.25909317651858,0.0558,0.0762,0.0829,0.0737,0.0362,0.0331,0.0292,0.0158,0.002,0.0037
hutt_20200713,COPERNICUS/S2_SR_HARMONIZED/20200712T222549_20200712T222545_T60GUV,2020-07-12 22:27:27,hutt_20200713_plumeTrain_0,1,train,https://doi.org/10.1080/00288330.2022.2088569,"Gall et al. 2022, Figure 10A",v1,S2_SR_HARMONIZED_SCL_v1,174.8810214877641,-41.25909537301212,0.054,0.0753,0.0814,0.0765,0.035,0.0324,0.0294,0.0188,0.002,0.0029
hutt_20200713,COPERNICUS/S2_SR_HARMONIZED/20200712T222549_20200712T222545_T60GUV,2020-07-12 22:27:27,hutt_20200713_plumeTrain_0,1,train,https://doi.org/10.1080/00288330.2022.2088569,"Gall et al. 2022, Figure 10A",v1,S2_SR_HARMONIZED_SCL_v1,174.88114077854863,-41.25909756938217,0.0554,0.076,0.0836,0.0765,0.035,0.0324,0.0258,0.0188,0.002,0.0029
hutt_20200713,COPERNICUS/S2_SR_HARMONIZED/20200712T222549_20200712T222545_T60GUV,2020-07-12 22:27:27,hutt_20200713_plumeTrain_0,1,train,https://doi.org/10.1080/00288330.2022.2088569,"Gall et al. 2022, Figure 10A",v1,S2_SR_HARMONIZED_SCL_v1,174.88126006934635,-41.25909976562871,0.0562,0.0776,0.0815,0.0761,0.0341,0.0319,0.0253,0.0178,0.002,0.0021
hutt_20200713,COPERNICUS/S2_SR_HARMONIZED/20200712T222549_20200712T222545_T60GUV,2020-07-12 22:27:27,hutt_20200713_plumeTrain_0,1,train,https://doi.org/10.1080/00288330.2022.2088569,"Gall et al. 2022, Figure 10A",v1,S2_SR_HARMONIZED_SCL_v1,174.8813793601573,-41.25910196175175,0.054,0.0781,0.0815,0.0761,0.0341,0.0319,0.0256,0.0178,0.002,0.0021
hutt_20200713,COPERNICUS/S2_SR_HARMONIZED/20200712T222549_20200712T222545_T60GUV,2020-07-12 22:27:27,hutt_20200713_plumeTrain_0,1,train,https://doi.org/10.1080/00288330.2022.2088569,"Gall et al. 2022, Figure 10A",v1,S2_SR_HARMONIZED_SCL_v1,174.88149865098143,-41.259104157751295,0.0514,0.0766,0.0828,0.0782,0.0361,0.0345,0.0277,0.0169,0.002,0.0032
hutt_20200713,COPERNICUS/S2_SR_HARMONIZED/20200712T222549_20200712T222545_T60GUV,2020-07-12 22:27:27,hutt_20200713_plumeTrain_0,1,train,https://doi.org/10.1080/00288330.2022.2088569,"Gall et al. 2022, Figure 10A",v1,S2_SR_HARMONIZED_SCL_v1,174.8754119173757,-41.259082020585176,0.0606,0.0789,0.0782,0.0752,0.0353,0.0334,0.0277,0.0169,0.0019,0.0027
hutt_20200713,COPERNICUS/S2_SR_HARMONIZED/20200712T222549_20200712T222545_T60GUV,2020-07-12 22:27:27,hutt_20200713_plumeTrain_0,1,train,https://doi.org/10.1080/00288330.2022.2088569,"Gall et al. 2022, Figure 10A",v1,S2_SR_HARMONIZED_SCL_v1,174.8755312077023,-41.25908422276661,0.0572,0.0784,0.0805,0.0745,0.0366,0.0329,0.0269,0.0154,0.0017,0.001
hutt_20200713,COPERNICUS/S2_SR_HARMONIZED/20200712T222549_20200712T222545_T60GUV,2020-07-12 22:27:27,hutt_20200713_plumeTrain_0,1,train,https://doi.org/10.1080/00288330.2022.2088569,"Gall et al. 2022, Figure 10A",v1,S2_SR_HARMONIZED_SCL_v1,174.87576978839525,-41.25908862675898,0.0538,0.0784,0.0821,0.0739,0.0363,0.0323,0.0276,0.0154,1.0E-4,0.0034
hutt_20200713,COPERNICUS/S2_SR_HARMONIZED/20200712T222549_20200712T222545_T60GUV,2020-07-12 22:27:27,hutt_20200713_plumeTrain_0,1,train,https://doi.org/10.1080/00288330.2022.2088569,"Gall et al. 2022, Figure 10A",v1,S2_SR_HARMONIZED_SCL_v1,174.87624694994,-41.25909743326173,0.0564,0.0829,0.0829,0.0777,0.0358,0.0334,0.0274,0.0177,0.0013,0.0017
hutt_20200713,COPERNICUS/S2_SR_HARMONIZED/20200712T222549_20200712T222545_T60GUV,2020-07-12 22:27:27,hutt_20200713_plumeTrain_0,1,train,https://doi.org/10.1080/00288330.2022.2088569,"Gall et al. 2022, Figure 10A",v1,S2_SR_HARMONIZED_SCL_v1,174.8763662403593,-41.25909963457867,0.0575,0.0811,0.0825,0.0777,0.0358,0.0334,0.0266,0.0177,0.0013,0.0017
hutt_20200713,COPERNICUS/S2_SR_HARMONIZED/20200712T222549_20200712T222545_T60GUV,2020-07-12 22:27:27,hutt_20200713_plumeTrain_0,1,train,https://doi.org/10.1080/00288330.2022.2088569,"Gall et al. 2022, Figure 10A",v1,S2_SR_HARMONIZED_SCL_v1,174.8764855307918,-41.259101835772114,0.0586,0.0794,0.0858,0.078,0.036,0.032,0.0281,0.0163,6.0E-4,0.0028
hutt_20200713,COPERNICUS/S2_SR_HARMONIZED/20200712T222549_20200712T222545_T60GUV,2020-07-12 22:27:27,hutt_20200713_plumeTrain_0,1,train,https://doi.org/10.1080/00288330.2022.2088569,"Gall et al. 2022, Figure 10A",v1,S2_SR_HARMONIZED_SCL_v1,174.87660482123755,-41.259104036842054,0.0568,0.0835,0.0844,0.078,0.036,0.032,0.0278,0.0163,6.0E-4,0.0028
hutt_20200713,COPERNICUS/S2_SR_HARMONIZED/20200712T222549_20200712T222545_T60GUV,2020-07-12 22:27:27,hutt_20200713_plumeTrain_0,1,train,https://doi.org/10.1080/00288330.2022.2088569,"Gall et al. 2022, Figure 10A",v1,S2_SR_HARMONIZED_SCL_v1,174.87672411169655,-41.259106237788494,0.0597,0.0843,0.083,0.077,0.036,0.032,0.0295,0.0168,6.0E-4,0.0027
hutt_20200713,COPERNICUS/S2_SR_HARMONIZED/20200712T222549_20200712T222545_T60GUV,2020-07-12 22:27:27,hutt_20200713_plumeTrain_0,1,train,https://doi.org/10.1080/00288330.2022.2088569,"Gall et al. 2022, Figure 10A",v1,S2_SR_HARMONIZED_SCL_v1,174.87684340216873,-41.25910843861144,0.0567,0.0778,0.085,0.077,0.036,0.032,0.0266,0.0168,6.0E-4,0.0027
hutt_20200713,COPERNICUS/S2_SR_HARMONIZED/20200712T222549_20200712T222545_T60GUV,2020-07-12 22:27:27,hutt_20200713_plumeTrain_0,1,train,https://doi.org/10.1080/00288330.2022.2088569,"Gall et al. 2022, Figure 10A",v1,S2_SR_HARMONIZED_SCL_v1,174.87696269265422,-41.25911063931089,0.057,0.081,0.0843,0.0755,0.0384,0.0326,0.0267,0.0167,0.0015,0.0025
hutt_20200713,COPERNICUS/S2_SR_HARMONIZED/20200712T222549_20200712T222545_T60GUV,2020-07-12 22:27:27,hutt_20200713_plumeTrain_0,1,train,https://doi.org/10.1080/00288330.2022.2088569,"Gall et al. 2022, Figure 10A",v1,S2_SR_HARMONIZED_SCL_v1,174.87720127366478,-41.25911504033928,0.0502,0.0803,0.0824,0.0746,0.0388,0.0307,0.0296,0.0165,0.0029,0.0017
hutt_20200713,COPERNICUS/S2_SR_HARMONIZED/20200712T222549_20200712T222545_T60GUV,2020-07-12 22:27:27,hutt_20200713_plumeTrain_0,1,train,https://doi.org/10.1080/00288330.2022.2088569,"Gall et al. 2022, Figure 10A",v1,S2_SR_HARMONIZED_SCL_v1,174.8774398547283,-41.25911944087368,0.0568,0.0808,0.0829,0.0769,0.0356,0.0338,0.0288,0.0165,0.0024,0.002
hutt_20200713,COPERNICUS/S2_SR_HARMONIZED/20200712T222549_20200712T222545_T60GUV,2020-07-12 22:27:27,hutt_20200713_plumeTrain_0,1,train,https://doi.org/10.1080/00288330.2022.2088569,"Gall et al. 2022, Figure 10A",v1,S2_SR_HARMONIZED_SCL_v1,174.8775591452799,-41.259121640955634,0.0553,0.0821,0.0818,0.0769,0.0356,0.0338,0.0272,0.0165,0.0024,0.002
hutt_20200713,COPERNICUS/S2_SR_HARMONIZED/20200712T222549_20200712T222545_T60GUV,2020-07-12 22:27:27,hutt_20200713_plumeTrain_0,1,train,https://doi.org/10.1080/00288330.2022.2088569,"Gall et al. 2022, Figure 10A",v1,S2_SR_HARMONIZED_SCL_v1,174.8776784358447,-41.259123840914086,0.056,0.0796,0.0846,0.0807,0.0359,0.033,0.0244,0.0187,0.0028,0.0036
hutt_20200713,COPERNICUS/S2_SR_HARMONIZED/20200712T222549_20200712T222545_T60GUV,2020-07-12 22:27:27,hutt_20200713_plumeTrain_0,1,train,https://doi.org/10.1080/00288330.2022.2088569,"Gall et al. 2022, Figure 10A",v1,S2_SR_HARMONIZED_SCL_v1,174.87779772642276,-41.25912604074904,0.0546,0.08,0.085,0.0807,0.0359,0.033,0.027,0.0187,0.0028,0.0036
hutt_20200713,COPERNICUS/S2_SR_HARMONIZED/20200712T222549_20200712T222545_T60GUV,2020-07-12 22:27:27,hutt_20200713_plumeTrain_0,1,train,https://doi.org/10.1080/00288330.2022.2088569,"Gall et al. 2022, Figure 10A",v1,S2_SR_HARMONIZED_SCL_v1,174.87803630761852,-41.259130440048445,0.0617,0.0777,0.0852,0.0796,0.0356,0.0341,0.0281,0.0185,0.002,0.0034
hutt_20200713,COPERNICUS/S2_SR_HARMONIZED/20200712T222549_20200712T222545_T60GUV,2020-07-12 22:27:27,hutt_20200713_plumeTrain_0,1,train,https://doi.org/10.1080/00288330.2022.2088569,"Gall et al. 2022, Figure 10A",v1,S2_SR_HARMONIZED_SCL_v1,174.8782748888672,-41.25913483885385,0.0562,0.0764,0.0859,0.0771,0.0386,0.0347,0.0267,0.0183,0.0028,0.0026
hutt_20200713,COPERNICUS/S2_SR_HARMONIZED/20200712T222549_20200712T222545_T60GUV,2020-07-12 22:27:27,hutt_20200713_plumeTrain_0,1,train,https://doi.org/10.1080/00288330.2022.2088569,"Gall et al. 2022, Figure 10A",v1,S2_SR_HARMONIZED_SCL_v1,174.87839417951136,-41.25913703807131,0.0596,0.0768,0.0818,0.0767,0.0372,0.0337,0.0264,0.0188,0.0015,0.0034
hutt_20200713,COPERNICUS/S2_SR_HARMONIZED/20200712T222549_20200712T222545_T60GUV,2020-07-12 22:27:27,hutt_20200713_plumeTrain_0,1,train,https://doi.org/10.1080/00288330.2022.2088569,"Gall et al. 2022, Figure 10A",v1,S2_SR_HARMONIZED_SCL_v1,174.87851347016877,-41.259139237165265,0.049,0.0773,0.0866,0.0767,0.0372,0.0337,0.0275,0.0188,0.0015,0.0034
hutt_20200713,COPERNICUS/S2_SR_HARMONIZED/20200712T222549_20200712T222545_T60GUV,2020-07-12 22:27:27,hutt_20200713_plumeTrain_0,1,train,https://doi.org/10.1080/00288330.2022.2088569,"Gall et al. 2022, Figure 10A",v1,S2_SR_HARMONIZED_SCL_v1,174.8787520515232,-41.25914363498268,0.0573,0.0799,0.0828,0.0805,0.0353,0.0346,0.0263,0.019,2.0E-4,0.0011
hutt_20200713,COPERNICUS/S2_SR_HARMONIZED/20200712T222549_20200712T222545_T60GUV,2020-07-12 22:27:27,hutt_20200713_plumeTrain_0,1,train,https://doi.org/10.1080/00288330.2022.2088569,"Gall et al. 2022, Figure 10A",v1,S2_SR_HARMONIZED_SCL_v1,174.87887134222026,-41.259145833706135,0.0546,0.0774,0.0813,0.0768,0.0356,0.0327,0.0283,0.0181,0.0022,0.0019
hutt_20200713,COPERNICUS/S2_SR_HARMONIZED/20200712T222549_20200712T222545_T60GUV,2020-07-12 22:27:27,hutt_20200713_plumeTrain_0,1,train,https://doi.org/10.1080/00288330.2022.2088569,"Gall et al. 2022, Figure 10A",v1,S2_SR_HARMONIZED_SCL_v1,174.87910992365403,-41.25915023078255,0.0573,0.0778,0.0855,0.0794,0.0385,0.0336,0.0274,0.017,0.0024,0.003
hutt_20200713,COPERNICUS/S2_SR_HARMONIZED/20200712T222549_20200712T222545_T60GUV,2020-07-12 22:27:27,hutt_20200713_plumeTrain_0,1,train,https://doi.org/10.1080/00288330.2022.2088569,"Gall et al. 2022, Figure 10A",v1,S2_SR_HARMONIZED_SCL_v1,174.87922921439076,-41.25915242913551,0.0544,0.0763,0.0853,0.0794,0.0385,0.0336,0.0285,0.017,0.0024,0.003
hutt_20200713,COPERNICUS/S2_SR_HARMONIZED/20200712T222549_20200712T222545_T60GUV,2020-07-12 22:27:27,hutt_20200713_plumeTrain_0,1,train,https://doi.org/10.1080/00288330.2022.2088569,"Gall et al. 2022, Figure 10A",v1,S2_SR_HARMONIZED_SCL_v1,174.87934850514065,-41.25915462736497,0.0513,0.0782,0.0832,0.0777,0.0357,0.0333,0.028,0.0181,0.0019,0.0032
hutt_20200713,COPERNICUS/S2_SR_HARMONIZED/20200712T222549_20200712T222545_T60GUV,2020-07-12 22:27:27,hutt_20200713_plumeTrain_0,1,train,https://doi.org/10.1080/00288330.2022.2088569,"Gall et al. 2022, Figure 10A",v1,S2_SR_HARMONIZED_SCL_v1,174.87958708668017,-41.259159023453385,0.0555,0.0747,0.0838,0.0768,0.0353,0.0344,0.0285,0.0177,0.0017,0.0032
hutt_20200713,COPERNICUS/S2_SR_HARMONIZED/20200712T222549_20200712T222545_T60GUV,2020-07-12 22:27:27,hutt_20200713_plumeTrain_0,1,train,https://doi.org/10.1080/00288330.2022.2088569,"Gall et al. 2022, Figure 10A",v1,S2_SR_HARMONIZED_SCL_v1,174.87970637746974,-41.25916122131235,0.0524,0.0752,0.0816,0.0768,0.0353,0.0344,0.0302,0.0177,0.0017,0.0032
hutt_20200713,COPERNICUS/S2_SR_HARMONIZED/20200712T222549_20200712T222545_T60GUV,2020-07-12 22:27:27,hutt_20200713_plumeTrain_0,1,train,https://doi.org/10.1080/00288330.2022.2088569,"Gall et al. 2022, Figure 10A",v1,S2_SR_HARMONIZED_SCL_v1,174.87982566827253,-41.2591634190478,0.0549,0.0796,0.0776,0.0765,0.0359,0.0342,0.0267,0.017,0.002,0.003
hutt_20200713,COPERNICUS/S2_SR_HARMONIZED/20200712T222549_20200712T222545_T60GUV,2020-07-12 22:27:27,hutt_20200713_plumeTrain_0,1,train,https://doi.org/10.1080/00288330.2022.2088569,"Gall et al. 2022, Figure 10A",v1,S2_SR_HARMONIZED_SCL_v1,174.87994495908853,-41.259165616659764,0.0526,0.0782,0.0799,0.0765,0.0359,0.0342,0.0273,0.017,0.002,0.003
hutt_20200713,COPERNICUS/S2_SR_HARMONIZED/20200712T222549_20200712T222545_T60GUV,2020-07-12 22:27:27,hutt_20200713_plumeTrain_0,1,train,https://doi.org/10.1080/00288330.2022.2088569,"Gall et al. 2022, Figure 10A",v1,S2_SR_HARMONIZED_SCL_v1,174.88006424991775,-41.25916781414822,0.0565,0.0769,0.0813,0.0766,0.0366,0.0343,0.0292,0.0185,0.0034,0.0027
hutt_20200713,COPERNICUS/S2_SR_HARMONIZED/20200712T222549_20200712T222545_T60GUV,2020-07-12 22:27:27,hutt_20200713_plumeTrain_0,1,train,https://doi.org/10.1080/00288330.2022.2088569,"Gall et al. 2022, Figure 10A",v1,S2_SR_HARMONIZED_SCL_v1,174.88018354076016,-41.25917001151318,0.0569,0.0764,0.0827,0.0766,0.0366,0.0343,0.0298,0.0185,0.0034,0.0027
hutt_20200713,COPERNICUS/S2_SR_HARMONIZED/20200712T222549_20200712T222545_T60GUV,2020-07-12 22:27:27,hutt_20200713_plumeTrain_0,1,train,https://doi.org/10.1080/00288330.2022.2088569,"Gall et al. 2022, Figure 10A",v1,S2_SR_HARMONIZED_SCL_v1,174.8803028316158,-41.259172208754634,0.0535,0.0774,0.0822,0.0771,0.0371,0.0327,0.0262,0.0183,0.0028,0.0031
hutt_20200713,COPERNICUS/S2_SR_HARMONIZED/20200712T222549_20200712T222545_T60GUV,2020-07-12 22:27:27,hutt_20200713_plumeTrain_0,1,train,https://doi.org/10.1080/00288330.2022.2088569,"Gall et al. 2022, Figure 10A",v1,S2_SR_HARMONIZED_SCL_v1,174.88042212248467,-41.2591744058726,0.0583,0.0763,0.0833,0.0771,0.0371,0.0327,0.0249,0.0183,0.0028,0.0031
hutt_20200713,COPERNICUS/S2_SR_HARMONIZED/20200712T222549_20200712T222545_T60GUV,2020-07-12 22:27:27,hutt_20200713_plumeTrain_0,1,train,https://doi.org/10.1080/00288330.2022.2088569,"Gall et al. 2022, Figure 10A",v1,S2_SR_HARMONIZED_SCL_v1,174.8805414133667,-41.25917660286706,0.0569,0.0764,0.0849,0.0753,0.0357,0.0311,0.0287,0.0162,0.0017,0.0034
hutt_20200713,COPERNICUS/S2_SR_HARMONIZED/20200712T222549_20200712T222545_T60GUV,2020-07-12 22:27:27,hutt_20200713_plumeTrain_0,1,train,https://doi.org/10.1080/00288330.2022.2088569,"Gall et al. 2022, Figure 10A",v1,S2_SR_HARMONIZED_SCL_v1,174.88066070426197,-41.25917879973802,0.0554,0.0775,0.0825,0.0753,0.0357,0.0311,0.0272,0.0162,0.0017,0.0034
hutt_20200713,COPERNICUS/S2_SR_HARMONIZED/20200712T222549_20200712T222545_T60GUV,2020-07-12 22:27:27,hutt_20200713_plumeTrain_0,1,train,https://doi.org/10.1080/00288330.2022.2088569,"Gall et al. 2022, Figure 10A",v1,S2_SR_HARMONIZED_SCL_v1,174.88077999517046,-41.25918099648547,0.0545,0.0766,0.0814,0.0737,0.0362,0.0331,0.0282,0.0158,0.002,0.0037
hutt_20200713,COPERNICUS/S2_SR_HARMONIZED/20200712T222549_20200712T222545_T60GUV,2020-07-12 22:27:27,hutt_20200713_plumeTrain_0,1,train,https://doi.org/10.1080/00288330.2022.2088569,"Gall et al. 2022, Figure 10A",v1,S2_SR_HARMONIZED_SCL_v1,174.88089928609213,-41.25918319310943,0.0547,0.0757,0.0826,0.0737,0.0362,0.0331,0.0304,0.0158,0.002,0.0037
hutt_20200713,COPERNICUS/S2_SR_HARMONIZED/20200712T222549_20200712T222545_T60GUV,2020-07-12 22:27:27,hutt_20200713_plumeTrain_0,1,train,https://doi.org/10.1080/00288330.2022.2088569,"Gall et al. 2022, Figure 10A",v1,S2_SR_HARMONIZED_SCL_v1,174.88101857702702,-41.25918538960989,0.0569,0.079,0.0805,0.0765,0.035,0.0324,0.0284,0.0188,0.002,0.0029
hutt_20200713,COPERNICUS/S2_SR_HARMONIZED/20200712T222549_20200712T222545_T60GUV,2020-07-12 22:27:27,hutt_20200713_plumeTrain_0,1,train,https://doi.org/10.1080/00288330.2022.2088569,"Gall et al. 2022, Figure 10A",v1,S2_SR_HARMONIZED_SCL_v1,174.8811378679751,-41.259187585986844,0.0554,0.079,0.0829,0.0765,0.035,0.0324,0.025,0.0188,0.002,0.0029
hutt_20200713,COPERNICUS/S2_SR_HARMONIZED/20200712T222549_20200712T222545_T60GUV,2020-07-12 22:27:27,hutt_20200713_plumeTrain_0,1,train,https://doi.org/10.1080/00288330.2022.2088569,"Gall et al. 2022, Figure 10A",v1,S2_SR_HARMONIZED_SCL_v1,174.88125715893642,-41.259189782240306,0.0528,0.0769,0.0822,0.0761,0.0341,0.0319,0.0275,0.0178,0.002,0.0021
hutt_20200713,COPERNICUS/S2_SR_HARMONIZED/20200712T222549_20200712T222545_T60GUV,2020-07-12 22:27:27,hutt_20200713_plumeTrain_0,1,train,https://doi.org/10.1080/00288330.2022.2088569,"Gall et al. 2022, Figure 10A",v1,S2_SR_HARMONIZED_SCL_v1,174.8816150318995,-41.25919637025967,0.0531,0.0757,0.0813,0.0782,0.0361,0.0345,0.027,0.0169,0.002,0.0032
hutt_20200713,COPERNICUS/S2_SR_HARMONIZED/20200712T222549_20200712T222545_T60GUV,2020-07-12 22:27:27,hutt_20200713_plumeTrain_0,1,train,https://doi.org/10.1080/00288330.2022.2088569,"Gall et al. 2022, Figure 10A",v1,S2_SR_HARMONIZED_SCL_v1,174.8756475799315,-41.259176441109155,0.0579,0.0776,0.0835,0.0749,0.0359,0.031,0.0258,0.0172,6.0E-4,0.001
hutt_20200713,COPERNICUS/S2_SR_HARMONIZED/20200712T222549_20200712T222545_T60GUV,2020-07-12 22:27:27,hutt_20200713_plumeTrain_0,1,train,https://doi.org/10.1080/00288330.2022.2088569,"Gall et al. 2022, Figure 10A",v1,S2_SR_HARMONIZED_SCL_v1,174.87576687044813,-41.259178643050525,0.0578,0.0762,0.083,0.0753,0.037,0.0334,0.0262,0.0146,0.0021,0.0026
hutt_20200713,COPERNICUS/S2_SR_HARMONIZED/20200712T222549_20200712T222545_T60GUV,2020-07-12 22:27:27,hutt_20200713_plumeTrain_0,1,train,https://doi.org/10.1080/00288330.2022.2088569,"Gall et al. 2022, Figure 10A",v1,S2_SR_HARMONIZED_SCL_v1,174.87588616097804,-41.25918084486839,0.0634,0.078,0.0836,0.0753,0.037,0.0334,0.0276,0.0146,0.0021,0.0026
hutt_20200713,COPERNICUS/S2_SR_HARMONIZED/20200712T222549_20200712T222545_T60GUV,2020-07-12 22:27:27,hutt_20200713_plumeTrain_0,1,train,https://doi.org/10.1080/00288330.2022.2088569,"Gall et al. 2022, Figure 10A",v1,S2_SR_HARMONIZED_SCL_v1,174.87600545152117,-41.25918304656276,0.0578,0.0802,0.0849,0.075,0.0357,0.0335,0.0297,0.0173,0.002,0.0021
hutt_20200713,COPERNICUS/S2_SR_HARMONIZED/20200712T222549_20200712T222545_T60GUV,2020-07-12 22:27:27,hutt_20200713_plumeTrain_0,1,train,https://doi.org/10.1080/00288330.2022.2088569,"Gall et al. 2022, Figure 10A",v1,S2_SR_HARMONIZED_SCL_v1,174.87612474207756,-41.259185248133626,0.0568,0.0779,0.0828,0.075,0.0357,0.0335,0.0262,0.0173,0.002,0.0021
hutt_20200713,COPERNICUS/S2_SR_HARMONIZED/20200712T222549_20200712T222545_T60GUV,2020-07-12 22:27:27,hutt_20200713_plumeTrain_0,1,train,https://doi.org/10.1080/00288330.2022.2088569,"Gall et al. 2022, Figure 10A",v1,S2_SR_HARMONIZED_SCL_v1,174.87636332323,-41.25918965090487,0.0526,0.0767,0.0846,0.0744,0.0353,0.0313,0.028,0.0182,0.002,0.001
hutt_20200713,COPERNICUS/S2_SR_HARMONIZED/20200712T222549_20200712T222545_T60GUV,2020-07-12 22:27:27,hutt_20200713_plumeTrain_0,1,train,https://doi.org/10.1080/00288330.2022.2088569,"Gall et al. 2022, Figure 10A",v1,S2_SR_HARMONIZED_SCL_v1,174.87660190443538,-41.25919405318211,0.059,0.0817,0.0825,0.0762,0.0354,0.0313,0.0281,0.0178,9.0E-4,0.002
hutt_20200713,COPERNICUS/S2_SR_HARMONIZED/20200712T222549_20200712T222545_T60GUV,2020-07-12 22:27:27,hutt_20200713_plumeTrain_0,1,train,https://doi.org/10.1080/00288330.2022.2088569,"Gall et al. 2022, Figure 10A",v1,S2_SR_HARMONIZED_SCL_v1,174.87672119505794,-41.25919625413548,0.0551,0.0832,0.0843,0.0767,0.0364,0.0307,0.0279,0.0189,7.0E-4,0.002
hutt_20200713,COPERNICUS/S2_SR_HARMONIZED/20200712T222549_20200712T222545_T60GUV,2020-07-12 22:27:27,hutt_20200713_plumeTrain_0,1,train,https://doi.org/10.1080/00288330.2022.2088569,"Gall et al. 2022, Figure 10A",v1,S2_SR_HARMONIZED_SCL_v1,174.87684048569372,-41.25919845496536,0.059,0.0794,0.0852,0.0767,0.0364,0.0307,0.0279,0.0189,7.0E-4,0.002
hutt_20200713,COPERNICUS/S2_SR_HARMONIZED/20200712T222549_20200712T222545_T60GUV,2020-07-12 22:27:27,hutt_20200713_plumeTrain_0,1,train,https://doi.org/10.1080/00288330.2022.2088569,"Gall et al. 2022, Figure 10A",v1,S2_SR_HARMONIZED_SCL_v1,174.87707906700496,-41.25920285625461,0.0557,0.0798,0.083,0.0764,0.0377,0.0336,0.0302,0.0181,0.002,0.001
hutt_20200713,COPERNICUS/S2_SR_HARMONIZED/20200712T222549_20200712T222545_T60GUV,2020-07-12 22:27:27,hutt_20200713_plumeTrain_0,1,train,https://doi.org/10.1080/00288330.2022.2088569,"Gall et al. 2022, Figure 10A",v1,S2_SR_HARMONIZED_SCL_v1,174.8771983576804,-41.25920505671399,0.0546,0.08,0.085,0.0771,0.0366,0.0312,0.0298,0.0179,0.0029,0.0032
hutt_20200713,COPERNICUS/S2_SR_HARMONIZED/20200712T222549_20200712T222545_T60GUV,2020-07-12 22:27:27,hutt_20200713_plumeTrain_0,1,train,https://doi.org/10.1080/00288330.2022.2088569,"Gall et al. 2022, Figure 10A",v1,S2_SR_HARMONIZED_SCL_v1,174.87743693907106,-41.25920945726224,0.0563,0.0782,0.0839,0.0777,0.036,0.0338,0.0281,0.0173,0.0017,0.0034
hutt_20200713,COPERNICUS/S2_SR_HARMONIZED/20200712T222549_20200712T222545_T60GUV,2020-07-12 22:27:27,hutt_20200713_plumeTrain_0,1,train,https://doi.org/10.1080/00288330.2022.2088569,"Gall et al. 2022, Figure 10A",v1,S2_SR_HARMONIZED_SCL_v1,174.87779481125622,-41.25921605715837,0.0553,0.0792,0.086,0.0796,0.0381,0.033,0.0279,0.0184,0.0019,0.0031
hutt_20200713,COPERNICUS/S2_SR_HARMONIZED/20200712T222549_20200712T222545_T60GUV,2020-07-12 22:27:27,hutt_20200713_plumeTrain_0,1,train,https://doi.org/10.1080/00288330.2022.2088569,"Gall et al. 2022, Figure 10A",v1,S2_SR_HARMONIZED_SCL_v1,174.87803339277912,-41.25922045647163,0.0568,0.0805,0.0844,0.0796,0.0374,0.0319,0.0276,0.019,0.002,0.0032
hutt_20200713,COPERNICUS/S2_SR_HARMONIZED/20200712T222549_20200712T222545_T60GUV,2020-07-12 22:27:27,hutt_20200713_plumeTrain_0,1,train,https://doi.org/10.1080/00288330.2022.2088569,"Gall et al. 2022, Figure 10A",v1,S2_SR_HARMONIZED_SCL_v1,174.8785105559836,-41.25922925361614,0.0547,0.0783,0.0863,0.0785,0.0364,0.0366,0.0257,0.0187,9.0E-4,0.0029
hutt_20200713,COPERNICUS/S2_SR_HARMONIZED/20200712T222549_20200712T222545_T60GUV,2020-07-12 22:27:27,hutt_20200713_plumeTrain_0,1,train,https://doi.org/10.1080/00288330.2022.2088569,"Gall et al. 2022, Figure 10A",v1,S2_SR_HARMONIZED_SCL_v1,174.87922630118697,-41.25924244562792,0.0588,0.0757,0.0846,0.0807,0.0392,0.0348,0.0273,0.0184,0.0026,0.0029
hutt_20200713,COPERNICUS/S2_SR_HARMONIZED/20200712T222549_20200712T222545_T60GUV,2020-07-12 22:27:27,hutt_20200713_plumeTrain_0,1,train,https://doi.org/10.1080/00288330.2022.2088569,"Gall et al. 2022, Figure 10A",v1,S2_SR_HARMONIZED_SCL_v1,174.87934559210046,-41.2592446438643,0.0583,0.0765,0.0858,0.0794,0.0365,0.0341,0.03,0.0192,0.0021,0.002
hutt_20200713,COPERNICUS/S2_SR_HARMONIZED/20200712T222549_20200712T222545_T60GUV,2020-07-12 22:27:27,hutt_20200713_plumeTrain_0,1,train,https://doi.org/10.1080/00288330.2022.2088569,"Gall et al. 2022, Figure 10A",v1,S2_SR_HARMONIZED_SCL_v1,174.87946488302717,-41.25924684197718,0.0573,0.078,0.0826,0.0794,0.0365,0.0341,0.0284,0.0192,0.0021,0.002
hutt_20200713,COPERNICUS/S2_SR_HARMONIZED/20200712T222549_20200712T222545_T60GUV,2020-07-12 22:27:27,hutt_20200713_plumeTrain_0,1,train,https://doi.org/10.1080/00288330.2022.2088569,"Gall et al. 2022, Figure 10A",v1,S2_SR_HARMONIZED_SCL_v1,174.87970346492023,-41.25925123783243,0.0518,0.078,0.0845,0.0783,0.0345,0.0326,0.0286,0.019,9.0E-4,0.004
hutt_20200713,COPERNICUS/S2_SR_HARMONIZED/20200712T222549_20200712T222545_T60GUV,2020-07-12 22:27:27,hutt_20200713_plumeTrain_0,1,train,https://doi.org/10.1080/00288330.2022.2088569,"Gall et al. 2022, Figure 10A",v1,S2_SR_HARMONIZED_SCL_v1,174.88029991988412,-41.259262225309314,0.0514,0.0777,0.0837,0.0794,0.0373,0.0332,0.0277,0.0191,0.0022,0.0015
hutt_20200713,COPERNICUS/S2_SR_HARMONIZED/20200712T222549_20200712T222545_T60GUV,2020-07-12 22:27:27,hutt_20200713_plumeTrain_0,1,train,https://doi.org/10.1080/00288330.2022.2088569,"Gall et al. 2022, Figure 10A",v1,S2_SR_HARMONIZED_SCL_v1,174.88053850196218,-41.25926661943557,0.0599,0.0781,0.0861,0.0796,0.036,0.0349,0.0281,0.0192,7.0E-4,0.0015
hutt_20200713,COPERNICUS/S2_SR_HARMONIZED/20200712T222549_20200712T222545_T60GUV,2020-07-12 22:27:27,hutt_20200713_plumeTrain_0,1,train,https://doi.org/10.1080/00288330.2022.2088569,"Gall et al. 2022, Figure 10A",v1,S2_SR_HARMONIZED_SCL_v1,174.880657793021,-41.259268816313444,0.0573,0.0777,0.0837,0.0796,0.036,0.0349,0.03,0.0192,7.0E-4,0.0015
hutt_20200713,COPERNICUS/S2_SR_HARMONIZED/20200712T222549_20200712T222545_T60GUV,2020-07-12 22:27:27,hutt_20200713_plumeTrain_0,1,train,https://doi.org/10.1080/00288330.2022.2088569,"Gall et al. 2022, Figure 10A",v1,S2_SR_HARMONIZED_SCL_v1,174.88077708409304,-41.25927101306782,0.0552,0.0764,0.0839,0.0771,0.036,0.0364,0.0254,0.0191,0.0019,0.0035
hutt_20200713,COPERNICUS/S2_SR_HARMONIZED/20200712T222549_20200712T222545_T60GUV,2020-07-12 22:27:27,hutt_20200713_plumeTrain_0,1,train,https://doi.org/10.1080/00288330.2022.2088569,"Gall et al. 2022, Figure 10A",v1,S2_SR_HARMONIZED_SCL_v1,174.88125424851327,-41.25927979885031,0.0551,0.0772,0.0824,0.0778,0.0368,0.0326,0.0275,0.0171,0.0018,0.0019
hutt_20200713,COPERNICUS/S2_SR_HARMONIZED/20200712T222549_20200712T222545_T60GUV,2020-07-12 22:27:27,hutt_20200713_plumeTrain_0,1,train,https://doi.org/10.1080/00288330.2022.2088569,"Gall et al. 2022, Figure 10A",v1,S2_SR_HARMONIZED_SCL_v1,174.88173141314476,-41.25928858265679,0.059,0.0781,0.0828,0.0765,0.0357,0.032,0.028,0.0198,0.0022,0.0011
hutt_20200713,COPERNICUS/S2_SR_HARMONIZED/20200712T222549_20200712T222545_T60GUV,2020-07-12 22:27:27,hutt_20200713_plumeTrain_0,1,train,https://doi.org/10.1080/00288330.2022.2088569,"Gall et al. 2022, Figure 10A",v1,S2_SR_HARMONIZED_SCL_v1,174.87564466180757,-41.25926645739218,0.0579,0.0771,0.0815,0.0749,0.0359,0.031,0.0243,0.0172,6.0E-4,0.001
hutt_20200713,COPERNICUS/S2_SR_HARMONIZED/20200712T222549_20200712T222545_T60GUV,2020-07-12 22:27:27,hutt_20200713_plumeTrain_0,1,train,https://doi.org/10.1080/00288330.2022.2088569,"Gall et al. 2022, Figure 10A",v1,S2_SR_HARMONIZED_SCL_v1,174.87588324318125,-41.25927086116528,0.0564,0.0786,0.0825,0.0753,0.037,0.0334,0.0279,0.0146,0.0021,0.0026
hutt_20200713,COPERNICUS/S2_SR_HARMONIZED/20200712T222549_20200712T222545_T60GUV,2020-07-12 22:27:27,hutt_20200713_plumeTrain_0,1,train,https://doi.org/10.1080/00288330.2022.2088569,"Gall et al. 2022, Figure 10A",v1,S2_SR_HARMONIZED_SCL_v1,174.87600253388797,-41.25927306286658,0.0562,0.0812,0.0835,0.075,0.0357,0.0335,0.0281,0.0173,0.002,0.0021
hutt_20200713,COPERNICUS/S2_SR_HARMONIZED/20200712T222549_20200712T222545_T60GUV,2020-07-12 22:27:27,hutt_20200713_plumeTrain_0,1,train,https://doi.org/10.1080/00288330.2022.2088569,"Gall et al. 2022, Figure 10A",v1,S2_SR_HARMONIZED_SCL_v1,174.8761218246079,-41.25927526444438,0.0568,0.0783,0.0854,0.075,0.0357,0.0335,0.0245,0.0173,0.002,0.0021
hutt_20200713,COPERNICUS/S2_SR_HARMONIZED/20200712T222549_20200712T222545_T60GUV,2020-07-12 22:27:27,hutt_20200713_plumeTrain_0,1,train,https://doi.org/10.1080/00288330.2022.2088569,"Gall et al. 2022, Figure 10A",v1,S2_SR_HARMONIZED_SCL_v1,174.87624111534106,-41.259277465898684,0.0543,0.0814,0.0844,0.0744,0.0353,0.0313,0.0284,0.0182,0.002,0.001
hutt_20200713,COPERNICUS/S2_SR_HARMONIZED/20200712T222549_20200712T222545_T60GUV,2020-07-12 22:27:27,hutt_20200713_plumeTrain_0,1,train,https://doi.org/10.1080/00288330.2022.2088569,"Gall et al. 2022, Figure 10A",v1,S2_SR_HARMONIZED_SCL_v1,174.8764796968471,-41.25928186843678,0.0557,0.0788,0.0815,0.0762,0.0354,0.0313,0.0267,0.0178,9.0E-4,0.002
hutt_20200713,COPERNICUS/S2_SR_HARMONIZED/20200712T222549_20200712T222545_T60GUV,2020-07-12 22:27:27,hutt_20200713_plumeTrain_0,1,train,https://doi.org/10.1080/00288330.2022.2088569,"Gall et al. 2022, Figure 10A",v1,S2_SR_HARMONIZED_SCL_v1,174.87659898761999,-41.25928406952059,0.0593,0.0788,0.083,0.0762,0.0354,0.0313,0.0279,0.0178,9.0E-4,0.002
hutt_20200713,COPERNICUS/S2_SR_HARMONIZED/20200712T222549_20200712T222545_T60GUV,2020-07-12 22:27:27,hutt_20200713_plumeTrain_0,1,train,https://doi.org/10.1080/00288330.2022.2088569,"Gall et al. 2022, Figure 10A",v1,S2_SR_HARMONIZED_SCL_v1,174.8767182784061,-41.259286270480885,0.0582,0.0767,0.0861,0.0767,0.0364,0.0307,0.0281,0.0189,7.0E-4,0.002
hutt_20200713,COPERNICUS/S2_SR_HARMONIZED/20200712T222549_20200712T222545_T60GUV,2020-07-12 22:27:27,hutt_20200713_plumeTrain_0,1,train,https://doi.org/10.1080/00288330.2022.2088569,"Gall et al. 2022, Figure 10A",v1,S2_SR_HARMONIZED_SCL_v1,174.876956860018,-41.25929067203099,0.0571,0.0785,0.0813,0.0764,0.0377,0.0336,0.0282,0.0181,0.002,0.001
hutt_20200713,COPERNICUS/S2_SR_HARMONIZED/20200712T222549_20200712T222545_T60GUV,2020-07-12 22:27:27,hutt_20200713_plumeTrain_0,1,train,https://doi.org/10.1080/00288330.2022.2088569,"Gall et al. 2022, Figure 10A",v1,S2_SR_HARMONIZED_SCL_v1,174.8770761508438,-41.2592928726208,0.0575,0.081,0.0847,0.0764,0.0377,0.0336,0.0276,0.0181,0.002,0.001
hutt_20200713,COPERNICUS/S2_SR_HARMONIZED/20200712T222549_20200712T222545_T60GUV,2020-07-12 22:27:27,hutt_20200713_plumeTrain_0,1,train,https://doi.org/10.1080/00288330.2022.2088569,"Gall et al. 2022, Figure 10A",v1,S2_SR_HARMONIZED_SCL_v1,174.8774340234006,-41.25929947364921,0.0604,0.0794,0.0833,0.0777,0.036,0.0338,0.0285,0.0173,0.0017,0.0034
hutt_20200713,COPERNICUS/S2_SR_HARMONIZED/20200712T222549_20200712T222545_T60GUV,2020-07-12 22:27:27,hutt_20200713_plumeTrain_0,1,train,https://doi.org/10.1080/00288330.2022.2088569,"Gall et al. 2022, Figure 10A",v1,S2_SR_HARMONIZED_SCL_v1,174.87767260517128,-41.25930387371731,0.0581,0.0782,0.0841,0.0796,0.0381,0.033,0.0263,0.0184,0.0019,0.0031
hutt_20200713,COPERNICUS/S2_SR_HARMONIZED/20200712T222549_20200712T222545_T60GUV,2020-07-12 22:27:27,hutt_20200713_plumeTrain_0,1,train,https://doi.org/10.1080/00288330.2022.2088569,"Gall et al. 2022, Figure 10A",v1,S2_SR_HARMONIZED_SCL_v1,174.87791118699485,-41.259308273291424,0.0542,0.0792,0.0847,0.0796,0.0374,0.0319,0.026,0.019,0.002,0.0032
hutt_20200713,COPERNICUS/S2_SR_HARMONIZED/20200712T222549_20200712T222545_T60GUV,2020-07-12 22:27:27,hutt_20200713_plumeTrain_0,1,train,https://doi.org/10.1080/00288330.2022.2088569,"Gall et al. 2022, Figure 10A",v1,S2_SR_HARMONIZED_SCL_v1,174.87814976887134,-41.25931267237152,0.0556,0.0792,0.0839,0.0771,0.0381,0.0337,0.0295,0.019,0.0024,0.003
hutt_20200713,COPERNICUS/S2_SR_HARMONIZED/20200712T222549_20200712T222545_T60GUV,2020-07-12 22:27:27,hutt_20200713_plumeTrain_0,1,train,https://doi.org/10.1080/00288330.2022.2088569,"Gall et al. 2022, Figure 10A",v1,S2_SR_HARMONIZED_SCL_v1,174.87826905982942,-41.259314871726325,0.0553,0.0796,0.0869,0.0771,0.0381,0.0337,0.0262,0.019,0.0024,0.003
hutt_20200713,COPERNICUS/S2_SR_HARMONIZED/20200712T222549_20200712T222545_T60GUV,2020-07-12 22:27:27,hutt_20200713_plumeTrain_0,1,train,https://doi.org/10.1080/00288330.2022.2088569,"Gall et al. 2022, Figure 10A",v1,S2_SR_HARMONIZED_SCL_v1,174.87838835080072,-41.259317070957636,0.0536,0.08,0.0847,0.0785,0.0364,0.0366,0.0275,0.0187,9.0E-4,0.0029
hutt_20200713,COPERNICUS/S2_SR_HARMONIZED/20200712T222549_20200712T222545_T60GUV,2020-07-12 22:27:27,hutt_20200713_plumeTrain_0,1,train,https://doi.org/10.1080/00288330.2022.2088569,"Gall et al. 2022, Figure 10A",v1,S2_SR_HARMONIZED_SCL_v1,174.87850764178523,-41.25931927006543,0.0566,0.08,0.0846,0.0785,0.0364,0.0366,0.0285,0.0187,9.0E-4,0.0029
hutt_20200713,COPERNICUS/S2_SR_HARMONIZED/20200712T222549_20200712T222545_T60GUV,2020-07-12 22:27:27,hutt_20200713_plumeTrain_0,1,train,https://doi.org/10.1080/00288330.2022.2088569,"Gall et al. 2022, Figure 10A",v1,S2_SR_HARMONIZED_SCL_v1,174.87862693278296,-41.25932146904974,0.056,0.0781,0.0834,0.0804,0.0362,0.0372,0.0311,0.0188,8.0E-4,8.0E-4
hutt_20200713,COPERNICUS/S2_SR_HARMONIZED/20200712T222549_20200712T222545_T60GUV,2020-07-12 22:27:27,hutt_20200713_plumeTrain_0,1,train,https://doi.org/10.1080/00288330.2022.2088569,"Gall et al. 2022, Figure 10A",v1,S2_SR_HARMONIZED_SCL_v1,174.87898480585554,-41.25932806526164,0.0566,0.0765,0.0832,0.075,0.037,0.0337,0.0284,0.0187,0.0027,0.0021
hutt_20200713,COPERNICUS/S2_SR_HARMONIZED/20200712T222549_20200712T222545_T60GUV,2020-07-12 22:27:27,hutt_20200713_plumeTrain_0,1,train,https://doi.org/10.1080/00288330.2022.2088569,"Gall et al. 2022, Figure 10A",v1,S2_SR_HARMONIZED_SCL_v1,174.87910409690616,-41.259330263751934,0.0603,0.0741,0.0834,0.0807,0.0392,0.0348,0.0263,0.0184,0.0026,0.0029
hutt_20200713,COPERNICUS/S2_SR_HARMONIZED/20200712T222549_20200712T222545_T60GUV,2020-07-12 22:27:27,hutt_20200713_plumeTrain_0,1,train,https://doi.org/10.1080/00288330.2022.2088569,"Gall et al. 2022, Figure 10A",v1,S2_SR_HARMONIZED_SCL_v1,174.87934267904706,-41.259334660362036,0.0546,0.0783,0.0877,0.0794,0.0365,0.0341,0.0303,0.0192,0.0021,0.002
hutt_20200713,COPERNICUS/S2_SR_HARMONIZED/20200712T222549_20200712T222545_T60GUV,2020-07-12 22:27:27,hutt_20200713_plumeTrain_0,1,train,https://doi.org/10.1080/00288330.2022.2088569,"Gall et al. 2022, Figure 10A",v1,S2_SR_HARMONIZED_SCL_v1,174.87958126124082,-41.25933905647814,0.0536,0.0755,0.0872,0.0783,0.0345,0.0326,0.029,0.019,9.0E-4,0.004
hutt_20200713,COPERNICUS/S2_SR_HARMONIZED/20200712T222549_20200712T222545_T60GUV,2020-07-12 22:27:27,hutt_20200713_plumeTrain_0,1,train,https://doi.org/10.1080/00288330.2022.2088569,"Gall et al. 2022, Figure 10A",v1,S2_SR_HARMONIZED_SCL_v1,174.87970055235752,-41.259341254350936,0.059,0.0744,0.0849,0.0783,0.0345,0.0326,0.0284,0.019,9.0E-4,0.004
hutt_20200713,COPERNICUS/S2_SR_HARMONIZED/20200712T222549_20200712T222545_T60GUV,2020-07-12 22:27:27,hutt_20200713_plumeTrain_0,1,train,https://doi.org/10.1080/00288330.2022.2088569,"Gall et al. 2022, Figure 10A",v1,S2_SR_HARMONIZED_SCL_v1,174.87981984348744,-41.25934345210023,0.0565,0.0764,0.0841,0.0786,0.0344,0.033,0.0271,0.0188,2.0E-4,0.0027
hutt_20200713,COPERNICUS/S2_SR_HARMONIZED/20200712T222549_20200712T222545_T60GUV,2020-07-12 22:27:27,hutt_20200713_plumeTrain_0,1,train,https://doi.org/10.1080/00288330.2022.2088569,"Gall et al. 2022, Figure 10A",v1,S2_SR_HARMONIZED_SCL_v1,174.88005842578693,-41.25934784722833,0.0549,0.0737,0.0845,0.0775,0.0349,0.0356,0.0282,0.0191,0.0026,0.0021
hutt_20200713,COPERNICUS/S2_SR_HARMONIZED/20200712T222549_20200712T222545_T60GUV,2020-07-12 22:27:27,hutt_20200713_plumeTrain_0,1,train,https://doi.org/10.1080/00288330.2022.2088569,"Gall et al. 2022, Figure 10A",v1,S2_SR_HARMONIZED_SCL_v1,174.88017771695647,-41.25935004460712,0.0567,0.082,0.0826,0.0775,0.0349,0.0356,0.0273,0.0191,0.0026,0.0021
hutt_20200713,COPERNICUS/S2_SR_HARMONIZED/20200712T222549_20200712T222545_T60GUV,2020-07-12 22:27:27,hutt_20200713_plumeTrain_0,1,train,https://doi.org/10.1080/00288330.2022.2088569,"Gall et al. 2022, Figure 10A",v1,S2_SR_HARMONIZED_SCL_v1,174.88029700813922,-41.25935224186241,0.0531,0.0794,0.085,0.0794,0.0373,0.0332,0.0279,0.0191,0.0022,0.0015
hutt_20200713,COPERNICUS/S2_SR_HARMONIZED/20200712T222549_20200712T222545_T60GUV,2020-07-12 22:27:27,hutt_20200713_plumeTrain_0,1,train,https://doi.org/10.1080/00288330.2022.2088569,"Gall et al. 2022, Figure 10A",v1,S2_SR_HARMONIZED_SCL_v1,174.88041629933522,-41.2593544389942,0.0561,0.0792,0.083,0.0794,0.0373,0.0332,0.0279,0.0191,0.0022,0.0015
hutt_20200713,COPERNICUS/S2_SR_HARMONIZED/20200712T222549_20200712T222545_T60GUV,2020-07-12 22:27:27,hutt_20200713_plumeTrain_0,1,train,https://doi.org/10.1080/00288330.2022.2088569,"Gall et al. 2022, Figure 10A",v1,S2_SR_HARMONIZED_SCL_v1,174.88053559054438,-41.2593566360025,0.0579,0.0785,0.085,0.0796,0.036,0.0349,0.0293,0.0192,7.0E-4,0.0015
hutt_20200713,COPERNICUS/S2_SR_HARMONIZED/20200712T222549_20200712T222545_T60GUV,2020-07-12 22:27:27,hutt_20200713_plumeTrain_0,1,train,https://doi.org/10.1080/00288330.2022.2088569,"Gall et al. 2022, Figure 10A",v1,S2_SR_HARMONIZED_SCL_v1,174.88065488176682,-41.25935883288729,0.0586,0.0794,0.0847,0.0796,0.036,0.0349,0.0298,0.0192,7.0E-4,0.0015
hutt_20200713,COPERNICUS/S2_SR_HARMONIZED/20200712T222549_20200712T222545_T60GUV,2020-07-12 22:27:27,hutt_20200713_plumeTrain_0,1,train,https://doi.org/10.1080/00288330.2022.2088569,"Gall et al. 2022, Figure 10A",v1,S2_SR_HARMONIZED_SCL_v1,174.8807741730024,-41.25936102964858,0.0562,0.0803,0.0837,0.0771,0.036,0.0364,0.0279,0.0191,0.0019,0.0035
hutt_20200713,COPERNICUS/S2_SR_HARMONIZED/20200712T222549_20200712T222545_T60GUV,2020-07-12 22:27:27,hutt_20200713_plumeTrain_0,1,train,https://doi.org/10.1080/00288330.2022.2088569,"Gall et al. 2022, Figure 10A",v1,S2_SR_HARMONIZED_SCL_v1,174.88089346425122,-41.25936322628637,0.0535,0.0774,0.0833,0.0771,0.036,0.0364,0.0287,0.0191,0.0019,0.0035
hutt_20200713,COPERNICUS/S2_SR_HARMONIZED/20200712T222549_20200712T222545_T60GUV,2020-07-12 22:27:27,hutt_20200713_plumeTrain_0,1,train,https://doi.org/10.1080/00288330.2022.2088569,"Gall et al. 2022, Figure 10A",v1,S2_SR_HARMONIZED_SCL_v1,174.88101275551324,-41.259365422800656,0.0525,0.0781,0.0841,0.0773,0.0352,0.0335,0.0267,0.0179,0.0013,0.0021
hutt_20200713,COPERNICUS/S2_SR_HARMONIZED/20200712T222549_20200712T222545_T60GUV,2020-07-12 22:27:27,hutt_20200713_plumeTrain_0,1,train,https://doi.org/10.1080/00288330.2022.2088569,"Gall et al. 2022, Figure 10A",v1,S2_SR_HARMONIZED_SCL_v1,174.88113204678845,-41.259367619191444,0.0546,0.0794,0.0848,0.0773,0.0352,0.0335,0.0253,0.0179,0.0013,0.0021
hutt_20200713,COPERNICUS/S2_SR_HARMONIZED/20200712T222549_20200712T222545_T60GUV,2020-07-12 22:27:27,hutt_20200713_plumeTrain_0,1,train,https://doi.org/10.1080/00288330.2022.2088569,"Gall et al. 2022, Figure 10A",v1,S2_SR_HARMONIZED_SCL_v1,174.8812513380769,-41.259369815458726,0.0569,0.0781,0.0823,0.0778,0.0368,0.0326,0.0262,0.0171,0.0018,0.0019
hutt_20200713,COPERNICUS/S2_SR_HARMONIZED/20200712T222549_20200712T222545_T60GUV,2020-07-12 22:27:27,hutt_20200713_plumeTrain_0,1,train,https://doi.org/10.1080/00288330.2022.2088569,"Gall et al. 2022, Figure 10A",v1,S2_SR_HARMONIZED_SCL_v1,174.88137062937852,-41.259372011602515,0.0551,0.0739,0.0852,0.0778,0.0368,0.0326,0.0299,0.0171,0.0018,0.0019
hutt_20200713,COPERNICUS/S2_SR_HARMONIZED/20200712T222549_20200712T222545_T60GUV,2020-07-12 22:27:27,hutt_20200713_plumeTrain_0,1,train,https://doi.org/10.1080/00288330.2022.2088569,"Gall et al. 2022, Figure 10A",v1,S2_SR_HARMONIZED_SCL_v1,174.88148992069338,-41.2593742076228,0.0545,0.0792,0.0861,0.0778,0.0374,0.0348,0.0281,0.0167,0.0031,0.0021
hutt_20200713,COPERNICUS/S2_SR_HARMONIZED/20200712T222549_20200712T222545_T60GUV,2020-07-12 22:27:27,hutt_20200713_plumeTrain_0,1,train,https://doi.org/10.1080/00288330.2022.2088569,"Gall et al. 2022, Figure 10A",v1,S2_SR_HARMONIZED_SCL_v1,174.88172850336264,-41.25937859929285,0.0525,0.0781,0.0847,0.0765,0.0357,0.032,0.028,0.0198,0.0022,0.0011
hutt_20200713,COPERNICUS/S2_SR_HARMONIZED/20200712T222549_20200712T222545_T60GUV,2020-07-12 22:27:27,hutt_20200713_plumeTrain_0,1,train,https://doi.org/10.1080/00288330.2022.2088569,"Gall et al. 2022, Figure 10A",v1,S2_SR_HARMONIZED_SCL_v1,174.8818477947171,-41.259380794942636,0.0586,0.079,0.0836,0.0765,0.0357,0.032,0.0281,0.0198,0.0022,0.0011
hutt_20200713,COPERNICUS/S2_SR_HARMONIZED/20200712T222549_20200712T222545_T60GUV,2020-07-12 22:27:27,hutt_20200713_plumeTrain_0,1,train,https://doi.org/10.1080/00288330.2022.2088569,"Gall et al. 2022, Figure 10A",v1,S2_SR_HARMONIZED_SCL_v1,174.8757610345142,-41.25935867562886,0.0619,0.0799,0.08,0.0724,0.0354,0.0325,0.026,0.0147,0.0018,0.0017
hutt_20200713,COPERNICUS/S2_SR_HARMONIZED/20200712T222549_20200712T222545_T60GUV,2020-07-12 22:27:27,hutt_20200713_plumeTrain_0,1,train,https://doi.org/10.1080/00288330.2022.2088569,"Gall et al. 2022, Figure 10A",v1,S2_SR_HARMONIZED_SCL_v1,174.87588032537124,-41.25936087746059,0.0576,0.0786,0.0805,0.0724,0.0354,0.0325,0.0274,0.0147,0.0018,0.0017
hutt_20200713,COPERNICUS/S2_SR_HARMONIZED/20200712T222549_20200712T222545_T60GUV,2020-07-12 22:27:27,hutt_20200713_plumeTrain_0,1,train,https://doi.org/10.1080/00288330.2022.2088569,"Gall et al. 2022, Figure 10A",v1,S2_SR_HARMONIZED_SCL_v1,174.8759996162415,-41.25936307916882,0.0558,0.0777,0.081,0.0727,0.0338,0.0313,0.0249,0.0181,7.0E-4,0.0028
hutt_20200713,COPERNICUS/S2_SR_HARMONIZED/20200712T222549_20200712T222545_T60GUV,2020-07-12 22:27:27,hutt_20200713_plumeTrain_0,1,train,https://doi.org/10.1080/00288330.2022.2088569,"Gall et al. 2022, Figure 10A",v1,S2_SR_HARMONIZED_SCL_v1,174.87623819802175,-41.25936748221478,0.0535,0.0794,0.0844,0.0739,0.0357,0.0306,0.028,0.0179,0.0012,0.0023
hutt_20200713,COPERNICUS/S2_SR_HARMONIZED/20200712T222549_20200712T222545_T60GUV,2020-07-12 22:27:27,hutt_20200713_plumeTrain_0,1,train,https://doi.org/10.1080/00288330.2022.2088569,"Gall et al. 2022, Figure 10A",v1,S2_SR_HARMONIZED_SCL_v1,174.87659607079135,-41.25937408585748,0.0575,0.0783,0.083,0.0758,0.0358,0.0318,0.029,0.0183,7.0E-4,0.0022
hutt_20200713,COPERNICUS/S2_SR_HARMONIZED/20200712T222549_20200712T222545_T60GUV,2020-07-12 22:27:27,hutt_20200713_plumeTrain_0,1,train,https://doi.org/10.1080/00288330.2022.2088569,"Gall et al. 2022, Figure 10A",v1,S2_SR_HARMONIZED_SCL_v1,174.87671536174102,-41.25937628682471,0.0557,0.0785,0.083,0.0765,0.0353,0.0346,0.0291,0.0185,0.0017,0.0034
hutt_20200713,COPERNICUS/S2_SR_HARMONIZED/20200712T222549_20200712T222545_T60GUV,2020-07-12 22:27:27,hutt_20200713_plumeTrain_0,1,train,https://doi.org/10.1080/00288330.2022.2088569,"Gall et al. 2022, Figure 10A",v1,S2_SR_HARMONIZED_SCL_v1,174.87683465270393,-41.259378487668435,0.0535,0.0802,0.083,0.0765,0.0353,0.0346,0.0272,0.0185,0.0017,0.0034
hutt_20200713,COPERNICUS/S2_SR_HARMONIZED/20200712T222549_20200712T222545_T60GUV,2020-07-12 22:27:27,hutt_20200713_plumeTrain_0,1,train,https://doi.org/10.1080/00288330.2022.2088569,"Gall et al. 2022, Figure 10A",v1,S2_SR_HARMONIZED_SCL_v1,174.87695394368006,-41.259380688388674,0.0527,0.0817,0.0823,0.0758,0.0371,0.0337,0.0272,0.0186,0.0021,0.0016
hutt_20200713,COPERNICUS/S2_SR_HARMONIZED/20200712T222549_20200712T222545_T60GUV,2020-07-12 22:27:27,hutt_20200713_plumeTrain_0,1,train,https://doi.org/10.1080/00288330.2022.2088569,"Gall et al. 2022, Figure 10A",v1,S2_SR_HARMONIZED_SCL_v1,174.87707323466944,-41.25938288898541,0.0548,0.0794,0.0833,0.0758,0.0371,0.0337,0.0276,0.0186,0.0021,0.0016
hutt_20200713,COPERNICUS/S2_SR_HARMONIZED/20200712T222549_20200712T222545_T60GUV,2020-07-12 22:27:27,hutt_20200713_plumeTrain_0,1,train,https://doi.org/10.1080/00288330.2022.2088569,"Gall et al. 2022, Figure 10A",v1,S2_SR_HARMONIZED_SCL_v1,174.87719252567203,-41.25938508945863,0.0582,0.0769,0.0874,0.0783,0.0364,0.0324,0.0266,0.0193,0.0021,0.0023
hutt_20200713,COPERNICUS/S2_SR_HARMONIZED/20200712T222549_20200712T222545_T60GUV,2020-07-12 22:27:27,hutt_20200713_plumeTrain_0,1,train,https://doi.org/10.1080/00288330.2022.2088569,"Gall et al. 2022, Figure 10A",v1,S2_SR_HARMONIZED_SCL_v1,174.87743110771692,-41.25938949003459,0.0547,0.0828,0.0828,0.0785,0.0362,0.0343,0.028,0.0178,0.0015,0.0023
hutt_20200713,COPERNICUS/S2_SR_HARMONIZED/20200712T222549_20200712T222545_T60GUV,2020-07-12 22:27:27,hutt_20200713_plumeTrain_0,1,train,https://doi.org/10.1080/00288330.2022.2088569,"Gall et al. 2022, Figure 10A",v1,S2_SR_HARMONIZED_SCL_v1,174.8775503987592,-41.25939169013733,0.0575,0.0811,0.0812,0.0785,0.0362,0.0343,0.0266,0.0178,0.0015,0.0023
hutt_20200713,COPERNICUS/S2_SR_HARMONIZED/20200712T222549_20200712T222545_T60GUV,2020-07-12 22:27:27,hutt_20200713_plumeTrain_0,1,train,https://doi.org/10.1080/00288330.2022.2088569,"Gall et al. 2022, Figure 10A",v1,S2_SR_HARMONIZED_SCL_v1,174.87766968981472,-41.259393890116556,0.0564,0.0759,0.0841,0.0785,0.0374,0.0343,0.0263,0.015,0.0015,0.003
hutt_20200713,COPERNICUS/S2_SR_HARMONIZED/20200712T222549_20200712T222545_T60GUV,2020-07-12 22:27:27,hutt_20200713_plumeTrain_0,1,train,https://doi.org/10.1080/00288330.2022.2088569,"Gall et al. 2022, Figure 10A",v1,S2_SR_HARMONIZED_SCL_v1,174.87778898088345,-41.259396089972284,0.0592,0.0779,0.0861,0.0785,0.0374,0.0343,0.0286,0.015,0.0015,0.003
hutt_20200713,COPERNICUS/S2_SR_HARMONIZED/20200712T222549_20200712T222545_T60GUV,2020-07-12 22:27:27,hutt_20200713_plumeTrain_0,1,train,https://doi.org/10.1080/00288330.2022.2088569,"Gall et al. 2022, Figure 10A",v1,S2_SR_HARMONIZED_SCL_v1,174.87790827196545,-41.25939828970451,0.0623,0.0784,0.0864,0.0777,0.0377,0.0337,0.0272,0.0171,6.0E-4,0.0039
hutt_20200713,COPERNICUS/S2_SR_HARMONIZED/20200712T222549_20200712T222545_T60GUV,2020-07-12 22:27:27,hutt_20200713_plumeTrain_0,1,train,https://doi.org/10.1080/00288330.2022.2088569,"Gall et al. 2022, Figure 10A",v1,S2_SR_HARMONIZED_SCL_v1,174.87802756306064,-41.259400489313244,0.056,0.0786,0.0808,0.0777,0.0377,0.0337,0.025,0.0171,6.0E-4,0.0039
hutt_20200713,COPERNICUS/S2_SR_HARMONIZED/20200712T222549_20200712T222545_T60GUV,2020-07-12 22:27:27,hutt_20200713_plumeTrain_0,1,train,https://doi.org/10.1080/00288330.2022.2088569,"Gall et al. 2022, Figure 10A",v1,S2_SR_HARMONIZED_SCL_v1,174.87814685416907,-41.25940268879847,0.0532,0.0766,0.0827,0.0766,0.0376,0.0338,0.0266,0.0176,0.001,0.0032
hutt_20200713,COPERNICUS/S2_SR_HARMONIZED/20200712T222549_20200712T222545_T60GUV,2020-07-12 22:27:27,hutt_20200713_plumeTrain_0,1,train,https://doi.org/10.1080/00288330.2022.2088569,"Gall et al. 2022, Figure 10A",v1,S2_SR_HARMONIZED_SCL_v1,174.87838543642556,-41.259407087398415,0.0536,0.0805,0.0869,0.0791,0.038,0.0358,0.0264,0.0188,0.0012,0.0013
hutt_20200713,COPERNICUS/S2_SR_HARMONIZED/20200712T222549_20200712T222545_T60GUV,2020-07-12 22:27:27,hutt_20200713_plumeTrain_0,1,train,https://doi.org/10.1080/00288330.2022.2088569,"Gall et al. 2022, Figure 10A",v1,S2_SR_HARMONIZED_SCL_v1,174.87850472757364,-41.25940928651315,0.0566,0.0814,0.0879,0.0791,0.038,0.0358,0.0285,0.0188,0.0012,0.0013
hutt_20200713,COPERNICUS/S2_SR_HARMONIZED/20200712T222549_20200712T222545_T60GUV,2020-07-12 22:27:27,hutt_20200713_plumeTrain_0,1,train,https://doi.org/10.1080/00288330.2022.2088569,"Gall et al. 2022, Figure 10A",v1,S2_SR_HARMONIZED_SCL_v1,174.87862401873497,-41.25941148550437,0.0576,0.0775,0.0861,0.0791,0.0376,0.0353,0.0279,0.0188,0.0021,8.0E-4
hutt_20200713,COPERNICUS/S2_SR_HARMONIZED/20200712T222549_20200712T222545_T60GUV,2020-07-12 22:27:27,hutt_20200713_plumeTrain_0,1,train,https://doi.org/10.1080/00288330.2022.2088569,"Gall et al. 2022, Figure 10A",v1,S2_SR_HARMONIZED_SCL_v1,174.87874330990948,-41.25941368437209,0.0563,0.0783,0.0846,0.0791,0.0376,0.0353,0.029,0.0188,0.0021,8.0E-4
hutt_20200713,COPERNICUS/S2_SR_HARMONIZED/20200712T222549_20200712T222545_T60GUV,2020-07-12 22:27:27,hutt_20200713_plumeTrain_0,1,train,https://doi.org/10.1080/00288330.2022.2088569,"Gall et al. 2022, Figure 10A",v1,S2_SR_HARMONIZED_SCL_v1,174.8789818922982,-41.25941808173704,0.061,0.0768,0.0847,0.0762,0.0359,0.0344,0.0286,0.0193,0.0031,0.0022
hutt_20200713,COPERNICUS/S2_SR_HARMONIZED/20200712T222549_20200712T222545_T60GUV,2020-07-12 22:27:27,hutt_20200713_plumeTrain_0,1,train,https://doi.org/10.1080/00288330.2022.2088569,"Gall et al. 2022, Figure 10A",v1,S2_SR_HARMONIZED_SCL_v1,174.8791011835124,-41.259420280234266,0.0576,0.0741,0.0863,0.0785,0.0398,0.0335,0.0286,0.0193,0.0015,0.0022
hutt_20200713,COPERNICUS/S2_SR_HARMONIZED/20200712T222549_20200712T222545_T60GUV,2020-07-12 22:27:27,hutt_20200713_plumeTrain_0,1,train,https://doi.org/10.1080/00288330.2022.2088569,"Gall et al. 2022, Figure 10A",v1,S2_SR_HARMONIZED_SCL_v1,174.87933976598043,-41.2594246768582,0.0555,0.0802,0.0847,0.0795,0.0371,0.0325,0.0272,0.0189,0.0014,0.0032
hutt_20200713,COPERNICUS/S2_SR_HARMONIZED/20200712T222549_20200712T222545_T60GUV,2020-07-12 22:27:27,hutt_20200713_plumeTrain_0,1,train,https://doi.org/10.1080/00288330.2022.2088569,"Gall et al. 2022, Figure 10A",v1,S2_SR_HARMONIZED_SCL_v1,174.87945905723427,-41.259426874984925,0.0508,0.0795,0.0849,0.0795,0.0371,0.0325,0.0284,0.0189,0.0014,0.0032
hutt_20200713,COPERNICUS/S2_SR_HARMONIZED/20200712T222549_20200712T222545_T60GUV,2020-07-12 22:27:27,hutt_20200713_plumeTrain_0,1,train,https://doi.org/10.1080/00288330.2022.2088569,"Gall et al. 2022, Figure 10A",v1,S2_SR_HARMONIZED_SCL_v1,174.87957834850133,-41.25942907298814,0.0563,0.0809,0.0858,0.0785,0.0372,0.0325,0.0303,0.0189,0.0023,0.0036
hutt_20200713,COPERNICUS/S2_SR_HARMONIZED/20200712T222549_20200712T222545_T60GUV,2020-07-12 22:27:27,hutt_20200713_plumeTrain_0,1,train,https://doi.org/10.1080/00288330.2022.2088569,"Gall et al. 2022, Figure 10A",v1,S2_SR_HARMONIZED_SCL_v1,174.8796976397816,-41.259431270867864,0.0583,0.0796,0.0843,0.0785,0.0372,0.0325,0.0298,0.0189,0.0023,0.0036
hutt_20200713,COPERNICUS/S2_SR_HARMONIZED/20200712T222549_20200712T222545_T60GUV,2020-07-12 22:27:27,hutt_20200713_plumeTrain_0,1,train,https://doi.org/10.1080/00288330.2022.2088569,"Gall et al. 2022, Figure 10A",v1,S2_SR_HARMONIZED_SCL_v1,174.87981693107506,-41.259433468624074,0.0566,0.0783,0.0847,0.0782,0.0369,0.0331,0.0272,0.0192,0.0017,0.0022
hutt_20200713,COPERNICUS/S2_SR_HARMONIZED/20200712T222549_20200712T222545_T60GUV,2020-07-12 22:27:27,hutt_20200713_plumeTrain_0,1,train,https://doi.org/10.1080/00288330.2022.2088569,"Gall et al. 2022, Figure 10A",v1,S2_SR_HARMONIZED_SCL_v1,174.8799362223818,-41.25943566625679,0.0555,0.0793,0.0862,0.0782,0.0369,0.0331,0.0272,0.0192,0.0017,0.0022
hutt_20200713,COPERNICUS/S2_SR_HARMONIZED/20200712T222549_20200712T222545_T60GUV,2020-07-12 22:27:27,hutt_20200713_plumeTrain_0,1,train,https://doi.org/10.1080/00288330.2022.2088569,"Gall et al. 2022, Figure 10A",v1,S2_SR_HARMONIZED_SCL_v1,174.8801748050348,-41.259440061151714,0.0552,0.077,0.0843,0.076,0.0354,0.0367,0.0256,0.0192,0.002,0.003
hutt_20200713,COPERNICUS/S2_SR_HARMONIZED/20200712T222549_20200712T222545_T60GUV,2020-07-12 22:27:27,hutt_20200713_plumeTrain_0,1,train,https://doi.org/10.1080/00288330.2022.2088569,"Gall et al. 2022, Figure 10A",v1,S2_SR_HARMONIZED_SCL_v1,174.88041338774067,-41.25944445555263,0.0525,0.0764,0.085,0.0776,0.036,0.0329,0.0303,0.0192,0.0016,0.0027
hutt_20200713,COPERNICUS/S2_SR_HARMONIZED/20200712T222549_20200712T222545_T60GUV,2020-07-12 22:27:27,hutt_20200713_plumeTrain_0,1,train,https://doi.org/10.1080/00288330.2022.2088569,"Gall et al. 2022, Figure 10A",v1,S2_SR_HARMONIZED_SCL_v1,174.88053267911343,-41.259446652567846,0.0514,0.078,0.0827,0.0771,0.0354,0.0342,0.0287,0.0188,0.0012,0.0017
hutt_20200713,COPERNICUS/S2_SR_HARMONIZED/20200712T222549_20200712T222545_T60GUV,2020-07-12 22:27:27,hutt_20200713_plumeTrain_0,1,train,https://doi.org/10.1080/00288330.2022.2088569,"Gall et al. 2022, Figure 10A",v1,S2_SR_HARMONIZED_SCL_v1,174.8806519704994,-41.25944884945955,0.0544,0.0785,0.0825,0.0771,0.0354,0.0342,0.0281,0.0188,0.0012,0.0017
hutt_20200713,COPERNICUS/S2_SR_HARMONIZED/20200712T222549_20200712T222545_T60GUV,2020-07-12 22:27:27,hutt_20200713_plumeTrain_0,1,train,https://doi.org/10.1080/00288330.2022.2088569,"Gall et al. 2022, Figure 10A",v1,S2_SR_HARMONIZED_SCL_v1,174.8807712618986,-41.25945104622776,0.054,0.0792,0.083,0.0768,0.0347,0.0363,0.0272,0.0174,0.0018,0.0034
hutt_20200713,COPERNICUS/S2_SR_HARMONIZED/20200712T222549_20200712T222545_T60GUV,2020-07-12 22:27:27,hutt_20200713_plumeTrain_0,1,train,https://doi.org/10.1080/00288330.2022.2088569,"Gall et al. 2022, Figure 10A",v1,S2_SR_HARMONIZED_SCL_v1,174.88089055331096,-41.25945324287246,0.0521,0.0752,0.0825,0.0768,0.0347,0.0363,0.0278,0.0174,0.0018,0.0034
hutt_20200713,COPERNICUS/S2_SR_HARMONIZED/20200712T222549_20200712T222545_T60GUV,2020-07-12 22:27:27,hutt_20200713_plumeTrain_0,1,train,https://doi.org/10.1080/00288330.2022.2088569,"Gall et al. 2022, Figure 10A",v1,S2_SR_HARMONIZED_SCL_v1,174.88112913617533,-41.259457635791364,0.051,0.0785,0.0821,0.0758,0.0382,0.0349,0.027,0.0179,1.0E-4,0.0024
hutt_20200713,COPERNICUS/S2_SR_HARMONIZED/20200712T222549_20200712T222545_T60GUV,2020-07-12 22:27:27,hutt_20200713_plumeTrain_0,1,train,https://doi.org/10.1080/00288330.2022.2088569,"Gall et al. 2022, Figure 10A",v1,S2_SR_HARMONIZED_SCL_v1,174.88124842762733,-41.259459832065566,0.054,0.0764,0.0826,0.0773,0.0386,0.0356,0.0284,0.0187,0.0013,1.0E-4
hutt_20200713,COPERNICUS/S2_SR_HARMONIZED/20200712T222549_20200712T222545_T60GUV,2020-07-12 22:27:27,hutt_20200713_plumeTrain_0,1,train,https://doi.org/10.1080/00288330.2022.2088569,"Gall et al. 2022, Figure 10A",v1,S2_SR_HARMONIZED_SCL_v1,174.8813677190925,-41.25946202821627,0.0544,0.0747,0.0844,0.0773,0.0386,0.0356,0.0302,0.0187,0.0013,1.0E-4
hutt_20200713,COPERNICUS/S2_SR_HARMONIZED/20200712T222549_20200712T222545_T60GUV,2020-07-12 22:27:27,hutt_20200713_plumeTrain_0,1,train,https://doi.org/10.1080/00288330.2022.2088569,"Gall et al. 2022, Figure 10A",v1,S2_SR_HARMONIZED_SCL_v1,174.88148701057094,-41.259464224243466,0.054,0.0777,0.0852,0.0767,0.0361,0.0362,0.027,0.0177,0.003,0.0036
hutt_20200713,COPERNICUS/S2_SR_HARMONIZED/20200712T222549_20200712T222545_T60GUV,2020-07-12 22:27:27,hutt_20200713_plumeTrain_0,1,train,https://doi.org/10.1080/00288330.2022.2088569,"Gall et al. 2022, Figure 10A",v1,S2_SR_HARMONIZED_SCL_v1,174.88184488508537,-41.25947081158404,0.054,0.0781,0.0829,0.0766,0.0359,0.0332,0.0271,0.0182,2.0E-4,0.003
hutt_20200713,COPERNICUS/S2_SR_HARMONIZED/20200712T222549_20200712T222545_T60GUV,2020-07-12 22:27:27,hutt_20200713_plumeTrain_0,1,train,https://doi.org/10.1080/00288330.2022.2088569,"Gall et al. 2022, Figure 10A",v1,S2_SR_HARMONIZED_SCL_v1,174.8819641766166,-41.259473007117236,0.0565,0.0794,0.0844,0.0768,0.0357,0.0321,0.0272,0.0187,0.0016,0.001
hutt_20200713,COPERNICUS/S2_SR_HARMONIZED/20200712T222549_20200712T222545_T60GUV,2020-07-12 22:27:27,hutt_20200713_plumeTrain_0,1,train,https://doi.org/10.1080/00288330.2022.2088569,"Gall et al. 2022, Figure 10A",v1,S2_SR_HARMONIZED_SCL_v1,174.882083468161,-41.25947520252692,0.0566,0.0775,0.0825,0.0768,0.0357,0.0321,0.0287,0.0187,0.0016,0.001
hutt_20200713,COPERNICUS/S2_SR_HARMONIZED/20200712T222549_20200712T222545_T60GUV,2020-07-12 22:27:27,hutt_20200713_plumeTrain_0,1,train,https://doi.org/10.1080/00288330.2022.2088569,"Gall et al. 2022, Figure 10A",v1,S2_SR_HARMONIZED_SCL_v1,174.8759966985818,-41.25945309546949,0.0572,0.0747,0.0794,0.0727,0.0338,0.0313,0.025,0.0181,7.0E-4,0.0028
hutt_20200713,COPERNICUS/S2_SR_HARMONIZED/20200712T222549_20200712T222545_T60GUV,2020-07-12 22:27:27,hutt_20200713_plumeTrain_0,1,train,https://doi.org/10.1080/00288330.2022.2088569,"Gall et al. 2022, Figure 10A",v1,S2_SR_HARMONIZED_SCL_v1,174.87635457176268,-41.25945969987397,0.0598,0.0813,0.0803,0.0739,0.0357,0.0306,0.0255,0.0179,0.0012,0.0023
hutt_20200713,COPERNICUS/S2_SR_HARMONIZED/20200712T222549_20200712T222545_T60GUV,2020-07-12 22:27:27,hutt_20200713_plumeTrain_0,1,train,https://doi.org/10.1080/00288330.2022.2088569,"Gall et al. 2022, Figure 10A",v1,S2_SR_HARMONIZED_SCL_v1,174.87659315394947,-41.259464102192794,0.0557,0.0821,0.0849,0.0758,0.0358,0.0318,0.0274,0.0183,7.0E-4,0.0022
hutt_20200713,COPERNICUS/S2_SR_HARMONIZED/20200712T222549_20200712T222545_T60GUV,2020-07-12 22:27:27,hutt_20200713_plumeTrain_0,1,train,https://doi.org/10.1080/00288330.2022.2088569,"Gall et al. 2022, Figure 10A",v1,S2_SR_HARMONIZED_SCL_v1,174.8767124450627,-41.25946630316696,0.0597,0.0839,0.0861,0.0765,0.0353,0.0346,0.0266,0.0185,0.0017,0.0034
hutt_20200713,COPERNICUS/S2_SR_HARMONIZED/20200712T222549_20200712T222545_T60GUV,2020-07-12 22:27:27,hutt_20200713_plumeTrain_0,1,train,https://doi.org/10.1080/00288330.2022.2088569,"Gall et al. 2022, Figure 10A",v1,S2_SR_HARMONIZED_SCL_v1,174.8768317361892,-41.25946850401761,0.0568,0.082,0.0839,0.0765,0.0353,0.0346,0.0268,0.0185,0.0017,0.0034
hutt_20200713,COPERNICUS/S2_SR_HARMONIZED/20200712T222549_20200712T222545_T60GUV,2020-07-12 22:27:27,hutt_20200713_plumeTrain_0,1,train,https://doi.org/10.1080/00288330.2022.2088569,"Gall et al. 2022, Figure 10A",v1,S2_SR_HARMONIZED_SCL_v1,174.8769510273289,-41.25947070474478,0.0543,0.0811,0.0829,0.0758,0.0371,0.0337,0.0259,0.0186,0.0021,0.0016
hutt_20200713,COPERNICUS/S2_SR_HARMONIZED/20200712T222549_20200712T222545_T60GUV,2020-07-12 22:27:27,hutt_20200713_plumeTrain_0,1,train,https://doi.org/10.1080/00288330.2022.2088569,"Gall et al. 2022, Figure 10A",v1,S2_SR_HARMONIZED_SCL_v1,174.87707031848183,-41.25947290534844,0.0557,0.0795,0.0828,0.0758,0.0371,0.0337,0.0262,0.0186,0.0021,0.0016
hutt_20200713,COPERNICUS/S2_SR_HARMONIZED/20200712T222549_20200712T222545_T60GUV,2020-07-12 22:27:27,hutt_20200713_plumeTrain_0,1,train,https://doi.org/10.1080/00288330.2022.2088569,"Gall et al. 2022, Figure 10A",v1,S2_SR_HARMONIZED_SCL_v1,174.8773089008274,-41.259477306185254,0.0567,0.0785,0.0835,0.0783,0.0364,0.0324,0.0276,0.0193,0.0021,0.0023
hutt_20200713,COPERNICUS/S2_SR_HARMONIZED/20200712T222549_20200712T222545_T60GUV,2020-07-12 22:27:27,hutt_20200713_plumeTrain_0,1,train,https://doi.org/10.1080/00288330.2022.2088569,"Gall et al. 2022, Figure 10A",v1,S2_SR_HARMONIZED_SCL_v1,174.87742819202,-41.25947950641841,0.0571,0.0794,0.0822,0.0785,0.0362,0.0343,0.0285,0.0178,0.0015,0.0023
hutt_20200713,COPERNICUS/S2_SR_HARMONIZED/20200712T222549_20200712T222545_T60GUV,2020-07-12 22:27:27,hutt_20200713_plumeTrain_0,1,train,https://doi.org/10.1080/00288330.2022.2088569,"Gall et al. 2022, Figure 10A",v1,S2_SR_HARMONIZED_SCL_v1,174.87754748322587,-41.259481706528064,0.0575,0.0772,0.083,0.0785,0.0362,0.0343,0.0265,0.0178,0.0015,0.0023
hutt_20200713,COPERNICUS/S2_SR_HARMONIZED/20200712T222549_20200712T222545_T60GUV,2020-07-12 22:27:27,hutt_20200713_plumeTrain_0,1,train,https://doi.org/10.1080/00288330.2022.2088569,"Gall et al. 2022, Figure 10A",v1,S2_SR_HARMONIZED_SCL_v1,174.87766677444495,-41.25948390651422,0.0547,0.0809,0.0841,0.0785,0.0374,0.0343,0.0267,0.015,0.0015,0.003
hutt_20200713,COPERNICUS/S2_SR_HARMONIZED/20200712T222549_20200712T222545_T60GUV,2020-07-12 22:27:27,hutt_20200713_plumeTrain_0,1,train,https://doi.org/10.1080/00288330.2022.2088569,"Gall et al. 2022, Figure 10A",v1,S2_SR_HARMONIZED_SCL_v1,174.87790535692278,-41.25948830611603,0.0623,0.08,0.0844,0.0777,0.0377,0.0337,0.0274,0.0171,6.0E-4,0.0039
hutt_20200713,COPERNICUS/S2_SR_HARMONIZED/20200712T222549_20200712T222545_T60GUV,2020-07-12 22:27:27,hutt_20200713_plumeTrain_0,1,train,https://doi.org/10.1080/00288330.2022.2088569,"Gall et al. 2022, Figure 10A",v1,S2_SR_HARMONIZED_SCL_v1,174.87826323073875,-41.259494904592486,0.0609,0.08,0.0808,0.0766,0.0376,0.0338,0.0268,0.0176,0.001,0.0032
hutt_20200713,COPERNICUS/S2_SR_HARMONIZED/20200712T222549_20200712T222545_T60GUV,2020-07-12 22:27:27,hutt_20200713_plumeTrain_0,1,train,https://doi.org/10.1080/00288330.2022.2088569,"Gall et al. 2022, Figure 10A",v1,S2_SR_HARMONIZED_SCL_v1,174.87838252203716,-41.25949710383764,0.0592,0.0834,0.0852,0.0791,0.038,0.0358,0.0269,0.0188,0.0012,0.0013
hutt_20200713,COPERNICUS/S2_SR_HARMONIZED/20200712T222549_20200712T222545_T60GUV,2020-07-12 22:27:27,hutt_20200713_plumeTrain_0,1,train,https://doi.org/10.1080/00288330.2022.2088569,"Gall et al. 2022, Figure 10A",v1,S2_SR_HARMONIZED_SCL_v1,174.8787403960118,-41.25950370083208,0.0566,0.08,0.0841,0.0791,0.0376,0.0353,0.026,0.0188,0.0021,8.0E-4
hutt_20200713,COPERNICUS/S2_SR_HARMONIZED/20200712T222549_20200712T222545_T60GUV,2020-07-12 22:27:27,hutt_20200713_plumeTrain_0,1,train,https://doi.org/10.1080/00288330.2022.2088569,"Gall et al. 2022, Figure 10A",v1,S2_SR_HARMONIZED_SCL_v1,174.8788596873631,-41.259505899583225,0.0574,0.0786,0.0869,0.0762,0.0359,0.0344,0.0296,0.0193,0.0031,0.0022
hutt_20200713,COPERNICUS/S2_SR_HARMONIZED/20200712T222549_20200712T222545_T60GUV,2020-07-12 22:27:27,hutt_20200713_plumeTrain_0,1,train,https://doi.org/10.1080/00288330.2022.2088569,"Gall et al. 2022, Figure 10A",v1,S2_SR_HARMONIZED_SCL_v1,174.87897897872764,-41.25950809821087,0.0604,0.08,0.0852,0.0762,0.0359,0.0344,0.0283,0.0193,0.0031,0.0022
hutt_20200713,COPERNICUS/S2_SR_HARMONIZED/20200712T222549_20200712T222545_T60GUV,2020-07-12 22:27:27,hutt_20200713_plumeTrain_0,1,train,https://doi.org/10.1080/00288330.2022.2088569,"Gall et al. 2022, Figure 10A",v1,S2_SR_HARMONIZED_SCL_v1,174.8790982701054,-41.259510296715014,0.0541,0.0773,0.085,0.0785,0.0398,0.0335,0.0286,0.0193,0.0015,0.0022
hutt_20200713,COPERNICUS/S2_SR_HARMONIZED/20200712T222549_20200712T222545_T60GUV,2020-07-12 22:27:27,hutt_20200713_plumeTrain_0,1,train,https://doi.org/10.1080/00288330.2022.2088569,"Gall et al. 2022, Figure 10A",v1,S2_SR_HARMONIZED_SCL_v1,174.8792175614964,-41.259512495095656,0.0552,0.0781,0.0854,0.0785,0.0398,0.0335,0.0268,0.0193,0.0015,0.0022
hutt_20200713,COPERNICUS/S2_SR_HARMONIZED/20200712T222549_20200712T222545_T60GUV,2020-07-12 22:27:27,hutt_20200713_plumeTrain_0,1,train,https://doi.org/10.1080/00288330.2022.2088569,"Gall et al. 2022, Figure 10A",v1,S2_SR_HARMONIZED_SCL_v1,174.8793368529006,-41.25951469335279,0.057,0.0802,0.0825,0.0795,0.0371,0.0325,0.0281,0.0189,0.0014,0.0032
hutt_20200713,COPERNICUS/S2_SR_HARMONIZED/20200712T222549_20200712T222545_T60GUV,2020-07-12 22:27:27,hutt_20200713_plumeTrain_0,1,train,https://doi.org/10.1080/00288330.2022.2088569,"Gall et al. 2022, Figure 10A",v1,S2_SR_HARMONIZED_SCL_v1,174.87945614431797,-41.259516891486435,0.0536,0.0765,0.0833,0.0795,0.0371,0.0325,0.0282,0.0189,0.0014,0.0032
hutt_20200713,COPERNICUS/S2_SR_HARMONIZED/20200712T222549_20200712T222545_T60GUV,2020-07-12 22:27:27,hutt_20200713_plumeTrain_0,1,train,https://doi.org/10.1080/00288330.2022.2088569,"Gall et al. 2022, Figure 10A",v1,S2_SR_HARMONIZED_SCL_v1,174.8795754357486,-41.25951908949658,0.0573,0.0778,0.0843,0.0785,0.0372,0.0325,0.0281,0.0189,0.0023,0.0036
hutt_20200713,COPERNICUS/S2_SR_HARMONIZED/20200712T222549_20200712T222545_T60GUV,2020-07-12 22:27:27,hutt_20200713_plumeTrain_0,1,train,https://doi.org/10.1080/00288330.2022.2088569,"Gall et al. 2022, Figure 10A",v1,S2_SR_HARMONIZED_SCL_v1,174.87969472719243,-41.25952128738321,0.0533,0.0783,0.0855,0.0785,0.0372,0.0325,0.0304,0.0189,0.0023,0.0036
hutt_20200713,COPERNICUS/S2_SR_HARMONIZED/20200712T222549_20200712T222545_T60GUV,2020-07-12 22:27:27,hutt_20200713_plumeTrain_0,1,train,https://doi.org/10.1080/00288330.2022.2088569,"Gall et al. 2022, Figure 10A",v1,S2_SR_HARMONIZED_SCL_v1,174.87981401864948,-41.259523485146346,0.0508,0.0783,0.0863,0.0782,0.0369,0.0331,0.0296,0.0192,0.0017,0.0022
hutt_20200713,COPERNICUS/S2_SR_HARMONIZED/20200712T222549_20200712T222545_T60GUV,2020-07-12 22:27:27,hutt_20200713_plumeTrain_0,1,train,https://doi.org/10.1080/00288330.2022.2088569,"Gall et al. 2022, Figure 10A",v1,S2_SR_HARMONIZED_SCL_v1,174.87993331011975,-41.25952568278598,0.0536,0.0793,0.0858,0.0782,0.0369,0.0331,0.0273,0.0192,0.0017,0.0022
hutt_20200713,COPERNICUS/S2_SR_HARMONIZED/20200712T222549_20200712T222545_T60GUV,2020-07-12 22:27:27,hutt_20200713_plumeTrain_0,1,train,https://doi.org/10.1080/00288330.2022.2088569,"Gall et al. 2022, Figure 10A",v1,S2_SR_HARMONIZED_SCL_v1,174.88005260160324,-41.25952788030211,0.0552,0.0799,0.0849,0.076,0.0354,0.0367,0.0299,0.0192,0.002,0.003
hutt_20200713,COPERNICUS/S2_SR_HARMONIZED/20200712T222549_20200712T222545_T60GUV,2020-07-12 22:27:27,hutt_20200713_plumeTrain_0,1,train,https://doi.org/10.1080/00288330.2022.2088569,"Gall et al. 2022, Figure 10A",v1,S2_SR_HARMONIZED_SCL_v1,174.88017189309994,-41.25953007769474,0.0552,0.0783,0.0832,0.076,0.0354,0.0367,0.0252,0.0192,0.002,0.003
hutt_20200713,COPERNICUS/S2_SR_HARMONIZED/20200712T222549_20200712T222545_T60GUV,2020-07-12 22:27:27,hutt_20200713_plumeTrain_0,1,train,https://doi.org/10.1080/00288330.2022.2088569,"Gall et al. 2022, Figure 10A",v1,S2_SR_HARMONIZED_SCL_v1,174.88041047613294,-41.25953447210949,0.0576,0.0745,0.0894,0.0776,0.036,0.0329,0.031,0.0192,0.0016,0.0027
hutt_20200713,COPERNICUS/S2_SR_HARMONIZED/20200712T222549_20200712T222545_T60GUV,2020-07-12 22:27:27,hutt_20200713_plumeTrain_0,1,train,https://doi.org/10.1080/00288330.2022.2088569,"Gall et al. 2022, Figure 10A",v1,S2_SR_HARMONIZED_SCL_v1,174.88052976766926,-41.25953666913162,0.054,0.0796,0.0853,0.0771,0.0354,0.0342,0.0283,0.0188,0.0012,0.0017
hutt_20200713,COPERNICUS/S2_SR_HARMONIZED/20200712T222549_20200712T222545_T60GUV,2020-07-12 22:27:27,hutt_20200713_plumeTrain_0,1,train,https://doi.org/10.1080/00288330.2022.2088569,"Gall et al. 2022, Figure 10A",v1,S2_SR_HARMONIZED_SCL_v1,174.88064905921877,-41.25953886603025,0.0569,0.0776,0.0858,0.0771,0.0354,0.0342,0.0263,0.0188,0.0012,0.0017
hutt_20200713,COPERNICUS/S2_SR_HARMONIZED/20200712T222549_20200712T222545_T60GUV,2020-07-12 22:27:27,hutt_20200713_plumeTrain_0,1,train,https://doi.org/10.1080/00288330.2022.2088569,"Gall et al. 2022, Figure 10A",v1,S2_SR_HARMONIZED_SCL_v1,174.88088764235746,-41.25954325945699,0.0573,0.077,0.0863,0.0768,0.0347,0.0363,0.0281,0.0174,0.0018,0.0034
hutt_20200713,COPERNICUS/S2_SR_HARMONIZED/20200712T222549_20200712T222545_T60GUV,2020-07-12 22:27:27,hutt_20200713_plumeTrain_0,1,train,https://doi.org/10.1080/00288330.2022.2088569,"Gall et al. 2022, Figure 10A",v1,S2_SR_HARMONIZED_SCL_v1,174.88100693394665,-41.259545455985105,0.0568,0.077,0.083,0.0758,0.0382,0.0349,0.0284,0.0179,1.0E-4,0.0024
hutt_20200713,COPERNICUS/S2_SR_HARMONIZED/20200712T222549_20200712T222545_T60GUV,2020-07-12 22:27:27,hutt_20200713_plumeTrain_0,1,train,https://doi.org/10.1080/00288330.2022.2088569,"Gall et al. 2022, Figure 10A",v1,S2_SR_HARMONIZED_SCL_v1,174.88136480879334,-41.259552044828446,0.0568,0.0774,0.0832,0.0773,0.0386,0.0356,0.0303,0.0187,0.0013,1.0E-4
hutt_20200713,COPERNICUS/S2_SR_HARMONIZED/20200712T222549_20200712T222545_T60GUV,2020-07-12 22:27:27,hutt_20200713_plumeTrain_0,1,train,https://doi.org/10.1080/00288330.2022.2088569,"Gall et al. 2022, Figure 10A",v1,S2_SR_HARMONIZED_SCL_v1,174.88160339209048,-41.25955643677317,0.0535,0.0752,0.0837,0.0767,0.0361,0.0362,0.0254,0.0177,0.003,0.0036
hutt_20200713,COPERNICUS/S2_SR_HARMONIZED/20200712T222549_20200712T222545_T60GUV,2020-07-12 22:27:27,hutt_20200713_plumeTrain_0,1,train,https://doi.org/10.1080/00288330.2022.2088569,"Gall et al. 2022, Figure 10A",v1,S2_SR_HARMONIZED_SCL_v1,174.88196126713524,-41.25956302376398,0.0528,0.0777,0.0841,0.0768,0.0357,0.0321,0.0272,0.0187,0.0016,0.001
hutt_20200713,COPERNICUS/S2_SR_HARMONIZED/20200712T222549_20200712T222545_T60GUV,2020-07-12 22:27:27,hutt_20200713_plumeTrain_0,1,train,https://doi.org/10.1080/00288330.2022.2088569,"Gall et al. 2022, Figure 10A",v1,S2_SR_HARMONIZED_SCL_v1,174.8821998505644,-41.25956741447367,0.0565,0.0766,0.0824,0.0767,0.0362,0.0346,0.0281,0.0178,0.0018,0.003
hutt_20200713,COPERNICUS/S2_SR_HARMONIZED/20200712T222549_20200712T222545_T60GUV,2020-07-12 22:27:27,hutt_20200713_plumeTrain_0,1,train,https://doi.org/10.1080/00288330.2022.2088569,"Gall et al. 2022, Figure 10A",v1,S2_SR_HARMONIZED_SCL_v1,174.87635165458045,-41.25954971619385,0.0576,0.0813,0.0802,0.0745,0.0346,0.0316,0.0298,0.0163,0.0013,0.0035
hutt_20200713,COPERNICUS/S2_SR_HARMONIZED/20200712T222549_20200712T222545_T60GUV,2020-07-12 22:27:27,hutt_20200713_plumeTrain_0,1,train,https://doi.org/10.1080/00288330.2022.2088569,"Gall et al. 2022, Figure 10A",v1,S2_SR_HARMONIZED_SCL_v1,174.87647094583082,-41.259551917421945,0.0564,0.081,0.0809,0.0749,0.0351,0.032,0.024,0.0179,9.0E-4,0.0026
hutt_20200713,COPERNICUS/S2_SR_HARMONIZED/20200712T222549_20200712T222545_T60GUV,2020-07-12 22:27:27,hutt_20200713_plumeTrain_0,1,train,https://doi.org/10.1080/00288330.2022.2088569,"Gall et al. 2022, Figure 10A",v1,S2_SR_HARMONIZED_SCL_v1,174.87659023709435,-41.25955411852653,0.0578,0.0778,0.0824,0.0749,0.0351,0.032,0.025,0.0179,9.0E-4,0.0026
hutt_20200713,COPERNICUS/S2_SR_HARMONIZED/20200712T222549_20200712T222545_T60GUV,2020-07-12 22:27:27,hutt_20200713_plumeTrain_0,1,train,https://doi.org/10.1080/00288330.2022.2088569,"Gall et al. 2022, Figure 10A",v1,S2_SR_HARMONIZED_SCL_v1,174.87670952837118,-41.25955631950762,0.0602,0.0786,0.0832,0.0747,0.0357,0.0335,0.0295,0.0188,0.002,0.0012
hutt_20200713,COPERNICUS/S2_SR_HARMONIZED/20200712T222549_20200712T222545_T60GUV,2020-07-12 22:27:27,hutt_20200713_plumeTrain_0,1,train,https://doi.org/10.1080/00288330.2022.2088569,"Gall et al. 2022, Figure 10A",v1,S2_SR_HARMONIZED_SCL_v1,174.87682881966123,-41.2595585203652,0.0607,0.078,0.0834,0.0747,0.0357,0.0335,0.0235,0.0188,0.002,0.0012
hutt_20200713,COPERNICUS/S2_SR_HARMONIZED/20200712T222549_20200712T222545_T60GUV,2020-07-12 22:27:27,hutt_20200713_plumeTrain_0,1,train,https://doi.org/10.1080/00288330.2022.2088569,"Gall et al. 2022, Figure 10A",v1,S2_SR_HARMONIZED_SCL_v1,174.8769481109645,-41.2595607210993,0.0557,0.0758,0.0836,0.0729,0.036,0.0337,0.0247,0.0176,8.0E-4,0.0016
hutt_20200713,COPERNICUS/S2_SR_HARMONIZED/20200712T222549_20200712T222545_T60GUV,2020-07-12 22:27:27,hutt_20200713_plumeTrain_0,1,train,https://doi.org/10.1080/00288330.2022.2088569,"Gall et al. 2022, Figure 10A",v1,S2_SR_HARMONIZED_SCL_v1,174.87718669361072,-41.25956512219697,0.0577,0.0796,0.0846,0.0751,0.0361,0.0334,0.0272,0.0177,0.0028,0.0013
hutt_20200713,COPERNICUS/S2_SR_HARMONIZED/20200712T222549_20200712T222545_T60GUV,2020-07-12 22:27:27,hutt_20200713_plumeTrain_0,1,train,https://doi.org/10.1080/00288330.2022.2088569,"Gall et al. 2022, Figure 10A",v1,S2_SR_HARMONIZED_SCL_v1,174.87778315045782,-41.25957612277988,0.0585,0.0777,0.0843,0.0784,0.0359,0.0327,0.0264,0.0171,0.0014,0.0017
hutt_20200713,COPERNICUS/S2_SR_HARMONIZED/20200712T222549_20200712T222545_T60GUV,2020-07-12 22:27:27,hutt_20200713_plumeTrain_0,1,train,https://doi.org/10.1080/00288330.2022.2088569,"Gall et al. 2022, Figure 10A",v1,S2_SR_HARMONIZED_SCL_v1,174.87790244186692,-41.25957832252596,0.0611,0.0769,0.0836,0.0754,0.0356,0.0345,0.0269,0.0184,0.0019,0.0015
hutt_20200713,COPERNICUS/S2_SR_HARMONIZED/20200712T222549_20200712T222545_T60GUV,2020-07-12 22:27:27,hutt_20200713_plumeTrain_0,1,train,https://doi.org/10.1080/00288330.2022.2088569,"Gall et al. 2022, Figure 10A",v1,S2_SR_HARMONIZED_SCL_v1,174.87802173328924,-41.25958052214854,0.0563,0.0765,0.0855,0.0754,0.0356,0.0345,0.0271,0.0184,0.0019,0.0015
hutt_20200713,COPERNICUS/S2_SR_HARMONIZED/20200712T222549_20200712T222545_T60GUV,2020-07-12 22:27:27,hutt_20200713_plumeTrain_0,1,train,https://doi.org/10.1080/00288330.2022.2088569,"Gall et al. 2022, Figure 10A",v1,S2_SR_HARMONIZED_SCL_v1,174.87826031617357,-41.25958492102319,0.0537,0.0814,0.0864,0.0754,0.0367,0.0345,0.026,0.0173,0.002,0.0018
hutt_20200713,COPERNICUS/S2_SR_HARMONIZED/20200712T222549_20200712T222545_T60GUV,2020-07-12 22:27:27,hutt_20200713_plumeTrain_0,1,train,https://doi.org/10.1080/00288330.2022.2088569,"Gall et al. 2022, Figure 10A",v1,S2_SR_HARMONIZED_SCL_v1,174.8784988991108,-41.25958931940384,0.0584,0.0778,0.0828,0.078,0.0376,0.0361,0.0297,0.0186,0.0019,0.0029
hutt_20200713,COPERNICUS/S2_SR_HARMONIZED/20200712T222549_20200712T222545_T60GUV,2020-07-12 22:27:27,hutt_20200713_plumeTrain_0,1,train,https://doi.org/10.1080/00288330.2022.2088569,"Gall et al. 2022, Figure 10A",v1,S2_SR_HARMONIZED_SCL_v1,174.8787374821009,-41.25959371729048,0.0545,0.0784,0.0838,0.0783,0.0378,0.0364,0.0281,0.0188,0.0021,0.0025
hutt_20200713,COPERNICUS/S2_SR_HARMONIZED/20200712T222549_20200712T222545_T60GUV,2020-07-12 22:27:27,hutt_20200713_plumeTrain_0,1,train,https://doi.org/10.1080/00288330.2022.2088569,"Gall et al. 2022, Figure 10A",v1,S2_SR_HARMONIZED_SCL_v1,174.87885677361578,-41.259595916048546,0.0576,0.0786,0.0874,0.0761,0.0373,0.035,0.0302,0.0158,0.0029,0.0029
hutt_20200713,COPERNICUS/S2_SR_HARMONIZED/20200712T222549_20200712T222545_T60GUV,2020-07-12 22:27:27,hutt_20200713_plumeTrain_0,1,train,https://doi.org/10.1080/00288330.2022.2088569,"Gall et al. 2022, Figure 10A",v1,S2_SR_HARMONIZED_SCL_v1,174.8789760651439,-41.259598114683115,0.0574,0.0783,0.085,0.0761,0.0373,0.035,0.0285,0.0158,0.0029,0.0029
hutt_20200713,COPERNICUS/S2_SR_HARMONIZED/20200712T222549_20200712T222545_T60GUV,2020-07-12 22:27:27,hutt_20200713_plumeTrain_0,1,train,https://doi.org/10.1080/00288330.2022.2088569,"Gall et al. 2022, Figure 10A",v1,S2_SR_HARMONIZED_SCL_v1,174.8790953566852,-41.25960031319418,0.058,0.08,0.0861,0.0774,0.0371,0.0335,0.0285,0.0177,8.0E-4,0.0031
hutt_20200713,COPERNICUS/S2_SR_HARMONIZED/20200712T222549_20200712T222545_T60GUV,2020-07-12 22:27:27,hutt_20200713_plumeTrain_0,1,train,https://doi.org/10.1080/00288330.2022.2088569,"Gall et al. 2022, Figure 10A",v1,S2_SR_HARMONIZED_SCL_v1,174.87921464823975,-41.25960251158174,0.0566,0.0792,0.0879,0.0774,0.0371,0.0335,0.0268,0.0177,8.0E-4,0.0031
hutt_20200713,COPERNICUS/S2_SR_HARMONIZED/20200712T222549_20200712T222545_T60GUV,2020-07-12 22:27:27,hutt_20200713_plumeTrain_0,1,train,https://doi.org/10.1080/00288330.2022.2088569,"Gall et al. 2022, Figure 10A",v1,S2_SR_HARMONIZED_SCL_v1,174.87933393980748,-41.2596047098458,0.0562,0.0786,0.0869,0.0788,0.036,0.034,0.0294,0.0191,0.0021,0.0022
hutt_20200713,COPERNICUS/S2_SR_HARMONIZED/20200712T222549_20200712T222545_T60GUV,2020-07-12 22:27:27,hutt_20200713_plumeTrain_0,1,train,https://doi.org/10.1080/00288330.2022.2088569,"Gall et al. 2022, Figure 10A",v1,S2_SR_HARMONIZED_SCL_v1,174.87993039784453,-41.259615699313585,0.0552,0.0763,0.0846,0.0803,0.0376,0.0326,0.0272,0.0181,0.0036,0.0026
hutt_20200713,COPERNICUS/S2_SR_HARMONIZED/20200712T222549_20200712T222545_T60GUV,2020-07-12 22:27:27,hutt_20200713_plumeTrain_0,1,train,https://doi.org/10.1080/00288330.2022.2088569,"Gall et al. 2022, Figure 10A",v1,S2_SR_HARMONIZED_SCL_v1,174.88004968949159,-41.25961789683663,0.0552,0.0772,0.0855,0.0791,0.0363,0.0364,0.028,0.0177,0.0014,0.0031
hutt_20200713,COPERNICUS/S2_SR_HARMONIZED/20200712T222549_20200712T222545_T60GUV,2020-07-12 22:27:27,hutt_20200713_plumeTrain_0,1,train,https://doi.org/10.1080/00288330.2022.2088569,"Gall et al. 2022, Figure 10A",v1,S2_SR_HARMONIZED_SCL_v1,174.8802882728253,-41.25962229151223,0.0567,0.0799,0.0847,0.0785,0.0366,0.0328,0.0269,0.0187,0.0022,0.0034
hutt_20200713,COPERNICUS/S2_SR_HARMONIZED/20200712T222549_20200712T222545_T60GUV,2020-07-12 22:27:27,hutt_20200713_plumeTrain_0,1,train,https://doi.org/10.1080/00288330.2022.2088569,"Gall et al. 2022, Figure 10A",v1,S2_SR_HARMONIZED_SCL_v1,174.88052685621187,-41.25962668569381,0.0567,0.0783,0.0833,0.0785,0.0365,0.0324,0.0303,0.019,0.0019,0.0022
hutt_20200713,COPERNICUS/S2_SR_HARMONIZED/20200712T222549_20200712T222545_T60GUV,2020-07-12 22:27:27,hutt_20200713_plumeTrain_0,1,train,https://doi.org/10.1080/00288330.2022.2088569,"Gall et al. 2022, Figure 10A",v1,S2_SR_HARMONIZED_SCL_v1,174.8808847313908,-41.25963327603992,0.058,0.0767,0.0858,0.0776,0.0351,0.0316,0.0292,0.0185,0.0022,0.0026
hutt_20200713,COPERNICUS/S2_SR_HARMONIZED/20200712T222549_20200712T222545_T60GUV,2020-07-12 22:27:27,hutt_20200713_plumeTrain_0,1,train,https://doi.org/10.1080/00288330.2022.2088569,"Gall et al. 2022, Figure 10A",v1,S2_SR_HARMONIZED_SCL_v1,174.88100402314353,-41.25963547257496,0.0559,0.0757,0.0825,0.0772,0.0351,0.0313,0.0267,0.0193,0.0014,0.0036
hutt_20200713,COPERNICUS/S2_SR_HARMONIZED/20200712T222549_20200712T222545_T60GUV,2020-07-12 22:27:27,hutt_20200713_plumeTrain_0,1,train,https://doi.org/10.1080/00288330.2022.2088569,"Gall et al. 2022, Figure 10A",v1,S2_SR_HARMONIZED_SCL_v1,174.88124260668857,-41.25963986527452,0.0552,0.0761,0.0822,0.0781,0.0355,0.0337,0.0257,0.017,0.0013,0.0027
hutt_20200713,COPERNICUS/S2_SR_HARMONIZED/20200712T222549_20200712T222545_T60GUV,2020-07-12 22:27:27,hutt_20200713_plumeTrain_0,1,train,https://doi.org/10.1080/00288330.2022.2088569,"Gall et al. 2022, Figure 10A",v1,S2_SR_HARMONIZED_SCL_v1,174.88136189848092,-41.259642061439045,0.0552,0.077,0.0838,0.0781,0.0355,0.0337,0.0297,0.017,0.0013,0.0027
hutt_20200713,COPERNICUS/S2_SR_HARMONIZED/20200712T222549_20200712T222545_T60GUV,2020-07-12 22:27:27,hutt_20200713_plumeTrain_0,1,train,https://doi.org/10.1080/00288330.2022.2088569,"Gall et al. 2022, Figure 10A",v1,S2_SR_HARMONIZED_SCL_v1,174.88160048210523,-41.259646453397586,0.0535,0.0747,0.0834,0.0801,0.0361,0.034,0.0248,0.0187,0.002,0.0027
hutt_20200713,COPERNICUS/S2_SR_HARMONIZED/20200712T222549_20200712T222545_T60GUV,2020-07-12 22:27:27,hutt_20200713_plumeTrain_0,1,train,https://doi.org/10.1080/00288330.2022.2088569,"Gall et al. 2022, Figure 10A",v1,S2_SR_HARMONIZED_SCL_v1,174.88171977393716,-41.25964864919161,0.0518,0.0773,0.0852,0.0765,0.0361,0.0326,0.0252,0.0191,0.0018,0.0032
hutt_20200713,COPERNICUS/S2_SR_HARMONIZED/20200712T222549_20200712T222545_T60GUV,2020-07-12 22:27:27,hutt_20200713_plumeTrain_0,1,train,https://doi.org/10.1080/00288330.2022.2088569,"Gall et al. 2022, Figure 10A",v1,S2_SR_HARMONIZED_SCL_v1,174.88231623329492,-41.259659626309166,0.0496,0.0761,0.0797,0.0769,0.0359,0.035,0.0279,0.0191,0.0026,1.0E-4
hutt_20200713,COPERNICUS/S2_SR_HARMONIZED/20200712T222549_20200712T222545_T60GUV,2020-07-12 22:27:27,hutt_20200713_plumeTrain_0,1,train,https://doi.org/10.1080/00288330.2022.2088569,"Gall et al. 2022, Figure 10A",v1,S2_SR_HARMONIZED_SCL_v1,174.8762294459843,-41.25963753115361,0.0555,0.0805,0.0805,0.0745,0.0346,0.0316,0.0271,0.0163,0.0013,0.0035
hutt_20200713,COPERNICUS/S2_SR_HARMONIZED/20200712T222549_20200712T222545_T60GUV,2020-07-12 22:27:27,hutt_20200713_plumeTrain_0,1,train,https://doi.org/10.1080/00288330.2022.2088569,"Gall et al. 2022, Figure 10A",v1,S2_SR_HARMONIZED_SCL_v1,174.876348737385,-41.259639732512134,0.0572,0.0813,0.08,0.0745,0.0346,0.0316,0.0277,0.0163,0.0013,0.0035
hutt_20200713,COPERNICUS/S2_SR_HARMONIZED/20200712T222549_20200712T222545_T60GUV,2020-07-12 22:27:27,hutt_20200713_plumeTrain_0,1,train,https://doi.org/10.1080/00288330.2022.2088569,"Gall et al. 2022, Figure 10A",v1,S2_SR_HARMONIZED_SCL_v1,174.87646802879888,-41.259641933747154,0.0576,0.0792,0.0811,0.0749,0.0351,0.032,0.0278,0.0179,9.0E-4,0.0026
hutt_20200713,COPERNICUS/S2_SR_HARMONIZED/20200712T222549_20200712T222545_T60GUV,2020-07-12 22:27:27,hutt_20200713_plumeTrain_0,1,train,https://doi.org/10.1080/00288330.2022.2088569,"Gall et al. 2022, Figure 10A",v1,S2_SR_HARMONIZED_SCL_v1,174.8767066116664,-41.259646335846696,0.0568,0.0753,0.0864,0.0747,0.0357,0.0335,0.0269,0.0188,0.002,0.0012
hutt_20200713,COPERNICUS/S2_SR_HARMONIZED/20200712T222549_20200712T222545_T60GUV,2020-07-12 22:27:27,hutt_20200713_plumeTrain_0,1,train,https://doi.org/10.1080/00288330.2022.2088569,"Gall et al. 2022, Figure 10A",v1,S2_SR_HARMONIZED_SCL_v1,174.87694519458682,-41.25965073745223,0.0533,0.0788,0.083,0.0729,0.036,0.0337,0.0264,0.0176,8.0E-4,0.0016
hutt_20200713,COPERNICUS/S2_SR_HARMONIZED/20200712T222549_20200712T222545_T60GUV,2020-07-12 22:27:27,hutt_20200713_plumeTrain_0,1,train,https://doi.org/10.1080/00288330.2022.2088569,"Gall et al. 2022, Figure 10A",v1,S2_SR_HARMONIZED_SCL_v1,174.87706448606693,-41.25965293806975,0.0571,0.0805,0.0826,0.0729,0.036,0.0337,0.0281,0.0176,8.0E-4,0.0016
hutt_20200713,COPERNICUS/S2_SR_HARMONIZED/20200712T222549_20200712T222545_T60GUV,2020-07-12 22:27:27,hutt_20200713_plumeTrain_0,1,train,https://doi.org/10.1080/00288330.2022.2088569,"Gall et al. 2022, Figure 10A",v1,S2_SR_HARMONIZED_SCL_v1,174.87718377756022,-41.25965513856376,0.0593,0.0794,0.0836,0.0751,0.0361,0.0334,0.0292,0.0177,0.0028,0.0013
hutt_20200713,COPERNICUS/S2_SR_HARMONIZED/20200712T222549_20200712T222545_T60GUV,2020-07-12 22:27:27,hutt_20200713_plumeTrain_0,1,train,https://doi.org/10.1080/00288330.2022.2088569,"Gall et al. 2022, Figure 10A",v1,S2_SR_HARMONIZED_SCL_v1,174.87730306906676,-41.259657338934275,0.0533,0.0796,0.0841,0.0751,0.0361,0.0334,0.0291,0.0177,0.0028,0.0013
hutt_20200713,COPERNICUS/S2_SR_HARMONIZED/20200712T222549_20200712T222545_T60GUV,2020-07-12 22:27:27,hutt_20200713_plumeTrain_0,1,train,https://doi.org/10.1080/00288330.2022.2088569,"Gall et al. 2022, Figure 10A",v1,S2_SR_HARMONIZED_SCL_v1,174.8774223605865,-41.259659539181285,0.0542,0.0838,0.0822,0.0786,0.0349,0.0339,0.0286,0.0174,0.0014,0.0044
hutt_20200713,COPERNICUS/S2_SR_HARMONIZED/20200712T222549_20200712T222545_T60GUV,2020-07-12 22:27:27,hutt_20200713_plumeTrain_0,1,train,https://doi.org/10.1080/00288330.2022.2088569,"Gall et al. 2022, Figure 10A",v1,S2_SR_HARMONIZED_SCL_v1,174.87789952679782,-41.25966833893431,0.0575,0.0764,0.0819,0.0754,0.0356,0.0345,0.0254,0.0184,0.0019,0.0015
hutt_20200713,COPERNICUS/S2_SR_HARMONIZED/20200712T222549_20200712T222545_T60GUV,2020-07-12 22:27:27,hutt_20200713_plumeTrain_0,1,train,https://doi.org/10.1080/00288330.2022.2088569,"Gall et al. 2022, Figure 10A",v1,S2_SR_HARMONIZED_SCL_v1,174.8780188183837,-41.25967053856381,0.0564,0.076,0.0847,0.0754,0.0356,0.0345,0.0281,0.0184,0.0019,0.0015
hutt_20200713,COPERNICUS/S2_SR_HARMONIZED/20200712T222549_20200712T222545_T60GUV,2020-07-12 22:27:27,hutt_20200713_plumeTrain_0,1,train,https://doi.org/10.1080/00288330.2022.2088569,"Gall et al. 2022, Figure 10A",v1,S2_SR_HARMONIZED_SCL_v1,174.8781381099828,-41.25967273806982,0.0553,0.0769,0.0844,0.0754,0.0367,0.0345,0.0264,0.0173,0.002,0.0018
hutt_20200713,COPERNICUS/S2_SR_HARMONIZED/20200712T222549_20200712T222545_T60GUV,2020-07-12 22:27:27,hutt_20200713_plumeTrain_0,1,train,https://doi.org/10.1080/00288330.2022.2088569,"Gall et al. 2022, Figure 10A",v1,S2_SR_HARMONIZED_SCL_v1,174.87849598485954,-41.259679335846805,0.0623,0.0819,0.085,0.078,0.0376,0.0361,0.0296,0.0186,0.0019,0.0029
hutt_20200713,COPERNICUS/S2_SR_HARMONIZED/20200712T222549_20200712T222545_T60GUV,2020-07-12 22:27:27,hutt_20200713_plumeTrain_0,1,train,https://doi.org/10.1080/00288330.2022.2088569,"Gall et al. 2022, Figure 10A",v1,S2_SR_HARMONIZED_SCL_v1,174.87861527651154,-41.2596815348588,0.0596,0.0775,0.0812,0.0783,0.0378,0.0364,0.0258,0.0188,0.0021,0.0025
hutt_20200713,COPERNICUS/S2_SR_HARMONIZED/20200712T222549_20200712T222545_T60GUV,2020-07-12 22:27:27,hutt_20200713_plumeTrain_0,1,train,https://doi.org/10.1080/00288330.2022.2088569,"Gall et al. 2022, Figure 10A",v1,S2_SR_HARMONIZED_SCL_v1,174.87873456817678,-41.25968373374729,0.0605,0.0772,0.0848,0.0783,0.0378,0.0364,0.0252,0.0188,0.0021,0.0025
hutt_20200713,COPERNICUS/S2_SR_HARMONIZED/20200712T222549_20200712T222545_T60GUV,2020-07-12 22:27:27,hutt_20200713_plumeTrain_0,1,train,https://doi.org/10.1080/00288330.2022.2088569,"Gall et al. 2022, Figure 10A",v1,S2_SR_HARMONIZED_SCL_v1,174.87885385985524,-41.259685932512284,0.0604,0.0814,0.0852,0.0761,0.0373,0.035,0.0286,0.0158,0.0029,0.0029
hutt_20200713,COPERNICUS/S2_SR_HARMONIZED/20200712T222549_20200712T222545_T60GUV,2020-07-12 22:27:27,hutt_20200713_plumeTrain_0,1,train,https://doi.org/10.1080/00288330.2022.2088569,"Gall et al. 2022, Figure 10A",v1,S2_SR_HARMONIZED_SCL_v1,174.8789731515469,-41.25968813115377,0.0596,0.0776,0.0832,0.0761,0.0373,0.035,0.0295,0.0158,0.0029,0.0029
hutt_20200713,COPERNICUS/S2_SR_HARMONIZED/20200712T222549_20200712T222545_T60GUV,2020-07-12 22:27:27,hutt_20200713_plumeTrain_0,1,train,https://doi.org/10.1080/00288330.2022.2088569,"Gall et al. 2022, Figure 10A",v1,S2_SR_HARMONIZED_SCL_v1,174.87909244325178,-41.259690329671756,0.0584,0.0775,0.0832,0.0774,0.0371,0.0335,0.0269,0.0177,8.0E-4,0.0031
hutt_20200713,COPERNICUS/S2_SR_HARMONIZED/20200712T222549_20200712T222545_T60GUV,2020-07-12 22:27:27,hutt_20200713_plumeTrain_0,1,train,https://doi.org/10.1080/00288330.2022.2088569,"Gall et al. 2022, Figure 10A",v1,S2_SR_HARMONIZED_SCL_v1,174.8792117349699,-41.25969252806624,0.0547,0.0766,0.0854,0.0774,0.0371,0.0335,0.028,0.0177,8.0E-4,0.0031
hutt_20200713,COPERNICUS/S2_SR_HARMONIZED/20200712T222549_20200712T222545_T60GUV,2020-07-12 22:27:27,hutt_20200713_plumeTrain_0,1,train,https://doi.org/10.1080/00288330.2022.2088569,"Gall et al. 2022, Figure 10A",v1,S2_SR_HARMONIZED_SCL_v1,174.87945031844575,-41.2596969244847,0.0562,0.0818,0.0869,0.0788,0.036,0.034,0.0316,0.0191,0.0021,0.0022
hutt_20200713,COPERNICUS/S2_SR_HARMONIZED/20200712T222549_20200712T222545_T60GUV,2020-07-12 22:27:27,hutt_20200713_plumeTrain_0,1,train,https://doi.org/10.1080/00288330.2022.2088569,"Gall et al. 2022, Figure 10A",v1,S2_SR_HARMONIZED_SCL_v1,174.87956961020353,-41.25969912250868,0.0536,0.081,0.086,0.0802,0.0356,0.033,0.0321,0.019,0.0038,0.0032
hutt_20200713,COPERNICUS/S2_SR_HARMONIZED/20200712T222549_20200712T222545_T60GUV,2020-07-12 22:27:27,hutt_20200713_plumeTrain_0,1,train,https://doi.org/10.1080/00288330.2022.2088569,"Gall et al. 2022, Figure 10A",v1,S2_SR_HARMONIZED_SCL_v1,174.8796889019745,-41.25970132040915,0.0527,0.0813,0.0863,0.0802,0.0356,0.033,0.0286,0.019,0.0038,0.0032
hutt_20200713,COPERNICUS/S2_SR_HARMONIZED/20200712T222549_20200712T222545_T60GUV,2020-07-12 22:27:27,hutt_20200713_plumeTrain_0,1,train,https://doi.org/10.1080/00288330.2022.2088569,"Gall et al. 2022, Figure 10A",v1,S2_SR_HARMONIZED_SCL_v1,174.8799274855561,-41.2597057158396,0.0566,0.0802,0.0863,0.0803,0.0376,0.0326,0.028,0.0181,0.0036,0.0026
hutt_20200713,COPERNICUS/S2_SR_HARMONIZED/20200712T222549_20200712T222545_T60GUV,2020-07-12 22:27:27,hutt_20200713_plumeTrain_0,1,train,https://doi.org/10.1080/00288330.2022.2088569,"Gall et al. 2022, Figure 10A",v1,S2_SR_HARMONIZED_SCL_v1,174.88004677736672,-41.25970791336957,0.0546,0.0765,0.0843,0.0791,0.0363,0.0364,0.0267,0.0177,0.0014,0.0031
hutt_20200713,COPERNICUS/S2_SR_HARMONIZED/20200712T222549_20200712T222545_T60GUV,2020-07-12 22:27:27,hutt_20200713_plumeTrain_0,1,train,https://doi.org/10.1080/00288330.2022.2088569,"Gall et al. 2022, Figure 10A",v1,S2_SR_HARMONIZED_SCL_v1,174.88016606919052,-41.259710110776034,0.0521,0.0772,0.0831,0.0791,0.0363,0.0364,0.0271,0.0177,0.0014,0.0031
hutt_20200713,COPERNICUS/S2_SR_HARMONIZED/20200712T222549_20200712T222545_T60GUV,2020-07-12 22:27:27,hutt_20200713_plumeTrain_0,1,train,https://doi.org/10.1080/00288330.2022.2088569,"Gall et al. 2022, Figure 10A",v1,S2_SR_HARMONIZED_SCL_v1,174.88028536102757,-41.259712308059,0.0541,0.0804,0.0858,0.0785,0.0366,0.0328,0.0281,0.0187,0.0022,0.0034
hutt_20200713,COPERNICUS/S2_SR_HARMONIZED/20200712T222549_20200712T222545_T60GUV,2020-07-12 22:27:27,hutt_20200713_plumeTrain_0,1,train,https://doi.org/10.1080/00288330.2022.2088569,"Gall et al. 2022, Figure 10A",v1,S2_SR_HARMONIZED_SCL_v1,174.88064323661797,-41.25971889916688,0.0536,0.0796,0.0845,0.0785,0.0365,0.0324,0.0303,0.019,0.0019,0.0022
hutt_20200713,COPERNICUS/S2_SR_HARMONIZED/20200712T222549_20200712T222545_T60GUV,2020-07-12 22:27:27,hutt_20200713_plumeTrain_0,1,train,https://doi.org/10.1080/00288330.2022.2088569,"Gall et al. 2022, Figure 10A",v1,S2_SR_HARMONIZED_SCL_v1,174.88076252850783,-41.259721095955825,0.0595,0.0795,0.086,0.0776,0.0351,0.0316,0.0303,0.0185,0.0022,0.0026
hutt_20200713,COPERNICUS/S2_SR_HARMONIZED/20200712T222549_20200712T222545_T60GUV,2020-07-12 22:27:27,hutt_20200713_plumeTrain_0,1,train,https://doi.org/10.1080/00288330.2022.2088569,"Gall et al. 2022, Figure 10A",v1,S2_SR_HARMONIZED_SCL_v1,174.8808818204109,-41.25972329262128,0.0573,0.0744,0.0862,0.0776,0.0351,0.0316,0.0287,0.0185,0.0022,0.0026
hutt_20200713,COPERNICUS/S2_SR_HARMONIZED/20200712T222549_20200712T222545_T60GUV,2020-07-12 22:27:27,hutt_20200713_plumeTrain_0,1,train,https://doi.org/10.1080/00288330.2022.2088569,"Gall et al. 2022, Figure 10A",v1,S2_SR_HARMONIZED_SCL_v1,174.88100111232723,-41.25972548916322,0.0601,0.0756,0.0822,0.0772,0.0351,0.0313,0.027,0.0193,0.0014,0.0036
hutt_20200713,COPERNICUS/S2_SR_HARMONIZED/20200712T222549_20200712T222545_T60GUV,2020-07-12 22:27:27,hutt_20200713_plumeTrain_0,1,train,https://doi.org/10.1080/00288330.2022.2088569,"Gall et al. 2022, Figure 10A",v1,S2_SR_HARMONIZED_SCL_v1,174.8811204042567,-41.25972768558167,0.0555,0.0772,0.0845,0.0772,0.0351,0.0313,0.0272,0.0193,0.0014,0.0036
hutt_20200713,COPERNICUS/S2_SR_HARMONIZED/20200712T222549_20200712T222545_T60GUV,2020-07-12 22:27:27,hutt_20200713_plumeTrain_0,1,train,https://doi.org/10.1080/00288330.2022.2088569,"Gall et al. 2022, Figure 10A",v1,S2_SR_HARMONIZED_SCL_v1,174.8812396961994,-41.259729881876616,0.0546,0.0763,0.0838,0.0781,0.0355,0.0337,0.0272,0.017,0.0013,0.0027
hutt_20200713,COPERNICUS/S2_SR_HARMONIZED/20200712T222549_20200712T222545_T60GUV,2020-07-12 22:27:27,hutt_20200713_plumeTrain_0,1,train,https://doi.org/10.1080/00288330.2022.2088569,"Gall et al. 2022, Figure 10A",v1,S2_SR_HARMONIZED_SCL_v1,174.88147828012444,-41.25973427409599,0.0555,0.078,0.0844,0.0801,0.0361,0.034,0.0286,0.0187,0.002,0.0027
hutt_20200713,COPERNICUS/S2_SR_HARMONIZED/20200712T222549_20200712T222545_T60GUV,2020-07-12 22:27:27,hutt_20200713_plumeTrain_0,1,train,https://doi.org/10.1080/00288330.2022.2088569,"Gall et al. 2022, Figure 10A",v1,S2_SR_HARMONIZED_SCL_v1,174.88171686410226,-41.25973866582136,0.0531,0.078,0.0841,0.0765,0.0361,0.0326,0.0279,0.0191,0.0018,0.0032
hutt_20200713,COPERNICUS/S2_SR_HARMONIZED/20200712T222549_20200712T222545_T60GUV,2020-07-12 22:27:27,hutt_20200713_plumeTrain_0,1,train,https://doi.org/10.1080/00288330.2022.2088569,"Gall et al. 2022, Figure 10A",v1,S2_SR_HARMONIZED_SCL_v1,174.88183615611098,-41.25974086149879,0.0528,0.0777,0.0838,0.0765,0.0361,0.0326,0.027,0.0191,0.0018,0.0032
hutt_20200713,COPERNICUS/S2_SR_HARMONIZED/20200712T222549_20200712T222545_T60GUV,2020-07-12 22:27:27,hutt_20200713_plumeTrain_0,1,train,https://doi.org/10.1080/00288330.2022.2088569,"Gall et al. 2022, Figure 10A",v1,S2_SR_HARMONIZED_SCL_v1,174.8819554481329,-41.25974305705272,0.0535,0.078,0.0819,0.0755,0.0361,0.0334,0.0286,0.0194,0.0017,5.0E-4
hutt_20200713,COPERNICUS/S2_SR_HARMONIZED/20200712T222549_20200712T222545_T60GUV,2020-07-12 22:27:27,hutt_20200713_plumeTrain_0,1,train,https://doi.org/10.1080/00288330.2022.2088569,"Gall et al. 2022, Figure 10A",v1,S2_SR_HARMONIZED_SCL_v1,174.882074740168,-41.259745252483135,0.0525,0.0785,0.0823,0.0755,0.0361,0.0334,0.0277,0.0194,0.0017,5.0E-4
hutt_20200713,COPERNICUS/S2_SR_HARMONIZED/20200712T222549_20200712T222545_T60GUV,2020-07-12 22:27:27,hutt_20200713_plumeTrain_0,1,train,https://doi.org/10.1080/00288330.2022.2088569,"Gall et al. 2022, Figure 10A",v1,S2_SR_HARMONIZED_SCL_v1,174.88219403221635,-41.25974744779006,0.0504,0.0763,0.0844,0.0769,0.0359,0.035,0.0289,0.0191,0.0026,1.0E-4
hutt_20200713,COPERNICUS/S2_SR_HARMONIZED/20200712T222549_20200712T222545_T60GUV,2020-07-12 22:27:27,hutt_20200713_plumeTrain_0,1,train,https://doi.org/10.1080/00288330.2022.2088569,"Gall et al. 2022, Figure 10A",v1,S2_SR_HARMONIZED_SCL_v1,174.88231332427787,-41.259749642973475,0.0526,0.0763,0.0835,0.0769,0.0359,0.035,0.0286,0.0191,0.0026,1.0E-4
hutt_20200713,COPERNICUS/S2_SR_HARMONIZED/20200712T222549_20200712T222545_T60GUV,2020-07-12 22:27:27,hutt_20200713_plumeTrain_0,1,train,https://doi.org/10.1080/00288330.2022.2088569,"Gall et al. 2022, Figure 10A",v1,S2_SR_HARMONIZED_SCL_v1,174.88243261635262,-41.25975183803339,0.05,0.0777,0.0858,0.0785,0.0365,0.0341,0.0284,0.0192,0.0019,0.003
hutt_20200713,COPERNICUS/S2_SR_HARMONIZED/20200712T222549_20200712T222545_T60GUV,2020-07-12 22:27:27,hutt_20200713_plumeTrain_0,1,train,https://doi.org/10.1080/00288330.2022.2088569,"Gall et al. 2022, Figure 10A",v1,S2_SR_HARMONIZED_SCL_v1,174.87646511175376,-41.259731950070794,0.0576,0.0803,0.0794,0.0718,0.0339,0.0301,0.0261,0.0164,7.0E-4,0.002
hutt_20200713,COPERNICUS/S2_SR_HARMONIZED/20200712T222549_20200712T222545_T60GUV,2020-07-12 22:27:27,hutt_20200713_plumeTrain_0,1,train,https://doi.org/10.1080/00288330.2022.2088569,"Gall et al. 2022, Figure 10A",v1,S2_SR_HARMONIZED_SCL_v1,174.87658440334445,-41.25973415118924,0.0572,0.0784,0.0814,0.0718,0.0339,0.0301,0.0279,0.0164,7.0E-4,0.002
hutt_20200713,COPERNICUS/S2_SR_HARMONIZED/20200712T222549_20200712T222545_T60GUV,2020-07-12 22:27:27,hutt_20200713_plumeTrain_0,1,train,https://doi.org/10.1080/00288330.2022.2088569,"Gall et al. 2022, Figure 10A",v1,S2_SR_HARMONIZED_SCL_v1,174.8767036949484,-41.25973635218419,0.0568,0.0771,0.0839,0.0734,0.0354,0.032,0.0257,0.0169,0.0021,0.0012
hutt_20200713,COPERNICUS/S2_SR_HARMONIZED/20200712T222549_20200712T222545_T60GUV,2020-07-12 22:27:27,hutt_20200713_plumeTrain_0,1,train,https://doi.org/10.1080/00288330.2022.2088569,"Gall et al. 2022, Figure 10A",v1,S2_SR_HARMONIZED_SCL_v1,174.87694227819597,-41.259740753803584,0.0593,0.0807,0.0814,0.0757,0.0339,0.0346,0.0262,0.0166,0.0014,0.0018
hutt_20200713,COPERNICUS/S2_SR_HARMONIZED/20200712T222549_20200712T222545_T60GUV,2020-07-12 22:27:27,hutt_20200713_plumeTrain_0,1,train,https://doi.org/10.1080/00288330.2022.2088569,"Gall et al. 2022, Figure 10A",v1,S2_SR_HARMONIZED_SCL_v1,174.8770615698396,-41.25974295442803,0.0624,0.0798,0.0827,0.0757,0.0339,0.0346,0.0282,0.0166,0.0014,0.0018
hutt_20200713,COPERNICUS/S2_SR_HARMONIZED/20200712T222549_20200712T222545_T60GUV,2020-07-12 22:27:27,hutt_20200713_plumeTrain_0,1,train,https://doi.org/10.1080/00288330.2022.2088569,"Gall et al. 2022, Figure 10A",v1,S2_SR_HARMONIZED_SCL_v1,174.87718086149647,-41.259745154928964,0.0578,0.0777,0.0819,0.0771,0.0355,0.0342,0.0298,0.0166,0.0012,0.0031
hutt_20200713,COPERNICUS/S2_SR_HARMONIZED/20200712T222549_20200712T222545_T60GUV,2020-07-12 22:27:27,hutt_20200713_plumeTrain_0,1,train,https://doi.org/10.1080/00288330.2022.2088569,"Gall et al. 2022, Figure 10A",v1,S2_SR_HARMONIZED_SCL_v1,174.87730015316657,-41.25974735530641,0.0547,0.0766,0.081,0.0771,0.0355,0.0342,0.0283,0.0166,0.0012,0.0031
hutt_20200713,COPERNICUS/S2_SR_HARMONIZED/20200712T222549_20200712T222545_T60GUV,2020-07-12 22:27:27,hutt_20200713_plumeTrain_0,1,train,https://doi.org/10.1080/00288330.2022.2088569,"Gall et al. 2022, Figure 10A",v1,S2_SR_HARMONIZED_SCL_v1,174.87741944484992,-41.25974955556035,0.0549,0.0835,0.0808,0.0785,0.0343,0.0332,0.0283,0.0168,0.0019,0.0023
hutt_20200713,COPERNICUS/S2_SR_HARMONIZED/20200712T222549_20200712T222545_T60GUV,2020-07-12 22:27:27,hutt_20200713_plumeTrain_0,1,train,https://doi.org/10.1080/00288330.2022.2088569,"Gall et al. 2022, Figure 10A",v1,S2_SR_HARMONIZED_SCL_v1,174.87765802825623,-41.25975395569771,0.0571,0.0791,0.0815,0.0767,0.0366,0.0327,0.0264,0.0179,0.002,0.0021
hutt_20200713,COPERNICUS/S2_SR_HARMONIZED/20200712T222549_20200712T222545_T60GUV,2020-07-12 22:27:27,hutt_20200713_plumeTrain_0,1,train,https://doi.org/10.1080/00288330.2022.2088569,"Gall et al. 2022, Figure 10A",v1,S2_SR_HARMONIZED_SCL_v1,174.87777731997926,-41.259756155581144,0.0575,0.0819,0.078,0.0767,0.0366,0.0327,0.0245,0.0179,0.002,0.0021
hutt_20200713,COPERNICUS/S2_SR_HARMONIZED/20200712T222549_20200712T222545_T60GUV,2020-07-12 22:27:27,hutt_20200713_plumeTrain_0,1,train,https://doi.org/10.1080/00288330.2022.2088569,"Gall et al. 2022, Figure 10A",v1,S2_SR_HARMONIZED_SCL_v1,174.8783737787927,-41.25976715314577,0.0528,0.0766,0.084,0.074,0.0375,0.0361,0.0287,0.0178,0.0011,0.0027
hutt_20200713,COPERNICUS/S2_SR_HARMONIZED/20200712T222549_20200712T222545_T60GUV,2020-07-12 22:27:27,hutt_20200713_plumeTrain_0,1,train,https://doi.org/10.1080/00288330.2022.2088569,"Gall et al. 2022, Figure 10A",v1,S2_SR_HARMONIZED_SCL_v1,174.87849307059503,-41.25976935228819,0.0542,0.0785,0.0829,0.074,0.0375,0.0361,0.0267,0.0178,0.0011,0.0027
hutt_20200713,COPERNICUS/S2_SR_HARMONIZED/20200712T222549_20200712T222545_T60GUV,2020-07-12 22:27:27,hutt_20200713_plumeTrain_0,1,train,https://doi.org/10.1080/00288330.2022.2088569,"Gall et al. 2022, Figure 10A",v1,S2_SR_HARMONIZED_SCL_v1,174.87873165423943,-41.25977375020253,0.0567,0.0787,0.0842,0.0762,0.0376,0.0352,0.028,0.0207,0.0018,0.001
hutt_20200713,COPERNICUS/S2_SR_HARMONIZED/20200712T222549_20200712T222545_T60GUV,2020-07-12 22:27:27,hutt_20200713_plumeTrain_0,1,train,https://doi.org/10.1080/00288330.2022.2088569,"Gall et al. 2022, Figure 10A",v1,S2_SR_HARMONIZED_SCL_v1,174.87885094608146,-41.259775948974436,0.0576,0.087,0.0855,0.0765,0.0376,0.0346,0.0298,0.0173,0.0027,0.0021
hutt_20200713,COPERNICUS/S2_SR_HARMONIZED/20200712T222549_20200712T222545_T60GUV,2020-07-12 22:27:27,hutt_20200713_plumeTrain_0,1,train,https://doi.org/10.1080/00288330.2022.2088569,"Gall et al. 2022, Figure 10A",v1,S2_SR_HARMONIZED_SCL_v1,174.8789702379367,-41.259778147622846,0.0564,0.08,0.0861,0.0765,0.0376,0.0346,0.0293,0.0173,0.0027,0.0021
hutt_20200713,COPERNICUS/S2_SR_HARMONIZED/20200712T222549_20200712T222545_T60GUV,2020-07-12 22:27:27,hutt_20200713_plumeTrain_0,1,train,https://doi.org/10.1080/00288330.2022.2088569,"Gall et al. 2022, Figure 10A",v1,S2_SR_HARMONIZED_SCL_v1,174.87908952980516,-41.25978034614776,0.0574,0.0774,0.0822,0.0773,0.0367,0.0346,0.0279,0.017,0.001,0.0027
hutt_20200713,COPERNICUS/S2_SR_HARMONIZED/20200712T222549_20200712T222545_T60GUV,2020-07-12 22:27:27,hutt_20200713_plumeTrain_0,1,train,https://doi.org/10.1080/00288330.2022.2088569,"Gall et al. 2022, Figure 10A",v1,S2_SR_HARMONIZED_SCL_v1,174.87944740548986,-41.25978694098146,0.0555,0.0812,0.0854,0.0779,0.0364,0.035,0.028,0.0207,0.0031,0.0022
hutt_20200713,COPERNICUS/S2_SR_HARMONIZED/20200712T222549_20200712T222545_T60GUV,2020-07-12 22:27:27,hutt_20200713_plumeTrain_0,1,train,https://doi.org/10.1080/00288330.2022.2088569,"Gall et al. 2022, Figure 10A",v1,S2_SR_HARMONIZED_SCL_v1,174.87968598934572,-41.259791336919754,0.057,0.081,0.0839,0.0759,0.0362,0.0327,0.0297,0.021,9.0E-4,0.0036
hutt_20200713,COPERNICUS/S2_SR_HARMONIZED/20200712T222549_20200712T222545_T60GUV,2020-07-12 22:27:27,hutt_20200713_plumeTrain_0,1,train,https://doi.org/10.1080/00288330.2022.2088569,"Gall et al. 2022, Figure 10A",v1,S2_SR_HARMONIZED_SCL_v1,174.87980528129347,-41.25979353470365,0.0547,0.0805,0.0847,0.0762,0.0394,0.0338,0.0303,0.019,0.0032,0.0031
hutt_20200713,COPERNICUS/S2_SR_HARMONIZED/20200712T222549_20200712T222545_T60GUV,2020-07-12 22:27:27,hutt_20200713_plumeTrain_0,1,train,https://doi.org/10.1080/00288330.2022.2088569,"Gall et al. 2022, Figure 10A",v1,S2_SR_HARMONIZED_SCL_v1,174.88004386522863,-41.25979792990093,0.0591,0.0809,0.0863,0.0779,0.0366,0.036,0.0272,0.0176,9.0E-4,0.0032
hutt_20200713,COPERNICUS/S2_SR_HARMONIZED/20200712T222549_20200712T222545_T60GUV,2020-07-12 22:27:27,hutt_20200713_plumeTrain_0,1,train,https://doi.org/10.1080/00288330.2022.2088569,"Gall et al. 2022, Figure 10A",v1,S2_SR_HARMONIZED_SCL_v1,174.88040174123046,-41.25980452177057,0.0546,0.0786,0.0847,0.0781,0.037,0.0354,0.0286,0.0183,0.0023,0.0044
hutt_20200713,COPERNICUS/S2_SR_HARMONIZED/20200712T222549_20200712T222545_T60GUV,2020-07-12 22:27:27,hutt_20200713_plumeTrain_0,1,train,https://doi.org/10.1080/00288330.2022.2088569,"Gall et al. 2022, Figure 10A",v1,S2_SR_HARMONIZED_SCL_v1,174.88087890941782,-41.25981330920106,0.0583,0.0791,0.0855,0.0797,0.0386,0.0328,0.0263,0.0192,0.0027,0.0035
hutt_20200713,COPERNICUS/S2_SR_HARMONIZED/20200712T222549_20200712T222545_T60GUV,2020-07-12 22:27:27,hutt_20200713_plumeTrain_0,1,train,https://doi.org/10.1080/00288330.2022.2088569,"Gall et al. 2022, Figure 10A",v1,S2_SR_HARMONIZED_SCL_v1,174.88099820149768,-41.25981550574992,0.058,0.0772,0.084,0.0807,0.0368,0.0317,0.0269,0.0183,0.0029,0.0024
hutt_20200713,COPERNICUS/S2_SR_HARMONIZED/20200712T222549_20200712T222545_T60GUV,2020-07-12 22:27:27,hutt_20200713_plumeTrain_0,1,train,https://doi.org/10.1080/00288330.2022.2088569,"Gall et al. 2022, Figure 10A",v1,S2_SR_HARMONIZED_SCL_v1,174.881236785697,-41.25981989847714,0.051,0.0763,0.0868,0.0787,0.0362,0.0327,0.0289,0.0171,0.0023,0.002
hutt_20200713,COPERNICUS/S2_SR_HARMONIZED/20200712T222549_20200712T222545_T60GUV,2020-07-12 22:27:27,hutt_20200713_plumeTrain_0,1,train,https://doi.org/10.1080/00288330.2022.2088569,"Gall et al. 2022, Figure 10A",v1,S2_SR_HARMONIZED_SCL_v1,174.8813560778165,-41.25982209465549,0.0565,0.0792,0.0841,0.0787,0.0362,0.0327,0.0287,0.0171,0.0023,0.002
hutt_20200713,COPERNICUS/S2_SR_HARMONIZED/20200712T222549_20200712T222545_T60GUV,2020-07-12 22:27:27,hutt_20200713_plumeTrain_0,1,train,https://doi.org/10.1080/00288330.2022.2088569,"Gall et al. 2022, Figure 10A",v1,S2_SR_HARMONIZED_SCL_v1,174.8814753699492,-41.25982429071035,0.0531,0.0785,0.0845,0.0784,0.036,0.0327,0.0286,0.0174,0.0027,0.002
hutt_20200713,COPERNICUS/S2_SR_HARMONIZED/20200712T222549_20200712T222545_T60GUV,2020-07-12 22:27:27,hutt_20200713_plumeTrain_0,1,train,https://doi.org/10.1080/00288330.2022.2088569,"Gall et al. 2022, Figure 10A",v1,S2_SR_HARMONIZED_SCL_v1,174.88159466209507,-41.259826486641686,0.0576,0.0785,0.0838,0.0784,0.036,0.0327,0.0296,0.0174,0.0027,0.002
hutt_20200713,COPERNICUS/S2_SR_HARMONIZED/20200712T222549_20200712T222545_T60GUV,2020-07-12 22:27:27,hutt_20200713_plumeTrain_0,1,train,https://doi.org/10.1080/00288330.2022.2088569,"Gall et al. 2022, Figure 10A",v1,S2_SR_HARMONIZED_SCL_v1,174.88171395425417,-41.25982868244954,0.0576,0.0782,0.0815,0.0771,0.036,0.0332,0.0287,0.0178,0.0011,0.0015
hutt_20200713,COPERNICUS/S2_SR_HARMONIZED/20200712T222549_20200712T222545_T60GUV,2020-07-12 22:27:27,hutt_20200713_plumeTrain_0,1,train,https://doi.org/10.1080/00288330.2022.2088569,"Gall et al. 2022, Figure 10A",v1,S2_SR_HARMONIZED_SCL_v1,174.88183324642645,-41.259830878133876,0.0489,0.0785,0.0827,0.0771,0.036,0.0332,0.0266,0.0178,0.0011,0.0015
hutt_20200713,COPERNICUS/S2_SR_HARMONIZED/20200712T222549_20200712T222545_T60GUV,2020-07-12 22:27:27,hutt_20200713_plumeTrain_0,1,train,https://doi.org/10.1080/00288330.2022.2088569,"Gall et al. 2022, Figure 10A",v1,S2_SR_HARMONIZED_SCL_v1,174.88195253861196,-41.259833073694715,0.0511,0.0764,0.0841,0.0761,0.036,0.0341,0.0272,0.0181,0.002,8.0E-4
hutt_20200713,COPERNICUS/S2_SR_HARMONIZED/20200712T222549_20200712T222545_T60GUV,2020-07-12 22:27:27,hutt_20200713_plumeTrain_0,1,train,https://doi.org/10.1080/00288330.2022.2088569,"Gall et al. 2022, Figure 10A",v1,S2_SR_HARMONIZED_SCL_v1,174.8825489997374,-41.259844049646354,0.0573,0.0773,0.0825,0.0785,0.0393,0.0336,0.0287,0.0177,0.0011,0.0026
hutt_20200713,COPERNICUS/S2_SR_HARMONIZED/20200712T222549_20200712T222545_T60GUV,2020-07-12 22:27:27,hutt_20200713_plumeTrain_0,1,train,https://doi.org/10.1080/00288330.2022.2088569,"Gall et al. 2022, Figure 10A",v1,S2_SR_HARMONIZED_SCL_v1,174.87658148644965,-41.25982416751823,0.055,0.0816,0.0815,0.0718,0.0339,0.0301,0.0268,0.0164,7.0E-4,0.002
hutt_20200713,COPERNICUS/S2_SR_HARMONIZED/20200712T222549_20200712T222545_T60GUV,2020-07-12 22:27:27,hutt_20200713_plumeTrain_0,1,train,https://doi.org/10.1080/00288330.2022.2088569,"Gall et al. 2022, Figure 10A",v1,S2_SR_HARMONIZED_SCL_v1,174.87670077821716,-41.25982636852011,0.0578,0.0789,0.0785,0.0734,0.0354,0.032,0.0257,0.0169,0.0021,0.0012
hutt_20200713,COPERNICUS/S2_SR_HARMONIZED/20200712T222549_20200712T222545_T60GUV,2020-07-12 22:27:27,hutt_20200713_plumeTrain_0,1,train,https://doi.org/10.1080/00288330.2022.2088569,"Gall et al. 2022, Figure 10A",v1,S2_SR_HARMONIZED_SCL_v1,174.8771779454195,-41.2598351712926,0.0578,0.0802,0.0849,0.0771,0.0355,0.0342,0.0298,0.0166,0.0012,0.0031
hutt_20200713,COPERNICUS/S2_SR_HARMONIZED/20200712T222549_20200712T222545_T60GUV,2020-07-12 22:27:27,hutt_20200713_plumeTrain_0,1,train,https://doi.org/10.1080/00288330.2022.2088569,"Gall et al. 2022, Figure 10A",v1,S2_SR_HARMONIZED_SCL_v1,174.87729723725317,-41.259837371676966,0.0548,0.0816,0.0821,0.0771,0.0355,0.0342,0.0283,0.0166,0.0012,0.0031
hutt_20200713,COPERNICUS/S2_SR_HARMONIZED/20200712T222549_20200712T222545_T60GUV,2020-07-12 22:27:27,hutt_20200713_plumeTrain_0,1,train,https://doi.org/10.1080/00288330.2022.2088569,"Gall et al. 2022, Figure 10A",v1,S2_SR_HARMONIZED_SCL_v1,174.8774165291001,-41.25983957193783,0.0568,0.0802,0.0819,0.0785,0.0343,0.0332,0.028,0.0168,0.0019,0.0023
hutt_20200713,COPERNICUS/S2_SR_HARMONIZED/20200712T222549_20200712T222545_T60GUV,2020-07-12 22:27:27,hutt_20200713_plumeTrain_0,1,train,https://doi.org/10.1080/00288330.2022.2088569,"Gall et al. 2022, Figure 10A",v1,S2_SR_HARMONIZED_SCL_v1,174.87765511283357,-41.25984397208905,0.0512,0.0799,0.0818,0.0767,0.0366,0.0327,0.0243,0.0179,0.002,0.0021
hutt_20200713,COPERNICUS/S2_SR_HARMONIZED/20200712T222549_20200712T222545_T60GUV,2020-07-12 22:27:27,hutt_20200713_plumeTrain_0,1,train,https://doi.org/10.1080/00288330.2022.2088569,"Gall et al. 2022, Figure 10A",v1,S2_SR_HARMONIZED_SCL_v1,174.87777440472013,-41.25984617197941,0.055,0.0802,0.0789,0.0767,0.0366,0.0327,0.0245,0.0179,0.002,0.0021
hutt_20200713,COPERNICUS/S2_SR_HARMONIZED/20200712T222549_20200712T222545_T60GUV,2020-07-12 22:27:27,hutt_20200713_plumeTrain_0,1,train,https://doi.org/10.1080/00288330.2022.2088569,"Gall et al. 2022, Figure 10A",v1,S2_SR_HARMONIZED_SCL_v1,174.878012988533,-41.25985057138962,0.0528,0.0778,0.0813,0.0764,0.0385,0.0344,0.03,0.0196,0.0012,0.0031
hutt_20200713,COPERNICUS/S2_SR_HARMONIZED/20200712T222549_20200712T222545_T60GUV,2020-07-12 22:27:27,hutt_20200713_plumeTrain_0,1,train,https://doi.org/10.1080/00288330.2022.2088569,"Gall et al. 2022, Figure 10A",v1,S2_SR_HARMONIZED_SCL_v1,174.8783708643514,-41.25985716957866,0.0556,0.0795,0.0833,0.074,0.0375,0.0361,0.0285,0.0178,0.0011,0.0027
hutt_20200713,COPERNICUS/S2_SR_HARMONIZED/20200712T222549_20200712T222545_T60GUV,2020-07-12 22:27:27,hutt_20200713_plumeTrain_0,1,train,https://doi.org/10.1080/00288330.2022.2088569,"Gall et al. 2022, Figure 10A",v1,S2_SR_HARMONIZED_SCL_v1,174.87849015631733,-41.259859368728,0.0581,0.0774,0.0826,0.074,0.0375,0.0361,0.0279,0.0178,0.0011,0.0027
hutt_20200713,COPERNICUS/S2_SR_HARMONIZED/20200712T222549_20200712T222545_T60GUV,2020-07-12 22:27:27,hutt_20200713_plumeTrain_0,1,train,https://doi.org/10.1080/00288330.2022.2088569,"Gall et al. 2022, Figure 10A",v1,S2_SR_HARMONIZED_SCL_v1,174.87884803229446,-41.25986596543502,0.0592,0.0798,0.0869,0.0765,0.0376,0.0346,0.0278,0.0173,0.0027,0.0021
hutt_20200713,COPERNICUS/S2_SR_HARMONIZED/20200712T222549_20200712T222545_T60GUV,2020-07-12 22:27:27,hutt_20200713_plumeTrain_0,1,train,https://doi.org/10.1080/00288330.2022.2088569,"Gall et al. 2022, Figure 10A",v1,S2_SR_HARMONIZED_SCL_v1,174.87932520044902,-41.25987475931533,0.0556,0.0793,0.0827,0.0779,0.0364,0.035,0.0296,0.0207,0.0031,0.0022
hutt_20200713,COPERNICUS/S2_SR_HARMONIZED/20200712T222549_20200712T222545_T60GUV,2020-07-12 22:27:27,hutt_20200713_plumeTrain_0,1,train,https://doi.org/10.1080/00288330.2022.2088569,"Gall et al. 2022, Figure 10A",v1,S2_SR_HARMONIZED_SCL_v1,174.8794444925207,-41.25987695747665,0.0611,0.0797,0.0855,0.0779,0.0364,0.035,0.0271,0.0207,0.0031,0.0022
hutt_20200713,COPERNICUS/S2_SR_HARMONIZED/20200712T222549_20200712T222545_T60GUV,2020-07-12 22:27:27,hutt_20200713_plumeTrain_0,1,train,https://doi.org/10.1080/00288330.2022.2088569,"Gall et al. 2022, Figure 10A",v1,S2_SR_HARMONIZED_SCL_v1,174.87956378460558,-41.25987915551446,0.0576,0.0792,0.0867,0.0759,0.0362,0.0327,0.0283,0.021,9.0E-4,0.0036
hutt_20200713,COPERNICUS/S2_SR_HARMONIZED/20200712T222549_20200712T222545_T60GUV,2020-07-12 22:27:27,hutt_20200713_plumeTrain_0,1,train,https://doi.org/10.1080/00288330.2022.2088569,"Gall et al. 2022, Figure 10A",v1,S2_SR_HARMONIZED_SCL_v1,174.8796830767037,-41.25988135342878,0.0555,0.0825,0.0827,0.0759,0.0362,0.0327,0.0298,0.021,9.0E-4,0.0036
hutt_20200713,COPERNICUS/S2_SR_HARMONIZED/20200712T222549_20200712T222545_T60GUV,2020-07-12 22:27:27,hutt_20200713_plumeTrain_0,1,train,https://doi.org/10.1080/00288330.2022.2088569,"Gall et al. 2022, Figure 10A",v1,S2_SR_HARMONIZED_SCL_v1,174.87980236881504,-41.25988355121959,0.0574,0.0832,0.0824,0.0762,0.0394,0.0338,0.0297,0.019,0.0032,0.0031
hutt_20200713,COPERNICUS/S2_SR_HARMONIZED/20200712T222549_20200712T222545_T60GUV,2020-07-12 22:27:27,hutt_20200713_plumeTrain_0,1,train,https://doi.org/10.1080/00288330.2022.2088569,"Gall et al. 2022, Figure 10A",v1,S2_SR_HARMONIZED_SCL_v1,174.8801602452283,-41.259890143851,0.0584,0.0783,0.0897,0.0779,0.0366,0.036,0.0254,0.0176,9.0E-4,0.0032
hutt_20200713,COPERNICUS/S2_SR_HARMONIZED/20200712T222549_20200712T222545_T60GUV,2020-07-12 22:27:27,hutt_20200713_plumeTrain_0,1,train,https://doi.org/10.1080/00288330.2022.2088569,"Gall et al. 2022, Figure 10A",v1,S2_SR_HARMONIZED_SCL_v1,174.88027953739248,-41.259892341147804,0.0601,0.0818,0.0865,0.0781,0.037,0.0354,0.0293,0.0183,0.0023,0.0044
hutt_20200713,COPERNICUS/S2_SR_HARMONIZED/20200712T222549_20200712T222545_T60GUV,2020-07-12 22:27:27,hutt_20200713_plumeTrain_0,1,train,https://doi.org/10.1080/00288330.2022.2088569,"Gall et al. 2022, Figure 10A",v1,S2_SR_HARMONIZED_SCL_v1,174.88051812176047,-41.259896735370894,0.0555,0.0793,0.0871,0.0802,0.0377,0.0377,0.0263,0.0192,0.0025,0.0012
hutt_20200713,COPERNICUS/S2_SR_HARMONIZED/20200712T222549_20200712T222545_T60GUV,2020-07-12 22:27:27,hutt_20200713_plumeTrain_0,1,train,https://doi.org/10.1080/00288330.2022.2088569,"Gall et al. 2022, Figure 10A",v1,S2_SR_HARMONIZED_SCL_v1,174.8807567061813,-41.259901129099966,0.0541,0.0821,0.0879,0.0797,0.0386,0.0328,0.0274,0.0192,0.0027,0.0035
hutt_20200713,COPERNICUS/S2_SR_HARMONIZED/20200712T222549_20200712T222545_T60GUV,2020-07-12 22:27:27,hutt_20200713_plumeTrain_0,1,train,https://doi.org/10.1080/00288330.2022.2088569,"Gall et al. 2022, Figure 10A",v1,S2_SR_HARMONIZED_SCL_v1,174.8808759984115,-41.25990332577925,0.0536,0.0786,0.0866,0.0797,0.0386,0.0328,0.0254,0.0192,0.0027,0.0035
hutt_20200713,COPERNICUS/S2_SR_HARMONIZED/20200712T222549_20200712T222545_T60GUV,2020-07-12 22:27:27,hutt_20200713_plumeTrain_0,1,train,https://doi.org/10.1080/00288330.2022.2088569,"Gall et al. 2022, Figure 10A",v1,S2_SR_HARMONIZED_SCL_v1,174.88123387518144,-41.25990991507608,0.0491,0.0783,0.0862,0.0787,0.0362,0.0327,0.0284,0.0171,0.0023,0.002
hutt_20200713,COPERNICUS/S2_SR_HARMONIZED/20200712T222549_20200712T222545_T60GUV,2020-07-12 22:27:27,hutt_20200713_plumeTrain_0,1,train,https://doi.org/10.1080/00288330.2022.2088569,"Gall et al. 2022, Figure 10A",v1,S2_SR_HARMONIZED_SCL_v1,174.88135316746448,-41.25991211126134,0.0547,0.0839,0.083,0.0787,0.0362,0.0327,0.0286,0.0171,0.0023,0.002
hutt_20200713,COPERNICUS/S2_SR_HARMONIZED/20200712T222549_20200712T222545_T60GUV,2020-07-12 22:27:27,hutt_20200713_plumeTrain_0,1,train,https://doi.org/10.1080/00288330.2022.2088569,"Gall et al. 2022, Figure 10A",v1,S2_SR_HARMONIZED_SCL_v1,174.88159175207022,-41.25991650326137,0.0536,0.078,0.0843,0.0784,0.036,0.0327,0.0283,0.0174,0.0027,0.002
hutt_20200713,COPERNICUS/S2_SR_HARMONIZED/20200712T222549_20200712T222545_T60GUV,2020-07-12 22:27:27,hutt_20200713_plumeTrain_0,1,train,https://doi.org/10.1080/00288330.2022.2088569,"Gall et al. 2022, Figure 10A",v1,S2_SR_HARMONIZED_SCL_v1,174.88171104439286,-41.259918699076124,0.0552,0.0807,0.0813,0.0771,0.036,0.0332,0.0273,0.0178,0.0011,0.0015
hutt_20200713,COPERNICUS/S2_SR_HARMONIZED/20200712T222549_20200712T222545_T60GUV,2020-07-12 22:27:27,hutt_20200713_plumeTrain_0,1,train,https://doi.org/10.1080/00288330.2022.2088569,"Gall et al. 2022, Figure 10A",v1,S2_SR_HARMONIZED_SCL_v1,174.88183033672874,-41.25992089476738,0.05,0.077,0.0875,0.0771,0.036,0.0332,0.03,0.0178,0.0011,0.0015
hutt_20200713,COPERNICUS/S2_SR_HARMONIZED/20200712T222549_20200712T222545_T60GUV,2020-07-12 22:27:27,hutt_20200713_plumeTrain_0,1,train,https://doi.org/10.1080/00288330.2022.2088569,"Gall et al. 2022, Figure 10A",v1,S2_SR_HARMONIZED_SCL_v1,174.8819496290778,-41.25992309033513,0.0576,0.0764,0.083,0.0761,0.036,0.0341,0.0294,0.0181,0.002,8.0E-4
hutt_20200713,COPERNICUS/S2_SR_HARMONIZED/20200712T222549_20200712T222545_T60GUV,2020-07-12 22:27:27,hutt_20200713_plumeTrain_0,1,train,https://doi.org/10.1080/00288330.2022.2088569,"Gall et al. 2022, Figure 10A",v1,S2_SR_HARMONIZED_SCL_v1,174.88206892144004,-41.259925285779374,0.058,0.0763,0.0834,0.0761,0.036,0.0341,0.0267,0.0181,0.002,8.0E-4
hutt_20200713,COPERNICUS/S2_SR_HARMONIZED/20200712T222549_20200712T222545_T60GUV,2020-07-12 22:27:27,hutt_20200713_plumeTrain_0,1,train,https://doi.org/10.1080/00288330.2022.2088569,"Gall et al. 2022, Figure 10A",v1,S2_SR_HARMONIZED_SCL_v1,174.8821882138155,-41.25992748110012,0.0536,0.078,0.0836,0.0774,0.0359,0.035,0.0276,0.0191,0.0031,0.001
hutt_20200713,COPERNICUS/S2_SR_HARMONIZED/20200712T222549_20200712T222545_T60GUV,2020-07-12 22:27:27,hutt_20200713_plumeTrain_0,1,train,https://doi.org/10.1080/00288330.2022.2088569,"Gall et al. 2022, Figure 10A",v1,S2_SR_HARMONIZED_SCL_v1,174.88230750620417,-41.25992967629736,0.0567,0.0764,0.0847,0.0774,0.0359,0.035,0.0245,0.0191,0.0031,0.001
hutt_20200713,COPERNICUS/S2_SR_HARMONIZED/20200712T222549_20200712T222545_T60GUV,2020-07-12 22:27:27,hutt_20200713_plumeTrain_0,1,train,https://doi.org/10.1080/00288330.2022.2088569,"Gall et al. 2022, Figure 10A",v1,S2_SR_HARMONIZED_SCL_v1,174.88242679860605,-41.259931871371094,0.0573,0.0799,0.0833,0.0785,0.0393,0.0336,0.0252,0.0177,0.0011,0.0026
hutt_20200713,COPERNICUS/S2_SR_HARMONIZED/20200712T222549_20200712T222545_T60GUV,2020-07-12 22:27:27,hutt_20200713_plumeTrain_0,1,train,https://doi.org/10.1080/00288330.2022.2088569,"Gall et al. 2022, Figure 10A",v1,S2_SR_HARMONIZED_SCL_v1,174.88254609102108,-41.25993406632132,0.0526,0.0764,0.0832,0.0785,0.0393,0.0336,0.0287,0.0177,0.0011,0.0026
hutt_20200713,COPERNICUS/S2_SR_HARMONIZED/20200712T222549_20200712T222545_T60GUV,2020-07-12 22:27:27,hutt_20200713_plumeTrain_0,1,train,https://doi.org/10.1080/00288330.2022.2088569,"Gall et al. 2022, Figure 10A",v1,S2_SR_HARMONIZED_SCL_v1,174.88266538344936,-41.259936261148056,0.0555,0.0769,0.0838,0.0777,0.0368,0.0329,0.0264,0.0172,8.0E-4,0.0019
hutt_20200713,COPERNICUS/S2_SR_HARMONIZED/20200712T222549_20200712T222545_T60GUV,2020-07-12 22:27:27,hutt_20200713_plumeTrain_0,1,train,https://doi.org/10.1080/00288330.2022.2088569,"Gall et al. 2022, Figure 10A",v1,S2_SR_HARMONIZED_SCL_v1,174.8827846758908,-41.25993845585128,0.058,0.0785,0.0825,0.0777,0.0368,0.0329,0.0281,0.0172,8.0E-4,0.0019
hutt_20200713,COPERNICUS/S2_SR_HARMONIZED/20200712T222549_20200712T222545_T60GUV,2020-07-12 22:27:27,hutt_20200713_plumeTrain_0,1,train,https://doi.org/10.1080/00288330.2022.2088569,"Gall et al. 2022, Figure 10A",v1,S2_SR_HARMONIZED_SCL_v1,174.87669786147268,-41.25991638485444,0.0538,0.0776,0.0789,0.0722,0.0318,0.0305,0.0251,0.0169,0.0014,0.0027
hutt_20200713,COPERNICUS/S2_SR_HARMONIZED/20200712T222549_20200712T222545_T60GUV,2020-07-12 22:27:27,hutt_20200713_plumeTrain_0,1,train,https://doi.org/10.1080/00288330.2022.2088569,"Gall et al. 2022, Figure 10A",v1,S2_SR_HARMONIZED_SCL_v1,174.87693644537455,-41.259920786501546,0.0593,0.0811,0.0844,0.0769,0.0359,0.0328,0.0237,0.0169,0.0029,0.0012
hutt_20200713,COPERNICUS/S2_SR_HARMONIZED/20200712T222549_20200712T222545_T60GUV,2020-07-12 22:27:27,hutt_20200713_plumeTrain_0,1,train,https://doi.org/10.1080/00288330.2022.2088569,"Gall et al. 2022, Figure 10A",v1,S2_SR_HARMONIZED_SCL_v1,174.87705573734533,-41.259922987139845,0.0611,0.0786,0.0835,0.0769,0.0359,0.0328,0.0266,0.0169,0.0029,0.0012
hutt_20200713,COPERNICUS/S2_SR_HARMONIZED/20200712T222549_20200712T222545_T60GUV,2020-07-12 22:27:27,hutt_20200713_plumeTrain_0,1,train,https://doi.org/10.1080/00288330.2022.2088569,"Gall et al. 2022, Figure 10A",v1,S2_SR_HARMONIZED_SCL_v1,174.87717502932932,-41.259925187654645,0.0547,0.0823,0.085,0.0782,0.0363,0.0325,0.0291,0.0163,7.0E-4,0.001
hutt_20200713,COPERNICUS/S2_SR_HARMONIZED/20200712T222549_20200712T222545_T60GUV,2020-07-12 22:27:27,hutt_20200713_plumeTrain_0,1,train,https://doi.org/10.1080/00288330.2022.2088569,"Gall et al. 2022, Figure 10A",v1,S2_SR_HARMONIZED_SCL_v1,174.87729432132656,-41.25992738804594,0.0538,0.0837,0.0828,0.0782,0.0363,0.0325,0.0277,0.0163,7.0E-4,0.001
hutt_20200713,COPERNICUS/S2_SR_HARMONIZED/20200712T222549_20200712T222545_T60GUV,2020-07-12 22:27:27,hutt_20200713_plumeTrain_0,1,train,https://doi.org/10.1080/00288330.2022.2088569,"Gall et al. 2022, Figure 10A",v1,S2_SR_HARMONIZED_SCL_v1,174.8775329053607,-41.25993178845801,0.0593,0.0818,0.083,0.0764,0.0361,0.0336,0.025,0.0186,0.001,0.0029
hutt_20200713,COPERNICUS/S2_SR_HARMONIZED/20200712T222549_20200712T222545_T60GUV,2020-07-12 22:27:27,hutt_20200713_plumeTrain_0,1,train,https://doi.org/10.1080/00288330.2022.2088569,"Gall et al. 2022, Figure 10A",v1,S2_SR_HARMONIZED_SCL_v1,174.87789078151118,-41.25993838814987,0.0569,0.0778,0.0871,0.0764,0.0395,0.0333,0.0268,0.0174,0.0031,0.004
hutt_20200713,COPERNICUS/S2_SR_HARMONIZED/20200712T222549_20200712T222545_T60GUV,2020-07-12 22:27:27,hutt_20200713_plumeTrain_0,1,train,https://doi.org/10.1080/00288330.2022.2088569,"Gall et al. 2022, Figure 10A",v1,S2_SR_HARMONIZED_SCL_v1,174.87824865778066,-41.2599449867302,0.0567,0.0801,0.0813,0.0778,0.0384,0.0324,0.0265,0.0187,0.0018,0.0044
hutt_20200713,COPERNICUS/S2_SR_HARMONIZED/20200712T222549_20200712T222545_T60GUV,2020-07-12 22:27:27,hutt_20200713_plumeTrain_0,1,train,https://doi.org/10.1080/00288330.2022.2088569,"Gall et al. 2022, Figure 10A",v1,S2_SR_HARMONIZED_SCL_v1,174.87836794989693,-41.25994718600996,0.0597,0.0788,0.0845,0.0801,0.036,0.0326,0.0271,0.019,0.0018,0.0021
hutt_20200713,COPERNICUS/S2_SR_HARMONIZED/20200712T222549_20200712T222545_T60GUV,2020-07-12 22:27:27,hutt_20200713_plumeTrain_0,1,train,https://doi.org/10.1080/00288330.2022.2088569,"Gall et al. 2022, Figure 10A",v1,S2_SR_HARMONIZED_SCL_v1,174.87860653416914,-41.259951584198994,0.0567,0.0787,0.0828,0.0768,0.0369,0.0329,0.0257,0.0189,0.0021,1.0E-4
hutt_20200713,COPERNICUS/S2_SR_HARMONIZED/20200712T222549_20200712T222545_T60GUV,2020-07-12 22:27:27,hutt_20200713_plumeTrain_0,1,train,https://doi.org/10.1080/00288330.2022.2088569,"Gall et al. 2022, Figure 10A",v1,S2_SR_HARMONIZED_SCL_v1,174.87872582632508,-41.25995378310825,0.0585,0.0793,0.0826,0.0768,0.0369,0.0329,0.0303,0.0189,0.0021,1.0E-4
hutt_20200713,COPERNICUS/S2_SR_HARMONIZED/20200712T222549_20200712T222545_T60GUV,2020-07-12 22:27:27,hutt_20200713_plumeTrain_0,1,train,https://doi.org/10.1080/00288330.2022.2088569,"Gall et al. 2022, Figure 10A",v1,S2_SR_HARMONIZED_SCL_v1,174.87908370287224,-41.25996037909501,0.0542,0.0805,0.0851,0.0805,0.038,0.0344,0.0297,0.0176,0.0017,0.0022
hutt_20200713,COPERNICUS/S2_SR_HARMONIZED/20200712T222549_20200712T222545_T60GUV,2020-07-12 22:27:27,hutt_20200713_plumeTrain_0,1,train,https://doi.org/10.1080/00288330.2022.2088569,"Gall et al. 2022, Figure 10A",v1,S2_SR_HARMONIZED_SCL_v1,174.87920299508104,-41.25996257751026,0.0581,0.0784,0.0843,0.0805,0.038,0.0344,0.0287,0.0176,0.0017,0.0022
hutt_20200713,COPERNICUS/S2_SR_HARMONIZED/20200712T222549_20200712T222545_T60GUV,2020-07-12 22:27:27,hutt_20200713_plumeTrain_0,1,train,https://doi.org/10.1080/00288330.2022.2088569,"Gall et al. 2022, Figure 10A",v1,S2_SR_HARMONIZED_SCL_v1,174.87932228730307,-41.259964775802,0.0574,0.0849,0.0901,0.08,0.0374,0.0347,0.0311,0.0208,0.0035,0.0026
hutt_20200713,COPERNICUS/S2_SR_HARMONIZED/20200712T222549_20200712T222545_T60GUV,2020-07-12 22:27:27,hutt_20200713_plumeTrain_0,1,train,https://doi.org/10.1080/00288330.2022.2088569,"Gall et al. 2022, Figure 10A",v1,S2_SR_HARMONIZED_SCL_v1,174.87956087178682,-41.259969172014976,0.0604,0.0805,0.0836,0.0801,0.0363,0.0342,0.0286,0.0193,0.0026,0.0036
hutt_20200713,COPERNICUS/S2_SR_HARMONIZED/20200712T222549_20200712T222545_T60GUV,2020-07-12 22:27:27,hutt_20200713_plumeTrain_0,1,train,https://doi.org/10.1080/00288330.2022.2088569,"Gall et al. 2022, Figure 10A",v1,S2_SR_HARMONIZED_SCL_v1,174.87968016404847,-41.25997136993622,0.0625,0.0819,0.0855,0.0801,0.0363,0.0342,0.0272,0.0193,0.0026,0.0036
hutt_20200713,COPERNICUS/S2_SR_HARMONIZED/20200712T222549_20200712T222545_T60GUV,2020-07-12 22:27:27,hutt_20200713_plumeTrain_0,1,train,https://doi.org/10.1080/00288330.2022.2088569,"Gall et al. 2022, Figure 10A",v1,S2_SR_HARMONIZED_SCL_v1,174.87979945632338,-41.259973567733944,0.0601,0.0819,0.0855,0.0761,0.0385,0.0363,0.0283,0.018,0.0021,0.0026
hutt_20200713,COPERNICUS/S2_SR_HARMONIZED/20200712T222549_20200712T222545_T60GUV,2020-07-12 22:27:27,hutt_20200713_plumeTrain_0,1,train,https://doi.org/10.1080/00288330.2022.2088569,"Gall et al. 2022, Figure 10A",v1,S2_SR_HARMONIZED_SCL_v1,174.8799187486115,-41.25997576540817,0.057,0.0819,0.0874,0.0761,0.0385,0.0363,0.0287,0.018,0.0021,0.0026
hutt_20200713,COPERNICUS/S2_SR_HARMONIZED/20200712T222549_20200712T222545_T60GUV,2020-07-12 22:27:27,hutt_20200713_plumeTrain_0,1,train,https://doi.org/10.1080/00288330.2022.2088569,"Gall et al. 2022, Figure 10A",v1,S2_SR_HARMONIZED_SCL_v1,174.88003804091284,-41.2599779629589,0.0545,0.081,0.0856,0.0761,0.0361,0.0347,0.0281,0.0185,0.0016,0.0026
hutt_20200713,COPERNICUS/S2_SR_HARMONIZED/20200712T222549_20200712T222545_T60GUV,2020-07-12 22:27:27,hutt_20200713_plumeTrain_0,1,train,https://doi.org/10.1080/00288330.2022.2088569,"Gall et al. 2022, Figure 10A",v1,S2_SR_HARMONIZED_SCL_v1,174.88015733322734,-41.25998016038612,0.0563,0.0813,0.0865,0.0761,0.0361,0.0347,0.0258,0.0185,0.0016,0.0026
hutt_20200713,COPERNICUS/S2_SR_HARMONIZED/20200712T222549_20200712T222545_T60GUV,2020-07-12 22:27:27,hutt_20200713_plumeTrain_0,1,train,https://doi.org/10.1080/00288330.2022.2088569,"Gall et al. 2022, Figure 10A",v1,S2_SR_HARMONIZED_SCL_v1,174.88027662555513,-41.25998235768983,0.0591,0.0836,0.0854,0.0773,0.0359,0.0334,0.0278,0.0191,0.0014,0.0042
hutt_20200713,COPERNICUS/S2_SR_HARMONIZED/20200712T222549_20200712T222545_T60GUV,2020-07-12 22:27:27,hutt_20200713_plumeTrain_0,1,train,https://doi.org/10.1080/00288330.2022.2088569,"Gall et al. 2022, Figure 10A",v1,S2_SR_HARMONIZED_SCL_v1,174.88039591789607,-41.259984554870044,0.0605,0.0836,0.0873,0.0773,0.0359,0.0334,0.03,0.0191,0.0014,0.0042
hutt_20200713,COPERNICUS/S2_SR_HARMONIZED/20200712T222549_20200712T222545_T60GUV,2020-07-12 22:27:27,hutt_20200713_plumeTrain_0,1,train,https://doi.org/10.1080/00288330.2022.2088569,"Gall et al. 2022, Figure 10A",v1,S2_SR_HARMONIZED_SCL_v1,174.88051521025025,-41.25998675192675,0.061,0.085,0.0863,0.0792,0.0379,0.0351,0.03,0.0187,0.003,0.0014
hutt_20200713,COPERNICUS/S2_SR_HARMONIZED/20200712T222549_20200712T222545_T60GUV,2020-07-12 22:27:27,hutt_20200713_plumeTrain_0,1,train,https://doi.org/10.1080/00288330.2022.2088569,"Gall et al. 2022, Figure 10A",v1,S2_SR_HARMONIZED_SCL_v1,174.88063450261762,-41.25998894885996,0.0584,0.08,0.0913,0.0792,0.0379,0.0351,0.0293,0.0187,0.003,0.0014
hutt_20200713,COPERNICUS/S2_SR_HARMONIZED/20200712T222549_20200712T222545_T60GUV,2020-07-12 22:27:27,hutt_20200713_plumeTrain_0,1,train,https://doi.org/10.1080/00288330.2022.2088569,"Gall et al. 2022, Figure 10A",v1,S2_SR_HARMONIZED_SCL_v1,174.8807537949982,-41.25999114566966,0.0555,0.0777,0.0855,0.0799,0.0373,0.0338,0.029,0.0199,0.0023,0.0042
hutt_20200713,COPERNICUS/S2_SR_HARMONIZED/20200712T222549_20200712T222545_T60GUV,2020-07-12 22:27:27,hutt_20200713_plumeTrain_0,1,train,https://doi.org/10.1080/00288330.2022.2088569,"Gall et al. 2022, Figure 10A",v1,S2_SR_HARMONIZED_SCL_v1,174.880873087392,-41.25999334235586,0.06,0.0765,0.0855,0.0799,0.0373,0.0338,0.03,0.0199,0.0023,0.0042
hutt_20200713,COPERNICUS/S2_SR_HARMONIZED/20200712T222549_20200712T222545_T60GUV,2020-07-12 22:27:27,hutt_20200713_plumeTrain_0,1,train,https://doi.org/10.1080/00288330.2022.2088569,"Gall et al. 2022, Figure 10A",v1,S2_SR_HARMONIZED_SCL_v1,174.880992379799,-41.25999553891856,0.0569,0.0786,0.0894,0.08,0.0376,0.0353,0.0283,0.0192,0.002,0.0024
hutt_20200713,COPERNICUS/S2_SR_HARMONIZED/20200712T222549_20200712T222545_T60GUV,2020-07-12 22:27:27,hutt_20200713_plumeTrain_0,1,train,https://doi.org/10.1080/00288330.2022.2088569,"Gall et al. 2022, Figure 10A",v1,S2_SR_HARMONIZED_SCL_v1,174.88111167221922,-41.25999773535774,0.0513,0.0799,0.0843,0.08,0.0376,0.0353,0.0287,0.0192,0.002,0.0024
hutt_20200713,COPERNICUS/S2_SR_HARMONIZED/20200712T222549_20200712T222545_T60GUV,2020-07-12 22:27:27,hutt_20200713_plumeTrain_0,1,train,https://doi.org/10.1080/00288330.2022.2088569,"Gall et al. 2022, Figure 10A",v1,S2_SR_HARMONIZED_SCL_v1,174.88123096465264,-41.259999931673434,0.0524,0.0758,0.0822,0.0784,0.0359,0.0345,0.0287,0.0171,0.0028,0.002
hutt_20200713,COPERNICUS/S2_SR_HARMONIZED/20200712T222549_20200712T222545_T60GUV,2020-07-12 22:27:27,hutt_20200713_plumeTrain_0,1,train,https://doi.org/10.1080/00288330.2022.2088569,"Gall et al. 2022, Figure 10A",v1,S2_SR_HARMONIZED_SCL_v1,174.88135025709926,-41.26000212786561,0.0533,0.0767,0.0847,0.0784,0.0359,0.0345,0.027,0.0171,0.0028,0.002
hutt_20200713,COPERNICUS/S2_SR_HARMONIZED/20200712T222549_20200712T222545_T60GUV,2020-07-12 22:27:27,hutt_20200713_plumeTrain_0,1,train,https://doi.org/10.1080/00288330.2022.2088569,"Gall et al. 2022, Figure 10A",v1,S2_SR_HARMONIZED_SCL_v1,174.8815888420321,-41.26000651987947,0.0536,0.0793,0.0833,0.0771,0.0363,0.0326,0.0273,0.0172,0.0022,0.0014
hutt_20200713,COPERNICUS/S2_SR_HARMONIZED/20200712T222549_20200712T222545_T60GUV,2020-07-12 22:27:27,hutt_20200713_plumeTrain_0,1,train,https://doi.org/10.1080/00288330.2022.2088569,"Gall et al. 2022, Figure 10A",v1,S2_SR_HARMONIZED_SCL_v1,174.88170813451836,-41.26000871570114,0.0573,0.0796,0.0832,0.0759,0.036,0.0348,0.0281,0.0172,7.0E-4,0.0026
hutt_20200713,COPERNICUS/S2_SR_HARMONIZED/20200712T222549_20200712T222545_T60GUV,2020-07-12 22:27:27,hutt_20200713_plumeTrain_0,1,train,https://doi.org/10.1080/00288330.2022.2088569,"Gall et al. 2022, Figure 10A",v1,S2_SR_HARMONIZED_SCL_v1,174.88206601205627,-41.260015302425124,0.0546,0.0767,0.0842,0.079,0.0364,0.0348,0.0273,0.0175,0.0025,0.0022
hutt_20200713,COPERNICUS/S2_SR_HARMONIZED/20200712T222549_20200712T222545_T60GUV,2020-07-12 22:27:27,hutt_20200713_plumeTrain_0,1,train,https://doi.org/10.1080/00288330.2022.2088569,"Gall et al. 2022, Figure 10A",v1,S2_SR_HARMONIZED_SCL_v1,174.8821853045953,-41.26001749775278,0.0569,0.0749,0.0848,0.0789,0.0362,0.0346,0.0318,0.0188,0.003,0.002
hutt_20200713,COPERNICUS/S2_SR_HARMONIZED/20200712T222549_20200712T222545_T60GUV,2020-07-12 22:27:27,hutt_20200713_plumeTrain_0,1,train,https://doi.org/10.1080/00288330.2022.2088569,"Gall et al. 2022, Figure 10A",v1,S2_SR_HARMONIZED_SCL_v1,174.8825431822916,-41.26002408299471,0.0549,0.0775,0.0833,0.0787,0.0363,0.0344,0.0276,0.0205,0.0019,0.0024
hutt_20200713,COPERNICUS/S2_SR_HARMONIZED/20200712T222549_20200712T222545_T60GUV,2020-07-12 22:27:27,hutt_20200713_plumeTrain_0,1,train,https://doi.org/10.1080/00288330.2022.2088569,"Gall et al. 2022, Figure 10A",v1,S2_SR_HARMONIZED_SCL_v1,174.88266247488343,-41.26002627782835,0.0555,0.0763,0.0841,0.0772,0.0375,0.0334,0.0262,0.0178,7.0E-4,0.0026
hutt_20200713,COPERNICUS/S2_SR_HARMONIZED/20200712T222549_20200712T222545_T60GUV,2020-07-12 22:27:27,hutt_20200713_plumeTrain_0,1,train,https://doi.org/10.1080/00288330.2022.2088569,"Gall et al. 2022, Figure 10A",v1,S2_SR_HARMONIZED_SCL_v1,174.88278176748844,-41.26002847253848,0.0563,0.0761,0.0825,0.0772,0.0375,0.0334,0.0281,0.0178,7.0E-4,0.0026
hutt_20200713,COPERNICUS/S2_SR_HARMONIZED/20200712T222549_20200712T222545_T60GUV,2020-07-12 22:27:27,hutt_20200713_plumeTrain_0,1,train,https://doi.org/10.1080/00288330.2022.2088569,"Gall et al. 2022, Figure 10A",v1,S2_SR_HARMONIZED_SCL_v1,174.88290106010666,-41.260030667125115,0.0532,0.0763,0.083,0.0744,0.0333,0.0336,0.0278,0.0164,5.0E-4,0.002
hutt_20200713,COPERNICUS/S2_SR_HARMONIZED/20200712T222549_20200712T222545_T60GUV,2020-07-12 22:27:27,hutt_20200713_plumeTrain_0,1,train,https://doi.org/10.1080/00288330.2022.2088569,"Gall et al. 2022, Figure 10A",v1,S2_SR_HARMONIZED_SCL_v1,174.87693352894397,-41.260010802848164,0.0576,0.0786,0.082,0.0769,0.0359,0.0328,0.0266,0.0169,0.0029,0.0012
hutt_20200713,COPERNICUS/S2_SR_HARMONIZED/20200712T222549_20200712T222545_T60GUV,2020-07-12 22:27:27,hutt_20200713_plumeTrain_0,1,train,https://doi.org/10.1080/00288330.2022.2088569,"Gall et al. 2022, Figure 10A",v1,S2_SR_HARMONIZED_SCL_v1,174.8770528210783,-41.26001300349339,0.0554,0.0814,0.0818,0.0769,0.0359,0.0328,0.026,0.0169,0.0029,0.0012
hutt_20200713,COPERNICUS/S2_SR_HARMONIZED/20200712T222549_20200712T222545_T60GUV,2020-07-12 22:27:27,hutt_20200713_plumeTrain_0,1,train,https://doi.org/10.1080/00288330.2022.2088569,"Gall et al. 2022, Figure 10A",v1,S2_SR_HARMONIZED_SCL_v1,174.8771721132259,-41.26001520401511,0.0576,0.0808,0.0814,0.0782,0.0363,0.0325,0.0281,0.0163,7.0E-4,0.001
hutt_20200713,COPERNICUS/S2_SR_HARMONIZED/20200712T222549_20200712T222545_T60GUV,2020-07-12 22:27:27,hutt_20200713_plumeTrain_0,1,train,https://doi.org/10.1080/00288330.2022.2088569,"Gall et al. 2022, Figure 10A",v1,S2_SR_HARMONIZED_SCL_v1,174.87729140538673,-41.26001740441334,0.0557,0.0844,0.0836,0.0782,0.0363,0.0325,0.028,0.0163,7.0E-4,0.001
hutt_20200713,COPERNICUS/S2_SR_HARMONIZED/20200712T222549_20200712T222545_T60GUV,2020-07-12 22:27:27,hutt_20200713_plumeTrain_0,1,train,https://doi.org/10.1080/00288330.2022.2088569,"Gall et al. 2022, Figure 10A",v1,S2_SR_HARMONIZED_SCL_v1,174.87741069756075,-41.260019604688054,0.0562,0.0844,0.0818,0.0764,0.0361,0.0336,0.0259,0.0186,0.001,0.0029
hutt_20200713,COPERNICUS/S2_SR_HARMONIZED/20200712T222549_20200712T222545_T60GUV,2020-07-12 22:27:27,hutt_20200713_plumeTrain_0,1,train,https://doi.org/10.1080/00288330.2022.2088569,"Gall et al. 2022, Figure 10A",v1,S2_SR_HARMONIZED_SCL_v1,174.8776492819485,-41.260024004866985,0.0548,0.0777,0.0846,0.0757,0.0358,0.0335,0.0274,0.0174,0.0019,0.0042
hutt_20200713,COPERNICUS/S2_SR_HARMONIZED/20200712T222549_20200712T222545_T60GUV,2020-07-12 22:27:27,hutt_20200713_plumeTrain_0,1,train,https://doi.org/10.1080/00288330.2022.2088569,"Gall et al. 2022, Figure 10A",v1,S2_SR_HARMONIZED_SCL_v1,174.8778878663892,-41.260028404551896,0.0571,0.0796,0.0838,0.0764,0.0395,0.0333,0.0266,0.0174,0.0031,0.004
hutt_20200713,COPERNICUS/S2_SR_HARMONIZED/20200712T222549_20200712T222545_T60GUV,2020-07-12 22:27:27,hutt_20200713_plumeTrain_0,1,train,https://doi.org/10.1080/00288330.2022.2088569,"Gall et al. 2022, Figure 10A",v1,S2_SR_HARMONIZED_SCL_v1,174.87800715862934,-41.2600306042091,0.0554,0.0776,0.0835,0.0764,0.0395,0.0333,0.0266,0.0174,0.0031,0.004
hutt_20200713,COPERNICUS/S2_SR_HARMONIZED/20200712T222549_20200712T222545_T60GUV,2020-07-12 22:27:27,hutt_20200713_plumeTrain_0,1,train,https://doi.org/10.1080/00288330.2022.2088569,"Gall et al. 2022, Figure 10A",v1,S2_SR_HARMONIZED_SCL_v1,174.87812645088275,-41.260032803742796,0.057,0.0785,0.0856,0.0778,0.0384,0.0324,0.0275,0.0187,0.0018,0.0044
hutt_20200713,COPERNICUS/S2_SR_HARMONIZED/20200712T222549_20200712T222545_T60GUV,2020-07-12 22:27:27,hutt_20200713_plumeTrain_0,1,train,https://doi.org/10.1080/00288330.2022.2088569,"Gall et al. 2022, Figure 10A",v1,S2_SR_HARMONIZED_SCL_v1,174.87872291234805,-41.260043799558744,0.0574,0.0758,0.0849,0.0768,0.0369,0.0329,0.0302,0.0189,0.0021,1.0E-4
hutt_20200713,COPERNICUS/S2_SR_HARMONIZED/20200712T222549_20200712T222545_T60GUV,2020-07-12 22:27:27,hutt_20200713_plumeTrain_0,1,train,https://doi.org/10.1080/00288330.2022.2088569,"Gall et al. 2022, Figure 10A",v1,S2_SR_HARMONIZED_SCL_v1,174.87896149702675,-41.2600481970206,0.0592,0.0801,0.0837,0.0787,0.038,0.0346,0.0268,0.0174,0.0019,0.0011
hutt_20200713,COPERNICUS/S2_SR_HARMONIZED/20200712T222549_20200712T222545_T60GUV,2020-07-12 22:27:27,hutt_20200713_plumeTrain_0,1,train,https://doi.org/10.1080/00288330.2022.2088569,"Gall et al. 2022, Figure 10A",v1,S2_SR_HARMONIZED_SCL_v1,174.87931937414393,-41.26005479228711,0.056,0.0766,0.0861,0.08,0.0374,0.0347,0.0287,0.0208,0.0035,0.0026
hutt_20200713,COPERNICUS/S2_SR_HARMONIZED/20200712T222549_20200712T222545_T60GUV,2020-07-12 22:27:27,hutt_20200713_plumeTrain_0,1,train,https://doi.org/10.1080/00288330.2022.2088569,"Gall et al. 2022, Figure 10A",v1,S2_SR_HARMONIZED_SCL_v1,174.8795579589548,-41.26005918851393,0.0581,0.0828,0.0855,0.0801,0.0363,0.0342,0.0292,0.0193,0.0026,0.0036
hutt_20200713,COPERNICUS/S2_SR_HARMONIZED/20200712T222549_20200712T222545_T60GUV,2020-07-12 22:27:27,hutt_20200713_plumeTrain_0,1,train,https://doi.org/10.1080/00288330.2022.2088569,"Gall et al. 2022, Figure 10A",v1,S2_SR_HARMONIZED_SCL_v1,174.87967725138006,-41.260061386442075,0.0596,0.0861,0.0868,0.0801,0.0363,0.0342,0.0293,0.0193,0.0026,0.0036
hutt_20200713,COPERNICUS/S2_SR_HARMONIZED/20200712T222549_20200712T222545_T60GUV,2020-07-12 22:27:27,hutt_20200713_plumeTrain_0,1,train,https://doi.org/10.1080/00288330.2022.2088569,"Gall et al. 2022, Figure 10A",v1,S2_SR_HARMONIZED_SCL_v1,174.8801544212132,-41.260070176919655,0.0536,0.0839,0.087,0.0761,0.0361,0.0347,0.028,0.0185,0.0016,0.0026
hutt_20200713,COPERNICUS/S2_SR_HARMONIZED/20200712T222549_20200712T222545_T60GUV,2020-07-12 22:27:27,hutt_20200713_plumeTrain_0,1,train,https://doi.org/10.1080/00288330.2022.2088569,"Gall et al. 2022, Figure 10A",v1,S2_SR_HARMONIZED_SCL_v1,174.88027371370453,-41.26007237423029,0.0541,0.0803,0.0854,0.0773,0.0359,0.0334,0.029,0.0191,0.0014,0.0042
hutt_20200713,COPERNICUS/S2_SR_HARMONIZED/20200712T222549_20200712T222545_T60GUV,2020-07-12 22:27:27,hutt_20200713_plumeTrain_0,1,train,https://doi.org/10.1080/00288330.2022.2088569,"Gall et al. 2022, Figure 10A",v1,S2_SR_HARMONIZED_SCL_v1,174.88039300620906,-41.26007457141741,0.0553,0.0766,0.0821,0.0773,0.0359,0.0334,0.0303,0.0191,0.0014,0.0042
hutt_20200713,COPERNICUS/S2_SR_HARMONIZED/20200712T222549_20200712T222545_T60GUV,2020-07-12 22:27:27,hutt_20200713_plumeTrain_0,1,train,https://doi.org/10.1080/00288330.2022.2088569,"Gall et al. 2022, Figure 10A",v1,S2_SR_HARMONIZED_SCL_v1,174.8805122987268,-41.26007676848104,0.0576,0.081,0.0844,0.0792,0.0379,0.0351,0.0281,0.0187,0.003,0.0014
hutt_20200713,COPERNICUS/S2_SR_HARMONIZED/20200712T222549_20200712T222545_T60GUV,2020-07-12 22:27:27,hutt_20200713_plumeTrain_0,1,train,https://doi.org/10.1080/00288330.2022.2088569,"Gall et al. 2022, Figure 10A",v1,S2_SR_HARMONIZED_SCL_v1,174.88075088380194,-41.26008116223778,0.0591,0.0783,0.085,0.0799,0.0373,0.0338,0.029,0.0199,0.0023,0.0042
hutt_20200713,COPERNICUS/S2_SR_HARMONIZED/20200712T222549_20200712T222545_T60GUV,2020-07-12 22:27:27,hutt_20200713_plumeTrain_0,1,train,https://doi.org/10.1080/00288330.2022.2088569,"Gall et al. 2022, Figure 10A",v1,S2_SR_HARMONIZED_SCL_v1,174.8808701763593,-41.26008335893089,0.0529,0.0774,0.089,0.0799,0.0373,0.0338,0.0275,0.0199,0.0023,0.0042
hutt_20200713,COPERNICUS/S2_SR_HARMONIZED/20200712T222549_20200712T222545_T60GUV,2020-07-12 22:27:27,hutt_20200713_plumeTrain_0,1,train,https://doi.org/10.1080/00288330.2022.2088569,"Gall et al. 2022, Figure 10A",v1,S2_SR_HARMONIZED_SCL_v1,174.88110876151367,-41.260087751946614,0.0567,0.0827,0.0851,0.08,0.0376,0.0353,0.0301,0.0192,0.002,0.0024
hutt_20200713,COPERNICUS/S2_SR_HARMONIZED/20200712T222549_20200712T222545_T60GUV,2020-07-12 22:27:27,hutt_20200713_plumeTrain_0,1,train,https://doi.org/10.1080/00288330.2022.2088569,"Gall et al. 2022, Figure 10A",v1,S2_SR_HARMONIZED_SCL_v1,174.88122805411066,-41.26008994826921,0.057,0.0821,0.0847,0.0784,0.0359,0.0345,0.0303,0.0171,0.0028,0.002
hutt_20200713,COPERNICUS/S2_SR_HARMONIZED/20200712T222549_20200712T222545_T60GUV,2020-07-12 22:27:27,hutt_20200713_plumeTrain_0,1,train,https://doi.org/10.1080/00288330.2022.2088569,"Gall et al. 2022, Figure 10A",v1,S2_SR_HARMONIZED_SCL_v1,174.88134734672084,-41.26009214446831,0.0546,0.0789,0.0821,0.0784,0.0359,0.0345,0.0283,0.0171,0.0028,0.002
hutt_20200713,COPERNICUS/S2_SR_HARMONIZED/20200712T222549_20200712T222545_T60GUV,2020-07-12 22:27:27,hutt_20200713_plumeTrain_0,1,train,https://doi.org/10.1080/00288330.2022.2088569,"Gall et al. 2022, Figure 10A",v1,S2_SR_HARMONIZED_SCL_v1,174.88158593198082,-41.26009653649599,0.0591,0.0807,0.0824,0.0771,0.0363,0.0326,0.0286,0.0172,0.0022,0.0014
hutt_20200713,COPERNICUS/S2_SR_HARMONIZED/20200712T222549_20200712T222545_T60GUV,2020-07-12 22:27:27,hutt_20200713_plumeTrain_0,1,train,https://doi.org/10.1080/00288330.2022.2088569,"Gall et al. 2022, Figure 10A",v1,S2_SR_HARMONIZED_SCL_v1,174.88170522463065,-41.26009873232458,0.0584,0.0777,0.0858,0.0759,0.036,0.0348,0.0271,0.0172,7.0E-4,0.0026
hutt_20200713,COPERNICUS/S2_SR_HARMONIZED/20200712T222549_20200712T222545_T60GUV,2020-07-12 22:27:27,hutt_20200713_plumeTrain_0,1,train,https://doi.org/10.1080/00288330.2022.2088569,"Gall et al. 2022, Figure 10A",v1,S2_SR_HARMONIZED_SCL_v1,174.88182451729367,-41.26010092802965,0.0586,0.0778,0.0878,0.0759,0.036,0.0348,0.0269,0.0172,7.0E-4,0.0026
hutt_20200713,COPERNICUS/S2_SR_HARMONIZED/20200712T222549_20200712T222545_T60GUV,2020-07-12 22:27:27,hutt_20200713_plumeTrain_0,1,train,https://doi.org/10.1080/00288330.2022.2088569,"Gall et al. 2022, Figure 10A",v1,S2_SR_HARMONIZED_SCL_v1,174.88194380996987,-41.26010312361122,0.0529,0.0789,0.0858,0.079,0.0364,0.0348,0.028,0.0175,0.0025,0.0022
hutt_20200713,COPERNICUS/S2_SR_HARMONIZED/20200712T222549_20200712T222545_T60GUV,2020-07-12 22:27:27,hutt_20200713_plumeTrain_0,1,train,https://doi.org/10.1080/00288330.2022.2088569,"Gall et al. 2022, Figure 10A",v1,S2_SR_HARMONIZED_SCL_v1,174.8820631026593,-41.2601053190693,0.0536,0.0791,0.0795,0.079,0.0364,0.0348,0.0284,0.0175,0.0025,0.0022
hutt_20200713,COPERNICUS/S2_SR_HARMONIZED/20200712T222549_20200712T222545_T60GUV,2020-07-12 22:27:27,hutt_20200713_plumeTrain_0,1,train,https://doi.org/10.1080/00288330.2022.2088569,"Gall et al. 2022, Figure 10A",v1,S2_SR_HARMONIZED_SCL_v1,174.8821823953619,-41.26010751440386,0.0568,0.0783,0.0838,0.0789,0.0362,0.0346,0.028,0.0188,0.003,0.002
hutt_20200713,COPERNICUS/S2_SR_HARMONIZED/20200712T222549_20200712T222545_T60GUV,2020-07-12 22:27:27,hutt_20200713_plumeTrain_0,1,train,https://doi.org/10.1080/00288330.2022.2088569,"Gall et al. 2022, Figure 10A",v1,S2_SR_HARMONIZED_SCL_v1,174.8824209808067,-41.26011190470248,0.0497,0.0764,0.0839,0.0787,0.0363,0.0344,0.027,0.0205,0.0019,0.0024
hutt_20200713,COPERNICUS/S2_SR_HARMONIZED/20200712T222549_20200712T222545_T60GUV,2020-07-12 22:27:27,hutt_20200713_plumeTrain_0,1,train,https://doi.org/10.1080/00288330.2022.2088569,"Gall et al. 2022, Figure 10A",v1,S2_SR_HARMONIZED_SCL_v1,174.8825402735489,-41.26011409966653,0.0541,0.077,0.0842,0.0787,0.0363,0.0344,0.027,0.0205,0.0019,0.0024
hutt_20200713,COPERNICUS/S2_SR_HARMONIZED/20200712T222549_20200712T222545_T60GUV,2020-07-12 22:27:27,hutt_20200713_plumeTrain_0,1,train,https://doi.org/10.1080/00288330.2022.2088569,"Gall et al. 2022, Figure 10A",v1,S2_SR_HARMONIZED_SCL_v1,174.8826595663043,-41.26011629450708,0.054,0.0796,0.0855,0.0772,0.0375,0.0334,0.0287,0.0178,7.0E-4,0.0026
hutt_20200713,COPERNICUS/S2_SR_HARMONIZED/20200712T222549_20200712T222545_T60GUV,2020-07-12 22:27:27,hutt_20200713_plumeTrain_0,1,train,https://doi.org/10.1080/00288330.2022.2088569,"Gall et al. 2022, Figure 10A",v1,S2_SR_HARMONIZED_SCL_v1,174.8827788590729,-41.26011848922412,0.0565,0.0775,0.0842,0.0772,0.0375,0.0334,0.0269,0.0178,7.0E-4,0.0026
hutt_20200713,COPERNICUS/S2_SR_HARMONIZED/20200712T222549_20200712T222545_T60GUV,2020-07-12 22:27:27,hutt_20200713_plumeTrain_0,1,train,https://doi.org/10.1080/00288330.2022.2088569,"Gall et al. 2022, Figure 10A",v1,S2_SR_HARMONIZED_SCL_v1,174.88289815185468,-41.260120683817654,0.058,0.0785,0.0813,0.0744,0.0333,0.0336,0.0269,0.0164,5.0E-4,0.002
hutt_20200713,COPERNICUS/S2_SR_HARMONIZED/20200712T222549_20200712T222545_T60GUV,2020-07-12 22:27:27,hutt_20200713_plumeTrain_0,1,train,https://doi.org/10.1080/00288330.2022.2088569,"Gall et al. 2022, Figure 10A",v1,S2_SR_HARMONIZED_SCL_v1,174.8770499047981,-41.260103019845346,0.0548,0.0812,0.0783,0.0718,0.0344,0.0284,0.028,0.015,0.0023,0.0011
hutt_20200713,COPERNICUS/S2_SR_HARMONIZED/20200712T222549_20200712T222545_T60GUV,2020-07-12 22:27:27,hutt_20200713_plumeTrain_0,1,train,https://doi.org/10.1080/00288330.2022.2088569,"Gall et al. 2022, Figure 10A",v1,S2_SR_HARMONIZED_SCL_v1,174.87728848943362,-41.26010742077915,0.0534,0.0784,0.0827,0.0729,0.0336,0.032,0.0268,0.0153,0.0022,0.0023
hutt_20200713,COPERNICUS/S2_SR_HARMONIZED/20200712T222549_20200712T222545_T60GUV,2020-07-12 22:27:27,hutt_20200713_plumeTrain_0,1,train,https://doi.org/10.1080/00288330.2022.2088569,"Gall et al. 2022, Figure 10A",v1,S2_SR_HARMONIZED_SCL_v1,174.8774077817712,-41.26010962106079,0.0568,0.0802,0.0844,0.0741,0.0359,0.0328,0.0253,0.0187,0.0019,0.0037
hutt_20200713,COPERNICUS/S2_SR_HARMONIZED/20200712T222549_20200712T222545_T60GUV,2020-07-12 22:27:27,hutt_20200713_plumeTrain_0,1,train,https://doi.org/10.1080/00288330.2022.2088569,"Gall et al. 2022, Figure 10A",v1,S2_SR_HARMONIZED_SCL_v1,174.87752707412207,-41.260111821218935,0.0562,0.0798,0.0824,0.0741,0.0359,0.0328,0.0254,0.0187,0.0019,0.0037
hutt_20200713,COPERNICUS/S2_SR_HARMONIZED/20200712T222549_20200712T222545_T60GUV,2020-07-12 22:27:27,hutt_20200713_plumeTrain_0,1,train,https://doi.org/10.1080/00288330.2022.2088569,"Gall et al. 2022, Figure 10A",v1,S2_SR_HARMONIZED_SCL_v1,174.87764636648612,-41.26011402125358,0.0563,0.0788,0.0847,0.0778,0.0378,0.0322,0.0269,0.0171,0.002,0.0035
hutt_20200713,COPERNICUS/S2_SR_HARMONIZED/20200712T222549_20200712T222545_T60GUV,2020-07-12 22:27:27,hutt_20200713_plumeTrain_0,1,train,https://doi.org/10.1080/00288330.2022.2088569,"Gall et al. 2022, Figure 10A",v1,S2_SR_HARMONIZED_SCL_v1,174.87788495125395,-41.26011842095234,0.0622,0.0811,0.0821,0.0763,0.0385,0.0337,0.0281,0.0165,0.0031,0.0018
hutt_20200713,COPERNICUS/S2_SR_HARMONIZED/20200712T222549_20200712T222545_T60GUV,2020-07-12 22:27:27,hutt_20200713_plumeTrain_0,1,train,https://doi.org/10.1080/00288330.2022.2088569,"Gall et al. 2022, Figure 10A",v1,S2_SR_HARMONIZED_SCL_v1,174.87800424365767,-41.26012062061647,0.0582,0.0802,0.0793,0.0763,0.0385,0.0337,0.0266,0.0165,0.0031,0.0018
hutt_20200713,COPERNICUS/S2_SR_HARMONIZED/20200712T222549_20200712T222545_T60GUV,2020-07-12 22:27:27,hutt_20200713_plumeTrain_0,1,train,https://doi.org/10.1080/00288330.2022.2088569,"Gall et al. 2022, Figure 10A",v1,S2_SR_HARMONIZED_SCL_v1,174.87824282850482,-41.26012501957421,0.0569,0.0799,0.0816,0.074,0.0372,0.0348,0.0283,0.0185,0.003,0.0034
hutt_20200713,COPERNICUS/S2_SR_HARMONIZED/20200712T222549_20200712T222545_T60GUV,2020-07-12 22:27:27,hutt_20200713_plumeTrain_0,1,train,https://doi.org/10.1080/00288330.2022.2088569,"Gall et al. 2022, Figure 10A",v1,S2_SR_HARMONIZED_SCL_v1,174.87836212094828,-41.26012721886783,0.0612,0.076,0.0827,0.0771,0.0361,0.0343,0.0285,0.0176,0.002,0.0017
hutt_20200713,COPERNICUS/S2_SR_HARMONIZED/20200712T222549_20200712T222545_T60GUV,2020-07-12 22:27:27,hutt_20200713_plumeTrain_0,1,train,https://doi.org/10.1080/00288330.2022.2088569,"Gall et al. 2022, Figure 10A",v1,S2_SR_HARMONIZED_SCL_v1,174.8784814134049,-41.26012941803794,0.0575,0.0767,0.0862,0.0771,0.0361,0.0343,0.0271,0.0176,0.002,0.0017
hutt_20200713,COPERNICUS/S2_SR_HARMONIZED/20200712T222549_20200712T222545_T60GUV,2020-07-12 22:27:27,hutt_20200713_plumeTrain_0,1,train,https://doi.org/10.1080/00288330.2022.2088569,"Gall et al. 2022, Figure 10A",v1,S2_SR_HARMONIZED_SCL_v1,174.87860070587476,-41.260131617084554,0.0585,0.082,0.0849,0.0769,0.0359,0.0339,0.0273,0.0168,0.0019,3.0E-4
hutt_20200713,COPERNICUS/S2_SR_HARMONIZED/20200712T222549_20200712T222545_T60GUV,2020-07-12 22:27:27,hutt_20200713_plumeTrain_0,1,train,https://doi.org/10.1080/00288330.2022.2088569,"Gall et al. 2022, Figure 10A",v1,S2_SR_HARMONIZED_SCL_v1,174.87871999835787,-41.26013381600766,0.0585,0.0828,0.0861,0.0769,0.0359,0.0339,0.0265,0.0168,0.0019,3.0E-4
hutt_20200713,COPERNICUS/S2_SR_HARMONIZED/20200712T222549_20200712T222545_T60GUV,2020-07-12 22:27:27,hutt_20200713_plumeTrain_0,1,train,https://doi.org/10.1080/00288330.2022.2088569,"Gall et al. 2022, Figure 10A",v1,S2_SR_HARMONIZED_SCL_v1,174.87895858336367,-41.26013821348336,0.0574,0.0785,0.0875,0.0799,0.0375,0.0348,0.0272,0.0169,0.0021,0.0026
hutt_20200713,COPERNICUS/S2_SR_HARMONIZED/20200712T222549_20200712T222545_T60GUV,2020-07-12 22:27:27,hutt_20200713_plumeTrain_0,1,train,https://doi.org/10.1080/00288330.2022.2088569,"Gall et al. 2022, Figure 10A",v1,S2_SR_HARMONIZED_SCL_v1,174.87931646097155,-41.260144808770626,0.0534,0.0795,0.0849,0.0785,0.038,0.0346,0.0318,0.0207,0.0029,0.003
hutt_20200713,COPERNICUS/S2_SR_HARMONIZED/20200712T222549_20200712T222545_T60GUV,2020-07-12 22:27:27,hutt_20200713_plumeTrain_0,1,train,https://doi.org/10.1080/00288330.2022.2088569,"Gall et al. 2022, Figure 10A",v1,S2_SR_HARMONIZED_SCL_v1,174.87943575353395,-41.26014700695271,0.0577,0.0805,0.0884,0.0785,0.038,0.0346,0.0296,0.0207,0.0029,0.003
hutt_20200713,COPERNICUS/S2_SR_HARMONIZED/20200712T222549_20200712T222545_T60GUV,2020-07-12 22:27:27,hutt_20200713_plumeTrain_0,1,train,https://doi.org/10.1080/00288330.2022.2088569,"Gall et al. 2022, Figure 10A",v1,S2_SR_HARMONIZED_SCL_v1,174.87955504610957,-41.26014920501129,0.0584,0.08,0.0895,0.0817,0.0374,0.0335,0.0304,0.0188,0.0032,0.0032
hutt_20200713,COPERNICUS/S2_SR_HARMONIZED/20200712T222549_20200712T222545_T60GUV,2020-07-12 22:27:27,hutt_20200713_plumeTrain_0,1,train,https://doi.org/10.1080/00288330.2022.2088569,"Gall et al. 2022, Figure 10A",v1,S2_SR_HARMONIZED_SCL_v1,174.87979363130046,-41.260153600757924,0.0581,0.0819,0.0861,0.0788,0.0361,0.0357,0.0269,0.0182,0.0022,0.0021
hutt_20200713,COPERNICUS/S2_SR_HARMONIZED/20200712T222549_20200712T222545_T60GUV,2020-07-12 22:27:27,hutt_20200713_plumeTrain_0,1,train,https://doi.org/10.1080/00288330.2022.2088569,"Gall et al. 2022, Figure 10A",v1,S2_SR_HARMONIZED_SCL_v1,174.88003221654415,-41.26015799601055,0.0604,0.0805,0.0848,0.0801,0.0365,0.035,0.0287,0.0173,0.0013,0.0031
hutt_20200713,COPERNICUS/S2_SR_HARMONIZED/20200712T222549_20200712T222545_T60GUV,2020-07-12 22:27:27,hutt_20200713_plumeTrain_0,1,train,https://doi.org/10.1080/00288330.2022.2088569,"Gall et al. 2022, Figure 10A",v1,S2_SR_HARMONIZED_SCL_v1,174.88015150918585,-41.260160193451604,0.0568,0.0834,0.0874,0.0801,0.0365,0.035,0.0283,0.0173,0.0013,0.0031
hutt_20200713,COPERNICUS/S2_SR_HARMONIZED/20200712T222549_20200712T222545_T60GUV,2020-07-12 22:27:27,hutt_20200713_plumeTrain_0,1,train,https://doi.org/10.1080/00288330.2022.2088569,"Gall et al. 2022, Figure 10A",v1,S2_SR_HARMONIZED_SCL_v1,174.88050938719016,-41.260166785033746,0.0596,0.0786,0.0836,0.0786,0.0379,0.0359,0.0275,0.0193,0.0032,0.0027
hutt_20200713,COPERNICUS/S2_SR_HARMONIZED/20200712T222549_20200712T222545_T60GUV,2020-07-12 22:27:27,hutt_20200713_plumeTrain_0,1,train,https://doi.org/10.1080/00288330.2022.2088569,"Gall et al. 2022, Figure 10A",v1,S2_SR_HARMONIZED_SCL_v1,174.88074797259245,-41.26017117880432,0.0604,0.0763,0.0856,0.081,0.037,0.0336,0.0285,0.0193,0.0022,0.0034
hutt_20200713,COPERNICUS/S2_SR_HARMONIZED/20200712T222549_20200712T222545_T60GUV,2020-07-12 22:27:27,hutt_20200713_plumeTrain_0,1,train,https://doi.org/10.1080/00288330.2022.2088569,"Gall et al. 2022, Figure 10A",v1,S2_SR_HARMONIZED_SCL_v1,174.88110585079488,-41.26017776853389,0.0584,0.0824,0.0901,0.0796,0.0379,0.0345,0.0301,0.0195,0.0012,0.0032
hutt_20200713,COPERNICUS/S2_SR_HARMONIZED/20200712T222549_20200712T222545_T60GUV,2020-07-12 22:27:27,hutt_20200713_plumeTrain_0,1,train,https://doi.org/10.1080/00288330.2022.2088569,"Gall et al. 2022, Figure 10A",v1,S2_SR_HARMONIZED_SCL_v1,174.88122514355544,-41.26017996486341,0.0612,0.0792,0.0877,0.0781,0.0368,0.0348,0.0306,0.0178,0.0038,0.003
hutt_20200713,COPERNICUS/S2_SR_HARMONIZED/20200712T222549_20200712T222545_T60GUV,2020-07-12 22:27:27,hutt_20200713_plumeTrain_0,1,train,https://doi.org/10.1080/00288330.2022.2088569,"Gall et al. 2022, Figure 10A",v1,S2_SR_HARMONIZED_SCL_v1,174.88146372911618,-41.26018435715193,0.0563,0.0768,0.0807,0.0769,0.0358,0.034,0.0286,0.0166,0.0028,0.0012
hutt_20200713,COPERNICUS/S2_SR_HARMONIZED/20200712T222549_20200712T222545_T60GUV,2020-07-12 22:27:27,hutt_20200713_plumeTrain_0,1,train,https://doi.org/10.1080/00288330.2022.2088569,"Gall et al. 2022, Figure 10A",v1,S2_SR_HARMONIZED_SCL_v1,174.8819409003961,-41.260193140246905,0.0524,0.0799,0.0839,0.0811,0.0371,0.0347,0.0294,0.0195,0.0026,0.0031
hutt_20200713,COPERNICUS/S2_SR_HARMONIZED/20200712T222549_20200712T222545_T60GUV,2020-07-12 22:27:27,hutt_20200713_plumeTrain_0,1,train,https://doi.org/10.1080/00288330.2022.2088569,"Gall et al. 2022, Figure 10A",v1,S2_SR_HARMONIZED_SCL_v1,174.8820601932491,-41.260195335711884,0.0527,0.0741,0.0824,0.0811,0.0371,0.0347,0.0306,0.0195,0.0026,0.0031
hutt_20200713,COPERNICUS/S2_SR_HARMONIZED/20200712T222549_20200712T222545_T60GUV,2020-07-12 22:27:27,hutt_20200713_plumeTrain_0,1,train,https://doi.org/10.1080/00288330.2022.2088569,"Gall et al. 2022, Figure 10A",v1,S2_SR_HARMONIZED_SCL_v1,174.88217948611526,-41.26019753105336,0.0536,0.0756,0.0816,0.0797,0.0373,0.0346,0.0304,0.0191,0.0028,0.0012
hutt_20200713,COPERNICUS/S2_SR_HARMONIZED/20200712T222549_20200712T222545_T60GUV,2020-07-12 22:27:27,hutt_20200713_plumeTrain_0,1,train,https://doi.org/10.1080/00288330.2022.2088569,"Gall et al. 2022, Figure 10A",v1,S2_SR_HARMONIZED_SCL_v1,174.88241807188723,-41.2602019213658,0.0546,0.078,0.083,0.0754,0.0364,0.0349,0.0276,0.0195,0.0019,0.0015
hutt_20200713,COPERNICUS/S2_SR_HARMONIZED/20200712T222549_20200712T222545_T60GUV,2020-07-12 22:27:27,hutt_20200713_plumeTrain_0,1,train,https://doi.org/10.1080/00288330.2022.2088569,"Gall et al. 2022, Figure 10A",v1,S2_SR_HARMONIZED_SCL_v1,174.8830145365481,-41.26021289498556,0.0561,0.0767,0.081,0.0758,0.0323,0.0341,0.0272,0.0167,0.0013,0.003
hutt_20200713,COPERNICUS/S2_SR_HARMONIZED/20200712T222549_20200712T222545_T60GUV,2020-07-12 22:27:27,hutt_20200713_plumeTrain_0,1,train,https://doi.org/10.1080/00288330.2022.2088569,"Gall et al. 2022, Figure 10A",v1,S2_SR_HARMONIZED_SCL_v1,174.88313382951983,-41.26021508933899,0.0533,0.0782,0.0819,0.0749,0.0344,0.0349,0.0273,0.0146,0.0019,0.0019
hutt_20200713,COPERNICUS/S2_SR_HARMONIZED/20200712T222549_20200712T222545_T60GUV,2020-07-12 22:27:27,hutt_20200713_plumeTrain_0,1,train,https://doi.org/10.1080/00288330.2022.2088569,"Gall et al. 2022, Figure 10A",v1,S2_SR_HARMONIZED_SCL_v1,174.8772855734673,-41.260197437143376,0.0576,0.0762,0.0786,0.0729,0.0336,0.032,0.0241,0.0153,0.0022,0.0023
hutt_20200713,COPERNICUS/S2_SR_HARMONIZED/20200712T222549_20200712T222545_T60GUV,2020-07-12 22:27:27,hutt_20200713_plumeTrain_0,1,train,https://doi.org/10.1080/00288330.2022.2088569,"Gall et al. 2022, Figure 10A",v1,S2_SR_HARMONIZED_SCL_v1,174.8774048659685,-41.26019963743195,0.0576,0.0813,0.086,0.0741,0.0359,0.0328,0.0267,0.0187,0.0019,0.0037
hutt_20200713,COPERNICUS/S2_SR_HARMONIZED/20200712T222549_20200712T222545_T60GUV,2020-07-12 22:27:27,hutt_20200713_plumeTrain_0,1,train,https://doi.org/10.1080/00288330.2022.2088569,"Gall et al. 2022, Figure 10A",v1,S2_SR_HARMONIZED_SCL_v1,174.87764345101053,-41.26020403763858,0.0568,0.0775,0.08,0.0778,0.0378,0.0322,0.0255,0.0171,0.002,0.0035
hutt_20200713,COPERNICUS/S2_SR_HARMONIZED/20200712T222549_20200712T222545_T60GUV,2020-07-12 22:27:27,hutt_20200713_plumeTrain_0,1,train,https://doi.org/10.1080/00288330.2022.2088569,"Gall et al. 2022, Figure 10A",v1,S2_SR_HARMONIZED_SCL_v1,174.8778820361055,-41.260208437351196,0.0586,0.0798,0.0825,0.0763,0.0385,0.0337,0.0278,0.0165,0.0031,0.0018
hutt_20200713,COPERNICUS/S2_SR_HARMONIZED/20200712T222549_20200712T222545_T60GUV,2020-07-12 22:27:27,hutt_20200713_plumeTrain_0,1,train,https://doi.org/10.1080/00288330.2022.2088569,"Gall et al. 2022, Figure 10A",v1,S2_SR_HARMONIZED_SCL_v1,174.87800132867278,-41.26021063702225,0.0557,0.0844,0.083,0.0763,0.0385,0.0337,0.027,0.0165,0.0031,0.0018
hutt_20200713,COPERNICUS/S2_SR_HARMONIZED/20200712T222549_20200712T222545_T60GUV,2020-07-12 22:27:27,hutt_20200713_plumeTrain_0,1,train,https://doi.org/10.1080/00288330.2022.2088569,"Gall et al. 2022, Figure 10A",v1,S2_SR_HARMONIZED_SCL_v1,174.87823991384712,-41.260215035993845,0.0569,0.082,0.0827,0.074,0.0372,0.0348,0.0287,0.0185,0.003,0.0034
hutt_20200713,COPERNICUS/S2_SR_HARMONIZED/20200712T222549_20200712T222545_T60GUV,2020-07-12 22:27:27,hutt_20200713_plumeTrain_0,1,train,https://doi.org/10.1080/00288330.2022.2088569,"Gall et al. 2022, Figure 10A",v1,S2_SR_HARMONIZED_SCL_v1,174.8783592064541,-41.260217235294384,0.0613,0.0807,0.081,0.0771,0.0361,0.0343,0.0285,0.0176,0.002,0.0017
hutt_20200713,COPERNICUS/S2_SR_HARMONIZED/20200712T222549_20200712T222545_T60GUV,2020-07-12 22:27:27,hutt_20200713_plumeTrain_0,1,train,https://doi.org/10.1080/00288330.2022.2088569,"Gall et al. 2022, Figure 10A",v1,S2_SR_HARMONIZED_SCL_v1,174.87859779170776,-41.26022163352496,0.0606,0.082,0.0833,0.0769,0.0359,0.0339,0.0281,0.0168,0.0019,3.0E-4
hutt_20200713,COPERNICUS/S2_SR_HARMONIZED/20200712T222549_20200712T222545_T60GUV,2020-07-12 22:27:27,hutt_20200713_plumeTrain_0,1,train,https://doi.org/10.1080/00288330.2022.2088569,"Gall et al. 2022, Figure 10A",v1,S2_SR_HARMONIZED_SCL_v1,174.87883637701427,-41.26022603126151,0.0554,0.0794,0.0861,0.0799,0.0375,0.0348,0.0266,0.0169,0.0021,0.0026
hutt_20200713,COPERNICUS/S2_SR_HARMONIZED/20200712T222549_20200712T222545_T60GUV,2020-07-12 22:27:27,hutt_20200713_plumeTrain_0,1,train,https://doi.org/10.1080/00288330.2022.2088569,"Gall et al. 2022, Figure 10A",v1,S2_SR_HARMONIZED_SCL_v1,174.87895566968737,-41.26022822994452,0.0574,0.078,0.0843,0.0799,0.0375,0.0348,0.0266,0.0169,0.0021,0.0026
hutt_20200713,COPERNICUS/S2_SR_HARMONIZED/20200712T222549_20200712T222545_T60GUV,2020-07-12 22:27:27,hutt_20200713_plumeTrain_0,1,train,https://doi.org/10.1080/00288330.2022.2088569,"Gall et al. 2022, Figure 10A",v1,S2_SR_HARMONIZED_SCL_v1,174.8790749623737,-41.26023042850404,0.0532,0.0811,0.0861,0.0821,0.0379,0.0349,0.0281,0.019,0.0024,0.0021
hutt_20200713,COPERNICUS/S2_SR_HARMONIZED/20200712T222549_20200712T222545_T60GUV,2020-07-12 22:27:27,hutt_20200713_plumeTrain_0,1,train,https://doi.org/10.1080/00288330.2022.2088569,"Gall et al. 2022, Figure 10A",v1,S2_SR_HARMONIZED_SCL_v1,174.8791942550732,-41.260232626940045,0.0528,0.078,0.0902,0.0821,0.0379,0.0349,0.0296,0.019,0.0024,0.0021
hutt_20200713,COPERNICUS/S2_SR_HARMONIZED/20200712T222549_20200712T222545_T60GUV,2020-07-12 22:27:27,hutt_20200713_plumeTrain_0,1,train,https://doi.org/10.1080/00288330.2022.2088569,"Gall et al. 2022, Figure 10A",v1,S2_SR_HARMONIZED_SCL_v1,174.87931354778598,-41.26023482525255,0.0587,0.0785,0.0883,0.0785,0.038,0.0346,0.03,0.0207,0.0029,0.003
hutt_20200713,COPERNICUS/S2_SR_HARMONIZED/20200712T222549_20200712T222545_T60GUV,2020-07-12 22:27:27,hutt_20200713_plumeTrain_0,1,train,https://doi.org/10.1080/00288330.2022.2088569,"Gall et al. 2022, Figure 10A",v1,S2_SR_HARMONIZED_SCL_v1,174.87943284051192,-41.26023702344156,0.0642,0.0822,0.0845,0.0785,0.038,0.0346,0.0292,0.0207,0.0029,0.003
hutt_20200713,COPERNICUS/S2_SR_HARMONIZED/20200712T222549_20200712T222545_T60GUV,2020-07-12 22:27:27,hutt_20200713_plumeTrain_0,1,train,https://doi.org/10.1080/00288330.2022.2088569,"Gall et al. 2022, Figure 10A",v1,S2_SR_HARMONIZED_SCL_v1,174.87955213325114,-41.26023922150706,0.0601,0.0785,0.087,0.0817,0.0374,0.0335,0.0281,0.0188,0.0032,0.0032
hutt_20200713,COPERNICUS/S2_SR_HARMONIZED/20200712T222549_20200712T222545_T60GUV,2020-07-12 22:27:27,hutt_20200713_plumeTrain_0,1,train,https://doi.org/10.1080/00288330.2022.2088569,"Gall et al. 2022, Figure 10A",v1,S2_SR_HARMONIZED_SCL_v1,174.87991001154796,-41.260245814962516,0.0596,0.0785,0.0842,0.0788,0.0361,0.0357,0.0273,0.0182,0.0022,0.0021
hutt_20200713,COPERNICUS/S2_SR_HARMONIZED/20200712T222549_20200712T222545_T60GUV,2020-07-12 22:27:27,hutt_20200713_plumeTrain_0,1,train,https://doi.org/10.1080/00288330.2022.2088569,"Gall et al. 2022, Figure 10A",v1,S2_SR_HARMONIZED_SCL_v1,174.88014859714528,-41.26025020998197,0.0587,0.0822,0.0877,0.0801,0.0365,0.035,0.0274,0.0173,0.0013,0.0031
hutt_20200713,COPERNICUS/S2_SR_HARMONIZED/20200712T222549_20200712T222545_T60GUV,2020-07-12 22:27:27,hutt_20200713_plumeTrain_0,1,train,https://doi.org/10.1080/00288330.2022.2088569,"Gall et al. 2022, Figure 10A",v1,S2_SR_HARMONIZED_SCL_v1,174.88026788996376,-41.26025240730644,0.0576,0.0837,0.0847,0.0785,0.0384,0.0356,0.0296,0.0189,0.001,0.0044
hutt_20200713,COPERNICUS/S2_SR_HARMONIZED/20200712T222549_20200712T222545_T60GUV,2020-07-12 22:27:27,hutt_20200713_plumeTrain_0,1,train,https://doi.org/10.1080/00288330.2022.2088569,"Gall et al. 2022, Figure 10A",v1,S2_SR_HARMONIZED_SCL_v1,174.88050647564032,-41.260256801584866,0.0556,0.0797,0.085,0.0786,0.0379,0.0359,0.0285,0.0193,0.0032,0.0027
hutt_20200713,COPERNICUS/S2_SR_HARMONIZED/20200712T222549_20200712T222545_T60GUV,2020-07-12 22:27:27,hutt_20200713_plumeTrain_0,1,train,https://doi.org/10.1080/00288330.2022.2088569,"Gall et al. 2022, Figure 10A",v1,S2_SR_HARMONIZED_SCL_v1,174.88062576849842,-41.260258998538816,0.0566,0.0774,0.0869,0.0786,0.0379,0.0359,0.0291,0.0193,0.0032,0.0027
hutt_20200713,COPERNICUS/S2_SR_HARMONIZED/20200712T222549_20200712T222545_T60GUV,2020-07-12 22:27:27,hutt_20200713_plumeTrain_0,1,train,https://doi.org/10.1080/00288330.2022.2088569,"Gall et al. 2022, Figure 10A",v1,S2_SR_HARMONIZED_SCL_v1,174.88074506136974,-41.260261195369274,0.0566,0.0783,0.0867,0.081,0.037,0.0336,0.0303,0.0193,0.0022,0.0034
hutt_20200713,COPERNICUS/S2_SR_HARMONIZED/20200712T222549_20200712T222545_T60GUV,2020-07-12 22:27:27,hutt_20200713_plumeTrain_0,1,train,https://doi.org/10.1080/00288330.2022.2088569,"Gall et al. 2022, Figure 10A",v1,S2_SR_HARMONIZED_SCL_v1,174.88098364715196,-41.26026558865966,0.0566,0.08,0.0839,0.0796,0.0379,0.0345,0.028,0.0195,0.0012,0.0032
hutt_20200713,COPERNICUS/S2_SR_HARMONIZED/20200712T222549_20200712T222545_T60GUV,2020-07-12 22:27:27,hutt_20200713_plumeTrain_0,1,train,https://doi.org/10.1080/00288330.2022.2088569,"Gall et al. 2022, Figure 10A",v1,S2_SR_HARMONIZED_SCL_v1,174.8811029400629,-41.26026778511959,0.0555,0.0818,0.0869,0.0796,0.0379,0.0345,0.0294,0.0195,0.0012,0.0032
hutt_20200713,COPERNICUS/S2_SR_HARMONIZED/20200712T222549_20200712T222545_T60GUV,2020-07-12 22:27:27,hutt_20200713_plumeTrain_0,1,train,https://doi.org/10.1080/00288330.2022.2088569,"Gall et al. 2022, Figure 10A",v1,S2_SR_HARMONIZED_SCL_v1,174.88134152592437,-41.260272177668945,0.0568,0.0771,0.0863,0.0781,0.0368,0.0348,0.029,0.0178,0.0038,0.003
hutt_20200713,COPERNICUS/S2_SR_HARMONIZED/20200712T222549_20200712T222545_T60GUV,2020-07-12 22:27:27,hutt_20200713_plumeTrain_0,1,train,https://doi.org/10.1080/00288330.2022.2088569,"Gall et al. 2022, Figure 10A",v1,S2_SR_HARMONIZED_SCL_v1,174.88146081887493,-41.260274373758364,0.0604,0.0809,0.085,0.0769,0.0358,0.034,0.0286,0.0166,0.0028,0.0012
hutt_20200713,COPERNICUS/S2_SR_HARMONIZED/20200712T222549_20200712T222545_T60GUV,2020-07-12 22:27:27,hutt_20200713_plumeTrain_0,1,train,https://doi.org/10.1080/00288330.2022.2088569,"Gall et al. 2022, Figure 10A",v1,S2_SR_HARMONIZED_SCL_v1,174.88158011183867,-41.26027656972428,0.0566,0.0802,0.0837,0.0769,0.0358,0.034,0.0263,0.0166,0.0028,0.0012
hutt_20200713,COPERNICUS/S2_SR_HARMONIZED/20200712T222549_20200712T222545_T60GUV,2020-07-12 22:27:27,hutt_20200713_plumeTrain_0,1,train,https://doi.org/10.1080/00288330.2022.2088569,"Gall et al. 2022, Figure 10A",v1,S2_SR_HARMONIZED_SCL_v1,174.8816994048156,-41.26027876556669,0.0562,0.0802,0.0841,0.0799,0.0354,0.0338,0.0281,0.0178,0.0014,0.0036
hutt_20200713,COPERNICUS/S2_SR_HARMONIZED/20200712T222549_20200712T222545_T60GUV,2020-07-12 22:27:27,hutt_20200713_plumeTrain_0,1,train,https://doi.org/10.1080/00288330.2022.2088569,"Gall et al. 2022, Figure 10A",v1,S2_SR_HARMONIZED_SCL_v1,174.88193799080912,-41.260283156880995,0.0548,0.0799,0.0838,0.0811,0.0371,0.0347,0.0303,0.0195,0.0026,0.0031
hutt_20200713,COPERNICUS/S2_SR_HARMONIZED/20200712T222549_20200712T222545_T60GUV,2020-07-12 22:27:27,hutt_20200713_plumeTrain_0,1,train,https://doi.org/10.1080/00288330.2022.2088569,"Gall et al. 2022, Figure 10A",v1,S2_SR_HARMONIZED_SCL_v1,174.8820572838257,-41.26028535235289,0.0548,0.0786,0.0868,0.0811,0.0371,0.0347,0.0296,0.0195,0.0026,0.0031
hutt_20200713,COPERNICUS/S2_SR_HARMONIZED/20200712T222549_20200712T222545_T60GUV,2020-07-12 22:27:27,hutt_20200713_plumeTrain_0,1,train,https://doi.org/10.1080/00288330.2022.2088569,"Gall et al. 2022, Figure 10A",v1,S2_SR_HARMONIZED_SCL_v1,174.8822958698984,-41.260289742926155,0.0555,0.0802,0.0859,0.0797,0.0373,0.0346,0.0286,0.0191,0.0028,0.0012
hutt_20200713,COPERNICUS/S2_SR_HARMONIZED/20200712T222549_20200712T222545_T60GUV,2020-07-12 22:27:27,hutt_20200713_plumeTrain_0,1,train,https://doi.org/10.1080/00288330.2022.2088569,"Gall et al. 2022, Figure 10A",v1,S2_SR_HARMONIZED_SCL_v1,174.88241516295457,-41.260291938027535,0.0586,0.0791,0.0839,0.0754,0.0364,0.0349,0.0292,0.0195,0.0019,0.0015
hutt_20200713,COPERNICUS/S2_SR_HARMONIZED/20200712T222549_20200712T222545_T60GUV,2020-07-12 22:27:27,hutt_20200713_plumeTrain_0,1,train,https://doi.org/10.1080/00288330.2022.2088569,"Gall et al. 2022, Figure 10A",v1,S2_SR_HARMONIZED_SCL_v1,174.88265374910648,-41.26029632785977,0.0547,0.0778,0.0827,0.0768,0.0371,0.0346,0.0297,0.0174,0.0019,0.0032
hutt_20200713,COPERNICUS/S2_SR_HARMONIZED/20200712T222549_20200712T222545_T60GUV,2020-07-12 22:27:27,hutt_20200713_plumeTrain_0,1,train,https://doi.org/10.1080/00288330.2022.2088569,"Gall et al. 2022, Figure 10A",v1,S2_SR_HARMONIZED_SCL_v1,174.88289233531117,-41.260300717197985,0.0568,0.0772,0.083,0.0758,0.0323,0.0341,0.0254,0.0167,0.0013,0.003
hutt_20200713,COPERNICUS/S2_SR_HARMONIZED/20200712T222549_20200712T222545_T60GUV,2020-07-12 22:27:27,hutt_20200713_plumeTrain_0,1,train,https://doi.org/10.1080/00288330.2022.2088569,"Gall et al. 2022, Figure 10A",v1,S2_SR_HARMONIZED_SCL_v1,174.88301162843328,-41.26030291168184,0.0595,0.0782,0.081,0.0758,0.0323,0.0341,0.0262,0.0167,0.0013,0.003
hutt_20200713,COPERNICUS/S2_SR_HARMONIZED/20200712T222549_20200712T222545_T60GUV,2020-07-12 22:27:27,hutt_20200713_plumeTrain_0,1,train,https://doi.org/10.1080/00288330.2022.2088569,"Gall et al. 2022, Figure 10A",v1,S2_SR_HARMONIZED_SCL_v1,174.88313092156864,-41.26030510604218,0.0563,0.0734,0.0822,0.0749,0.0344,0.0349,0.0287,0.0146,0.0019,0.0019
hutt_20200713,COPERNICUS/S2_SR_HARMONIZED/20200712T222549_20200712T222545_T60GUV,2020-07-12 22:27:27,hutt_20200713_plumeTrain_0,1,train,https://doi.org/10.1080/00288330.2022.2088569,"Gall et al. 2022, Figure 10A",v1,S2_SR_HARMONIZED_SCL_v1,174.88325021471715,-41.26030730027902,0.0576,0.0777,0.0816,0.0749,0.0344,0.0349,0.0269,0.0146,0.0019,0.0019
hutt_20200713,COPERNICUS/S2_SR_HARMONIZED/20200712T222549_20200712T222545_T60GUV,2020-07-12 22:27:27,hutt_20200713_plumeTrain_0,1,train,https://doi.org/10.1080/00288330.2022.2088569,"Gall et al. 2022, Figure 10A",v1,S2_SR_HARMONIZED_SCL_v1,174.87740195015252,-41.26028965380152,0.0614,0.0795,0.08,0.0733,0.0333,0.0306,0.0254,0.0182,0.0013,0.0025
hutt_20200713,COPERNICUS/S2_SR_HARMONIZED/20200712T222549_20200712T222545_T60GUV,2020-07-12 22:27:27,hutt_20200713_plumeTrain_0,1,train,https://doi.org/10.1080/00288330.2022.2088569,"Gall et al. 2022, Figure 10A",v1,S2_SR_HARMONIZED_SCL_v1,174.8781177064188,-41.26030285298093,0.0578,0.0839,0.0854,0.0762,0.0351,0.033,0.029,0.0188,0.0018,1.0E-4
hutt_20200713,COPERNICUS/S2_SR_HARMONIZED/20200712T222549_20200712T222545_T60GUV,2020-07-12 22:27:27,hutt_20200713_plumeTrain_0,1,train,https://doi.org/10.1080/00288330.2022.2088569,"Gall et al. 2022, Figure 10A",v1,S2_SR_HARMONIZED_SCL_v1,174.87823699917615,-41.260305052411894,0.0597,0.0823,0.0836,0.0762,0.0351,0.033,0.029,0.0188,0.0018,1.0E-4
hutt_20200713,COPERNICUS/S2_SR_HARMONIZED/20200712T222549_20200712T222545_T60GUV,2020-07-12 22:27:27,hutt_20200713_plumeTrain_0,1,train,https://doi.org/10.1080/00288330.2022.2088569,"Gall et al. 2022, Figure 10A",v1,S2_SR_HARMONIZED_SCL_v1,174.87835629194672,-41.26030725171936,0.0609,0.0814,0.081,0.077,0.0359,0.0327,0.0268,0.0172,0.002,0.0013
hutt_20200713,COPERNICUS/S2_SR_HARMONIZED/20200712T222549_20200712T222545_T60GUV,2020-07-12 22:27:27,hutt_20200713_plumeTrain_0,1,train,https://doi.org/10.1080/00288330.2022.2088569,"Gall et al. 2022, Figure 10A",v1,S2_SR_HARMONIZED_SCL_v1,174.8785948775275,-41.260311649963775,0.0602,0.0815,0.0827,0.0777,0.0359,0.0342,0.0257,0.0169,0.002,0.0022
hutt_20200713,COPERNICUS/S2_SR_HARMONIZED/20200712T222549_20200712T222545_T60GUV,2020-07-12 22:27:27,hutt_20200713_plumeTrain_0,1,train,https://doi.org/10.1080/00288330.2022.2088569,"Gall et al. 2022, Figure 10A",v1,S2_SR_HARMONIZED_SCL_v1,174.87895275599786,-41.26031824640411,0.0556,0.081,0.0856,0.0784,0.0367,0.0351,0.0291,0.0183,0.001,0.0041
hutt_20200713,COPERNICUS/S2_SR_HARMONIZED/20200712T222549_20200712T222545_T60GUV,2020-07-12 22:27:27,hutt_20200713_plumeTrain_0,1,train,https://doi.org/10.1080/00288330.2022.2088569,"Gall et al. 2022, Figure 10A",v1,S2_SR_HARMONIZED_SCL_v1,174.87907204884775,-41.26032044497055,0.0537,0.0855,0.0866,0.0759,0.0375,0.0362,0.0281,0.0206,0.0021,1.0E-4
hutt_20200713,COPERNICUS/S2_SR_HARMONIZED/20200712T222549_20200712T222545_T60GUV,2020-07-12 22:27:27,hutt_20200713_plumeTrain_0,1,train,https://doi.org/10.1080/00288330.2022.2088569,"Gall et al. 2022, Figure 10A",v1,S2_SR_HARMONIZED_SCL_v1,174.87919134171085,-41.26032264341348,0.0563,0.0791,0.0841,0.0759,0.0375,0.0362,0.0286,0.0206,0.0021,1.0E-4
hutt_20200713,COPERNICUS/S2_SR_HARMONIZED/20200712T222549_20200712T222545_T60GUV,2020-07-12 22:27:27,hutt_20200713_plumeTrain_0,1,train,https://doi.org/10.1080/00288330.2022.2088569,"Gall et al. 2022, Figure 10A",v1,S2_SR_HARMONIZED_SCL_v1,174.87931063458717,-41.26032484173291,0.0604,0.0776,0.0852,0.0758,0.0366,0.0339,0.0286,0.0195,0.002,0.0041
hutt_20200713,COPERNICUS/S2_SR_HARMONIZED/20200712T222549_20200712T222545_T60GUV,2020-07-12 22:27:27,hutt_20200713_plumeTrain_0,1,train,https://doi.org/10.1080/00288330.2022.2088569,"Gall et al. 2022, Figure 10A",v1,S2_SR_HARMONIZED_SCL_v1,174.8794299274767,-41.26032703992883,0.0617,0.0854,0.0825,0.0758,0.0366,0.0339,0.0285,0.0195,0.002,0.0041
hutt_20200713,COPERNICUS/S2_SR_HARMONIZED/20200712T222549_20200712T222545_T60GUV,2020-07-12 22:27:27,hutt_20200713_plumeTrain_0,1,train,https://doi.org/10.1080/00288330.2022.2088569,"Gall et al. 2022, Figure 10A",v1,S2_SR_HARMONIZED_SCL_v1,174.87954922037946,-41.26032923800125,0.0567,0.0833,0.0861,0.082,0.0361,0.0325,0.029,0.0166,0.0021,0.002
hutt_20200713,COPERNICUS/S2_SR_HARMONIZED/20200712T222549_20200712T222545_T60GUV,2020-07-12 22:27:27,hutt_20200713_plumeTrain_0,1,train,https://doi.org/10.1080/00288330.2022.2088569,"Gall et al. 2022, Figure 10A",v1,S2_SR_HARMONIZED_SCL_v1,174.87978780622464,-41.260333633775566,0.0639,0.0828,0.0866,0.078,0.0362,0.0346,0.0271,0.0182,0.0023,6.0E-4
hutt_20200713,COPERNICUS/S2_SR_HARMONIZED/20200712T222549_20200712T222545_T60GUV,2020-07-12 22:27:27,hutt_20200713_plumeTrain_0,1,train,https://doi.org/10.1080/00288330.2022.2088569,"Gall et al. 2022, Figure 10A",v1,S2_SR_HARMONIZED_SCL_v1,174.87990709916704,-41.26033583147747,0.0546,0.0795,0.0843,0.078,0.0362,0.0346,0.0291,0.0182,0.0023,6.0E-4
hutt_20200713,COPERNICUS/S2_SR_HARMONIZED/20200712T222549_20200712T222545_T60GUV,2020-07-12 22:27:27,hutt_20200713_plumeTrain_0,1,train,https://doi.org/10.1080/00288330.2022.2088569,"Gall et al. 2022, Figure 10A",v1,S2_SR_HARMONIZED_SCL_v1,174.88026497807354,-41.26034242384215,0.0528,0.0828,0.0844,0.0844,0.0395,0.0346,0.0303,0.019,0.0018,0.0034
hutt_20200713,COPERNICUS/S2_SR_HARMONIZED/20200712T222549_20200712T222545_T60GUV,2020-07-12 22:27:27,hutt_20200713_plumeTrain_0,1,train,https://doi.org/10.1080/00288330.2022.2088569,"Gall et al. 2022, Figure 10A",v1,S2_SR_HARMONIZED_SCL_v1,174.88038427106878,-41.260344621050024,0.0589,0.0814,0.0841,0.0844,0.0395,0.0346,0.03,0.019,0.0018,0.0034
hutt_20200713,COPERNICUS/S2_SR_HARMONIZED/20200712T222549_20200712T222545_T60GUV,2020-07-12 22:27:27,hutt_20200713_plumeTrain_0,1,train,https://doi.org/10.1080/00288330.2022.2088569,"Gall et al. 2022, Figure 10A",v1,S2_SR_HARMONIZED_SCL_v1,174.88062285709893,-41.26034901509528,0.0541,0.081,0.0864,0.0801,0.0378,0.0371,0.0286,0.0177,0.0011,0.0027
hutt_20200713,COPERNICUS/S2_SR_HARMONIZED/20200712T222549_20200712T222545_T60GUV,2020-07-12 22:27:27,hutt_20200713_plumeTrain_0,1,train,https://doi.org/10.1080/00288330.2022.2088569,"Gall et al. 2022, Figure 10A",v1,S2_SR_HARMONIZED_SCL_v1,174.8807421501338,-41.26035121193264,0.0574,0.0832,0.0857,0.0794,0.0381,0.0344,0.0283,0.0168,0.0013,0.0031
hutt_20200713,COPERNICUS/S2_SR_HARMONIZED/20200712T222549_20200712T222545_T60GUV,2020-07-12 22:27:27,hutt_20200713_plumeTrain_0,1,train,https://doi.org/10.1080/00288330.2022.2088569,"Gall et al. 2022, Figure 10A",v1,S2_SR_HARMONIZED_SCL_v1,174.8808614431819,-41.2603534086465,0.0574,0.0821,0.0841,0.0794,0.0381,0.0344,0.0271,0.0168,0.0013,0.0031
hutt_20200713,COPERNICUS/S2_SR_HARMONIZED/20200712T222549_20200712T222545_T60GUV,2020-07-12 22:27:27,hutt_20200713_plumeTrain_0,1,train,https://doi.org/10.1080/00288330.2022.2088569,"Gall et al. 2022, Figure 10A",v1,S2_SR_HARMONIZED_SCL_v1,174.8809807362432,-41.26035560523686,0.0563,0.0792,0.0828,0.0797,0.0379,0.0323,0.0278,0.0167,0.0011,0.0032
hutt_20200713,COPERNICUS/S2_SR_HARMONIZED/20200712T222549_20200712T222545_T60GUV,2020-07-12 22:27:27,hutt_20200713_plumeTrain_0,1,train,https://doi.org/10.1080/00288330.2022.2088569,"Gall et al. 2022, Figure 10A",v1,S2_SR_HARMONIZED_SCL_v1,174.88133861550634,-41.26036219426689,0.057,0.0769,0.0836,0.0806,0.0379,0.0329,0.0292,0.0186,0.004,0.0034
hutt_20200713,COPERNICUS/S2_SR_HARMONIZED/20200712T222549_20200712T222545_T60GUV,2020-07-12 22:27:27,hutt_20200713_plumeTrain_0,1,train,https://doi.org/10.1080/00288330.2022.2088569,"Gall et al. 2022, Figure 10A",v1,S2_SR_HARMONIZED_SCL_v1,174.88145790862046,-41.26036439036323,0.0591,0.0803,0.0847,0.0766,0.0393,0.0336,0.0278,0.019,0.0026,0.0026
hutt_20200713,COPERNICUS/S2_SR_HARMONIZED/20200712T222549_20200712T222545_T60GUV,2020-07-12 22:27:27,hutt_20200713_plumeTrain_0,1,train,https://doi.org/10.1080/00288330.2022.2088569,"Gall et al. 2022, Figure 10A",v1,S2_SR_HARMONIZED_SCL_v1,174.88193508120898,-41.2603731735135,0.057,0.0813,0.0822,0.0774,0.0377,0.0347,0.0286,0.0189,0.0029,0.0032
hutt_20200713,COPERNICUS/S2_SR_HARMONIZED/20200712T222549_20200712T222545_T60GUV,2020-07-12 22:27:27,hutt_20200713_plumeTrain_0,1,train,https://doi.org/10.1080/00288330.2022.2088569,"Gall et al. 2022, Figure 10A",v1,S2_SR_HARMONIZED_SCL_v1,174.88217366758246,-41.26037756434761,0.0588,0.0771,0.0868,0.0784,0.0364,0.0346,0.0301,0.0191,0.0028,0.0016
hutt_20200713,COPERNICUS/S2_SR_HARMONIZED/20200712T222549_20200712T222545_T60GUV,2020-07-12 22:27:27,hutt_20200713_plumeTrain_0,1,train,https://doi.org/10.1080/00288330.2022.2088569,"Gall et al. 2022, Figure 10A",v1,S2_SR_HARMONIZED_SCL_v1,174.88229296078896,-41.2603797595794,0.0605,0.0774,0.0832,0.0784,0.0364,0.0346,0.0274,0.0191,0.0028,0.0016
hutt_20200713,COPERNICUS/S2_SR_HARMONIZED/20200712T222549_20200712T222545_T60GUV,2020-07-12 22:27:27,hutt_20200713_plumeTrain_0,1,train,https://doi.org/10.1080/00288330.2022.2088569,"Gall et al. 2022, Figure 10A",v1,S2_SR_HARMONIZED_SCL_v1,174.88253154724163,-41.260384149672475,0.0527,0.0799,0.0841,0.0777,0.0381,0.0333,0.026,0.0183,0.001,0.0015
hutt_20200713,COPERNICUS/S2_SR_HARMONIZED/20200712T222549_20200712T222545_T60GUV,2020-07-12 22:27:27,hutt_20200713_plumeTrain_0,1,train,https://doi.org/10.1080/00288330.2022.2088569,"Gall et al. 2022, Figure 10A",v1,S2_SR_HARMONIZED_SCL_v1,174.88277013374707,-41.260388539271524,0.0552,0.0793,0.0807,0.0774,0.0377,0.0354,0.0271,0.0173,7.0E-4,0.0024
hutt_20200713,COPERNICUS/S2_SR_HARMONIZED/20200712T222549_20200712T222545_T60GUV,2020-07-12 22:27:27,hutt_20200713_plumeTrain_0,1,train,https://doi.org/10.1080/00288330.2022.2088569,"Gall et al. 2022, Figure 10A",v1,S2_SR_HARMONIZED_SCL_v1,174.8828894270196,-41.260390733885785,0.0555,0.0775,0.0827,0.0777,0.0331,0.0348,0.0256,0.0211,0.0019,0.0029
hutt_20200713,COPERNICUS/S2_SR_HARMONIZED/20200712T222549_20200712T222545_T60GUV,2020-07-12 22:27:27,hutt_20200713_plumeTrain_0,1,train,https://doi.org/10.1080/00288330.2022.2088569,"Gall et al. 2022, Figure 10A",v1,S2_SR_HARMONIZED_SCL_v1,174.8830087203053,-41.26039292837655,0.0561,0.0785,0.0807,0.0777,0.0331,0.0348,0.0283,0.0211,0.0019,0.0029
hutt_20200713,COPERNICUS/S2_SR_HARMONIZED/20200712T222549_20200712T222545_T60GUV,2020-07-12 22:27:27,hutt_20200713_plumeTrain_0,1,train,https://doi.org/10.1080/00288330.2022.2088569,"Gall et al. 2022, Figure 10A",v1,S2_SR_HARMONIZED_SCL_v1,174.88312801360422,-41.260395122743795,0.0559,0.0783,0.0838,0.077,0.0366,0.0349,0.028,0.0172,0.0019,0.0015
hutt_20200713,COPERNICUS/S2_SR_HARMONIZED/20200712T222549_20200712T222545_T60GUV,2020-07-12 22:27:27,hutt_20200713_plumeTrain_0,1,train,https://doi.org/10.1080/00288330.2022.2088569,"Gall et al. 2022, Figure 10A",v1,S2_SR_HARMONIZED_SCL_v1,174.88324730691633,-41.26039731698754,0.0545,0.0785,0.083,0.077,0.0366,0.0349,0.0272,0.0172,0.0019,0.0015
hutt_20200713,COPERNICUS/S2_SR_HARMONIZED/20200712T222549_20200712T222545_T60GUV,2020-07-12 22:27:27,hutt_20200713_plumeTrain_0,1,train,https://doi.org/10.1080/00288330.2022.2088569,"Gall et al. 2022, Figure 10A",v1,S2_SR_HARMONIZED_SCL_v1,174.87763762001964,-41.26038407040386,0.0609,0.0781,0.0821,0.0757,0.0346,0.0325,0.0237,0.0154,0.0021,0.0034
hutt_20200713,COPERNICUS/S2_SR_HARMONIZED/20200712T222549_20200712T222545_T60GUV,2020-07-12 22:27:27,hutt_20200713_plumeTrain_0,1,train,https://doi.org/10.1080/00288330.2022.2088569,"Gall et al. 2022, Figure 10A",v1,S2_SR_HARMONIZED_SCL_v1,174.8778762057689,-41.26038847014418,0.0554,0.0814,0.082,0.0748,0.0353,0.0338,0.0274,0.0171,0.0016,0.0015
hutt_20200713,COPERNICUS/S2_SR_HARMONIZED/20200712T222549_20200712T222545_T60GUV,2020-07-12 22:27:27,hutt_20200713_plumeTrain_0,1,train,https://doi.org/10.1080/00288330.2022.2088569,"Gall et al. 2022, Figure 10A",v1,S2_SR_HARMONIZED_SCL_v1,174.87799549866335,-41.26039066982908,0.0593,0.0771,0.0841,0.0748,0.0353,0.0338,0.0251,0.0171,0.0016,0.0015
hutt_20200713,COPERNICUS/S2_SR_HARMONIZED/20200712T222549_20200712T222545_T60GUV,2020-07-12 22:27:27,hutt_20200713_plumeTrain_0,1,train,https://doi.org/10.1080/00288330.2022.2088569,"Gall et al. 2022, Figure 10A",v1,S2_SR_HARMONIZED_SCL_v1,174.87823408449196,-41.260395068828366,0.0593,0.0805,0.0849,0.0762,0.0351,0.033,0.0261,0.0188,0.0018,1.0E-4
hutt_20200713,COPERNICUS/S2_SR_HARMONIZED/20200712T222549_20200712T222545_T60GUV,2020-07-12 22:27:27,hutt_20200713_plumeTrain_0,1,train,https://doi.org/10.1080/00288330.2022.2088569,"Gall et al. 2022, Figure 10A",v1,S2_SR_HARMONIZED_SCL_v1,174.8783533774261,-41.26039726814276,0.061,0.0802,0.0816,0.077,0.0359,0.0327,0.029,0.0172,0.002,0.0013
hutt_20200713,COPERNICUS/S2_SR_HARMONIZED/20200712T222549_20200712T222545_T60GUV,2020-07-12 22:27:27,hutt_20200713_plumeTrain_0,1,train,https://doi.org/10.1080/00288330.2022.2088569,"Gall et al. 2022, Figure 10A",v1,S2_SR_HARMONIZED_SCL_v1,174.87871125630787,-41.26040386534489,0.0609,0.0844,0.0836,0.0777,0.0359,0.0342,0.0285,0.0169,0.002,0.0022
hutt_20200713,COPERNICUS/S2_SR_HARMONIZED/20200712T222549_20200712T222545_T60GUV,2020-07-12 22:27:27,hutt_20200713_plumeTrain_0,1,train,https://doi.org/10.1080/00288330.2022.2088569,"Gall et al. 2022, Figure 10A",v1,S2_SR_HARMONIZED_SCL_v1,174.87883054929486,-41.26040606416526,0.0567,0.0779,0.0858,0.0784,0.0367,0.0351,0.0293,0.0183,0.001,0.0041
hutt_20200713,COPERNICUS/S2_SR_HARMONIZED/20200712T222549_20200712T222545_T60GUV,2020-07-12 22:27:27,hutt_20200713_plumeTrain_0,1,train,https://doi.org/10.1080/00288330.2022.2088569,"Gall et al. 2022, Figure 10A",v1,S2_SR_HARMONIZED_SCL_v1,174.87906913530858,-41.26041046143548,0.0592,0.0815,0.0824,0.0759,0.0375,0.0362,0.0295,0.0206,0.0021,1.0E-4
hutt_20200713,COPERNICUS/S2_SR_HARMONIZED/20200712T222549_20200712T222545_T60GUV,2020-07-12 22:27:27,hutt_20200713_plumeTrain_0,1,train,https://doi.org/10.1080/00288330.2022.2088569,"Gall et al. 2022, Figure 10A",v1,S2_SR_HARMONIZED_SCL_v1,174.87918842833525,-41.26041265988533,0.0577,0.0815,0.0843,0.0759,0.0375,0.0362,0.0284,0.0206,0.0021,1.0E-4
hutt_20200713,COPERNICUS/S2_SR_HARMONIZED/20200712T222549_20200712T222545_T60GUV,2020-07-12 22:27:27,hutt_20200713_plumeTrain_0,1,train,https://doi.org/10.1080/00288330.2022.2088569,"Gall et al. 2022, Figure 10A",v1,S2_SR_HARMONIZED_SCL_v1,174.87930772137517,-41.26041485821168,0.055,0.0794,0.0813,0.0758,0.0366,0.0339,0.0287,0.0195,0.002,0.0041
hutt_20200713,COPERNICUS/S2_SR_HARMONIZED/20200712T222549_20200712T222545_T60GUV,2020-07-12 22:27:27,hutt_20200713_plumeTrain_0,1,train,https://doi.org/10.1080/00288330.2022.2088569,"Gall et al. 2022, Figure 10A",v1,S2_SR_HARMONIZED_SCL_v1,174.8795463074946,-41.26041925449386,0.0567,0.0811,0.0861,0.082,0.0361,0.0325,0.0281,0.0166,0.0021,0.002
hutt_20200713,COPERNICUS/S2_SR_HARMONIZED/20200712T222549_20200712T222545_T60GUV,2020-07-12 22:27:27,hutt_20200713_plumeTrain_0,1,train,https://doi.org/10.1080/00288330.2022.2088569,"Gall et al. 2022, Figure 10A",v1,S2_SR_HARMONIZED_SCL_v1,174.87978489366694,-41.26042365028202,0.0596,0.0822,0.0875,0.078,0.0362,0.0346,0.0259,0.0182,0.0023,6.0E-4
hutt_20200713,COPERNICUS/S2_SR_HARMONIZED/20200712T222549_20200712T222545_T60GUV,2020-07-12 22:27:27,hutt_20200713_plumeTrain_0,1,train,https://doi.org/10.1080/00288330.2022.2088569,"Gall et al. 2022, Figure 10A",v1,S2_SR_HARMONIZED_SCL_v1,174.8800234798921,-41.260428045576155,0.0592,0.0807,0.0845,0.0825,0.038,0.0327,0.0268,0.0192,0.0013,0.0026
hutt_20200713,COPERNICUS/S2_SR_HARMONIZED/20200712T222549_20200712T222545_T60GUV,2020-07-12 22:27:27,hutt_20200713_plumeTrain_0,1,train,https://doi.org/10.1080/00288330.2022.2088569,"Gall et al. 2022, Figure 10A",v1,S2_SR_HARMONIZED_SCL_v1,174.8801427730245,-41.260430243037966,0.0596,0.0838,0.083,0.0825,0.038,0.0327,0.0314,0.0192,0.0013,0.0026
hutt_20200713,COPERNICUS/S2_SR_HARMONIZED/20200712T222549_20200712T222545_T60GUV,2020-07-12 22:27:27,hutt_20200713_plumeTrain_0,1,train,https://doi.org/10.1080/00288330.2022.2088569,"Gall et al. 2022, Figure 10A",v1,S2_SR_HARMONIZED_SCL_v1,174.88026206617013,-41.26043244037628,0.055,0.0828,0.0814,0.0844,0.0395,0.0346,0.0308,0.019,0.0018,0.0034
hutt_20200713,COPERNICUS/S2_SR_HARMONIZED/20200712T222549_20200712T222545_T60GUV,2020-07-12 22:27:27,hutt_20200713_plumeTrain_0,1,train,https://doi.org/10.1080/00288330.2022.2088569,"Gall et al. 2022, Figure 10A",v1,S2_SR_HARMONIZED_SCL_v1,174.88038135932896,-41.260434637591075,0.056,0.0822,0.0838,0.0844,0.0395,0.0346,0.0303,0.019,0.0018,0.0034
hutt_20200713,COPERNICUS/S2_SR_HARMONIZED/20200712T222549_20200712T222545_T60GUV,2020-07-12 22:27:27,hutt_20200713_plumeTrain_0,1,train,https://doi.org/10.1080/00288330.2022.2088569,"Gall et al. 2022, Figure 10A",v1,S2_SR_HARMONIZED_SCL_v1,174.88061994568625,-41.26043903165015,0.0541,0.0822,0.0844,0.0801,0.0378,0.0371,0.0285,0.0177,0.0011,0.0027
hutt_20200713,COPERNICUS/S2_SR_HARMONIZED/20200712T222549_20200712T222545_T60GUV,2020-07-12 22:27:27,hutt_20200713_plumeTrain_0,1,train,https://doi.org/10.1080/00288330.2022.2088569,"Gall et al. 2022, Figure 10A",v1,S2_SR_HARMONIZED_SCL_v1,174.88085853209637,-41.260443425215215,0.0562,0.0766,0.0871,0.0794,0.0381,0.0344,0.0283,0.0168,0.0013,0.0031
hutt_20200713,COPERNICUS/S2_SR_HARMONIZED/20200712T222549_20200712T222545_T60GUV,2020-07-12 22:27:27,hutt_20200713_plumeTrain_0,1,train,https://doi.org/10.1080/00288330.2022.2088569,"Gall et al. 2022, Figure 10A",v1,S2_SR_HARMONIZED_SCL_v1,174.88097782532122,-41.26044562181249,0.0556,0.0777,0.0861,0.0797,0.0379,0.0323,0.0273,0.0167,0.0011,0.0032
hutt_20200713,COPERNICUS/S2_SR_HARMONIZED/20200712T222549_20200712T222545_T60GUV,2020-07-12 22:27:27,hutt_20200713_plumeTrain_0,1,train,https://doi.org/10.1080/00288330.2022.2088569,"Gall et al. 2022, Figure 10A",v1,S2_SR_HARMONIZED_SCL_v1,174.88109711855932,-41.260447818286245,0.0596,0.0781,0.0886,0.0797,0.0379,0.0323,0.0273,0.0167,0.0011,0.0032
hutt_20200713,COPERNICUS/S2_SR_HARMONIZED/20200712T222549_20200712T222545_T60GUV,2020-07-12 22:27:27,hutt_20200713_plumeTrain_0,1,train,https://doi.org/10.1080/00288330.2022.2088569,"Gall et al. 2022, Figure 10A",v1,S2_SR_HARMONIZED_SCL_v1,174.88121641181058,-41.260450014636504,0.0623,0.0766,0.0879,0.0806,0.0379,0.0329,0.0317,0.0186,0.004,0.0034
hutt_20200713,COPERNICUS/S2_SR_HARMONIZED/20200712T222549_20200712T222545_T60GUV,2020-07-12 22:27:27,hutt_20200713_plumeTrain_0,1,train,https://doi.org/10.1080/00288330.2022.2088569,"Gall et al. 2022, Figure 10A",v1,S2_SR_HARMONIZED_SCL_v1,174.88145499835278,-41.26045440696651,0.0563,0.0776,0.0814,0.0766,0.0393,0.0336,0.0291,0.019,0.0026,0.0026
hutt_20200713,COPERNICUS/S2_SR_HARMONIZED/20200712T222549_20200712T222545_T60GUV,2020-07-12 22:27:27,hutt_20200713_plumeTrain_0,1,train,https://doi.org/10.1080/00288330.2022.2088569,"Gall et al. 2022, Figure 10A",v1,S2_SR_HARMONIZED_SCL_v1,174.88169358494778,-41.26045879880249,0.0549,0.0792,0.0866,0.0802,0.0376,0.0332,0.0285,0.0179,0.0016,0.0019
hutt_20200713,COPERNICUS/S2_SR_HARMONIZED/20200712T222549_20200712T222545_T60GUV,2020-07-12 22:27:27,hutt_20200713_plumeTrain_0,1,train,https://doi.org/10.1080/00288330.2022.2088569,"Gall et al. 2022, Figure 10A",v1,S2_SR_HARMONIZED_SCL_v1,174.8819321715956,-41.260463190144435,0.06,0.0805,0.0838,0.0774,0.0377,0.0347,0.0296,0.0189,0.0029,0.0032
hutt_20200713,COPERNICUS/S2_SR_HARMONIZED/20200712T222549_20200712T222545_T60GUV,2020-07-12 22:27:27,hutt_20200713_plumeTrain_0,1,train,https://doi.org/10.1080/00288330.2022.2088569,"Gall et al. 2022, Figure 10A",v1,S2_SR_HARMONIZED_SCL_v1,174.8820514649393,-41.260465385630155,0.0574,0.0796,0.0856,0.0774,0.0377,0.0347,0.029,0.0189,0.0029,0.0032
hutt_20200713,COPERNICUS/S2_SR_HARMONIZED/20200712T222549_20200712T222545_T60GUV,2020-07-12 22:27:27,hutt_20200713_plumeTrain_0,1,train,https://doi.org/10.1080/00288330.2022.2088569,"Gall et al. 2022, Figure 10A",v1,S2_SR_HARMONIZED_SCL_v1,174.88217075829624,-41.26046758099237,0.0555,0.0792,0.082,0.0784,0.0364,0.0346,0.0276,0.0191,0.0028,0.0016
hutt_20200713,COPERNICUS/S2_SR_HARMONIZED/20200712T222549_20200712T222545_T60GUV,2020-07-12 22:27:27,hutt_20200713_plumeTrain_0,1,train,https://doi.org/10.1080/00288330.2022.2088569,"Gall et al. 2022, Figure 10A",v1,S2_SR_HARMONIZED_SCL_v1,174.88240934504964,-41.26047197134627,0.0529,0.0793,0.0834,0.0777,0.0381,0.0333,0.0281,0.0183,0.001,0.0015
hutt_20200713,COPERNICUS/S2_SR_HARMONIZED/20200712T222549_20200712T222545_T60GUV,2020-07-12 22:27:27,hutt_20200713_plumeTrain_0,1,train,https://doi.org/10.1080/00288330.2022.2088569,"Gall et al. 2022, Figure 10A",v1,S2_SR_HARMONIZED_SCL_v1,174.88252863844616,-41.260474166337964,0.0548,0.0815,0.0855,0.0777,0.0381,0.0333,0.0304,0.0183,0.001,0.0015
hutt_20200713,COPERNICUS/S2_SR_HARMONIZED/20200712T222549_20200712T222545_T60GUV,2020-07-12 22:27:27,hutt_20200713_plumeTrain_0,1,train,https://doi.org/10.1080/00288330.2022.2088569,"Gall et al. 2022, Figure 10A",v1,S2_SR_HARMONIZED_SCL_v1,174.88264793185584,-41.26047636120615,0.0541,0.0792,0.0864,0.0774,0.0377,0.0354,0.029,0.0173,7.0E-4,0.0024
hutt_20200713,COPERNICUS/S2_SR_HARMONIZED/20200712T222549_20200712T222545_T60GUV,2020-07-12 22:27:27,hutt_20200713_plumeTrain_0,1,train,https://doi.org/10.1080/00288330.2022.2088569,"Gall et al. 2022, Figure 10A",v1,S2_SR_HARMONIZED_SCL_v1,174.88288651871486,-41.26048075057201,0.0541,0.0799,0.0816,0.0777,0.0331,0.0348,0.0261,0.0211,0.0019,0.0029
hutt_20200713,COPERNICUS/S2_SR_HARMONIZED/20200712T222549_20200712T222545_T60GUV,2020-07-12 22:27:27,hutt_20200713_plumeTrain_0,1,train,https://doi.org/10.1080/00288330.2022.2088569,"Gall et al. 2022, Figure 10A",v1,S2_SR_HARMONIZED_SCL_v1,174.88300581216413,-41.26048294506967,0.0515,0.0799,0.0817,0.0777,0.0331,0.0348,0.0281,0.0211,0.0019,0.0029
hutt_20200713,COPERNICUS/S2_SR_HARMONIZED/20200712T222549_20200712T222545_T60GUV,2020-07-12 22:27:27,hutt_20200713_plumeTrain_0,1,train,https://doi.org/10.1080/00288330.2022.2088569,"Gall et al. 2022, Figure 10A",v1,S2_SR_HARMONIZED_SCL_v1,174.88312510562662,-41.26048513944383,0.0487,0.0786,0.0859,0.077,0.0366,0.0349,0.0284,0.0172,0.0019,0.0015
hutt_20200713,COPERNICUS/S2_SR_HARMONIZED/20200712T222549_20200712T222545_T60GUV,2020-07-12 22:27:27,hutt_20200713_plumeTrain_0,1,train,https://doi.org/10.1080/00288330.2022.2088569,"Gall et al. 2022, Figure 10A",v1,S2_SR_HARMONIZED_SCL_v1,174.8832443991023,-41.260487333694485,0.05,0.0791,0.0817,0.077,0.0366,0.0349,0.0293,0.0172,0.0019,0.0015
hutt_20200713,COPERNICUS/S2_SR_HARMONIZED/20200712T222549_20200712T222545_T60GUV,2020-07-12 22:27:27,hutt_20200713_plumeTrain_0,1,train,https://doi.org/10.1080/00288330.2022.2088569,"Gall et al. 2022, Figure 10A",v1,S2_SR_HARMONIZED_SCL_v1,174.88348298609324,-41.260491721825275,0.0536,0.0778,0.0824,0.075,0.0355,0.0334,0.0284,0.0196,8.0E-4,0.0014
hutt_20200713,COPERNICUS/S2_SR_HARMONIZED/20200712T222549_20200712T222545_T60GUV,2020-07-12 22:27:27,hutt_20200713_plumeTrain_0,1,train,https://doi.org/10.1080/00288330.2022.2088569,"Gall et al. 2022, Figure 10A",v1,S2_SR_HARMONIZED_SCL_v1,174.87763470450437,-41.260474086784136,0.059,0.0789,0.0797,0.0703,0.0348,0.0315,0.0232,0.0153,0.0013,0.0031
hutt_20200713,COPERNICUS/S2_SR_HARMONIZED/20200712T222549_20200712T222545_T60GUV,2020-07-12 22:27:27,hutt_20200713_plumeTrain_0,1,train,https://doi.org/10.1080/00288330.2022.2088569,"Gall et al. 2022, Figure 10A",v1,S2_SR_HARMONIZED_SCL_v1,174.87775399753596,-41.26047628672297,0.0576,0.0805,0.0787,0.0703,0.0348,0.0315,0.0264,0.0153,0.0013,0.0031
hutt_20200713,COPERNICUS/S2_SR_HARMONIZED/20200712T222549_20200712T222545_T60GUV,2020-07-12 22:27:27,hutt_20200713_plumeTrain_0,1,train,https://doi.org/10.1080/00288330.2022.2088569,"Gall et al. 2022, Figure 10A",v1,S2_SR_HARMONIZED_SCL_v1,174.87787329058077,-41.260478486538304,0.0528,0.0792,0.0805,0.0705,0.0342,0.0321,0.0274,0.0173,0.0016,0.0026
hutt_20200713,COPERNICUS/S2_SR_HARMONIZED/20200712T222549_20200712T222545_T60GUV,2020-07-12 22:27:27,hutt_20200713_plumeTrain_0,1,train,https://doi.org/10.1080/00288330.2022.2088569,"Gall et al. 2022, Figure 10A",v1,S2_SR_HARMONIZED_SCL_v1,174.87799258363881,-41.26048068623013,0.0557,0.076,0.0825,0.0705,0.0342,0.0321,0.0255,0.0173,0.0016,0.0026
hutt_20200713,COPERNICUS/S2_SR_HARMONIZED/20200712T222549_20200712T222545_T60GUV,2020-07-12 22:27:27,hutt_20200713_plumeTrain_0,1,train,https://doi.org/10.1080/00288330.2022.2088569,"Gall et al. 2022, Figure 10A",v1,S2_SR_HARMONIZED_SCL_v1,174.87811187671008,-41.260482885798446,0.0603,0.0776,0.0821,0.0758,0.034,0.0327,0.0264,0.0185,0.0021,0.001
hutt_20200713,COPERNICUS/S2_SR_HARMONIZED/20200712T222549_20200712T222545_T60GUV,2020-07-12 22:27:27,hutt_20200713_plumeTrain_0,1,train,https://doi.org/10.1080/00288330.2022.2088569,"Gall et al. 2022, Figure 10A",v1,S2_SR_HARMONIZED_SCL_v1,174.8784697560032,-41.26048948376239,0.0569,0.0744,0.0844,0.0738,0.0346,0.0306,0.0269,0.0168,0.0019,0.0016
hutt_20200713,COPERNICUS/S2_SR_HARMONIZED/20200712T222549_20200712T222545_T60GUV,2020-07-12 22:27:27,hutt_20200713_plumeTrain_0,1,train,https://doi.org/10.1080/00288330.2022.2088569,"Gall et al. 2022, Figure 10A",v1,S2_SR_HARMONIZED_SCL_v1,174.87858904912736,-41.260491682836694,0.0597,0.0766,0.0849,0.076,0.0362,0.0342,0.0271,0.0169,0.002,0.0027
hutt_20200713,COPERNICUS/S2_SR_HARMONIZED/20200712T222549_20200712T222545_T60GUV,2020-07-12 22:27:27,hutt_20200713_plumeTrain_0,1,train,https://doi.org/10.1080/00288330.2022.2088569,"Gall et al. 2022, Figure 10A",v1,S2_SR_HARMONIZED_SCL_v1,174.87882763541535,-41.26049608061478,0.0577,0.0794,0.0868,0.0783,0.0357,0.0326,0.0256,0.0187,0.0019,0.0032
hutt_20200713,COPERNICUS/S2_SR_HARMONIZED/20200712T222549_20200712T222545_T60GUV,2020-07-12 22:27:27,hutt_20200713_plumeTrain_0,1,train,https://doi.org/10.1080/00288330.2022.2088569,"Gall et al. 2022, Figure 10A",v1,S2_SR_HARMONIZED_SCL_v1,174.87894692857913,-41.26049827931856,0.0582,0.0802,0.0849,0.0783,0.0357,0.0326,0.0276,0.0187,0.0019,0.0032
hutt_20200713,COPERNICUS/S2_SR_HARMONIZED/20200712T222549_20200712T222545_T60GUV,2020-07-12 22:27:27,hutt_20200713_plumeTrain_0,1,train,https://doi.org/10.1080/00288330.2022.2088569,"Gall et al. 2022, Figure 10A",v1,S2_SR_HARMONIZED_SCL_v1,174.8790662217562,-41.26050047789884,0.0592,0.0839,0.082,0.0778,0.036,0.0333,0.0295,0.0205,0.0028,0.003
hutt_20200713,COPERNICUS/S2_SR_HARMONIZED/20200712T222549_20200712T222545_T60GUV,2020-07-12 22:27:27,hutt_20200713_plumeTrain_0,1,train,https://doi.org/10.1080/00288330.2022.2088569,"Gall et al. 2022, Figure 10A",v1,S2_SR_HARMONIZED_SCL_v1,174.87930480814993,-41.260504874688884,0.0592,0.0839,0.0852,0.0776,0.0362,0.0346,0.0286,0.0197,0.0021,0.0037
hutt_20200713,COPERNICUS/S2_SR_HARMONIZED/20200712T222549_20200712T222545_T60GUV,2020-07-12 22:27:27,hutt_20200713_plumeTrain_0,1,train,https://doi.org/10.1080/00288330.2022.2088569,"Gall et al. 2022, Figure 10A",v1,S2_SR_HARMONIZED_SCL_v1,174.87942410136662,-41.26050707289865,0.0585,0.0767,0.0858,0.0776,0.0362,0.0346,0.0281,0.0197,0.0021,0.0037
hutt_20200713,COPERNICUS/S2_SR_HARMONIZED/20200712T222549_20200712T222545_T60GUV,2020-07-12 22:27:27,hutt_20200713_plumeTrain_0,1,train,https://doi.org/10.1080/00288330.2022.2088569,"Gall et al. 2022, Figure 10A",v1,S2_SR_HARMONIZED_SCL_v1,174.87966268783964,-41.260511468947655,0.0597,0.0838,0.0846,0.0806,0.0359,0.0339,0.0278,0.0163,0.0019,7.0E-4
hutt_20200713,COPERNICUS/S2_SR_HARMONIZED/20200712T222549_20200712T222545_T60GUV,2020-07-12 22:27:27,hutt_20200713_plumeTrain_0,1,train,https://doi.org/10.1080/00288330.2022.2088569,"Gall et al. 2022, Figure 10A",v1,S2_SR_HARMONIZED_SCL_v1,174.87990127436555,-41.26051586450264,0.0611,0.0812,0.0844,0.0766,0.0375,0.0339,0.0282,0.0172,0.0028,8.0E-4
hutt_20200713,COPERNICUS/S2_SR_HARMONIZED/20200712T222549_20200712T222545_T60GUV,2020-07-12 22:27:27,hutt_20200713_plumeTrain_0,1,train,https://doi.org/10.1080/00288330.2022.2088569,"Gall et al. 2022, Figure 10A",v1,S2_SR_HARMONIZED_SCL_v1,174.88025915425348,-41.26052245690883,0.0556,0.0851,0.0849,0.0778,0.0389,0.0346,0.0291,0.0172,7.0E-4,0.0016
hutt_20200713,COPERNICUS/S2_SR_HARMONIZED/20200712T222549_20200712T222545_T60GUV,2020-07-12 22:27:27,hutt_20200713_plumeTrain_0,1,train,https://doi.org/10.1080/00288330.2022.2088569,"Gall et al. 2022, Figure 10A",v1,S2_SR_HARMONIZED_SCL_v1,174.88037844757588,-41.26052465413054,0.0532,0.0865,0.0837,0.0778,0.0389,0.0346,0.0301,0.0172,7.0E-4,0.0016
hutt_20200713,COPERNICUS/S2_SR_HARMONIZED/20200712T222549_20200712T222545_T60GUV,2020-07-12 22:27:27,hutt_20200713_plumeTrain_0,1,train,https://doi.org/10.1080/00288330.2022.2088569,"Gall et al. 2022, Figure 10A",v1,S2_SR_HARMONIZED_SCL_v1,174.8804977409115,-41.260526851228754,0.0547,0.0785,0.0833,0.0793,0.0378,0.0367,0.0293,0.017,3.0E-4,0.0017
hutt_20200713,COPERNICUS/S2_SR_HARMONIZED/20200712T222549_20200712T222545_T60GUV,2020-07-12 22:27:27,hutt_20200713_plumeTrain_0,1,train,https://doi.org/10.1080/00288330.2022.2088569,"Gall et al. 2022, Figure 10A",v1,S2_SR_HARMONIZED_SCL_v1,174.88061703426033,-41.26052904820346,0.0576,0.08,0.0851,0.0793,0.0378,0.0367,0.0287,0.017,3.0E-4,0.0017
hutt_20200713,COPERNICUS/S2_SR_HARMONIZED/20200712T222549_20200712T222545_T60GUV,2020-07-12 22:27:27,hutt_20200713_plumeTrain_0,1,train,https://doi.org/10.1080/00288330.2022.2088569,"Gall et al. 2022, Figure 10A",v1,S2_SR_HARMONIZED_SCL_v1,174.88073632762237,-41.26053124505466,0.0596,0.0774,0.0865,0.0803,0.0376,0.0361,0.0283,0.0174,5.0E-4,0.002
hutt_20200713,COPERNICUS/S2_SR_HARMONIZED/20200712T222549_20200712T222545_T60GUV,2020-07-12 22:27:27,hutt_20200713_plumeTrain_0,1,train,https://doi.org/10.1080/00288330.2022.2088569,"Gall et al. 2022, Figure 10A",v1,S2_SR_HARMONIZED_SCL_v1,174.8808556209976,-41.26053344178235,0.0528,0.0797,0.0848,0.0803,0.0376,0.0361,0.0309,0.0174,5.0E-4,0.002
hutt_20200713,COPERNICUS/S2_SR_HARMONIZED/20200712T222549_20200712T222545_T60GUV,2020-07-12 22:27:27,hutt_20200713_plumeTrain_0,1,train,https://doi.org/10.1080/00288330.2022.2088569,"Gall et al. 2022, Figure 10A",v1,S2_SR_HARMONIZED_SCL_v1,174.88097491438606,-41.260535638386536,0.0566,0.0796,0.086,0.0794,0.0378,0.033,0.0303,0.0174,0.0023,0.0027
hutt_20200713,COPERNICUS/S2_SR_HARMONIZED/20200712T222549_20200712T222545_T60GUV,2020-07-12 22:27:27,hutt_20200713_plumeTrain_0,1,train,https://doi.org/10.1080/00288330.2022.2088569,"Gall et al. 2022, Figure 10A",v1,S2_SR_HARMONIZED_SCL_v1,174.8810942077877,-41.260537834867215,0.06,0.0819,0.0874,0.0794,0.0378,0.033,0.0269,0.0174,0.0023,0.0027
hutt_20200713,COPERNICUS/S2_SR_HARMONIZED/20200712T222549_20200712T222545_T60GUV,2020-07-12 22:27:27,hutt_20200713_plumeTrain_0,1,train,https://doi.org/10.1080/00288330.2022.2088569,"Gall et al. 2022, Figure 10A",v1,S2_SR_HARMONIZED_SCL_v1,174.88121350120258,-41.26054003122439,0.0547,0.0811,0.0883,0.0792,0.0378,0.0333,0.0294,0.0155,0.0042,0.0036
hutt_20200713,COPERNICUS/S2_SR_HARMONIZED/20200712T222549_20200712T222545_T60GUV,2020-07-12 22:27:27,hutt_20200713_plumeTrain_0,1,train,https://doi.org/10.1080/00288330.2022.2088569,"Gall et al. 2022, Figure 10A",v1,S2_SR_HARMONIZED_SCL_v1,174.88133279463065,-41.26054222745806,0.0566,0.0772,0.0857,0.0792,0.0378,0.0333,0.0277,0.0155,0.0042,0.0036
hutt_20200713,COPERNICUS/S2_SR_HARMONIZED/20200712T222549_20200712T222545_T60GUV,2020-07-12 22:27:27,hutt_20200713_plumeTrain_0,1,train,https://doi.org/10.1080/00288330.2022.2088569,"Gall et al. 2022, Figure 10A",v1,S2_SR_HARMONIZED_SCL_v1,174.8815713815264,-41.26054661955487,0.0574,0.0837,0.0841,0.0797,0.037,0.0345,0.0272,0.0186,0.0019,0.003
hutt_20200713,COPERNICUS/S2_SR_HARMONIZED/20200712T222549_20200712T222545_T60GUV,2020-07-12 22:27:27,hutt_20200713_plumeTrain_0,1,train,https://doi.org/10.1080/00288330.2022.2088569,"Gall et al. 2022, Figure 10A",v1,S2_SR_HARMONIZED_SCL_v1,174.88180996847498,-41.260551011157666,0.0576,0.0763,0.0841,0.0786,0.0369,0.034,0.0294,0.0182,0.002,0.0021
hutt_20200713,COPERNICUS/S2_SR_HARMONIZED/20200712T222549_20200712T222545_T60GUV,2020-07-12 22:27:27,hutt_20200713_plumeTrain_0,1,train,https://doi.org/10.1080/00288330.2022.2088569,"Gall et al. 2022, Figure 10A",v1,S2_SR_HARMONIZED_SCL_v1,174.88204855547633,-41.26055540226643,0.0587,0.0803,0.0844,0.0777,0.038,0.0332,0.0293,0.0181,0.0029,0.0035
hutt_20200713,COPERNICUS/S2_SR_HARMONIZED/20200712T222549_20200712T222545_T60GUV,2020-07-12 22:27:27,hutt_20200713_plumeTrain_0,1,train,https://doi.org/10.1080/00288330.2022.2088569,"Gall et al. 2022, Figure 10A",v1,S2_SR_HARMONIZED_SCL_v1,174.8822871425305,-41.26055979288117,0.0547,0.0805,0.0846,0.0801,0.0352,0.0346,0.0264,0.0194,0.0013,0.003
hutt_20200713,COPERNICUS/S2_SR_HARMONIZED/20200712T222549_20200712T222545_T60GUV,2020-07-12 22:27:27,hutt_20200713_plumeTrain_0,1,train,https://doi.org/10.1080/00288330.2022.2088569,"Gall et al. 2022, Figure 10A",v1,S2_SR_HARMONIZED_SCL_v1,174.8824064360774,-41.260561988003275,0.0536,0.0808,0.0827,0.0787,0.0358,0.0335,0.0285,0.019,9.0E-4,0.0031
hutt_20200713,COPERNICUS/S2_SR_HARMONIZED/20200712T222549_20200712T222545_T60GUV,2020-07-12 22:27:27,hutt_20200713_plumeTrain_0,1,train,https://doi.org/10.1080/00288330.2022.2088569,"Gall et al. 2022, Figure 10A",v1,S2_SR_HARMONIZED_SCL_v1,174.88252572963745,-41.260564183001875,0.057,0.0815,0.0793,0.0787,0.0358,0.0335,0.0281,0.019,9.0E-4,0.0031
hutt_20200713,COPERNICUS/S2_SR_HARMONIZED/20200712T222549_20200712T222545_T60GUV,2020-07-12 22:27:27,hutt_20200713_plumeTrain_0,1,train,https://doi.org/10.1080/00288330.2022.2088569,"Gall et al. 2022, Figure 10A",v1,S2_SR_HARMONIZED_SCL_v1,174.88276431679722,-41.260568572628564,0.0527,0.0815,0.0842,0.0774,0.0364,0.0334,0.0271,0.0182,3.0E-4,0.0021
hutt_20200713,COPERNICUS/S2_SR_HARMONIZED/20200712T222549_20200712T222545_T60GUV,2020-07-12 22:27:27,hutt_20200713_plumeTrain_0,1,train,https://doi.org/10.1080/00288330.2022.2088569,"Gall et al. 2022, Figure 10A",v1,S2_SR_HARMONIZED_SCL_v1,174.88312219763583,-41.26057515614229,0.0536,0.0777,0.0841,0.0766,0.0369,0.0332,0.0285,0.0172,0.0021,0.0029
hutt_20200713,COPERNICUS/S2_SR_HARMONIZED/20200712T222549_20200712T222545_T60GUV,2020-07-12 22:27:27,hutt_20200713_plumeTrain_0,1,train,https://doi.org/10.1080/00288330.2022.2088569,"Gall et al. 2022, Figure 10A",v1,S2_SR_HARMONIZED_SCL_v1,174.88324149127507,-41.260577350399856,0.0545,0.0799,0.081,0.0766,0.0369,0.0332,0.0301,0.0172,0.0021,0.0029
hutt_20200713,COPERNICUS/S2_SR_HARMONIZED/20200712T222549_20200712T222545_T60GUV,2020-07-12 22:27:27,hutt_20200713_plumeTrain_0,1,train,https://doi.org/10.1080/00288330.2022.2088569,"Gall et al. 2022, Figure 10A",v1,S2_SR_HARMONIZED_SCL_v1,174.88336078492753,-41.26057954453391,0.0548,0.0783,0.0866,0.0771,0.0383,0.0335,0.0287,0.0177,0.0014,0.002
hutt_20200713,COPERNICUS/S2_SR_HARMONIZED/20200712T222549_20200712T222545_T60GUV,2020-07-12 22:27:27,hutt_20200713_plumeTrain_0,1,train,https://doi.org/10.1080/00288330.2022.2088569,"Gall et al. 2022, Figure 10A",v1,S2_SR_HARMONIZED_SCL_v1,174.88348007859318,-41.26058173854446,0.0566,0.0793,0.0817,0.0771,0.0383,0.0335,0.0293,0.0177,0.0014,0.002
hutt_20200713,COPERNICUS/S2_SR_HARMONIZED/20200712T222549_20200712T222545_T60GUV,2020-07-12 22:27:27,hutt_20200713_plumeTrain_0,1,train,https://doi.org/10.1080/00288330.2022.2088569,"Gall et al. 2022, Figure 10A",v1,S2_SR_HARMONIZED_SCL_v1,174.883599372272,-41.2605839324315,0.0541,0.0781,0.0816,0.0762,0.0371,0.0349,0.0284,0.0174,9.0E-4,0.0021
hutt_20200713,COPERNICUS/S2_SR_HARMONIZED/20200712T222549_20200712T222545_T60GUV,2020-07-12 22:27:27,hutt_20200713_plumeTrain_0,1,train,https://doi.org/10.1080/00288330.2022.2088569,"Gall et al. 2022, Figure 10A",v1,S2_SR_HARMONIZED_SCL_v1,174.87787037537942,-41.26056850293083,0.0548,0.0779,0.08,0.0705,0.0342,0.0321,0.0257,0.0173,0.0016,0.0026
hutt_20200713,COPERNICUS/S2_SR_HARMONIZED/20200712T222549_20200712T222545_T60GUV,2020-07-12 22:27:27,hutt_20200713_plumeTrain_0,1,train,https://doi.org/10.1080/00288330.2022.2088569,"Gall et al. 2022, Figure 10A",v1,S2_SR_HARMONIZED_SCL_v1,174.877989668601,-41.260570702629586,0.0538,0.0803,0.0811,0.0705,0.0342,0.0321,0.0268,0.0173,0.0016,0.0026
hutt_20200713,COPERNICUS/S2_SR_HARMONIZED/20200712T222549_20200712T222545_T60GUV,2020-07-12 22:27:27,hutt_20200713_plumeTrain_0,1,train,https://doi.org/10.1080/00288330.2022.2088569,"Gall et al. 2022, Figure 10A",v1,S2_SR_HARMONIZED_SCL_v1,174.8783475483452,-41.26057730098481,0.0578,0.0768,0.0804,0.0738,0.0346,0.0306,0.0259,0.0168,0.0019,0.0016
hutt_20200713,COPERNICUS/S2_SR_HARMONIZED/20200712T222549_20200712T222545_T60GUV,2020-07-12 22:27:27,hutt_20200713_plumeTrain_0,1,train,https://doi.org/10.1080/00288330.2022.2088569,"Gall et al. 2022, Figure 10A",v1,S2_SR_HARMONIZED_SCL_v1,174.8784668416197,-41.260579500189536,0.0582,0.0739,0.0811,0.0738,0.0346,0.0306,0.0229,0.0168,0.0019,0.0016
hutt_20200713,COPERNICUS/S2_SR_HARMONIZED/20200712T222549_20200712T222545_T60GUV,2020-07-12 22:27:27,hutt_20200713_plumeTrain_0,1,train,https://doi.org/10.1080/00288330.2022.2088569,"Gall et al. 2022, Figure 10A",v1,S2_SR_HARMONIZED_SCL_v1,174.87858613490744,-41.260581699270766,0.0554,0.0784,0.0846,0.076,0.0362,0.0342,0.0245,0.0169,0.002,0.0027
hutt_20200713,COPERNICUS/S2_SR_HARMONIZED/20200712T222549_20200712T222545_T60GUV,2020-07-12 22:27:27,hutt_20200713_plumeTrain_0,1,train,https://doi.org/10.1080/00288330.2022.2088569,"Gall et al. 2022, Figure 10A",v1,S2_SR_HARMONIZED_SCL_v1,174.8787054282084,-41.26058389822848,0.0588,0.081,0.0851,0.076,0.0362,0.0342,0.0279,0.0169,0.002,0.0027
hutt_20200713,COPERNICUS/S2_SR_HARMONIZED/20200712T222549_20200712T222545_T60GUV,2020-07-12 22:27:27,hutt_20200713_plumeTrain_0,1,train,https://doi.org/10.1080/00288330.2022.2088569,"Gall et al. 2022, Figure 10A",v1,S2_SR_HARMONIZED_SCL_v1,174.87894401484996,-41.2605882957734,0.0575,0.0796,0.0835,0.0783,0.0357,0.0326,0.0263,0.0187,0.0019,0.0032
hutt_20200713,COPERNICUS/S2_SR_HARMONIZED/20200712T222549_20200712T222545_T60GUV,2020-07-12 22:27:27,hutt_20200713_plumeTrain_0,1,train,https://doi.org/10.1080/00288330.2022.2088569,"Gall et al. 2022, Figure 10A",v1,S2_SR_HARMONIZED_SCL_v1,174.87930189491146,-41.26059489116449,0.0582,0.0844,0.0883,0.0776,0.0362,0.0346,0.0287,0.0197,0.0021,0.0037
hutt_20200713,COPERNICUS/S2_SR_HARMONIZED/20200712T222549_20200712T222545_T60GUV,2020-07-12 22:27:27,hutt_20200713_plumeTrain_0,1,train,https://doi.org/10.1080/00288330.2022.2088569,"Gall et al. 2022, Figure 10A",v1,S2_SR_HARMONIZED_SCL_v1,174.87965977509194,-41.26060148544401,0.0611,0.0778,0.0849,0.0806,0.0359,0.0339,0.0259,0.0163,0.0019,7.0E-4
hutt_20200713,COPERNICUS/S2_SR_HARMONIZED/20200712T222549_20200712T222545_T60GUV,2020-07-12 22:27:27,hutt_20200713_plumeTrain_0,1,train,https://doi.org/10.1080/00288330.2022.2088569,"Gall et al. 2022, Figure 10A",v1,S2_SR_HARMONIZED_SCL_v1,174.87989836194498,-41.26060588101284,0.0592,0.082,0.0871,0.0766,0.0375,0.0339,0.0269,0.0172,0.0028,8.0E-4
hutt_20200713,COPERNICUS/S2_SR_HARMONIZED/20200712T222549_20200712T222545_T60GUV,2020-07-12 22:27:27,hutt_20200713_plumeTrain_0,1,train,https://doi.org/10.1080/00288330.2022.2088569,"Gall et al. 2022, Figure 10A",v1,S2_SR_HARMONIZED_SCL_v1,174.8800176553913,-41.260608078612,0.0608,0.0811,0.0875,0.0813,0.0392,0.0327,0.0298,0.0188,0.002,0.0022
hutt_20200713,COPERNICUS/S2_SR_HARMONIZED/20200712T222549_20200712T222545_T60GUV,2020-07-12 22:27:27,hutt_20200713_plumeTrain_0,1,train,https://doi.org/10.1080/00288330.2022.2088569,"Gall et al. 2022, Figure 10A",v1,S2_SR_HARMONIZED_SCL_v1,174.88013694885086,-41.26061027608764,0.0556,0.0801,0.0865,0.0813,0.0392,0.0327,0.0311,0.0188,0.002,0.0022
hutt_20200713,COPERNICUS/S2_SR_HARMONIZED/20200712T222549_20200712T222545_T60GUV,2020-07-12 22:27:27,hutt_20200713_plumeTrain_0,1,train,https://doi.org/10.1080/00288330.2022.2088569,"Gall et al. 2022, Figure 10A",v1,S2_SR_HARMONIZED_SCL_v1,174.8803755358096,-41.26061467066842,0.0542,0.0835,0.0896,0.0778,0.0389,0.0346,0.0298,0.0172,7.0E-4,0.0016
hutt_20200713,COPERNICUS/S2_SR_HARMONIZED/20200712T222549_20200712T222545_T60GUV,2020-07-12 22:27:27,hutt_20200713_plumeTrain_0,1,train,https://doi.org/10.1080/00288330.2022.2088569,"Gall et al. 2022, Figure 10A",v1,S2_SR_HARMONIZED_SCL_v1,174.88049482930882,-41.26061686777354,0.0556,0.0794,0.0857,0.0793,0.0378,0.0367,0.0301,0.017,3.0E-4,0.0017
hutt_20200713,COPERNICUS/S2_SR_HARMONIZED/20200712T222549_20200712T222545_T60GUV,2020-07-12 22:27:27,hutt_20200713_plumeTrain_0,1,train,https://doi.org/10.1080/00288330.2022.2088569,"Gall et al. 2022, Figure 10A",v1,S2_SR_HARMONIZED_SCL_v1,174.8806141228212,-41.26061906475517,0.056,0.0785,0.085,0.0793,0.0378,0.0367,0.0304,0.017,3.0E-4,0.0017
hutt_20200713,COPERNICUS/S2_SR_HARMONIZED/20200712T222549_20200712T222545_T60GUV,2020-07-12 22:27:27,hutt_20200713_plumeTrain_0,1,train,https://doi.org/10.1080/00288330.2022.2088569,"Gall et al. 2022, Figure 10A",v1,S2_SR_HARMONIZED_SCL_v1,174.88073341634683,-41.26062126161328,0.0581,0.0785,0.0861,0.0803,0.0376,0.0361,0.0278,0.0174,5.0E-4,0.002
hutt_20200713,COPERNICUS/S2_SR_HARMONIZED/20200712T222549_20200712T222545_T60GUV,2020-07-12 22:27:27,hutt_20200713_plumeTrain_0,1,train,https://doi.org/10.1080/00288330.2022.2088569,"Gall et al. 2022, Figure 10A",v1,S2_SR_HARMONIZED_SCL_v1,174.88097200343768,-41.260625654958986,0.0581,0.0828,0.0865,0.0794,0.0378,0.033,0.0296,0.0174,0.0023,0.0027
hutt_20200713,COPERNICUS/S2_SR_HARMONIZED/20200712T222549_20200712T222545_T60GUV,2020-07-12 22:27:27,hutt_20200713_plumeTrain_0,1,train,https://doi.org/10.1080/00288330.2022.2088569,"Gall et al. 2022, Figure 10A",v1,S2_SR_HARMONIZED_SCL_v1,174.8810912970029,-41.260627851446586,0.0596,0.0822,0.0878,0.0794,0.0378,0.033,0.0272,0.0174,0.0023,0.0027
hutt_20200713,COPERNICUS/S2_SR_HARMONIZED/20200712T222549_20200712T222545_T60GUV,2020-07-12 22:27:27,hutt_20200713_plumeTrain_0,1,train,https://doi.org/10.1080/00288330.2022.2088569,"Gall et al. 2022, Figure 10A",v1,S2_SR_HARMONIZED_SCL_v1,174.88121059058136,-41.26063004781067,0.0534,0.0813,0.0847,0.0792,0.0378,0.0333,0.028,0.0155,0.0042,0.0036
hutt_20200713,COPERNICUS/S2_SR_HARMONIZED/20200712T222549_20200712T222545_T60GUV,2020-07-12 22:27:27,hutt_20200713_plumeTrain_0,1,train,https://doi.org/10.1080/00288330.2022.2088569,"Gall et al. 2022, Figure 10A",v1,S2_SR_HARMONIZED_SCL_v1,174.881329884173,-41.26063224405125,0.0587,0.0782,0.085,0.0792,0.0378,0.0333,0.0278,0.0155,0.0042,0.0036
hutt_20200713,COPERNICUS/S2_SR_HARMONIZED/20200712T222549_20200712T222545_T60GUV,2020-07-12 22:27:27,hutt_20200713_plumeTrain_0,1,train,https://doi.org/10.1080/00288330.2022.2088569,"Gall et al. 2022, Figure 10A",v1,S2_SR_HARMONIZED_SCL_v1,174.88168776502715,-41.26063883203196,0.0617,0.0781,0.0836,0.0786,0.0369,0.034,0.0285,0.0182,0.002,0.0021
hutt_20200713,COPERNICUS/S2_SR_HARMONIZED/20200712T222549_20200712T222545_T60GUV,2020-07-12 22:27:27,hutt_20200713_plumeTrain_0,1,train,https://doi.org/10.1080/00288330.2022.2088569,"Gall et al. 2022, Figure 10A",v1,S2_SR_HARMONIZED_SCL_v1,174.88180705867163,-41.26064102777851,0.0541,0.0742,0.0838,0.0786,0.0369,0.034,0.0281,0.0182,0.002,0.0021
hutt_20200713,COPERNICUS/S2_SR_HARMONIZED/20200712T222549_20200712T222545_T60GUV,2020-07-12 22:27:27,hutt_20200713_plumeTrain_0,1,train,https://doi.org/10.1080/00288330.2022.2088569,"Gall et al. 2022, Figure 10A",v1,S2_SR_HARMONIZED_SCL_v1,174.88192635232926,-41.260643223401566,0.0545,0.0781,0.087,0.0777,0.038,0.0332,0.0283,0.0181,0.0029,0.0035
hutt_20200713,COPERNICUS/S2_SR_HARMONIZED/20200712T222549_20200712T222545_T60GUV,2020-07-12 22:27:27,hutt_20200713_plumeTrain_0,1,train,https://doi.org/10.1080/00288330.2022.2088569,"Gall et al. 2022, Figure 10A",v1,S2_SR_HARMONIZED_SCL_v1,174.8821649396842,-41.26064761427714,0.0532,0.0786,0.0863,0.0801,0.0352,0.0346,0.0283,0.0194,0.0013,0.003
hutt_20200713,COPERNICUS/S2_SR_HARMONIZED/20200712T222549_20200712T222545_T60GUV,2020-07-12 22:27:27,hutt_20200713_plumeTrain_0,1,train,https://doi.org/10.1080/00288330.2022.2088569,"Gall et al. 2022, Figure 10A",v1,S2_SR_HARMONIZED_SCL_v1,174.88228423338148,-41.26064980952966,0.0566,0.0792,0.0846,0.0801,0.0352,0.0346,0.0274,0.0194,0.0013,0.003
hutt_20200713,COPERNICUS/S2_SR_HARMONIZED/20200712T222549_20200712T222545_T60GUV,2020-07-12 22:27:27,hutt_20200713_plumeTrain_0,1,train,https://doi.org/10.1080/00288330.2022.2088569,"Gall et al. 2022, Figure 10A",v1,S2_SR_HARMONIZED_SCL_v1,174.88240352709192,-41.26065200465869,0.0533,0.0796,0.0839,0.0787,0.0358,0.0335,0.0277,0.019,9.0E-4,0.0031
hutt_20200713,COPERNICUS/S2_SR_HARMONIZED/20200712T222549_20200712T222545_T60GUV,2020-07-12 22:27:27,hutt_20200713_plumeTrain_0,1,train,https://doi.org/10.1080/00288330.2022.2088569,"Gall et al. 2022, Figure 10A",v1,S2_SR_HARMONIZED_SCL_v1,174.88264211455243,-41.26065639454621,0.0536,0.0794,0.0835,0.0774,0.0364,0.0334,0.0278,0.0182,3.0E-4,0.0021
hutt_20200713,COPERNICUS/S2_SR_HARMONIZED/20200712T222549_20200712T222545_T60GUV,2020-07-12 22:27:27,hutt_20200713_plumeTrain_0,1,train,https://doi.org/10.1080/00288330.2022.2088569,"Gall et al. 2022, Figure 10A",v1,S2_SR_HARMONIZED_SCL_v1,174.88288070206573,-41.26066078393969,0.056,0.0797,0.0824,0.076,0.035,0.0328,0.0287,0.0187,0.0012,0.0039
hutt_20200713,COPERNICUS/S2_SR_HARMONIZED/20200712T222549_20200712T222545_T60GUV,2020-07-12 22:27:27,hutt_20200713_plumeTrain_0,1,train,https://doi.org/10.1080/00288330.2022.2088569,"Gall et al. 2022, Figure 10A",v1,S2_SR_HARMONIZED_SCL_v1,174.8829999958422,-41.26066297845118,0.0548,0.0777,0.0818,0.076,0.035,0.0328,0.0286,0.0187,0.0012,0.0039
hutt_20200713,COPERNICUS/S2_SR_HARMONIZED/20200712T222549_20200712T222545_T60GUV,2020-07-12 22:27:27,hutt_20200713_plumeTrain_0,1,train,https://doi.org/10.1080/00288330.2022.2088569,"Gall et al. 2022, Figure 10A",v1,S2_SR_HARMONIZED_SCL_v1,174.8833578772507,-41.26066956124459,0.0549,0.0764,0.084,0.0771,0.0383,0.0335,0.028,0.0177,0.0014,0.002
hutt_20200713,COPERNICUS/S2_SR_HARMONIZED/20200712T222549_20200712T222545_T60GUV,2020-07-12 22:27:27,hutt_20200713_plumeTrain_0,1,train,https://doi.org/10.1080/00288330.2022.2088569,"Gall et al. 2022, Figure 10A",v1,S2_SR_HARMONIZED_SCL_v1,174.88347717107993,-41.260671755262045,0.057,0.0756,0.0879,0.0771,0.0383,0.0335,0.0275,0.0177,0.0014,0.002
hutt_20200713,COPERNICUS/S2_SR_HARMONIZED/20200712T222549_20200712T222545_T60GUV,2020-07-12 22:27:27,hutt_20200713_plumeTrain_0,1,train,https://doi.org/10.1080/00288330.2022.2088569,"Gall et al. 2022, Figure 10A",v1,S2_SR_HARMONIZED_SCL_v1,174.87846392722304,-41.26066951661512,0.0593,0.0768,0.0791,0.0704,0.0329,0.031,0.0248,0.0173,0.002,8.0E-4
hutt_20200713,COPERNICUS/S2_SR_HARMONIZED/20200712T222549_20200712T222545_T60GUV,2020-07-12 22:27:27,hutt_20200713_plumeTrain_0,1,train,https://doi.org/10.1080/00288330.2022.2088569,"Gall et al. 2022, Figure 10A",v1,S2_SR_HARMONIZED_SCL_v1,174.87858322067433,-41.26067171570326,0.0547,0.0818,0.082,0.0742,0.0358,0.0337,0.0242,0.0171,0.002,0.003
hutt_20200713,COPERNICUS/S2_SR_HARMONIZED/20200712T222549_20200712T222545_T60GUV,2020-07-12 22:27:27,hutt_20200713_plumeTrain_0,1,train,https://doi.org/10.1080/00288330.2022.2088569,"Gall et al. 2022, Figure 10A",v1,S2_SR_HARMONIZED_SCL_v1,174.87870251413884,-41.260673914667905,0.0588,0.076,0.0835,0.0742,0.0358,0.0337,0.027,0.0171,0.002,0.003
hutt_20200713,COPERNICUS/S2_SR_HARMONIZED/20200712T222549_20200712T222545_T60GUV,2020-07-12 22:27:27,hutt_20200713_plumeTrain_0,1,train,https://doi.org/10.1080/00288330.2022.2088569,"Gall et al. 2022, Figure 10A",v1,S2_SR_HARMONIZED_SCL_v1,174.87906039461177,-41.26068051082079,0.0567,0.0798,0.0835,0.0781,0.0359,0.0351,0.0292,0.0189,9.0E-4,0.003
hutt_20200713,COPERNICUS/S2_SR_HARMONIZED/20200712T222549_20200712T222545_T60GUV,2020-07-12 22:27:27,hutt_20200713_plumeTrain_0,1,train,https://doi.org/10.1080/00288330.2022.2088569,"Gall et al. 2022, Figure 10A",v1,S2_SR_HARMONIZED_SCL_v1,174.8791796881292,-41.26068270929141,0.0582,0.0771,0.0818,0.0781,0.0359,0.0351,0.0283,0.0189,9.0E-4,0.003
hutt_20200713,COPERNICUS/S2_SR_HARMONIZED/20200712T222549_20200712T222545_T60GUV,2020-07-12 22:27:27,hutt_20200713_plumeTrain_0,1,train,https://doi.org/10.1080/00288330.2022.2088569,"Gall et al. 2022, Figure 10A",v1,S2_SR_HARMONIZED_SCL_v1,174.8792989816598,-41.26068490763851,0.057,0.0823,0.0843,0.08,0.0362,0.035,0.0274,0.0194,0.0031,0.0024
hutt_20200713,COPERNICUS/S2_SR_HARMONIZED/20200712T222549_20200712T222545_T60GUV,2020-07-12 22:27:27,hutt_20200713_plumeTrain_0,1,train,https://doi.org/10.1080/00288330.2022.2088569,"Gall et al. 2022, Figure 10A",v1,S2_SR_HARMONIZED_SCL_v1,174.87941827520365,-41.26068710586212,0.0577,0.0805,0.0839,0.08,0.0362,0.035,0.0288,0.0194,0.0031,0.0024
hutt_20200713,COPERNICUS/S2_SR_HARMONIZED/20200712T222549_20200712T222545_T60GUV,2020-07-12 22:27:27,hutt_20200713_plumeTrain_0,1,train,https://doi.org/10.1080/00288330.2022.2088569,"Gall et al. 2022, Figure 10A",v1,S2_SR_HARMONIZED_SCL_v1,174.87953756876072,-41.26068930396222,0.0575,0.0807,0.0867,0.0787,0.0364,0.0336,0.0273,0.0176,7.0E-4,0.001
hutt_20200713,COPERNICUS/S2_SR_HARMONIZED/20200712T222549_20200712T222545_T60GUV,2020-07-12 22:27:27,hutt_20200713_plumeTrain_0,1,train,https://doi.org/10.1080/00288330.2022.2088569,"Gall et al. 2022, Figure 10A",v1,S2_SR_HARMONIZED_SCL_v1,174.879656862331,-41.26069150193881,0.0589,0.0833,0.0858,0.0787,0.0364,0.0336,0.0252,0.0176,7.0E-4,0.001
hutt_20200713,COPERNICUS/S2_SR_HARMONIZED/20200712T222549_20200712T222545_T60GUV,2020-07-12 22:27:27,hutt_20200713_plumeTrain_0,1,train,https://doi.org/10.1080/00288330.2022.2088569,"Gall et al. 2022, Figure 10A",v1,S2_SR_HARMONIZED_SCL_v1,174.87977615591447,-41.260693699791894,0.0568,0.0802,0.0861,0.0774,0.037,0.0326,0.0264,0.0187,0.0014,0.0021
hutt_20200713,COPERNICUS/S2_SR_HARMONIZED/20200712T222549_20200712T222545_T60GUV,2020-07-12 22:27:27,hutt_20200713_plumeTrain_0,1,train,https://doi.org/10.1080/00288330.2022.2088569,"Gall et al. 2022, Figure 10A",v1,S2_SR_HARMONIZED_SCL_v1,174.8800147431211,-41.260698095127545,0.061,0.0802,0.0844,0.0787,0.0375,0.0333,0.0267,0.0182,0.0029,0.001
hutt_20200713,COPERNICUS/S2_SR_HARMONIZED/20200712T222549_20200712T222545_T60GUV,2020-07-12 22:27:27,hutt_20200713_plumeTrain_0,1,train,https://doi.org/10.1080/00288330.2022.2088569,"Gall et al. 2022, Figure 10A",v1,S2_SR_HARMONIZED_SCL_v1,174.88013403674424,-41.2607002926101,0.0537,0.0788,0.0866,0.0787,0.0375,0.0333,0.0273,0.0182,0.0029,0.001
hutt_20200713,COPERNICUS/S2_SR_HARMONIZED/20200712T222549_20200712T222545_T60GUV,2020-07-12 22:27:27,hutt_20200713_plumeTrain_0,1,train,https://doi.org/10.1080/00288330.2022.2088569,"Gall et al. 2022, Figure 10A",v1,S2_SR_HARMONIZED_SCL_v1,174.88025333038058,-41.26070248996916,0.057,0.0788,0.0871,0.0779,0.0378,0.035,0.0264,0.0169,0.0027,7.0E-4
hutt_20200713,COPERNICUS/S2_SR_HARMONIZED/20200712T222549_20200712T222545_T60GUV,2020-07-12 22:27:27,hutt_20200713_plumeTrain_0,1,train,https://doi.org/10.1080/00288330.2022.2088569,"Gall et al. 2022, Figure 10A",v1,S2_SR_HARMONIZED_SCL_v1,174.88037262403014,-41.260704687204715,0.0589,0.0794,0.0897,0.0779,0.0378,0.035,0.0273,0.0169,0.0027,7.0E-4
hutt_20200713,COPERNICUS/S2_SR_HARMONIZED/20200712T222549_20200712T222545_T60GUV,2020-07-12 22:27:27,hutt_20200713_plumeTrain_0,1,train,https://doi.org/10.1080/00288330.2022.2088569,"Gall et al. 2022, Figure 10A",v1,S2_SR_HARMONIZED_SCL_v1,174.88049191769292,-41.26070688431676,0.055,0.077,0.0875,0.0792,0.0386,0.0355,0.0285,0.0173,1.0E-4,0.0019
hutt_20200713,COPERNICUS/S2_SR_HARMONIZED/20200712T222549_20200712T222545_T60GUV,2020-07-12 22:27:27,hutt_20200713_plumeTrain_0,1,train,https://doi.org/10.1080/00288330.2022.2088569,"Gall et al. 2022, Figure 10A",v1,S2_SR_HARMONIZED_SCL_v1,174.8806112113689,-41.26070908130529,0.0526,0.0801,0.0857,0.0792,0.0386,0.0355,0.0303,0.0173,1.0E-4,0.0019
hutt_20200713,COPERNICUS/S2_SR_HARMONIZED/20200712T222549_20200712T222545_T60GUV,2020-07-12 22:27:27,hutt_20200713_plumeTrain_0,1,train,https://doi.org/10.1080/00288330.2022.2088569,"Gall et al. 2022, Figure 10A",v1,S2_SR_HARMONIZED_SCL_v1,174.8807305050581,-41.26071127817033,0.0556,0.0828,0.0861,0.079,0.0362,0.036,0.0268,0.0176,1.0E-4,0.0022
hutt_20200713,COPERNICUS/S2_SR_HARMONIZED/20200712T222549_20200712T222545_T60GUV,2020-07-12 22:27:27,hutt_20200713_plumeTrain_0,1,train,https://doi.org/10.1080/00288330.2022.2088569,"Gall et al. 2022, Figure 10A",v1,S2_SR_HARMONIZED_SCL_v1,174.88084979876047,-41.26071347491185,0.0632,0.0764,0.0865,0.079,0.0362,0.036,0.028,0.0176,1.0E-4,0.0022
hutt_20200713,COPERNICUS/S2_SR_HARMONIZED/20200712T222549_20200712T222545_T60GUV,2020-07-12 22:27:27,hutt_20200713_plumeTrain_0,1,train,https://doi.org/10.1080/00288330.2022.2088569,"Gall et al. 2022, Figure 10A",v1,S2_SR_HARMONIZED_SCL_v1,174.88096909247608,-41.260715671529866,0.0569,0.0782,0.086,0.0818,0.0361,0.0346,0.0273,0.0191,0.0012,0.002
hutt_20200713,COPERNICUS/S2_SR_HARMONIZED/20200712T222549_20200712T222545_T60GUV,2020-07-12 22:27:27,hutt_20200713_plumeTrain_0,1,train,https://doi.org/10.1080/00288330.2022.2088569,"Gall et al. 2022, Figure 10A",v1,S2_SR_HARMONIZED_SCL_v1,174.88120767994693,-41.26072006439538,0.0589,0.0793,0.0819,0.0797,0.0375,0.0362,0.0281,0.0184,0.0022,0.003
hutt_20200713,COPERNICUS/S2_SR_HARMONIZED/20200712T222549_20200712T222545_T60GUV,2020-07-12 22:27:27,hutt_20200713_plumeTrain_0,1,train,https://doi.org/10.1080/00288330.2022.2088569,"Gall et al. 2022, Figure 10A",v1,S2_SR_HARMONIZED_SCL_v1,174.88132697370216,-41.26072226064288,0.0577,0.0774,0.0857,0.0797,0.0375,0.0362,0.028,0.0184,0.0022,0.003
hutt_20200713,COPERNICUS/S2_SR_HARMONIZED/20200712T222549_20200712T222545_T60GUV,2020-07-12 22:27:27,hutt_20200713_plumeTrain_0,1,train,https://doi.org/10.1080/00288330.2022.2088569,"Gall et al. 2022, Figure 10A",v1,S2_SR_HARMONIZED_SCL_v1,174.88144626747055,-41.260724456766866,0.0574,0.0774,0.0893,0.0781,0.0359,0.035,0.0275,0.0199,0.0017,0.003
hutt_20200713,COPERNICUS/S2_SR_HARMONIZED/20200712T222549_20200712T222545_T60GUV,2020-07-12 22:27:27,hutt_20200713_plumeTrain_0,1,train,https://doi.org/10.1080/00288330.2022.2088569,"Gall et al. 2022, Figure 10A",v1,S2_SR_HARMONIZED_SCL_v1,174.8815655612522,-41.260726652767346,0.0576,0.0784,0.0832,0.0781,0.0359,0.035,0.0292,0.0199,0.0017,0.003
hutt_20200713,COPERNICUS/S2_SR_HARMONIZED/20200712T222549_20200712T222545_T60GUV,2020-07-12 22:27:27,hutt_20200713_plumeTrain_0,1,train,https://doi.org/10.1080/00288330.2022.2088569,"Gall et al. 2022, Figure 10A",v1,S2_SR_HARMONIZED_SCL_v1,174.88168485504704,-41.26072884864432,0.0587,0.0774,0.0861,0.08,0.037,0.0347,0.0297,0.0189,0.0014,0.0019
hutt_20200713,COPERNICUS/S2_SR_HARMONIZED/20200712T222549_20200712T222545_T60GUV,2020-07-12 22:27:27,hutt_20200713_plumeTrain_0,1,train,https://doi.org/10.1080/00288330.2022.2088569,"Gall et al. 2022, Figure 10A",v1,S2_SR_HARMONIZED_SCL_v1,174.88180414885508,-41.260731044397794,0.0568,0.0787,0.0825,0.08,0.037,0.0347,0.0293,0.0189,0.0014,0.0019
hutt_20200713,COPERNICUS/S2_SR_HARMONIZED/20200712T222549_20200712T222545_T60GUV,2020-07-12 22:27:27,hutt_20200713_plumeTrain_0,1,train,https://doi.org/10.1080/00288330.2022.2088569,"Gall et al. 2022, Figure 10A",v1,S2_SR_HARMONIZED_SCL_v1,174.8821620303584,-41.26073763091715,0.0612,0.0778,0.0854,0.0812,0.0377,0.0357,0.03,0.0173,0.0029,0.0032
hutt_20200713,COPERNICUS/S2_SR_HARMONIZED/20200712T222549_20200712T222545_T60GUV,2020-07-12 22:27:27,hutt_20200713_plumeTrain_0,1,train,https://doi.org/10.1080/00288330.2022.2088569,"Gall et al. 2022, Figure 10A",v1,S2_SR_HARMONIZED_SCL_v1,174.88240061809327,-41.26074202131252,0.0536,0.0814,0.0817,0.0779,0.037,0.0351,0.0288,0.0179,0.0031,0.0022
hutt_20200713,COPERNICUS/S2_SR_HARMONIZED/20200712T222549_20200712T222545_T60GUV,2020-07-12 22:27:27,hutt_20200713_plumeTrain_0,1,train,https://doi.org/10.1080/00288330.2022.2088569,"Gall et al. 2022, Figure 10A",v1,S2_SR_HARMONIZED_SCL_v1,174.88251991198052,-41.260744216324944,0.055,0.0811,0.0846,0.0779,0.037,0.0351,0.0285,0.0179,0.0031,0.0022
hutt_20200713,COPERNICUS/S2_SR_HARMONIZED/20200712T222549_20200712T222545_T60GUV,2020-07-12 22:27:27,hutt_20200713_plumeTrain_0,1,train,https://doi.org/10.1080/00288330.2022.2088569,"Gall et al. 2022, Figure 10A",v1,S2_SR_HARMONIZED_SCL_v1,174.88263920588096,-41.26074641121386,0.0556,0.08,0.0847,0.078,0.037,0.0372,0.029,0.0191,0.0019,0.0032
hutt_20200713,COPERNICUS/S2_SR_HARMONIZED/20200712T222549_20200712T222545_T60GUV,2020-07-12 22:27:27,hutt_20200713_plumeTrain_0,1,train,https://doi.org/10.1080/00288330.2022.2088569,"Gall et al. 2022, Figure 10A",v1,S2_SR_HARMONIZED_SCL_v1,174.8827584997946,-41.260748605979266,0.0547,0.0777,0.0822,0.078,0.037,0.0372,0.0285,0.0191,0.0019,0.0032
hutt_20200713,COPERNICUS/S2_SR_HARMONIZED/20200712T222549_20200712T222545_T60GUV,2020-07-12 22:27:27,hutt_20200713_plumeTrain_0,1,train,https://doi.org/10.1080/00288330.2022.2088569,"Gall et al. 2022, Figure 10A",v1,S2_SR_HARMONIZED_SCL_v1,174.88311638161466,-41.26075518953445,0.0536,0.0776,0.0846,0.0765,0.0352,0.0311,0.0286,0.0168,0.0022,0.0032
hutt_20200713,COPERNICUS/S2_SR_HARMONIZED/20200712T222549_20200712T222545_T60GUV,2020-07-12 22:27:27,hutt_20200713_plumeTrain_0,1,train,https://doi.org/10.1080/00288330.2022.2088569,"Gall et al. 2022, Figure 10A",v1,S2_SR_HARMONIZED_SCL_v1,174.88335496956066,-41.2607595779537,0.0555,0.0745,0.0854,0.0761,0.034,0.0347,0.0291,0.0172,0.0013,0.0021
hutt_20200713,COPERNICUS/S2_SR_HARMONIZED/20200712T222549_20200712T222545_T60GUV,2020-07-12 22:27:27,hutt_20200713_plumeTrain_0,1,train,https://doi.org/10.1080/00288330.2022.2088569,"Gall et al. 2022, Figure 10A",v1,S2_SR_HARMONIZED_SCL_v1,174.8784610128131,-41.260759533039106,0.0578,0.08,0.0802,0.0704,0.0329,0.031,0.0249,0.0173,0.002,8.0E-4
hutt_20200713,COPERNICUS/S2_SR_HARMONIZED/20200712T222549_20200712T222545_T60GUV,2020-07-12 22:27:27,hutt_20200713_plumeTrain_0,1,train,https://doi.org/10.1080/00288330.2022.2088569,"Gall et al. 2022, Figure 10A",v1,S2_SR_HARMONIZED_SCL_v1,174.87858030642798,-41.26076173213418,0.0593,0.0814,0.0782,0.0742,0.0358,0.0337,0.0251,0.0171,0.002,0.003
hutt_20200713,COPERNICUS/S2_SR_HARMONIZED/20200712T222549_20200712T222545_T60GUV,2020-07-12 22:27:27,hutt_20200713_plumeTrain_0,1,train,https://doi.org/10.1080/00288330.2022.2088569,"Gall et al. 2022, Figure 10A",v1,S2_SR_HARMONIZED_SCL_v1,174.87869960005608,-41.26076393110574,0.0572,0.0792,0.082,0.0742,0.0358,0.0337,0.027,0.0171,0.002,0.003
hutt_20200713,COPERNICUS/S2_SR_HARMONIZED/20200712T222549_20200712T222545_T60GUV,2020-07-12 22:27:27,hutt_20200713_plumeTrain_0,1,train,https://doi.org/10.1080/00288330.2022.2088569,"Gall et al. 2022, Figure 10A",v1,S2_SR_HARMONIZED_SCL_v1,174.87881889369743,-41.2607661299538,0.0603,0.08,0.082,0.0756,0.0361,0.0312,0.0255,0.0185,0.0021,0.0025
hutt_20200713,COPERNICUS/S2_SR_HARMONIZED/20200712T222549_20200712T222545_T60GUV,2020-07-12 22:27:27,hutt_20200713_plumeTrain_0,1,train,https://doi.org/10.1080/00288330.2022.2088569,"Gall et al. 2022, Figure 10A",v1,S2_SR_HARMONIZED_SCL_v1,174.87893818735196,-41.260768328678346,0.0588,0.0777,0.0821,0.0756,0.0361,0.0312,0.0271,0.0185,0.0021,0.0025
hutt_20200713,COPERNICUS/S2_SR_HARMONIZED/20200712T222549_20200712T222545_T60GUV,2020-07-12 22:27:27,hutt_20200713_plumeTrain_0,1,train,https://doi.org/10.1080/00288330.2022.2088569,"Gall et al. 2022, Figure 10A",v1,S2_SR_HARMONIZED_SCL_v1,174.8791767747007,-41.26077272575693,0.0557,0.078,0.085,0.0781,0.0359,0.0351,0.0267,0.0189,9.0E-4,0.003
hutt_20200713,COPERNICUS/S2_SR_HARMONIZED/20200712T222549_20200712T222545_T60GUV,2020-07-12 22:27:27,hutt_20200713_plumeTrain_0,1,train,https://doi.org/10.1080/00288330.2022.2088569,"Gall et al. 2022, Figure 10A",v1,S2_SR_HARMONIZED_SCL_v1,174.87965394955683,-41.26078151843202,0.057,0.0816,0.0849,0.0787,0.0364,0.0336,0.0255,0.0176,7.0E-4,0.001
hutt_20200713,COPERNICUS/S2_SR_HARMONIZED/20200712T222549_20200712T222545_T60GUV,2020-07-12 22:27:27,hutt_20200713_plumeTrain_0,1,train,https://doi.org/10.1080/00288330.2022.2088569,"Gall et al. 2022, Figure 10A",v1,S2_SR_HARMONIZED_SCL_v1,174.8797732433039,-41.26078371629202,0.0582,0.0794,0.083,0.0774,0.037,0.0326,0.027,0.0187,0.0014,0.0021
hutt_20200713,COPERNICUS/S2_SR_HARMONIZED/20200712T222549_20200712T222545_T60GUV,2020-07-12 22:27:27,hutt_20200713_plumeTrain_0,1,train,https://doi.org/10.1080/00288330.2022.2088569,"Gall et al. 2022, Figure 10A",v1,S2_SR_HARMONIZED_SCL_v1,174.8801311246244,-41.26079030913099,0.0575,0.0783,0.0816,0.0787,0.0375,0.0333,0.0285,0.0182,0.0029,0.001
hutt_20200713,COPERNICUS/S2_SR_HARMONIZED/20200712T222549_20200712T222545_T60GUV,2020-07-12 22:27:27,hutt_20200713_plumeTrain_0,1,train,https://doi.org/10.1080/00288330.2022.2088569,"Gall et al. 2022, Figure 10A",v1,S2_SR_HARMONIZED_SCL_v1,174.8802504184243,-41.26079250649696,0.055,0.0804,0.0833,0.0779,0.0378,0.035,0.0267,0.0169,0.0027,7.0E-4
hutt_20200713,COPERNICUS/S2_SR_HARMONIZED/20200712T222549_20200712T222545_T60GUV,2020-07-12 22:27:27,hutt_20200713_plumeTrain_0,1,train,https://doi.org/10.1080/00288330.2022.2088569,"Gall et al. 2022, Figure 10A",v1,S2_SR_HARMONIZED_SCL_v1,174.8804890060638,-41.26079690085839,0.0577,0.0822,0.0844,0.0792,0.0386,0.0355,0.0277,0.0173,1.0E-4,0.0019
hutt_20200713,COPERNICUS/S2_SR_HARMONIZED/20200712T222549_20200712T222545_T60GUV,2020-07-12 22:27:27,hutt_20200713_plumeTrain_0,1,train,https://doi.org/10.1080/00288330.2022.2088569,"Gall et al. 2022, Figure 10A",v1,S2_SR_HARMONIZED_SCL_v1,174.88060829990334,-41.26079909785384,0.0601,0.0794,0.0862,0.0792,0.0386,0.0355,0.029,0.0173,1.0E-4,0.0019
hutt_20200713,COPERNICUS/S2_SR_HARMONIZED/20200712T222549_20200712T222545_T60GUV,2020-07-12 22:27:27,hutt_20200713_plumeTrain_0,1,train,https://doi.org/10.1080/00288330.2022.2088569,"Gall et al. 2022, Figure 10A",v1,S2_SR_HARMONIZED_SCL_v1,174.88072759375615,-41.26080129472579,0.0602,0.0826,0.0873,0.079,0.0362,0.036,0.0278,0.0176,1.0E-4,0.0022
hutt_20200713,COPERNICUS/S2_SR_HARMONIZED/20200712T222549_20200712T222545_T60GUV,2020-07-12 22:27:27,hutt_20200713_plumeTrain_0,1,train,https://doi.org/10.1080/00288330.2022.2088569,"Gall et al. 2022, Figure 10A",v1,S2_SR_HARMONIZED_SCL_v1,174.8809661815013,-41.26080568809916,0.0592,0.0767,0.088,0.0818,0.0361,0.0346,0.0286,0.0191,0.0012,0.002
hutt_20200713,COPERNICUS/S2_SR_HARMONIZED/20200712T222549_20200712T222545_T60GUV,2020-07-12 22:27:27,hutt_20200713_plumeTrain_0,1,train,https://doi.org/10.1080/00288330.2022.2088569,"Gall et al. 2022, Figure 10A",v1,S2_SR_HARMONIZED_SCL_v1,174.88108547539366,-41.26080788460059,0.0592,0.0807,0.0872,0.0818,0.0361,0.0346,0.0282,0.0191,0.0012,0.002
hutt_20200713,COPERNICUS/S2_SR_HARMONIZED/20200712T222549_20200712T222545_T60GUV,2020-07-12 22:27:27,hutt_20200713_plumeTrain_0,1,train,https://doi.org/10.1080/00288330.2022.2088569,"Gall et al. 2022, Figure 10A",v1,S2_SR_HARMONIZED_SCL_v1,174.88120476929927,-41.26081008097851,0.0589,0.0807,0.0857,0.0797,0.0375,0.0362,0.0286,0.0184,0.0022,0.003
hutt_20200713,COPERNICUS/S2_SR_HARMONIZED/20200712T222549_20200712T222545_T60GUV,2020-07-12 22:27:27,hutt_20200713_plumeTrain_0,1,train,https://doi.org/10.1080/00288330.2022.2088569,"Gall et al. 2022, Figure 10A",v1,S2_SR_HARMONIZED_SCL_v1,174.8814433571501,-41.26081447336382,0.0587,0.0765,0.0826,0.0781,0.0359,0.035,0.0286,0.0199,0.0017,0.003
hutt_20200713,COPERNICUS/S2_SR_HARMONIZED/20200712T222549_20200712T222545_T60GUV,2020-07-12 22:27:27,hutt_20200713_plumeTrain_0,1,train,https://doi.org/10.1080/00288330.2022.2088569,"Gall et al. 2022, Figure 10A",v1,S2_SR_HARMONIZED_SCL_v1,174.8816819450537,-41.260818865255104,0.0546,0.0822,0.0861,0.08,0.037,0.0347,0.0313,0.0189,0.0014,0.0019
hutt_20200713,COPERNICUS/S2_SR_HARMONIZED/20200712T222549_20200712T222545_T60GUV,2020-07-12 22:27:27,hutt_20200713_plumeTrain_0,1,train,https://doi.org/10.1080/00288330.2022.2088569,"Gall et al. 2022, Figure 10A",v1,S2_SR_HARMONIZED_SCL_v1,174.88180123902532,-41.260821061015484,0.0546,0.0811,0.0811,0.08,0.037,0.0347,0.03,0.0189,0.0014,0.0019
hutt_20200713,COPERNICUS/S2_SR_HARMONIZED/20200712T222549_20200712T222545_T60GUV,2020-07-12 22:27:27,hutt_20200713_plumeTrain_0,1,train,https://doi.org/10.1080/00288330.2022.2088569,"Gall et al. 2022, Figure 10A",v1,S2_SR_HARMONIZED_SCL_v1,174.88215912101938,-41.26082764755558,0.0601,0.0787,0.0833,0.0812,0.0377,0.0357,0.0281,0.0173,0.0029,0.0032
hutt_20200713,COPERNICUS/S2_SR_HARMONIZED/20200712T222549_20200712T222545_T60GUV,2020-07-12 22:27:27,hutt_20200713_plumeTrain_0,1,train,https://doi.org/10.1080/00288330.2022.2088569,"Gall et al. 2022, Figure 10A",v1,S2_SR_HARMONIZED_SCL_v1,174.8823977090814,-41.260832037964775,0.0569,0.0781,0.0882,0.0779,0.037,0.0351,0.0291,0.0179,0.0031,0.0022
hutt_20200713,COPERNICUS/S2_SR_HARMONIZED/20200712T222549_20200712T222545_T60GUV,2020-07-12 22:27:27,hutt_20200713_plumeTrain_0,1,train,https://doi.org/10.1080/00288330.2022.2088569,"Gall et al. 2022, Figure 10A",v1,S2_SR_HARMONIZED_SCL_v1,174.88251700313222,-41.2608342329841,0.057,0.0784,0.0867,0.0779,0.037,0.0351,0.0281,0.0179,0.0031,0.0022
hutt_20200713,COPERNICUS/S2_SR_HARMONIZED/20200712T222549_20200712T222545_T60GUV,2020-07-12 22:27:27,hutt_20200713_plumeTrain_0,1,train,https://doi.org/10.1080/00288330.2022.2088569,"Gall et al. 2022, Figure 10A",v1,S2_SR_HARMONIZED_SCL_v1,174.88263629719626,-41.26083642787993,0.0548,0.0805,0.0839,0.078,0.037,0.0372,0.0314,0.0191,0.0019,0.0032
hutt_20200713,COPERNICUS/S2_SR_HARMONIZED/20200712T222549_20200712T222545_T60GUV,2020-07-12 22:27:27,hutt_20200713_plumeTrain_0,1,train,https://doi.org/10.1080/00288330.2022.2088569,"Gall et al. 2022, Figure 10A",v1,S2_SR_HARMONIZED_SCL_v1,174.88275559127348,-41.26083862265225,0.055,0.079,0.0836,0.078,0.037,0.0372,0.0301,0.0191,0.0019,0.0032
hutt_20200713,COPERNICUS/S2_SR_HARMONIZED/20200712T222549_20200712T222545_T60GUV,2020-07-12 22:27:27,hutt_20200713_plumeTrain_0,1,train,https://doi.org/10.1080/00288330.2022.2088569,"Gall et al. 2022, Figure 10A",v1,S2_SR_HARMONIZED_SCL_v1,174.88323276771428,-41.26084740050644,0.0547,0.0755,0.0806,0.0765,0.0352,0.0311,0.0287,0.0168,0.0022,0.0032
hutt_20200713,COPERNICUS/S2_SR_HARMONIZED/20200712T222549_20200712T222545_T60GUV,2020-07-12 22:27:27,hutt_20200713_plumeTrain_0,1,train,https://doi.org/10.1080/00288330.2022.2088569,"Gall et al. 2022, Figure 10A",v1,S2_SR_HARMONIZED_SCL_v1,174.88347135601384,-41.26085178869249,0.057,0.0821,0.0839,0.0761,0.034,0.0347,0.0286,0.0172,0.0013,0.0021
hutt_20200713,COPERNICUS/S2_SR_HARMONIZED/20200712T222549_20200712T222545_T60GUV,2020-07-12 22:27:27,hutt_20200713_plumeTrain_0,1,train,https://doi.org/10.1080/00288330.2022.2088569,"Gall et al. 2022, Figure 10A",v1,S2_SR_HARMONIZED_SCL_v1,174.8835906501834,-41.26085398260025,0.0556,0.0802,0.0835,0.0769,0.0362,0.0364,0.0287,0.0179,8.0E-4,0.0024
hutt_20200713,COPERNICUS/S2_SR_HARMONIZED/20200712T222549_20200712T222545_T60GUV,2020-07-12 22:27:27,hutt_20200713_plumeTrain_0,1,train,https://doi.org/10.1080/00288330.2022.2088569,"Gall et al. 2022, Figure 10A",v1,S2_SR_HARMONIZED_SCL_v1,174.8785773921684,-41.26085174856352,0.0568,0.0753,0.0776,0.0715,0.0337,0.0321,0.0253,0.0168,9.0E-4,0.0031
hutt_20200713,COPERNICUS/S2_SR_HARMONIZED/20200712T222549_20200712T222545_T60GUV,2020-07-12 22:27:27,hutt_20200713_plumeTrain_0,1,train,https://doi.org/10.1080/00288330.2022.2088569,"Gall et al. 2022, Figure 10A",v1,S2_SR_HARMONIZED_SCL_v1,174.8786966859601,-41.260853947542,0.0583,0.0805,0.0792,0.0715,0.0337,0.0321,0.0233,0.0168,9.0E-4,0.0031
hutt_20200713,COPERNICUS/S2_SR_HARMONIZED/20200712T222549_20200712T222545_T60GUV,2020-07-12 22:27:27,hutt_20200713_plumeTrain_0,1,train,https://doi.org/10.1080/00288330.2022.2088569,"Gall et al. 2022, Figure 10A",v1,S2_SR_HARMONIZED_SCL_v1,174.878815979765,-41.26085614639698,0.0547,0.0779,0.0792,0.0766,0.0349,0.0326,0.0263,0.0174,0.0014,0.0024
hutt_20200713,COPERNICUS/S2_SR_HARMONIZED/20200712T222549_20200712T222545_T60GUV,2020-07-12 22:27:27,hutt_20200713_plumeTrain_0,1,train,https://doi.org/10.1080/00288330.2022.2088569,"Gall et al. 2022, Figure 10A",v1,S2_SR_HARMONIZED_SCL_v1,174.87893527358312,-41.260858345128455,0.0597,0.0781,0.0789,0.0766,0.0349,0.0326,0.0261,0.0174,0.0014,0.0024
hutt_20200713,COPERNICUS/S2_SR_HARMONIZED/20200712T222549_20200712T222545_T60GUV,2020-07-12 22:27:27,hutt_20200713_plumeTrain_0,1,train,https://doi.org/10.1080/00288330.2022.2088569,"Gall et al. 2022, Figure 10A",v1,S2_SR_HARMONIZED_SCL_v1,174.879173861259,-41.26086274222088,0.0613,0.0805,0.085,0.077,0.0342,0.0334,0.027,0.0189,0.0019,0.0029
hutt_20200713,COPERNICUS/S2_SR_HARMONIZED/20200712T222549_20200712T222545_T60GUV,2020-07-12 22:27:27,hutt_20200713_plumeTrain_0,1,train,https://doi.org/10.1080/00288330.2022.2088569,"Gall et al. 2022, Figure 10A",v1,S2_SR_HARMONIZED_SCL_v1,174.8792931551168,-41.26086494058183,0.0597,0.083,0.0863,0.0788,0.0346,0.0331,0.0271,0.0179,8.0E-4,0.0024
hutt_20200713,COPERNICUS/S2_SR_HARMONIZED/20200712T222549_20200712T222545_T60GUV,2020-07-12 22:27:27,hutt_20200713_plumeTrain_0,1,train,https://doi.org/10.1080/00288330.2022.2088569,"Gall et al. 2022, Figure 10A",v1,S2_SR_HARMONIZED_SCL_v1,174.87965103676945,-41.260871534923645,0.0554,0.0777,0.0849,0.0782,0.0352,0.0339,0.0251,0.0173,1.0E-4,0.0011
hutt_20200713,COPERNICUS/S2_SR_HARMONIZED/20200712T222549_20200712T222545_T60GUV,2020-07-12 22:27:27,hutt_20200713_plumeTrain_0,1,train,https://doi.org/10.1080/00288330.2022.2088569,"Gall et al. 2022, Figure 10A",v1,S2_SR_HARMONIZED_SCL_v1,174.8797703306801,-41.26087373279057,0.0577,0.0798,0.0835,0.0788,0.0362,0.0337,0.0271,0.0184,0.0022,0.0024
hutt_20200713,COPERNICUS/S2_SR_HARMONIZED/20200712T222549_20200712T222545_T60GUV,2020-07-12 22:27:27,hutt_20200713_plumeTrain_0,1,train,https://doi.org/10.1080/00288330.2022.2088569,"Gall et al. 2022, Figure 10A",v1,S2_SR_HARMONIZED_SCL_v1,174.87988962460398,-41.260875930533985,0.0588,0.0834,0.0839,0.0788,0.0362,0.0337,0.027,0.0184,0.0022,0.0024
hutt_20200713,COPERNICUS/S2_SR_HARMONIZED/20200712T222549_20200712T222545_T60GUV,2020-07-12 22:27:27,hutt_20200713_plumeTrain_0,1,train,https://doi.org/10.1080/00288330.2022.2088569,"Gall et al. 2022, Figure 10A",v1,S2_SR_HARMONIZED_SCL_v1,174.88012821249134,-41.26088032565029,0.0613,0.0788,0.083,0.0792,0.0362,0.0334,0.0305,0.0193,0.0031,0.0014
hutt_20200713,COPERNICUS/S2_SR_HARMONIZED/20200712T222549_20200712T222545_T60GUV,2020-07-12 22:27:27,hutt_20200713_plumeTrain_0,1,train,https://doi.org/10.1080/00288330.2022.2088569,"Gall et al. 2022, Figure 10A",v1,S2_SR_HARMONIZED_SCL_v1,174.88024750645485,-41.260882523023184,0.0585,0.0829,0.0841,0.0808,0.0381,0.0356,0.0281,0.0174,0.0014,0.0014
hutt_20200713,COPERNICUS/S2_SR_HARMONIZED/20200712T222549_20200712T222545_T60GUV,2020-07-12 22:27:27,hutt_20200713_plumeTrain_0,1,train,https://doi.org/10.1080/00288330.2022.2088569,"Gall et al. 2022, Figure 10A",v1,S2_SR_HARMONIZED_SCL_v1,174.88036680043155,-41.26088472027257,0.0611,0.0807,0.0861,0.0808,0.0381,0.0356,0.0286,0.0174,0.0014,0.0014
hutt_20200713,COPERNICUS/S2_SR_HARMONIZED/20200712T222549_20200712T222545_T60GUV,2020-07-12 22:27:27,hutt_20200713_plumeTrain_0,1,train,https://doi.org/10.1080/00288330.2022.2088569,"Gall et al. 2022, Figure 10A",v1,S2_SR_HARMONIZED_SCL_v1,174.8806053884246,-41.26088911440082,0.0571,0.0797,0.0833,0.0791,0.037,0.0349,0.0291,0.0169,1.0E-4,0.0024
hutt_20200713,COPERNICUS/S2_SR_HARMONIZED/20200712T222549_20200712T222545_T60GUV,2020-07-12 22:27:27,hutt_20200713_plumeTrain_0,1,train,https://doi.org/10.1080/00288330.2022.2088569,"Gall et al. 2022, Figure 10A",v1,S2_SR_HARMONIZED_SCL_v1,174.88084397647052,-41.26089350803504,0.057,0.0835,0.0856,0.0772,0.0364,0.0332,0.0251,0.0172,1.0E-4,0.002
hutt_20200713,COPERNICUS/S2_SR_HARMONIZED/20200712T222549_20200712T222545_T60GUV,2020-07-12 22:27:27,hutt_20200713_plumeTrain_0,1,train,https://doi.org/10.1080/00288330.2022.2088569,"Gall et al. 2022, Figure 10A",v1,S2_SR_HARMONIZED_SCL_v1,174.88108256456925,-41.26089790117523,0.061,0.0807,0.0868,0.0802,0.0368,0.0348,0.0301,0.0171,0.0018,0.0026
hutt_20200713,COPERNICUS/S2_SR_HARMONIZED/20200712T222549_20200712T222545_T60GUV,2020-07-12 22:27:27,hutt_20200713_plumeTrain_0,1,train,https://doi.org/10.1080/00288330.2022.2088569,"Gall et al. 2022, Figure 10A",v1,S2_SR_HARMONIZED_SCL_v1,174.88120185863843,-41.26090009756006,0.0629,0.0791,0.087,0.0803,0.0375,0.0357,0.0287,0.0191,0.002,0.003
hutt_20200713,COPERNICUS/S2_SR_HARMONIZED/20200712T222549_20200712T222545_T60GUV,2020-07-12 22:27:27,hutt_20200713_plumeTrain_0,1,train,https://doi.org/10.1080/00288330.2022.2088569,"Gall et al. 2022, Figure 10A",v1,S2_SR_HARMONIZED_SCL_v1,174.88132115272083,-41.26090229382139,0.0564,0.0785,0.0857,0.0803,0.0375,0.0357,0.0288,0.0191,0.002,0.003
hutt_20200713,COPERNICUS/S2_SR_HARMONIZED/20200712T222549_20200712T222545_T60GUV,2020-07-12 22:27:27,hutt_20200713_plumeTrain_0,1,train,https://doi.org/10.1080/00288330.2022.2088569,"Gall et al. 2022, Figure 10A",v1,S2_SR_HARMONIZED_SCL_v1,174.88144044681638,-41.2609044899592,0.0606,0.0828,0.0837,0.0777,0.0362,0.0349,0.0283,0.021,0.0017,0.0035
hutt_20200713,COPERNICUS/S2_SR_HARMONIZED/20200712T222549_20200712T222545_T60GUV,2020-07-12 22:27:27,hutt_20200713_plumeTrain_0,1,train,https://doi.org/10.1080/00288330.2022.2088569,"Gall et al. 2022, Figure 10A",v1,S2_SR_HARMONIZED_SCL_v1,174.88179832918237,-41.260911077631604,0.055,0.0787,0.0807,0.0787,0.0374,0.0362,0.0294,0.0173,0.0012,0.0024
hutt_20200713,COPERNICUS/S2_SR_HARMONIZED/20200712T222549_20200712T222545_T60GUV,2020-07-12 22:27:27,hutt_20200713_plumeTrain_0,1,train,https://doi.org/10.1080/00288330.2022.2088569,"Gall et al. 2022, Figure 10A",v1,S2_SR_HARMONIZED_SCL_v1,174.88191762333076,-41.26091327327539,0.0596,0.0785,0.0842,0.0793,0.0376,0.037,0.028,0.019,0.0019,0.0026
hutt_20200713,COPERNICUS/S2_SR_HARMONIZED/20200712T222549_20200712T222545_T60GUV,2020-07-12 22:27:27,hutt_20200713_plumeTrain_0,1,train,https://doi.org/10.1080/00288330.2022.2088569,"Gall et al. 2022, Figure 10A",v1,S2_SR_HARMONIZED_SCL_v1,174.88203691749237,-41.260915468795666,0.0577,0.0805,0.0844,0.0793,0.0376,0.037,0.0268,0.019,0.0019,0.0026
hutt_20200713,COPERNICUS/S2_SR_HARMONIZED/20200712T222549_20200712T222545_T60GUV,2020-07-12 22:27:27,hutt_20200713_plumeTrain_0,1,train,https://doi.org/10.1080/00288330.2022.2088569,"Gall et al. 2022, Figure 10A",v1,S2_SR_HARMONIZED_SCL_v1,174.88215621166717,-41.26091766419244,0.0556,0.08,0.0818,0.0792,0.038,0.0355,0.026,0.0184,0.0011,0.0034
hutt_20200713,COPERNICUS/S2_SR_HARMONIZED/20200712T222549_20200712T222545_T60GUV,2020-07-12 22:27:27,hutt_20200713_plumeTrain_0,1,train,https://doi.org/10.1080/00288330.2022.2088569,"Gall et al. 2022, Figure 10A",v1,S2_SR_HARMONIZED_SCL_v1,174.88227550585515,-41.2609198594657,0.0577,0.079,0.0808,0.0792,0.038,0.0355,0.0254,0.0184,0.0011,0.0034
hutt_20200713,COPERNICUS/S2_SR_HARMONIZED/20200712T222549_20200712T222545_T60GUV,2020-07-12 22:27:27,hutt_20200713_plumeTrain_0,1,train,https://doi.org/10.1080/00288330.2022.2088569,"Gall et al. 2022, Figure 10A",v1,S2_SR_HARMONIZED_SCL_v1,174.88239480005637,-41.26092205461545,0.0564,0.079,0.0836,0.0774,0.0381,0.0344,0.0303,0.0175,0.0022,0.003
hutt_20200713,COPERNICUS/S2_SR_HARMONIZED/20200712T222549_20200712T222545_T60GUV,2020-07-12 22:27:27,hutt_20200713_plumeTrain_0,1,train,https://doi.org/10.1080/00288330.2022.2088569,"Gall et al. 2022, Figure 10A",v1,S2_SR_HARMONIZED_SCL_v1,174.8825140942708,-41.26092424964169,0.0576,0.0777,0.086,0.0774,0.0381,0.0344,0.0254,0.0175,0.0022,0.003
hutt_20200713,COPERNICUS/S2_SR_HARMONIZED/20200712T222549_20200712T222545_T60GUV,2020-07-12 22:27:27,hutt_20200713_plumeTrain_0,1,train,https://doi.org/10.1080/00288330.2022.2088569,"Gall et al. 2022, Figure 10A",v1,S2_SR_HARMONIZED_SCL_v1,174.88299127126032,-41.26093302851159,0.0562,0.0786,0.0833,0.0785,0.0362,0.034,0.0288,0.0179,7.0E-4,0.0039
hutt_20200713,COPERNICUS/S2_SR_HARMONIZED/20200712T222549_20200712T222545_T60GUV,2020-07-12 22:27:27,hutt_20200713_plumeTrain_0,1,train,https://doi.org/10.1080/00288330.2022.2088569,"Gall et al. 2022, Figure 10A",v1,S2_SR_HARMONIZED_SCL_v1,174.8831105655407,-41.260935222920295,0.0566,0.0819,0.0815,0.0787,0.036,0.0321,0.0286,0.0176,0.0025,0.0021
hutt_20200713,COPERNICUS/S2_SR_HARMONIZED/20200712T222549_20200712T222545_T60GUV,2020-07-12 22:27:27,hutt_20200713_plumeTrain_0,1,train,https://doi.org/10.1080/00288330.2022.2088569,"Gall et al. 2022, Figure 10A",v1,S2_SR_HARMONIZED_SCL_v1,174.88334915414103,-41.26093961136717,0.0587,0.0749,0.0838,0.079,0.0339,0.035,0.0304,0.018,0.0023,0.0019
hutt_20200713,COPERNICUS/S2_SR_HARMONIZED/20200712T222549_20200712T222545_T60GUV,2020-07-12 22:27:27,hutt_20200713_plumeTrain_0,1,train,https://doi.org/10.1080/00288330.2022.2088569,"Gall et al. 2022, Figure 10A",v1,S2_SR_HARMONIZED_SCL_v1,174.883468448461,-41.26094180540535,0.0591,0.0753,0.0854,0.079,0.0339,0.035,0.0293,0.018,0.0023,0.0019
hutt_20200713,COPERNICUS/S2_SR_HARMONIZED/20200712T222549_20200712T222545_T60GUV,2020-07-12 22:27:27,hutt_20200713_plumeTrain_0,1,train,https://doi.org/10.1080/00288330.2022.2088569,"Gall et al. 2022, Figure 10A",v1,S2_SR_HARMONIZED_SCL_v1,174.88358774279413,-41.26094399932002,0.0581,0.0783,0.0846,0.0765,0.0342,0.0343,0.026,0.0188,0.0011,0.0011
hutt_20200713,COPERNICUS/S2_SR_HARMONIZED/20200712T222549_20200712T222545_T60GUV,2020-07-12 22:27:27,hutt_20200713_plumeTrain_0,1,train,https://doi.org/10.1080/00288330.2022.2088569,"Gall et al. 2022, Figure 10A",v1,S2_SR_HARMONIZED_SCL_v1,174.88370703714048,-41.26094619311118,0.0596,0.0758,0.0865,0.0765,0.0342,0.0343,0.0303,0.0188,0.0011,0.0011
hutt_20200713,COPERNICUS/S2_SR_HARMONIZED/20200712T222549_20200712T222545_T60GUV,2020-07-12 22:27:27,hutt_20200713_plumeTrain_0,1,train,https://doi.org/10.1080/00288330.2022.2088569,"Gall et al. 2022, Figure 10A",v1,S2_SR_HARMONIZED_SCL_v1,174.87893235980104,-41.26094836157697,0.0531,0.0756,0.0787,0.0766,0.0349,0.0326,0.0236,0.0174,0.0014,0.0024
hutt_20200713,COPERNICUS/S2_SR_HARMONIZED/20200712T222549_20200712T222545_T60GUV,2020-07-12 22:27:27,hutt_20200713_plumeTrain_0,1,train,https://doi.org/10.1080/00288330.2022.2088569,"Gall et al. 2022, Figure 10A",v1,S2_SR_HARMONIZED_SCL_v1,174.87917094780414,-41.260952758683246,0.0588,0.0824,0.0817,0.077,0.0342,0.0334,0.0261,0.0189,0.0019,0.0029
hutt_20200713,COPERNICUS/S2_SR_HARMONIZED/20200712T222549_20200712T222545_T60GUV,2020-07-12 22:27:27,hutt_20200713_plumeTrain_0,1,train,https://doi.org/10.1080/00288330.2022.2088569,"Gall et al. 2022, Figure 10A",v1,S2_SR_HARMONIZED_SCL_v1,174.8792902418255,-41.26095495705112,0.0613,0.0815,0.0835,0.0788,0.0346,0.0331,0.0273,0.0179,8.0E-4,0.0024
hutt_20200713,COPERNICUS/S2_SR_HARMONIZED/20200712T222549_20200712T222545_T60GUV,2020-07-12 22:27:27,hutt_20200713_plumeTrain_0,1,train,https://doi.org/10.1080/00288330.2022.2088569,"Gall et al. 2022, Figure 10A",v1,S2_SR_HARMONIZED_SCL_v1,174.87940953586008,-41.260957155295486,0.052,0.0805,0.0827,0.0788,0.0346,0.0331,0.0271,0.0179,8.0E-4,0.0024
hutt_20200713,COPERNICUS/S2_SR_HARMONIZED/20200712T222549_20200712T222545_T60GUV,2020-07-12 22:27:27,hutt_20200713_plumeTrain_0,1,train,https://doi.org/10.1080/00288330.2022.2088569,"Gall et al. 2022, Figure 10A",v1,S2_SR_HARMONIZED_SCL_v1,174.87964812396888,-41.26096155141369,0.0557,0.0795,0.0847,0.0782,0.0352,0.0339,0.0267,0.0173,1.0E-4,0.0011
hutt_20200713,COPERNICUS/S2_SR_HARMONIZED/20200712T222549_20200712T222545_T60GUV,2020-07-12 22:27:27,hutt_20200713_plumeTrain_0,1,train,https://doi.org/10.1080/00288330.2022.2088569,"Gall et al. 2022, Figure 10A",v1,S2_SR_HARMONIZED_SCL_v1,174.8800060062312,-41.260968144664695,0.0567,0.0798,0.0828,0.0792,0.0362,0.0334,0.0307,0.0193,0.0031,0.0014
hutt_20200713,COPERNICUS/S2_SR_HARMONIZED/20200712T222549_20200712T222545_T60GUV,2020-07-12 22:27:27,hutt_20200713_plumeTrain_0,1,train,https://doi.org/10.1080/00288330.2022.2088569,"Gall et al. 2022, Figure 10A",v1,S2_SR_HARMONIZED_SCL_v1,174.88012530034507,-41.260970342168015,0.0563,0.0821,0.0824,0.0792,0.0362,0.0334,0.0307,0.0193,0.0031,0.0014
hutt_20200713,COPERNICUS/S2_SR_HARMONIZED/20200712T222549_20200712T222545_T60GUV,2020-07-12 22:27:27,hutt_20200713_plumeTrain_0,1,train,https://doi.org/10.1080/00288330.2022.2088569,"Gall et al. 2022, Figure 10A",v1,S2_SR_HARMONIZED_SCL_v1,174.88024459447217,-41.26097253954782,0.0564,0.0802,0.0844,0.0808,0.0381,0.0356,0.0287,0.0174,0.0014,0.0014
hutt_20200713,COPERNICUS/S2_SR_HARMONIZED/20200712T222549_20200712T222545_T60GUV,2020-07-12 22:27:27,hutt_20200713_plumeTrain_0,1,train,https://doi.org/10.1080/00288330.2022.2088569,"Gall et al. 2022, Figure 10A",v1,S2_SR_HARMONIZED_SCL_v1,174.88036388861244,-41.26097473680413,0.0626,0.0781,0.0886,0.0808,0.0381,0.0356,0.03,0.0174,0.0014,0.0014
hutt_20200713,COPERNICUS/S2_SR_HARMONIZED/20200712T222549_20200712T222545_T60GUV,2020-07-12 22:27:27,hutt_20200713_plumeTrain_0,1,train,https://doi.org/10.1080/00288330.2022.2088569,"Gall et al. 2022, Figure 10A",v1,S2_SR_HARMONIZED_SCL_v1,174.88048318276597,-41.260976933936924,0.0554,0.0783,0.0882,0.0791,0.037,0.0349,0.0281,0.0169,1.0E-4,0.0024
hutt_20200713,COPERNICUS/S2_SR_HARMONIZED/20200712T222549_20200712T222545_T60GUV,2020-07-12 22:27:27,hutt_20200713_plumeTrain_0,1,train,https://doi.org/10.1080/00288330.2022.2088569,"Gall et al. 2022, Figure 10A",v1,S2_SR_HARMONIZED_SCL_v1,174.88060247693267,-41.26097913094621,0.0547,0.0815,0.0854,0.0791,0.037,0.0349,0.0271,0.0169,1.0E-4,0.0024
hutt_20200713,COPERNICUS/S2_SR_HARMONIZED/20200712T222549_20200712T222545_T60GUV,2020-07-12 22:27:27,hutt_20200713_plumeTrain_0,1,train,https://doi.org/10.1080/00288330.2022.2088569,"Gall et al. 2022, Figure 10A",v1,S2_SR_HARMONIZED_SCL_v1,174.88096035951207,-41.26098572123302,0.0592,0.0802,0.0888,0.0802,0.0368,0.0348,0.029,0.0171,0.0018,0.0026
hutt_20200713,COPERNICUS/S2_SR_HARMONIZED/20200712T222549_20200712T222545_T60GUV,2020-07-12 22:27:27,hutt_20200713_plumeTrain_0,1,train,https://doi.org/10.1080/00288330.2022.2088569,"Gall et al. 2022, Figure 10A",v1,S2_SR_HARMONIZED_SCL_v1,174.88107965373163,-41.26098791774828,0.0567,0.0799,0.0872,0.0802,0.0368,0.0348,0.0288,0.0171,0.0018,0.0026
hutt_20200713,COPERNICUS/S2_SR_HARMONIZED/20200712T222549_20200712T222545_T60GUV,2020-07-12 22:27:27,hutt_20200713_plumeTrain_0,1,train,https://doi.org/10.1080/00288330.2022.2088569,"Gall et al. 2022, Figure 10A",v1,S2_SR_HARMONIZED_SCL_v1,174.88119894796438,-41.26099011414003,0.0585,0.0797,0.0833,0.0803,0.0375,0.0357,0.0278,0.0191,0.002,0.003
hutt_20200713,COPERNICUS/S2_SR_HARMONIZED/20200712T222549_20200712T222545_T60GUV,2020-07-12 22:27:27,hutt_20200713_plumeTrain_0,1,train,https://doi.org/10.1080/00288330.2022.2088569,"Gall et al. 2022, Figure 10A",v1,S2_SR_HARMONIZED_SCL_v1,174.88131824221034,-41.26099231040826,0.0556,0.0844,0.0837,0.0803,0.0375,0.0357,0.0283,0.0191,0.002,0.003
hutt_20200713,COPERNICUS/S2_SR_HARMONIZED/20200712T222549_20200712T222545_T60GUV,2020-07-12 22:27:27,hutt_20200713_plumeTrain_0,1,train,https://doi.org/10.1080/00288330.2022.2088569,"Gall et al. 2022, Figure 10A",v1,S2_SR_HARMONIZED_SCL_v1,174.8814375364695,-41.260994506553,0.0587,0.0822,0.0853,0.0777,0.0362,0.0349,0.0286,0.021,0.0017,0.0035
hutt_20200713,COPERNICUS/S2_SR_HARMONIZED/20200712T222549_20200712T222545_T60GUV,2020-07-12 22:27:27,hutt_20200713_plumeTrain_0,1,train,https://doi.org/10.1080/00288330.2022.2088569,"Gall et al. 2022, Figure 10A",v1,S2_SR_HARMONIZED_SCL_v1,174.88155683074189,-41.260996702574225,0.0622,0.0801,0.0857,0.0777,0.0362,0.0349,0.0291,0.021,0.0017,0.0035
hutt_20200713,COPERNICUS/S2_SR_HARMONIZED/20200712T222549_20200712T222545_T60GUV,2020-07-12 22:27:27,hutt_20200713_plumeTrain_0,1,train,https://doi.org/10.1080/00288330.2022.2088569,"Gall et al. 2022, Figure 10A",v1,S2_SR_HARMONIZED_SCL_v1,174.8819147136382,-41.261003289896834,0.0577,0.0838,0.0847,0.0793,0.0376,0.037,0.0285,0.019,0.0019,0.0026
hutt_20200713,COPERNICUS/S2_SR_HARMONIZED/20200712T222549_20200712T222545_T60GUV,2020-07-12 22:27:27,hutt_20200713_plumeTrain_0,1,train,https://doi.org/10.1080/00288330.2022.2088569,"Gall et al. 2022, Figure 10A",v1,S2_SR_HARMONIZED_SCL_v1,174.8820340079634,-41.26100548542402,0.0596,0.0828,0.0869,0.0793,0.0376,0.037,0.0272,0.019,0.0019,0.0026
hutt_20200713,COPERNICUS/S2_SR_HARMONIZED/20200712T222549_20200712T222545_T60GUV,2020-07-12 22:27:27,hutt_20200713_plumeTrain_0,1,train,https://doi.org/10.1080/00288330.2022.2088569,"Gall et al. 2022, Figure 10A",v1,S2_SR_HARMONIZED_SCL_v1,174.88227259665334,-41.261009876107885,0.0574,0.0816,0.0818,0.0792,0.038,0.0355,0.0282,0.0184,0.0011,0.0034
hutt_20200713,COPERNICUS/S2_SR_HARMONIZED/20200712T222549_20200712T222545_T60GUV,2020-07-12 22:27:27,hutt_20200713_plumeTrain_0,1,train,https://doi.org/10.1080/00288330.2022.2088569,"Gall et al. 2022, Figure 10A",v1,S2_SR_HARMONIZED_SCL_v1,174.88239189101813,-41.261012071264545,0.0574,0.0828,0.0838,0.0774,0.0381,0.0344,0.029,0.0175,0.0022,0.003
hutt_20200713,COPERNICUS/S2_SR_HARMONIZED/20200712T222549_20200712T222545_T60GUV,2020-07-12 22:27:27,hutt_20200713_plumeTrain_0,1,train,https://doi.org/10.1080/00288330.2022.2088569,"Gall et al. 2022, Figure 10A",v1,S2_SR_HARMONIZED_SCL_v1,174.8825111853961,-41.2610142662977,0.0569,0.0822,0.0847,0.0774,0.0381,0.0344,0.0294,0.0175,0.0022,0.003
hutt_20200713,COPERNICUS/S2_SR_HARMONIZED/20200712T222549_20200712T222545_T60GUV,2020-07-12 22:27:27,hutt_20200713_plumeTrain_0,1,train,https://doi.org/10.1080/00288330.2022.2088569,"Gall et al. 2022, Figure 10A",v1,S2_SR_HARMONIZED_SCL_v1,174.88263047978725,-41.26101646120734,0.0581,0.0833,0.0835,0.0767,0.0375,0.0346,0.0285,0.0188,0.002,0.0036
hutt_20200713,COPERNICUS/S2_SR_HARMONIZED/20200712T222549_20200712T222545_T60GUV,2020-07-12 22:27:27,hutt_20200713_plumeTrain_0,1,train,https://doi.org/10.1080/00288330.2022.2088569,"Gall et al. 2022, Figure 10A",v1,S2_SR_HARMONIZED_SCL_v1,174.88322695194108,-41.26102743390294,0.0541,0.0794,0.0835,0.0787,0.036,0.0321,0.0286,0.0176,0.0025,0.0021
hutt_20200713,COPERNICUS/S2_SR_HARMONIZED/20200712T222549_20200712T222545_T60GUV,2020-07-12 22:27:27,hutt_20200713_plumeTrain_0,1,train,https://doi.org/10.1080/00288330.2022.2088569,"Gall et al. 2022, Figure 10A",v1,S2_SR_HARMONIZED_SCL_v1,174.88334624641143,-41.26102962807154,0.0547,0.08,0.0844,0.079,0.0339,0.035,0.0283,0.018,0.0023,0.0019
hutt_20200713,COPERNICUS/S2_SR_HARMONIZED/20200712T222549_20200712T222545_T60GUV,2020-07-12 22:27:27,hutt_20200713_plumeTrain_0,1,train,https://doi.org/10.1080/00288330.2022.2088569,"Gall et al. 2022, Figure 10A",v1,S2_SR_HARMONIZED_SCL_v1,174.88346554089497,-41.26103182211662,0.0566,0.0772,0.0852,0.079,0.0339,0.035,0.0291,0.018,0.0023,0.0019
hutt_20200713,COPERNICUS/S2_SR_HARMONIZED/20200712T222549_20200712T222545_T60GUV,2020-07-12 22:27:27,hutt_20200713_plumeTrain_0,1,train,https://doi.org/10.1080/00288330.2022.2088569,"Gall et al. 2022, Figure 10A",v1,S2_SR_HARMONIZED_SCL_v1,174.8835848353917,-41.261034016038195,0.057,0.0764,0.0857,0.0765,0.0342,0.0343,0.0283,0.0188,0.0011,0.0011
hutt_20200713,COPERNICUS/S2_SR_HARMONIZED/20200712T222549_20200712T222545_T60GUV,2020-07-12 22:27:27,hutt_20200713_plumeTrain_0,1,train,https://doi.org/10.1080/00288330.2022.2088569,"Gall et al. 2022, Figure 10A",v1,S2_SR_HARMONIZED_SCL_v1,174.8790487401643,-41.261040576645726,0.0589,0.0741,0.0804,0.0719,0.0346,0.0306,0.0258,0.0167,0.003,0.0029
hutt_20200713,COPERNICUS/S2_SR_HARMONIZED/20200712T222549_20200712T222545_T60GUV,2020-07-12 22:27:27,hutt_20200713_plumeTrain_0,1,train,https://doi.org/10.1080/00288330.2022.2088569,"Gall et al. 2022, Figure 10A",v1,S2_SR_HARMONIZED_SCL_v1,174.879168034336,-41.261042775144034,0.0548,0.0813,0.0828,0.0719,0.0346,0.0306,0.0247,0.0167,0.003,0.0029
hutt_20200713,COPERNICUS/S2_SR_HARMONIZED/20200712T222549_20200712T222545_T60GUV,2020-07-12 22:27:27,hutt_20200713_plumeTrain_0,1,train,https://doi.org/10.1080/00288330.2022.2088569,"Gall et al. 2022, Figure 10A",v1,S2_SR_HARMONIZED_SCL_v1,174.87928732852097,-41.26104497351882,0.0563,0.0786,0.081,0.078,0.0342,0.0319,0.0287,0.0152,0.0026,0.0031
hutt_20200713,COPERNICUS/S2_SR_HARMONIZED/20200712T222549_20200712T222545_T60GUV,2020-07-12 22:27:27,hutt_20200713_plumeTrain_0,1,train,https://doi.org/10.1080/00288330.2022.2088569,"Gall et al. 2022, Figure 10A",v1,S2_SR_HARMONIZED_SCL_v1,174.8795259169305,-41.26104936989789,0.0575,0.0803,0.0835,0.0759,0.0345,0.0322,0.0254,0.0169,0.0025,0.002
hutt_20200713,COPERNICUS/S2_SR_HARMONIZED/20200712T222549_20200712T222545_T60GUV,2020-07-12 22:27:27,hutt_20200713_plumeTrain_0,1,train,https://doi.org/10.1080/00288330.2022.2088569,"Gall et al. 2022, Figure 10A",v1,S2_SR_HARMONIZED_SCL_v1,174.87964521115506,-41.26105156790216,0.0551,0.0786,0.0846,0.0759,0.0345,0.0322,0.0263,0.0169,0.0025,0.002
hutt_20200713,COPERNICUS/S2_SR_HARMONIZED/20200712T222549_20200712T222545_T60GUV,2020-07-12 22:27:27,hutt_20200713_plumeTrain_0,1,train,https://doi.org/10.1080/00288330.2022.2088569,"Gall et al. 2022, Figure 10A",v1,S2_SR_HARMONIZED_SCL_v1,174.87976450539287,-41.26105376578292,0.0602,0.0792,0.085,0.0759,0.0359,0.0325,0.0264,0.0172,0.002,0.0025
hutt_20200713,COPERNICUS/S2_SR_HARMONIZED/20200712T222549_20200712T222545_T60GUV,2020-07-12 22:27:27,hutt_20200713_plumeTrain_0,1,train,https://doi.org/10.1080/00288330.2022.2088569,"Gall et al. 2022, Figure 10A",v1,S2_SR_HARMONIZED_SCL_v1,174.88000309390813,-41.261058161173914,0.0554,0.0792,0.0841,0.0765,0.0362,0.0342,0.029,0.0192,0.0029,8.0E-4
hutt_20200713,COPERNICUS/S2_SR_HARMONIZED/20200712T222549_20200712T222545_T60GUV,2020-07-12 22:27:27,hutt_20200713_plumeTrain_0,1,train,https://doi.org/10.1080/00288330.2022.2088569,"Gall et al. 2022, Figure 10A",v1,S2_SR_HARMONIZED_SCL_v1,174.88012238818558,-41.261060358684155,0.0567,0.0799,0.082,0.0765,0.0362,0.0342,0.029,0.0192,0.0029,8.0E-4
hutt_20200713,COPERNICUS/S2_SR_HARMONIZED/20200712T222549_20200712T222545_T60GUV,2020-07-12 22:27:27,hutt_20200713_plumeTrain_0,1,train,https://doi.org/10.1080/00288330.2022.2088569,"Gall et al. 2022, Figure 10A",v1,S2_SR_HARMONIZED_SCL_v1,174.880718859771,-41.26107134438272,0.0592,0.0827,0.0882,0.0785,0.0379,0.0369,0.0278,0.0177,8.0E-4,0.0022
hutt_20200713,COPERNICUS/S2_SR_HARMONIZED/20200712T222549_20200712T222545_T60GUV,2020-07-12 22:27:27,hutt_20200713_plumeTrain_0,1,train,https://doi.org/10.1080/00288330.2022.2088569,"Gall et al. 2022, Figure 10A",v1,S2_SR_HARMONIZED_SCL_v1,174.88131533168666,-41.261082326993574,0.0604,0.081,0.0824,0.0778,0.0369,0.0333,0.0272,0.0178,0.002,0.0035
hutt_20200713,COPERNICUS/S2_SR_HARMONIZED/20200712T222549_20200712T222545_T60GUV,2020-07-12 22:27:27,hutt_20200713_plumeTrain_0,1,train,https://doi.org/10.1080/00288330.2022.2088569,"Gall et al. 2022, Figure 10A",v1,S2_SR_HARMONIZED_SCL_v1,174.8814346261094,-41.261084523145215,0.0585,0.0812,0.0849,0.0782,0.0361,0.0342,0.0288,0.0199,0.002,0.002
hutt_20200713,COPERNICUS/S2_SR_HARMONIZED/20200712T222549_20200712T222545_T60GUV,2020-07-12 22:27:27,hutt_20200713_plumeTrain_0,1,train,https://doi.org/10.1080/00288330.2022.2088569,"Gall et al. 2022, Figure 10A",v1,S2_SR_HARMONIZED_SCL_v1,174.88167321499452,-41.26108891507798,0.0604,0.0777,0.0839,0.0769,0.0366,0.0347,0.0273,0.0182,0.0021,0.0021
hutt_20200713,COPERNICUS/S2_SR_HARMONIZED/20200712T222549_20200712T222545_T60GUV,2020-07-12 22:27:27,hutt_20200713_plumeTrain_0,1,train,https://doi.org/10.1080/00288330.2022.2088569,"Gall et al. 2022, Figure 10A",v1,S2_SR_HARMONIZED_SCL_v1,174.88179250945686,-41.2610911108591,0.0589,0.0785,0.084,0.0769,0.0366,0.0347,0.0316,0.0182,0.0021,0.0021
hutt_20200713,COPERNICUS/S2_SR_HARMONIZED/20200712T222549_20200712T222545_T60GUV,2020-07-12 22:27:27,hutt_20200713_plumeTrain_0,1,train,https://doi.org/10.1080/00288330.2022.2088569,"Gall et al. 2022, Figure 10A",v1,S2_SR_HARMONIZED_SCL_v1,174.8820310984212,-41.26109550205081,0.0556,0.0822,0.0872,0.0784,0.0368,0.0367,0.0271,0.0174,0.0018,0.0024
hutt_20200713,COPERNICUS/S2_SR_HARMONIZED/20200712T222549_20200712T222545_T60GUV,2020-07-12 22:27:27,hutt_20200713_plumeTrain_0,1,train,https://doi.org/10.1080/00288330.2022.2088569,"Gall et al. 2022, Figure 10A",v1,S2_SR_HARMONIZED_SCL_v1,174.8822696874383,-41.261099892748476,0.0526,0.0772,0.0845,0.0766,0.0382,0.0339,0.0283,0.0197,0.0021,0.0027
hutt_20200713,COPERNICUS/S2_SR_HARMONIZED/20200712T222549_20200712T222545_T60GUV,2020-07-12 22:27:27,hutt_20200713_plumeTrain_0,1,train,https://doi.org/10.1080/00288330.2022.2088569,"Gall et al. 2022, Figure 10A",v1,S2_SR_HARMONIZED_SCL_v1,174.88238898196667,-41.26110208791206,0.0528,0.0787,0.0842,0.0759,0.0375,0.0348,0.0268,0.0194,0.0022,0.0017
hutt_20200713,COPERNICUS/S2_SR_HARMONIZED/20200712T222549_20200712T222545_T60GUV,2020-07-12 22:27:27,hutt_20200713_plumeTrain_0,1,train,https://doi.org/10.1080/00288330.2022.2088569,"Gall et al. 2022, Figure 10A",v1,S2_SR_HARMONIZED_SCL_v1,174.88250827650825,-41.261104282952125,0.0509,0.0833,0.0818,0.0759,0.0375,0.0348,0.028,0.0194,0.0022,0.0017
hutt_20200713,COPERNICUS/S2_SR_HARMONIZED/20200712T222549_20200712T222545_T60GUV,2020-07-12 22:27:27,hutt_20200713_plumeTrain_0,1,train,https://doi.org/10.1080/00288330.2022.2088569,"Gall et al. 2022, Figure 10A",v1,S2_SR_HARMONIZED_SCL_v1,174.88262757106298,-41.26110647786868,0.0581,0.081,0.0828,0.0742,0.036,0.0332,0.0277,0.0192,4.0E-4,0.003
hutt_20200713,COPERNICUS/S2_SR_HARMONIZED/20200712T222549_20200712T222545_T60GUV,2020-07-12 22:27:27,hutt_20200713_plumeTrain_0,1,train,https://doi.org/10.1080/00288330.2022.2088569,"Gall et al. 2022, Figure 10A",v1,S2_SR_HARMONIZED_SCL_v1,174.88274686563093,-41.26110867266173,0.0574,0.0798,0.0829,0.0742,0.036,0.0332,0.0262,0.0192,4.0E-4,0.003
hutt_20200713,COPERNICUS/S2_SR_HARMONIZED/20200712T222549_20200712T222545_T60GUV,2020-07-12 22:27:27,hutt_20200713_plumeTrain_0,1,train,https://doi.org/10.1080/00288330.2022.2088569,"Gall et al. 2022, Figure 10A",v1,S2_SR_HARMONIZED_SCL_v1,174.8828661602121,-41.26111086733126,0.0562,0.0794,0.0828,0.0763,0.0362,0.0338,0.0303,0.0173,9.0E-4,0.0044
hutt_20200713,COPERNICUS/S2_SR_HARMONIZED/20200712T222549_20200712T222545_T60GUV,2020-07-12 22:27:27,hutt_20200713_plumeTrain_0,1,train,https://doi.org/10.1080/00288330.2022.2088569,"Gall et al. 2022, Figure 10A",v1,S2_SR_HARMONIZED_SCL_v1,174.88310474941397,-41.26111525629981,0.0537,0.0819,0.0839,0.0777,0.0364,0.0342,0.0283,0.0196,0.0022,0.0015
hutt_20200713,COPERNICUS/S2_SR_HARMONIZED/20200712T222549_20200712T222545_T60GUV,2020-07-12 22:27:27,hutt_20200713_plumeTrain_0,1,train,https://doi.org/10.1080/00288330.2022.2088569,"Gall et al. 2022, Figure 10A",v1,S2_SR_HARMONIZED_SCL_v1,174.8832240440347,-41.261117450598825,0.0567,0.0784,0.0836,0.0777,0.0364,0.0342,0.0288,0.0196,0.0022,0.0015
hutt_20200713,COPERNICUS/S2_SR_HARMONIZED/20200712T222549_20200712T222545_T60GUV,2020-07-12 22:27:27,hutt_20200713_plumeTrain_0,1,train,https://doi.org/10.1080/00288330.2022.2088569,"Gall et al. 2022, Figure 10A",v1,S2_SR_HARMONIZED_SCL_v1,174.88334333866865,-41.261119644774325,0.0581,0.0784,0.0828,0.0793,0.0357,0.0339,0.0285,0.0195,0.0011,0.0011
hutt_20200713,COPERNICUS/S2_SR_HARMONIZED/20200712T222549_20200712T222545_T60GUV,2020-07-12 22:27:27,hutt_20200713_plumeTrain_0,1,train,https://doi.org/10.1080/00288330.2022.2088569,"Gall et al. 2022, Figure 10A",v1,S2_SR_HARMONIZED_SCL_v1,174.88346263331576,-41.26112183882631,0.0553,0.079,0.0832,0.0793,0.0357,0.0339,0.0291,0.0195,0.0011,0.0011
hutt_20200713,COPERNICUS/S2_SR_HARMONIZED/20200712T222549_20200712T222545_T60GUV,2020-07-12 22:27:27,hutt_20200713_plumeTrain_0,1,train,https://doi.org/10.1080/00288330.2022.2088569,"Gall et al. 2022, Figure 10A",v1,S2_SR_HARMONIZED_SCL_v1,174.8837012226496,-41.261126226559774,0.0548,0.0828,0.0874,0.0771,0.0357,0.0321,0.028,0.0172,0.0016,0.002
hutt_20200713,COPERNICUS/S2_SR_HARMONIZED/20200712T222549_20200712T222545_T60GUV,2020-07-12 22:27:27,hutt_20200713_plumeTrain_0,1,train,https://doi.org/10.1080/00288330.2022.2088569,"Gall et al. 2022, Figure 10A",v1,S2_SR_HARMONIZED_SCL_v1,174.8794037095649,-41.261137188243154,0.0575,0.0769,0.0792,0.078,0.0342,0.0319,0.0258,0.0152,0.0026,0.0031
hutt_20200713,COPERNICUS/S2_SR_HARMONIZED/20200712T222549_20200712T222545_T60GUV,2020-07-12 22:27:27,hutt_20200713_plumeTrain_0,1,train,https://doi.org/10.1080/00288330.2022.2088569,"Gall et al. 2022, Figure 10A",v1,S2_SR_HARMONIZED_SCL_v1,174.87952300393988,-41.26113938637785,0.0597,0.0816,0.0804,0.0759,0.0345,0.0322,0.0254,0.0169,0.0025,0.002
hutt_20200713,COPERNICUS/S2_SR_HARMONIZED/20200712T222549_20200712T222545_T60GUV,2020-07-12 22:27:27,hutt_20200713_plumeTrain_0,1,train,https://doi.org/10.1080/00288330.2022.2088569,"Gall et al. 2022, Figure 10A",v1,S2_SR_HARMONIZED_SCL_v1,174.87964229832806,-41.261141584389044,0.0569,0.0785,0.0817,0.0759,0.0345,0.0322,0.0254,0.0169,0.0025,0.002
hutt_20200713,COPERNICUS/S2_SR_HARMONIZED/20200712T222549_20200712T222545_T60GUV,2020-07-12 22:27:27,hutt_20200713_plumeTrain_0,1,train,https://doi.org/10.1080/00288330.2022.2088569,"Gall et al. 2022, Figure 10A",v1,S2_SR_HARMONIZED_SCL_v1,174.87988088714405,-41.261145980040894,0.0646,0.078,0.0814,0.0759,0.0359,0.0325,0.0259,0.0172,0.002,0.0025
hutt_20200713,COPERNICUS/S2_SR_HARMONIZED/20200712T222549_20200712T222545_T60GUV,2020-07-12 22:27:27,hutt_20200713_plumeTrain_0,1,train,https://doi.org/10.1080/00288330.2022.2088569,"Gall et al. 2022, Figure 10A",v1,S2_SR_HARMONIZED_SCL_v1,174.88023877046714,-41.261152572592366,0.0582,0.0781,0.0836,0.0775,0.0364,0.035,0.0299,0.0187,7.0E-4,0.001
hutt_20200713,COPERNICUS/S2_SR_HARMONIZED/20200712T222549_20200712T222545_T60GUV,2020-07-12 22:27:27,hutt_20200713_plumeTrain_0,1,train,https://doi.org/10.1080/00288330.2022.2088569,"Gall et al. 2022, Figure 10A",v1,S2_SR_HARMONIZED_SCL_v1,174.8803580649346,-41.26115476986249,0.053,0.0796,0.0835,0.0775,0.0364,0.035,0.028,0.0187,7.0E-4,0.001
hutt_20200713,COPERNICUS/S2_SR_HARMONIZED/20200712T222549_20200712T222545_T60GUV,2020-07-12 22:27:27,hutt_20200713_plumeTrain_0,1,train,https://doi.org/10.1080/00288330.2022.2088569,"Gall et al. 2022, Figure 10A",v1,S2_SR_HARMONIZED_SCL_v1,174.88047735941527,-41.26115696700913,0.0512,0.0816,0.0838,0.0789,0.0365,0.036,0.0253,0.0181,0.0011,0.0031
hutt_20200713,COPERNICUS/S2_SR_HARMONIZED/20200712T222549_20200712T222545_T60GUV,2020-07-12 22:27:27,hutt_20200713_plumeTrain_0,1,train,https://doi.org/10.1080/00288330.2022.2088569,"Gall et al. 2022, Figure 10A",v1,S2_SR_HARMONIZED_SCL_v1,174.88059665390915,-41.26115916403225,0.0554,0.0808,0.0847,0.0789,0.0365,0.036,0.0277,0.0181,0.0011,0.0031
hutt_20200713,COPERNICUS/S2_SR_HARMONIZED/20200712T222549_20200712T222545_T60GUV,2020-07-12 22:27:27,hutt_20200713_plumeTrain_0,1,train,https://doi.org/10.1080/00288330.2022.2088569,"Gall et al. 2022, Figure 10A",v1,S2_SR_HARMONIZED_SCL_v1,174.88071594841622,-41.26116136093186,0.0571,0.0821,0.0858,0.0785,0.0379,0.0369,0.0287,0.0177,8.0E-4,0.0022
hutt_20200713,COPERNICUS/S2_SR_HARMONIZED/20200712T222549_20200712T222545_T60GUV,2020-07-12 22:27:27,hutt_20200713_plumeTrain_0,1,train,https://doi.org/10.1080/00288330.2022.2088569,"Gall et al. 2022, Figure 10A",v1,S2_SR_HARMONIZED_SCL_v1,174.8808352429365,-41.26116355770797,0.0567,0.0818,0.0819,0.0785,0.0379,0.0369,0.0271,0.0177,8.0E-4,0.0022
hutt_20200713,COPERNICUS/S2_SR_HARMONIZED/20200712T222549_20200712T222545_T60GUV,2020-07-12 22:27:27,hutt_20200713_plumeTrain_0,1,train,https://doi.org/10.1080/00288330.2022.2088569,"Gall et al. 2022, Figure 10A",v1,S2_SR_HARMONIZED_SCL_v1,174.88095453747002,-41.26116575436056,0.055,0.0823,0.0849,0.0785,0.0401,0.0357,0.0287,0.0156,0.0017,0.0042
hutt_20200713,COPERNICUS/S2_SR_HARMONIZED/20200712T222549_20200712T222545_T60GUV,2020-07-12 22:27:27,hutt_20200713_plumeTrain_0,1,train,https://doi.org/10.1080/00288330.2022.2088569,"Gall et al. 2022, Figure 10A",v1,S2_SR_HARMONIZED_SCL_v1,174.8810738320167,-41.26116795088964,0.0563,0.0798,0.0852,0.0785,0.0401,0.0357,0.0262,0.0156,0.0017,0.0042
hutt_20200713,COPERNICUS/S2_SR_HARMONIZED/20200712T222549_20200712T222545_T60GUV,2020-07-12 22:27:27,hutt_20200713_plumeTrain_0,1,train,https://doi.org/10.1080/00288330.2022.2088569,"Gall et al. 2022, Figure 10A",v1,S2_SR_HARMONIZED_SCL_v1,174.88119312657665,-41.26117014729522,0.0567,0.0813,0.0861,0.0778,0.0369,0.0333,0.0259,0.0178,0.002,0.0035
hutt_20200713,COPERNICUS/S2_SR_HARMONIZED/20200712T222549_20200712T222545_T60GUV,2020-07-12 22:27:27,hutt_20200713_plumeTrain_0,1,train,https://doi.org/10.1080/00288330.2022.2088569,"Gall et al. 2022, Figure 10A",v1,S2_SR_HARMONIZED_SCL_v1,174.88131242114977,-41.261172343577286,0.0577,0.0823,0.0848,0.0778,0.0369,0.0333,0.0282,0.0178,0.002,0.0035
hutt_20200713,COPERNICUS/S2_SR_HARMONIZED/20200712T222549_20200712T222545_T60GUV,2020-07-12 22:27:27,hutt_20200713_plumeTrain_0,1,train,https://doi.org/10.1080/00288330.2022.2088569,"Gall et al. 2022, Figure 10A",v1,S2_SR_HARMONIZED_SCL_v1,174.88178959957432,-41.261181127470465,0.0547,0.0764,0.0841,0.0769,0.0366,0.0347,0.03,0.0182,0.0021,0.0021
hutt_20200713,COPERNICUS/S2_SR_HARMONIZED/20200712T222549_20200712T222545_T60GUV,2020-07-12 22:27:27,hutt_20200713_plumeTrain_0,1,train,https://doi.org/10.1080/00288330.2022.2088569,"Gall et al. 2022, Figure 10A",v1,S2_SR_HARMONIZED_SCL_v1,174.88238607290202,-41.261192104557985,0.0587,0.0797,0.0875,0.0759,0.0375,0.0348,0.0281,0.0194,0.0022,0.0017
hutt_20200713,COPERNICUS/S2_SR_HARMONIZED/20200712T222549_20200712T222545_T60GUV,2020-07-12 22:27:27,hutt_20200713_plumeTrain_0,1,train,https://doi.org/10.1080/00288330.2022.2088569,"Gall et al. 2022, Figure 10A",v1,S2_SR_HARMONIZED_SCL_v1,174.8826246623255,-41.26119649452843,0.0589,0.0809,0.0818,0.0742,0.036,0.0332,0.0272,0.0192,4.0E-4,0.003
hutt_20200713,COPERNICUS/S2_SR_HARMONIZED/20200712T222549_20200712T222545_T60GUV,2020-07-12 22:27:27,hutt_20200713_plumeTrain_0,1,train,https://doi.org/10.1080/00288330.2022.2088569,"Gall et al. 2022, Figure 10A",v1,S2_SR_HARMONIZED_SCL_v1,174.88274395705704,-41.26119868932839,0.0577,0.0774,0.0829,0.0742,0.036,0.0332,0.0282,0.0192,4.0E-4,0.003
hutt_20200713,COPERNICUS/S2_SR_HARMONIZED/20200712T222549_20200712T222545_T60GUV,2020-07-12 22:27:27,hutt_20200713_plumeTrain_0,1,train,https://doi.org/10.1080/00288330.2022.2088569,"Gall et al. 2022, Figure 10A",v1,S2_SR_HARMONIZED_SCL_v1,174.8829825465597,-41.26120307855777,0.0546,0.0801,0.0807,0.0763,0.0362,0.0338,0.0303,0.0173,9.0E-4,0.0044
hutt_20200713,COPERNICUS/S2_SR_HARMONIZED/20200712T222549_20200712T222545_T60GUV,2020-07-12 22:27:27,hutt_20200713_plumeTrain_0,1,train,https://doi.org/10.1080/00288330.2022.2088569,"Gall et al. 2022, Figure 10A",v1,S2_SR_HARMONIZED_SCL_v1,174.8831018413308,-41.2612052729872,0.0553,0.0759,0.0797,0.0777,0.0364,0.0342,0.0286,0.0196,0.0022,0.0015
hutt_20200713,COPERNICUS/S2_SR_HARMONIZED/20200712T222549_20200712T222545_T60GUV,2020-07-12 22:27:27,hutt_20200713_plumeTrain_0,1,train,https://doi.org/10.1080/00288330.2022.2088569,"Gall et al. 2022, Figure 10A",v1,S2_SR_HARMONIZED_SCL_v1,174.88334043091265,-41.261209661475526,0.0584,0.0819,0.0829,0.0793,0.0357,0.0339,0.0286,0.0195,0.0011,0.0011
hutt_20200713,COPERNICUS/S2_SR_HARMONIZED/20200712T222549_20200712T222545_T60GUV,2020-07-12 22:27:27,hutt_20200713_plumeTrain_0,1,train,https://doi.org/10.1080/00288330.2022.2088569,"Gall et al. 2022, Figure 10A",v1,S2_SR_HARMONIZED_SCL_v1,174.88345972572336,-41.26121185553442,0.0529,0.0787,0.0818,0.0793,0.0357,0.0339,0.0288,0.0195,0.0011,0.0011
hutt_20200713,COPERNICUS/S2_SR_HARMONIZED/20200712T222549_20200712T222545_T60GUV,2020-07-12 22:27:27,hutt_20200713_plumeTrain_0,1,train,https://doi.org/10.1080/00288330.2022.2088569,"Gall et al. 2022, Figure 10A",v1,S2_SR_HARMONIZED_SCL_v1,174.88369831538435,-41.261216243281694,0.0577,0.0796,0.0861,0.0771,0.0357,0.0321,0.0277,0.0172,0.0016,0.002
hutt_20200713,COPERNICUS/S2_SR_HARMONIZED/20200712T222549_20200712T222545_T60GUV,2020-07-12 22:27:27,hutt_20200713_plumeTrain_0,1,train,https://doi.org/10.1080/00288330.2022.2088569,"Gall et al. 2022, Figure 10A",v1,S2_SR_HARMONIZED_SCL_v1,174.87940079639753,-41.261227204714615,0.0583,0.0796,0.0798,0.0718,0.035,0.0302,0.0237,0.0163,0.0017,0.0027
hutt_20200713,COPERNICUS/S2_SR_HARMONIZED/20200712T222549_20200712T222545_T60GUV,2020-07-12 22:27:27,hutt_20200713_plumeTrain_0,1,train,https://doi.org/10.1080/00288330.2022.2088569,"Gall et al. 2022, Figure 10A",v1,S2_SR_HARMONIZED_SCL_v1,174.87952009093607,-41.26122940285624,0.0527,0.0807,0.078,0.072,0.0348,0.0309,0.0241,0.0152,0.0026,0.0024
hutt_20200713,COPERNICUS/S2_SR_HARMONIZED/20200712T222549_20200712T222545_T60GUV,2020-07-12 22:27:27,hutt_20200713_plumeTrain_0,1,train,https://doi.org/10.1080/00288330.2022.2088569,"Gall et al. 2022, Figure 10A",v1,S2_SR_HARMONIZED_SCL_v1,174.87963938548785,-41.261231600874346,0.0547,0.0786,0.0787,0.072,0.0348,0.0309,0.0257,0.0152,0.0026,0.0024
hutt_20200713,COPERNICUS/S2_SR_HARMONIZED/20200712T222549_20200712T222545_T60GUV,2020-07-12 22:27:27,hutt_20200713_plumeTrain_0,1,train,https://doi.org/10.1080/00288330.2022.2088569,"Gall et al. 2022, Figure 10A",v1,S2_SR_HARMONIZED_SCL_v1,174.8797586800528,-41.26123379876894,0.0603,0.0803,0.0818,0.0705,0.034,0.031,0.0258,0.0173,0.0012,0.0017
hutt_20200713,COPERNICUS/S2_SR_HARMONIZED/20200712T222549_20200712T222545_T60GUV,2020-07-12 22:27:27,hutt_20200713_plumeTrain_0,1,train,https://doi.org/10.1080/00288330.2022.2088569,"Gall et al. 2022, Figure 10A",v1,S2_SR_HARMONIZED_SCL_v1,174.880116563827,-41.26124039171169,0.0582,0.0774,0.0818,0.0714,0.0354,0.0349,0.0283,0.0176,0.0032,0.0017
hutt_20200713,COPERNICUS/S2_SR_HARMONIZED/20200712T222549_20200712T222545_T60GUV,2020-07-12 22:27:27,hutt_20200713_plumeTrain_0,1,train,https://doi.org/10.1080/00288330.2022.2088569,"Gall et al. 2022, Figure 10A",v1,S2_SR_HARMONIZED_SCL_v1,174.88023585844482,-41.26124258911226,0.0561,0.0824,0.0832,0.0759,0.0359,0.0323,0.0264,0.0181,0.0012,0.0012
hutt_20200713,COPERNICUS/S2_SR_HARMONIZED/20200712T222549_20200712T222545_T60GUV,2020-07-12 22:27:27,hutt_20200713_plumeTrain_0,1,train,https://doi.org/10.1080/00288330.2022.2088569,"Gall et al. 2022, Figure 10A",v1,S2_SR_HARMONIZED_SCL_v1,174.8804744477201,-41.26124698354286,0.0575,0.0798,0.085,0.0772,0.0341,0.0324,0.0283,0.0182,5.0E-4,0.0017
hutt_20200713,COPERNICUS/S2_SR_HARMONIZED/20200712T222549_20200712T222545_T60GUV,2020-07-12 22:27:27,hutt_20200713_plumeTrain_0,1,train,https://doi.org/10.1080/00288330.2022.2088569,"Gall et al. 2022, Figure 10A",v1,S2_SR_HARMONIZED_SCL_v1,174.88059374237756,-41.2612491805729,0.0546,0.0802,0.0839,0.0772,0.0341,0.0324,0.0276,0.0182,5.0E-4,0.0017
hutt_20200713,COPERNICUS/S2_SR_HARMONIZED/20200712T222549_20200712T222545_T60GUV,2020-07-12 22:27:27,hutt_20200713_plumeTrain_0,1,train,https://doi.org/10.1080/00288330.2022.2088569,"Gall et al. 2022, Figure 10A",v1,S2_SR_HARMONIZED_SCL_v1,174.8808323317321,-41.26125357426245,0.0563,0.081,0.0828,0.0766,0.0323,0.033,0.0255,0.0174,9.0E-4,0.0015
hutt_20200713,COPERNICUS/S2_SR_HARMONIZED/20200712T222549_20200712T222545_T60GUV,2020-07-12 22:27:27,hutt_20200713_plumeTrain_0,1,train,https://doi.org/10.1080/00288330.2022.2088569,"Gall et al. 2022, Figure 10A",v1,S2_SR_HARMONIZED_SCL_v1,174.88095162642918,-41.26125577092195,0.0592,0.0818,0.0843,0.0778,0.0344,0.033,0.0274,0.0167,0.0029,0.0041
hutt_20200713,COPERNICUS/S2_SR_HARMONIZED/20200712T222549_20200712T222545_T60GUV,2020-07-12 22:27:27,hutt_20200713_plumeTrain_0,1,train,https://doi.org/10.1080/00288330.2022.2088569,"Gall et al. 2022, Figure 10A",v1,S2_SR_HARMONIZED_SCL_v1,174.8810709211395,-41.26125796745796,0.0557,0.0786,0.0853,0.0778,0.0344,0.033,0.0272,0.0167,0.0029,0.0041
hutt_20200713,COPERNICUS/S2_SR_HARMONIZED/20200712T222549_20200712T222545_T60GUV,2020-07-12 22:27:27,hutt_20200713_plumeTrain_0,1,train,https://doi.org/10.1080/00288330.2022.2088569,"Gall et al. 2022, Figure 10A",v1,S2_SR_HARMONIZED_SCL_v1,174.8813095105997,-41.26126236015943,0.0612,0.0798,0.0867,0.0778,0.0378,0.0322,0.0323,0.0179,0.002,0.0026
hutt_20200713,COPERNICUS/S2_SR_HARMONIZED/20200712T222549_20200712T222545_T60GUV,2020-07-12 22:27:27,hutt_20200713_plumeTrain_0,1,train,https://doi.org/10.1080/00288330.2022.2088569,"Gall et al. 2022, Figure 10A",v1,S2_SR_HARMONIZED_SCL_v1,174.8814288053496,-41.261264556324896,0.0597,0.0813,0.0852,0.077,0.0374,0.0324,0.0294,0.0161,0.0018,8.0E-4
hutt_20200713,COPERNICUS/S2_SR_HARMONIZED/20200712T222549_20200712T222545_T60GUV,2020-07-12 22:27:27,hutt_20200713_plumeTrain_0,1,train,https://doi.org/10.1080/00288330.2022.2088569,"Gall et al. 2022, Figure 10A",v1,S2_SR_HARMONIZED_SCL_v1,174.88166739488904,-41.26126894828531,0.0499,0.0794,0.0861,0.0789,0.0376,0.0337,0.0287,0.0179,0.0021,0.0021
hutt_20200713,COPERNICUS/S2_SR_HARMONIZED/20200712T222549_20200712T222545_T60GUV,2020-07-12 22:27:27,hutt_20200713_plumeTrain_0,1,train,https://doi.org/10.1080/00288330.2022.2088569,"Gall et al. 2022, Figure 10A",v1,S2_SR_HARMONIZED_SCL_v1,174.88178668967856,-41.261271144080254,0.0534,0.076,0.0833,0.0789,0.0376,0.0337,0.0287,0.0179,0.0021,0.0021
hutt_20200713,COPERNICUS/S2_SR_HARMONIZED/20200712T222549_20200712T222545_T60GUV,2020-07-12 22:27:27,hutt_20200713_plumeTrain_0,1,train,https://doi.org/10.1080/00288330.2022.2088569,"Gall et al. 2022, Figure 10A",v1,S2_SR_HARMONIZED_SCL_v1,174.8820252792972,-41.26127553529962,0.0585,0.0811,0.0856,0.0804,0.0378,0.0367,0.0271,0.0195,0.0012,0.0014
hutt_20200713,COPERNICUS/S2_SR_HARMONIZED/20200712T222549_20200712T222545_T60GUV,2020-07-12 22:27:27,hutt_20200713_plumeTrain_0,1,train,https://doi.org/10.1080/00288330.2022.2088569,"Gall et al. 2022, Figure 10A",v1,S2_SR_HARMONIZED_SCL_v1,174.8825024586929,-41.26128431625622,0.0556,0.0813,0.0833,0.0751,0.0372,0.0347,0.0278,0.0188,0.0017,0.0034
hutt_20200713,COPERNICUS/S2_SR_HARMONIZED/20200712T222549_20200712T222545_T60GUV,2020-07-12 22:27:27,hutt_20200713_plumeTrain_0,1,train,https://doi.org/10.1080/00288330.2022.2088569,"Gall et al. 2022, Figure 10A",v1,S2_SR_HARMONIZED_SCL_v1,174.88274104846997,-41.261288705993465,0.0602,0.0764,0.0812,0.0743,0.0359,0.0332,0.028,0.019,1.0E-4,0.0036
hutt_20200713,COPERNICUS/S2_SR_HARMONIZED/20200712T222549_20200712T222545_T60GUV,2020-07-12 22:27:27,hutt_20200713_plumeTrain_0,1,train,https://doi.org/10.1080/00288330.2022.2088569,"Gall et al. 2022, Figure 10A",v1,S2_SR_HARMONIZED_SCL_v1,174.88286034337824,-41.261290900676826,0.0556,0.0788,0.0839,0.0733,0.0363,0.0332,0.028,0.0171,0.0022,0.0031
hutt_20200713,COPERNICUS/S2_SR_HARMONIZED/20200712T222549_20200712T222545_T60GUV,2020-07-12 22:27:27,hutt_20200713_plumeTrain_0,1,train,https://doi.org/10.1080/00288330.2022.2088569,"Gall et al. 2022, Figure 10A",v1,S2_SR_HARMONIZED_SCL_v1,174.8829796382998,-41.26129309523667,0.0568,0.0814,0.0822,0.0733,0.0363,0.0332,0.0288,0.0171,0.0022,0.0031
hutt_20200713,COPERNICUS/S2_SR_HARMONIZED/20200712T222549_20200712T222545_T60GUV,2020-07-12 22:27:27,hutt_20200713_plumeTrain_0,1,train,https://doi.org/10.1080/00288330.2022.2088569,"Gall et al. 2022, Figure 10A",v1,S2_SR_HARMONIZED_SCL_v1,174.8830989332345,-41.261295289673,0.0547,0.0777,0.0818,0.0741,0.0362,0.0332,0.0283,0.0197,0.0019,0.003
hutt_20200713,COPERNICUS/S2_SR_HARMONIZED/20200712T222549_20200712T222545_T60GUV,2020-07-12 22:27:27,hutt_20200713_plumeTrain_0,1,train,https://doi.org/10.1080/00288330.2022.2088569,"Gall et al. 2022, Figure 10A",v1,S2_SR_HARMONIZED_SCL_v1,174.88333752314347,-41.26129967817515,0.0574,0.0828,0.0794,0.0758,0.0364,0.0323,0.0286,0.0207,1.0E-4,0.0027
hutt_20200713,COPERNICUS/S2_SR_HARMONIZED/20200712T222549_20200712T222545_T60GUV,2020-07-12 22:27:27,hutt_20200713_plumeTrain_0,1,train,https://doi.org/10.1080/00288330.2022.2088569,"Gall et al. 2022, Figure 10A",v1,S2_SR_HARMONIZED_SCL_v1,174.88345681811776,-41.261301872240956,0.0564,0.0764,0.0812,0.0758,0.0364,0.0323,0.0277,0.0207,1.0E-4,0.0027
hutt_20200713,COPERNICUS/S2_SR_HARMONIZED/20200712T222549_20200712T222545_T60GUV,2020-07-12 22:27:27,hutt_20200713_plumeTrain_0,1,train,https://doi.org/10.1080/00288330.2022.2088569,"Gall et al. 2022, Figure 10A",v1,S2_SR_HARMONIZED_SCL_v1,174.88369540810592,-41.26130626000204,0.0587,0.0816,0.0843,0.0786,0.0359,0.0336,0.0283,0.0196,5.0E-4,0.0011
hutt_20200713,COPERNICUS/S2_SR_HARMONIZED/20200712T222549_20200712T222545_T60GUV,2020-07-12 22:27:27,hutt_20200713_plumeTrain_0,1,train,https://doi.org/10.1080/00288330.2022.2088569,"Gall et al. 2022, Figure 10A",v1,S2_SR_HARMONIZED_SCL_v1,174.8796364726344,-41.26132161735806,0.0543,0.0797,0.0798,0.072,0.0348,0.0309,0.0245,0.0152,0.0026,0.0024
hutt_20200713,COPERNICUS/S2_SR_HARMONIZED/20200712T222549_20200712T222545_T60GUV,2020-07-12 22:27:27,hutt_20200713_plumeTrain_0,1,train,https://doi.org/10.1080/00288330.2022.2088569,"Gall et al. 2022, Figure 10A",v1,S2_SR_HARMONIZED_SCL_v1,174.87975576736292,-41.26132381525958,0.0613,0.0758,0.0811,0.0705,0.034,0.031,0.0285,0.0173,0.0012,0.0017
hutt_20200713,COPERNICUS/S2_SR_HARMONIZED/20200712T222549_20200712T222545_T60GUV,2020-07-12 22:27:27,hutt_20200713_plumeTrain_0,1,train,https://doi.org/10.1080/00288330.2022.2088569,"Gall et al. 2022, Figure 10A",v1,S2_SR_HARMONIZED_SCL_v1,174.8798750621047,-41.26132601303759,0.059,0.0763,0.081,0.0705,0.034,0.031,0.0272,0.0173,0.0012,0.0017
hutt_20200713,COPERNICUS/S2_SR_HARMONIZED/20200712T222549_20200712T222545_T60GUV,2020-07-12 22:27:27,hutt_20200713_plumeTrain_0,1,train,https://doi.org/10.1080/00288330.2022.2088569,"Gall et al. 2022, Figure 10A",v1,S2_SR_HARMONIZED_SCL_v1,174.87999435685967,-41.26132821069209,0.0551,0.0781,0.08,0.0714,0.0354,0.0349,0.0277,0.0176,0.0032,0.0017
hutt_20200713,COPERNICUS/S2_SR_HARMONIZED/20200712T222549_20200712T222545_T60GUV,2020-07-12 22:27:27,hutt_20200713_plumeTrain_0,1,train,https://doi.org/10.1080/00288330.2022.2088569,"Gall et al. 2022, Figure 10A",v1,S2_SR_HARMONIZED_SCL_v1,174.88011365162788,-41.26133040822308,0.0605,0.0749,0.081,0.0714,0.0354,0.0349,0.0276,0.0176,0.0032,0.0017
hutt_20200713,COPERNICUS/S2_SR_HARMONIZED/20200712T222549_20200712T222545_T60GUV,2020-07-12 22:27:27,hutt_20200713_plumeTrain_0,1,train,https://doi.org/10.1080/00288330.2022.2088569,"Gall et al. 2022, Figure 10A",v1,S2_SR_HARMONIZED_SCL_v1,174.88023294640928,-41.261332605630564,0.0548,0.0796,0.0839,0.0759,0.0359,0.0323,0.0276,0.0181,0.0012,0.0012
hutt_20200713,COPERNICUS/S2_SR_HARMONIZED/20200712T222549_20200712T222545_T60GUV,2020-07-12 22:27:27,hutt_20200713_plumeTrain_0,1,train,https://doi.org/10.1080/00288330.2022.2088569,"Gall et al. 2022, Figure 10A",v1,S2_SR_HARMONIZED_SCL_v1,174.8803522412039,-41.26133480291454,0.053,0.0815,0.0865,0.0759,0.0359,0.0323,0.026,0.0181,0.0012,0.0012
hutt_20200713,COPERNICUS/S2_SR_HARMONIZED/20200712T222549_20200712T222545_T60GUV,2020-07-12 22:27:27,hutt_20200713_plumeTrain_0,1,train,https://doi.org/10.1080/00288330.2022.2088569,"Gall et al. 2022, Figure 10A",v1,S2_SR_HARMONIZED_SCL_v1,174.88047153601173,-41.261337000075,0.057,0.0781,0.0847,0.0772,0.0341,0.0324,0.0273,0.0182,5.0E-4,0.0017
hutt_20200713,COPERNICUS/S2_SR_HARMONIZED/20200712T222549_20200712T222545_T60GUV,2020-07-12 22:27:27,hutt_20200713_plumeTrain_0,1,train,https://doi.org/10.1080/00288330.2022.2088569,"Gall et al. 2022, Figure 10A",v1,S2_SR_HARMONIZED_SCL_v1,174.88059083083277,-41.26133919711196,0.0568,0.0795,0.0847,0.0772,0.0341,0.0324,0.0283,0.0182,5.0E-4,0.0017
hutt_20200713,COPERNICUS/S2_SR_HARMONIZED/20200712T222549_20200712T222545_T60GUV,2020-07-12 22:27:27,hutt_20200713_plumeTrain_0,1,train,https://doi.org/10.1080/00288330.2022.2088569,"Gall et al. 2022, Figure 10A",v1,S2_SR_HARMONIZED_SCL_v1,174.880710125667,-41.2613413940254,0.0582,0.0792,0.0835,0.0766,0.0323,0.033,0.0268,0.0174,9.0E-4,0.0015
hutt_20200713,COPERNICUS/S2_SR_HARMONIZED/20200712T222549_20200712T222545_T60GUV,2020-07-12 22:27:27,hutt_20200713_plumeTrain_0,1,train,https://doi.org/10.1080/00288330.2022.2088569,"Gall et al. 2022, Figure 10A",v1,S2_SR_HARMONIZED_SCL_v1,174.8808294205145,-41.261343590815336,0.0565,0.0795,0.0827,0.0766,0.0323,0.033,0.025,0.0174,9.0E-4,0.0015
hutt_20200713,COPERNICUS/S2_SR_HARMONIZED/20200712T222549_20200712T222545_T60GUV,2020-07-12 22:27:27,hutt_20200713_plumeTrain_0,1,train,https://doi.org/10.1080/00288330.2022.2088569,"Gall et al. 2022, Figure 10A",v1,S2_SR_HARMONIZED_SCL_v1,174.88094871537515,-41.261345787481766,0.057,0.0824,0.0831,0.0778,0.0344,0.033,0.0255,0.0167,0.0029,0.0041
hutt_20200713,COPERNICUS/S2_SR_HARMONIZED/20200712T222549_20200712T222545_T60GUV,2020-07-12 22:27:27,hutt_20200713_plumeTrain_0,1,train,https://doi.org/10.1080/00288330.2022.2088569,"Gall et al. 2022, Figure 10A",v1,S2_SR_HARMONIZED_SCL_v1,174.88106801024904,-41.261347984024674,0.0605,0.0802,0.0844,0.0778,0.0344,0.033,0.0283,0.0167,0.0029,0.0041
hutt_20200713,COPERNICUS/S2_SR_HARMONIZED/20200712T222549_20200712T222545_T60GUV,2020-07-12 22:27:27,hutt_20200713_plumeTrain_0,1,train,https://doi.org/10.1080/00288330.2022.2088569,"Gall et al. 2022, Figure 10A",v1,S2_SR_HARMONIZED_SCL_v1,174.8811873051361,-41.26135018044408,0.0602,0.0823,0.0844,0.0778,0.0378,0.0322,0.0285,0.0179,0.002,0.0026
hutt_20200713,COPERNICUS/S2_SR_HARMONIZED/20200712T222549_20200712T222545_T60GUV,2020-07-12 22:27:27,hutt_20200713_plumeTrain_0,1,train,https://doi.org/10.1080/00288330.2022.2088569,"Gall et al. 2022, Figure 10A",v1,S2_SR_HARMONIZED_SCL_v1,174.8813066000364,-41.26135237673998,0.0589,0.0847,0.0858,0.0778,0.0378,0.0322,0.0276,0.0179,0.002,0.0026
hutt_20200713,COPERNICUS/S2_SR_HARMONIZED/20200712T222549_20200712T222545_T60GUV,2020-07-12 22:27:27,hutt_20200713_plumeTrain_0,1,train,https://doi.org/10.1080/00288330.2022.2088569,"Gall et al. 2022, Figure 10A",v1,S2_SR_HARMONIZED_SCL_v1,174.8814258949499,-41.26135457291237,0.0554,0.0833,0.0874,0.077,0.0374,0.0324,0.0281,0.0161,0.0018,8.0E-4
hutt_20200713,COPERNICUS/S2_SR_HARMONIZED/20200712T222549_20200712T222545_T60GUV,2020-07-12 22:27:27,hutt_20200713_plumeTrain_0,1,train,https://doi.org/10.1080/00288330.2022.2088569,"Gall et al. 2022, Figure 10A",v1,S2_SR_HARMONIZED_SCL_v1,174.8815451898766,-41.26135676896124,0.057,0.081,0.086,0.077,0.0374,0.0324,0.028,0.0161,0.0018,8.0E-4
hutt_20200713,COPERNICUS/S2_SR_HARMONIZED/20200712T222549_20200712T222545_T60GUV,2020-07-12 22:27:27,hutt_20200713_plumeTrain_0,1,train,https://doi.org/10.1080/00288330.2022.2088569,"Gall et al. 2022, Figure 10A",v1,S2_SR_HARMONIZED_SCL_v1,174.88166448481647,-41.26135896488661,0.0537,0.0783,0.0813,0.0789,0.0376,0.0337,0.0291,0.0179,0.0021,0.0021
hutt_20200713,COPERNICUS/S2_SR_HARMONIZED/20200712T222549_20200712T222545_T60GUV,2020-07-12 22:27:27,hutt_20200713_plumeTrain_0,1,train,https://doi.org/10.1080/00288330.2022.2088569,"Gall et al. 2022, Figure 10A",v1,S2_SR_HARMONIZED_SCL_v1,174.8817837797696,-41.261361160688466,0.0582,0.0794,0.0846,0.0789,0.0376,0.0337,0.0273,0.0179,0.0021,0.0021
hutt_20200713,COPERNICUS/S2_SR_HARMONIZED/20200712T222549_20200712T222545_T60GUV,2020-07-12 22:27:27,hutt_20200713_plumeTrain_0,1,train,https://doi.org/10.1080/00288330.2022.2088569,"Gall et al. 2022, Figure 10A",v1,S2_SR_HARMONIZED_SCL_v1,174.8819030747359,-41.261363356366815,0.0585,0.0788,0.0841,0.0804,0.0378,0.0367,0.0265,0.0195,0.0012,0.0014
hutt_20200713,COPERNICUS/S2_SR_HARMONIZED/20200712T222549_20200712T222545_T60GUV,2020-07-12 22:27:27,hutt_20200713_plumeTrain_0,1,train,https://doi.org/10.1080/00288330.2022.2088569,"Gall et al. 2022, Figure 10A",v1,S2_SR_HARMONIZED_SCL_v1,174.8820223697154,-41.26136555192165,0.0568,0.0799,0.0872,0.0804,0.0378,0.0367,0.0271,0.0195,0.0012,0.0014
hutt_20200713,COPERNICUS/S2_SR_HARMONIZED/20200712T222549_20200712T222545_T60GUV,2020-07-12 22:27:27,hutt_20200713_plumeTrain_0,1,train,https://doi.org/10.1080/00288330.2022.2088569,"Gall et al. 2022, Figure 10A",v1,S2_SR_HARMONIZED_SCL_v1,174.88226095971402,-41.26136994266079,0.0581,0.0804,0.0824,0.0766,0.0382,0.0326,0.0272,0.0166,0.0022,0.003
hutt_20200713,COPERNICUS/S2_SR_HARMONIZED/20200712T222549_20200712T222545_T60GUV,2020-07-12 22:27:27,hutt_20200713_plumeTrain_0,1,train,https://doi.org/10.1080/00288330.2022.2088569,"Gall et al. 2022, Figure 10A",v1,S2_SR_HARMONIZED_SCL_v1,174.88238025473314,-41.2613721378451,0.0567,0.0797,0.0813,0.0751,0.0372,0.0347,0.0308,0.0188,0.0017,0.0034
hutt_20200713,COPERNICUS/S2_SR_HARMONIZED/20200712T222549_20200712T222545_T60GUV,2020-07-12 22:27:27,hutt_20200713_plumeTrain_0,1,train,https://doi.org/10.1080/00288330.2022.2088569,"Gall et al. 2022, Figure 10A",v1,S2_SR_HARMONIZED_SCL_v1,174.88261884481096,-41.26137652784319,0.0577,0.0783,0.0824,0.0743,0.0359,0.0332,0.0287,0.019,1.0E-4,0.0036
hutt_20200713,COPERNICUS/S2_SR_HARMONIZED/20200712T222549_20200712T222545_T60GUV,2020-07-12 22:27:27,hutt_20200713_plumeTrain_0,1,train,https://doi.org/10.1080/00288330.2022.2088569,"Gall et al. 2022, Figure 10A",v1,S2_SR_HARMONIZED_SCL_v1,174.88273813986964,-41.26137872265696,0.0568,0.0766,0.0861,0.0743,0.0359,0.0332,0.0274,0.019,1.0E-4,0.0036
hutt_20200713,COPERNICUS/S2_SR_HARMONIZED/20200712T222549_20200712T222545_T60GUV,2020-07-12 22:27:27,hutt_20200713_plumeTrain_0,1,train,https://doi.org/10.1080/00288330.2022.2088569,"Gall et al. 2022, Figure 10A",v1,S2_SR_HARMONIZED_SCL_v1,174.88285743494154,-41.261380917347225,0.0554,0.0758,0.0822,0.0733,0.0363,0.0332,0.0272,0.0171,0.0022,0.0031
hutt_20200713,COPERNICUS/S2_SR_HARMONIZED/20200712T222549_20200712T222545_T60GUV,2020-07-12 22:27:27,hutt_20200713_plumeTrain_0,1,train,https://doi.org/10.1080/00288330.2022.2088569,"Gall et al. 2022, Figure 10A",v1,S2_SR_HARMONIZED_SCL_v1,174.88297673002666,-41.26138311191398,0.0528,0.0756,0.084,0.0733,0.0363,0.0332,0.0268,0.0171,0.0022,0.0031
hutt_20200713,COPERNICUS/S2_SR_HARMONIZED/20200712T222549_20200712T222545_T60GUV,2020-07-12 22:27:27,hutt_20200713_plumeTrain_0,1,train,https://doi.org/10.1080/00288330.2022.2088569,"Gall et al. 2022, Figure 10A",v1,S2_SR_HARMONIZED_SCL_v1,174.88309602512496,-41.26138530635723,0.0519,0.0749,0.083,0.0741,0.0362,0.0332,0.0274,0.0197,0.0019,0.003
hutt_20200713,COPERNICUS/S2_SR_HARMONIZED/20200712T222549_20200712T222545_T60GUV,2020-07-12 22:27:27,hutt_20200713_plumeTrain_0,1,train,https://doi.org/10.1080/00288330.2022.2088569,"Gall et al. 2022, Figure 10A",v1,S2_SR_HARMONIZED_SCL_v1,174.88333461536112,-41.26138969487319,0.0516,0.0774,0.0803,0.0758,0.0364,0.0323,0.0286,0.0207,1.0E-4,0.0027
hutt_20200713,COPERNICUS/S2_SR_HARMONIZED/20200712T222549_20200712T222545_T60GUV,2020-07-12 22:27:27,hutt_20200713_plumeTrain_0,1,train,https://doi.org/10.1080/00288330.2022.2088569,"Gall et al. 2022, Figure 10A",v1,S2_SR_HARMONIZED_SCL_v1,174.88345391049896,-41.2613918889459,0.055,0.0743,0.0813,0.0758,0.0364,0.0323,0.0269,0.0207,1.0E-4,0.0027
hutt_20200713,COPERNICUS/S2_SR_HARMONIZED/20200712T222549_20200712T222545_T60GUV,2020-07-12 22:27:27,hutt_20200713_plumeTrain_0,1,train,https://doi.org/10.1080/00288330.2022.2088569,"Gall et al. 2022, Figure 10A",v1,S2_SR_HARMONIZED_SCL_v1,174.8836925008143,-41.261396276720795,0.061,0.0787,0.0822,0.0786,0.0359,0.0336,0.0286,0.0196,5.0E-4,0.0011
hutt_20200713,COPERNICUS/S2_SR_HARMONIZED/20200712T222549_20200712T222545_T60GUV,2020-07-12 22:27:27,hutt_20200713_plumeTrain_0,1,train,https://doi.org/10.1080/00288330.2022.2088569,"Gall et al. 2022, Figure 10A",v1,S2_SR_HARMONIZED_SCL_v1,174.88381179599173,-41.261398470422975,0.0606,0.078,0.0857,0.0789,0.0375,0.0355,0.0311,0.0187,0.0018,0.0022
hutt_20200713,COPERNICUS/S2_SR_HARMONIZED/20200712T222549_20200712T222545_T60GUV,2020-07-12 22:27:27,hutt_20200713_plumeTrain_0,1,train,https://doi.org/10.1080/00288330.2022.2088569,"Gall et al. 2022, Figure 10A",v1,S2_SR_HARMONIZED_SCL_v1,174.8798721495652,-41.26141602953357,0.0605,0.0759,0.0793,0.0738,0.0335,0.0296,0.0288,0.0165,0.0011,0.003
hutt_20200713,COPERNICUS/S2_SR_HARMONIZED/20200712T222549_20200712T222545_T60GUV,2020-07-12 22:27:27,hutt_20200713_plumeTrain_0,1,train,https://doi.org/10.1080/00288330.2022.2088569,"Gall et al. 2022, Figure 10A",v1,S2_SR_HARMONIZED_SCL_v1,174.87999144448378,-41.261418227194994,0.0575,0.0787,0.081,0.0723,0.0326,0.0336,0.0282,0.0177,0.0014,0.003
hutt_20200713,COPERNICUS/S2_SR_HARMONIZED/20200712T222549_20200712T222545_T60GUV,2020-07-12 22:27:27,hutt_20200713_plumeTrain_0,1,train,https://doi.org/10.1080/00288330.2022.2088569,"Gall et al. 2022, Figure 10A",v1,S2_SR_HARMONIZED_SCL_v1,174.8807072142726,-41.261431410569806,0.0593,0.08,0.0832,0.0751,0.0348,0.0343,0.0288,0.019,0.0012,0.002
hutt_20200713,COPERNICUS/S2_SR_HARMONIZED/20200712T222549_20200712T222545_T60GUV,2020-07-12 22:27:27,hutt_20200713_plumeTrain_0,1,train,https://doi.org/10.1080/00288330.2022.2088569,"Gall et al. 2022, Figure 10A",v1,S2_SR_HARMONIZED_SCL_v1,174.8809458043079,-41.26143580404,0.0633,0.0808,0.0839,0.0761,0.0343,0.0343,0.0273,0.0178,0.0034,0.0026
hutt_20200713,COPERNICUS/S2_SR_HARMONIZED/20200712T222549_20200712T222545_T60GUV,2020-07-12 22:27:27,hutt_20200713_plumeTrain_0,1,train,https://doi.org/10.1080/00288330.2022.2088569,"Gall et al. 2022, Figure 10A",v1,S2_SR_HARMONIZED_SCL_v1,174.88106509934536,-41.26143800058983,0.0637,0.0789,0.0828,0.0761,0.0343,0.0343,0.0268,0.0178,0.0034,0.0026
hutt_20200713,COPERNICUS/S2_SR_HARMONIZED/20200712T222549_20200712T222545_T60GUV,2020-07-12 22:27:27,hutt_20200713_plumeTrain_0,1,train,https://doi.org/10.1080/00288330.2022.2088569,"Gall et al. 2022, Figure 10A",v1,S2_SR_HARMONIZED_SCL_v1,174.88118439439603,-41.26144019701615,0.061,0.0786,0.0832,0.077,0.0355,0.0341,0.0268,0.0164,0.0026,0.0014
hutt_20200713,COPERNICUS/S2_SR_HARMONIZED/20200712T222549_20200712T222545_T60GUV,2020-07-12 22:27:27,hutt_20200713_plumeTrain_0,1,train,https://doi.org/10.1080/00288330.2022.2088569,"Gall et al. 2022, Figure 10A",v1,S2_SR_HARMONIZED_SCL_v1,174.8813036894599,-41.26144239331896,0.0609,0.083,0.083,0.077,0.0355,0.0341,0.0268,0.0164,0.0026,0.0014
hutt_20200713,COPERNICUS/S2_SR_HARMONIZED/20200712T222549_20200712T222545_T60GUV,2020-07-12 22:27:27,hutt_20200713_plumeTrain_0,1,train,https://doi.org/10.1080/00288330.2022.2088569,"Gall et al. 2022, Figure 10A",v1,S2_SR_HARMONIZED_SCL_v1,174.88142298453698,-41.26144458949826,0.0575,0.0835,0.0835,0.0762,0.0362,0.0328,0.0287,0.0156,0.0019,0.0011
hutt_20200713,COPERNICUS/S2_SR_HARMONIZED/20200712T222549_20200712T222545_T60GUV,2020-07-12 22:27:27,hutt_20200713_plumeTrain_0,1,train,https://doi.org/10.1080/00288330.2022.2088569,"Gall et al. 2022, Figure 10A",v1,S2_SR_HARMONIZED_SCL_v1,174.88154227962724,-41.26144678555405,0.0561,0.0799,0.0854,0.0762,0.0362,0.0328,0.0288,0.0156,0.0019,0.0011
hutt_20200713,COPERNICUS/S2_SR_HARMONIZED/20200712T222549_20200712T222545_T60GUV,2020-07-12 22:27:27,hutt_20200713_plumeTrain_0,1,train,https://doi.org/10.1080/00288330.2022.2088569,"Gall et al. 2022, Figure 10A",v1,S2_SR_HARMONIZED_SCL_v1,174.8819001649773,-41.26145337298036,0.0571,0.0835,0.0841,0.0771,0.0356,0.0348,0.0247,0.0176,1.0E-4,6.0E-4
hutt_20200713,COPERNICUS/S2_SR_HARMONIZED/20200712T222549_20200712T222545_T60GUV,2020-07-12 22:27:27,hutt_20200713_plumeTrain_0,1,train,https://doi.org/10.1080/00288330.2022.2088569,"Gall et al. 2022, Figure 10A",v1,S2_SR_HARMONIZED_SCL_v1,174.8821387552767,-41.261457763980346,0.0605,0.0788,0.0861,0.0765,0.0381,0.0328,0.0267,0.0155,7.0E-4,0.003
hutt_20200713,COPERNICUS/S2_SR_HARMONIZED/20200712T222549_20200712T222545_T60GUV,2020-07-12 22:27:27,hutt_20200713_plumeTrain_0,1,train,https://doi.org/10.1080/00288330.2022.2088569,"Gall et al. 2022, Figure 10A",v1,S2_SR_HARMONIZED_SCL_v1,174.8822580504462,-41.261459959295074,0.0608,0.0797,0.0863,0.0765,0.0381,0.0328,0.0259,0.0155,7.0E-4,0.003
hutt_20200713,COPERNICUS/S2_SR_HARMONIZED/20200712T222549_20200712T222545_T60GUV,2020-07-12 22:27:27,hutt_20200713_plumeTrain_0,1,train,https://doi.org/10.1080/00288330.2022.2088569,"Gall et al. 2022, Figure 10A",v1,S2_SR_HARMONIZED_SCL_v1,174.8823773456289,-41.26146215448629,0.0571,0.0802,0.082,0.0758,0.0382,0.0345,0.0303,0.0179,8.0E-4,0.0035
hutt_20200713,COPERNICUS/S2_SR_HARMONIZED/20200712T222549_20200712T222545_T60GUV,2020-07-12 22:27:27,hutt_20200713_plumeTrain_0,1,train,https://doi.org/10.1080/00288330.2022.2088569,"Gall et al. 2022, Figure 10A",v1,S2_SR_HARMONIZED_SCL_v1,174.8826159360339,-41.2614665444982,0.0534,0.0779,0.0796,0.0751,0.0354,0.0329,0.0268,0.0191,7.0E-4,0.0025
hutt_20200713,COPERNICUS/S2_SR_HARMONIZED/20200712T222549_20200712T222545_T60GUV,2020-07-12 22:27:27,hutt_20200713_plumeTrain_0,1,train,https://doi.org/10.1080/00288330.2022.2088569,"Gall et al. 2022, Figure 10A",v1,S2_SR_HARMONIZED_SCL_v1,174.88273523125616,-41.261468739318886,0.0588,0.0761,0.0795,0.0751,0.0354,0.0329,0.0271,0.0191,7.0E-4,0.0025
hutt_20200713,COPERNICUS/S2_SR_HARMONIZED/20200712T222549_20200712T222545_T60GUV,2020-07-12 22:27:27,hutt_20200713_plumeTrain_0,1,train,https://doi.org/10.1080/00288330.2022.2088569,"Gall et al. 2022, Figure 10A",v1,S2_SR_HARMONIZED_SCL_v1,174.88285452649166,-41.26147093401606,0.0604,0.0752,0.0808,0.0761,0.0344,0.032,0.0271,0.0187,0.0019,0.0015
hutt_20200713,COPERNICUS/S2_SR_HARMONIZED/20200712T222549_20200712T222545_T60GUV,2020-07-12 22:27:27,hutt_20200713_plumeTrain_0,1,train,https://doi.org/10.1080/00288330.2022.2088569,"Gall et al. 2022, Figure 10A",v1,S2_SR_HARMONIZED_SCL_v1,174.8832124122773,-41.26147751736652,0.0571,0.0756,0.081,0.0754,0.0355,0.0329,0.0262,0.0187,9.0E-4,0.0011
hutt_20200713,COPERNICUS/S2_SR_HARMONIZED/20200712T222549_20200712T222545_T60GUV,2020-07-12 22:27:27,hutt_20200713_plumeTrain_0,1,train,https://doi.org/10.1080/00288330.2022.2088569,"Gall et al. 2022, Figure 10A",v1,S2_SR_HARMONIZED_SCL_v1,174.88333170756553,-41.261479711569656,0.057,0.0778,0.0802,0.0764,0.0355,0.0329,0.0274,0.0164,0.001,0.0016
hutt_20200713,COPERNICUS/S2_SR_HARMONIZED/20200712T222549_20200712T222545_T60GUV,2020-07-12 22:27:27,hutt_20200713_plumeTrain_0,1,train,https://doi.org/10.1080/00288330.2022.2088569,"Gall et al. 2022, Figure 10A",v1,S2_SR_HARMONIZED_SCL_v1,174.883451002867,-41.261481905649276,0.0567,0.0766,0.0788,0.0764,0.0355,0.0329,0.0276,0.0164,0.001,0.0016
hutt_20200713,COPERNICUS/S2_SR_HARMONIZED/20200712T222549_20200712T222545_T60GUV,2020-07-12 22:27:27,hutt_20200713_plumeTrain_0,1,train,https://doi.org/10.1080/00288330.2022.2088569,"Gall et al. 2022, Figure 10A",v1,S2_SR_HARMONIZED_SCL_v1,174.88357029818164,-41.26148409960538,0.0568,0.0772,0.083,0.0758,0.0341,0.0329,0.0304,0.019,9.0E-4,0.0011
hutt_20200713,COPERNICUS/S2_SR_HARMONIZED/20200712T222549_20200712T222545_T60GUV,2020-07-12 22:27:27,hutt_20200713_plumeTrain_0,1,train,https://doi.org/10.1080/00288330.2022.2088569,"Gall et al. 2022, Figure 10A",v1,S2_SR_HARMONIZED_SCL_v1,174.88368959350947,-41.26148629343798,0.055,0.0772,0.0847,0.0758,0.0341,0.0329,0.03,0.019,9.0E-4,0.0011
hutt_20200713,COPERNICUS/S2_SR_HARMONIZED/20200712T222549_20200712T222545_T60GUV,2020-07-12 22:27:27,hutt_20200713_plumeTrain_0,1,train,https://doi.org/10.1080/00288330.2022.2088569,"Gall et al. 2022, Figure 10A",v1,S2_SR_HARMONIZED_SCL_v1,174.88380888885052,-41.26148848714707,0.0585,0.0778,0.0857,0.0768,0.036,0.0333,0.0283,0.018,0.002,0.002
hutt_20200713,COPERNICUS/S2_SR_HARMONIZED/20200712T222549_20200712T222545_T60GUV,2020-07-12 22:27:27,hutt_20200713_plumeTrain_0,1,train,https://doi.org/10.1080/00288330.2022.2088569,"Gall et al. 2022, Figure 10A",v1,S2_SR_HARMONIZED_SCL_v1,174.88010782719002,-41.261510441241136,0.0548,0.0828,0.0825,0.0723,0.0326,0.0336,0.0239,0.0177,0.0014,0.003
hutt_20200713,COPERNICUS/S2_SR_HARMONIZED/20200712T222549_20200712T222545_T60GUV,2020-07-12 22:27:27,hutt_20200713_plumeTrain_0,1,train,https://doi.org/10.1080/00288330.2022.2088569,"Gall et al. 2022, Figure 10A",v1,S2_SR_HARMONIZED_SCL_v1,174.88034641742036,-41.26151483596026,0.0568,0.0777,0.08,0.0745,0.0343,0.0302,0.0254,0.0167,0.002,0.0027
hutt_20200713,COPERNICUS/S2_SR_HARMONIZED/20200712T222549_20200712T222545_T60GUV,2020-07-12 22:27:27,hutt_20200713_plumeTrain_0,1,train,https://doi.org/10.1080/00288330.2022.2088569,"Gall et al. 2022, Figure 10A",v1,S2_SR_HARMONIZED_SCL_v1,174.88046571255535,-41.26151703313457,0.0586,0.0786,0.0814,0.0747,0.0334,0.0317,0.026,0.0159,0.0011,0.002
hutt_20200713,COPERNICUS/S2_SR_HARMONIZED/20200712T222549_20200712T222545_T60GUV,2020-07-12 22:27:27,hutt_20200713_plumeTrain_0,1,train,https://doi.org/10.1080/00288330.2022.2088569,"Gall et al. 2022, Figure 10A",v1,S2_SR_HARMONIZED_SCL_v1,174.88058500770356,-41.26151923018535,0.0565,0.0803,0.08,0.0747,0.0334,0.0317,0.0265,0.0159,0.0011,0.002
hutt_20200713,COPERNICUS/S2_SR_HARMONIZED/20200712T222549_20200712T222545_T60GUV,2020-07-12 22:27:27,hutt_20200713_plumeTrain_0,1,train,https://doi.org/10.1080/00288330.2022.2088569,"Gall et al. 2022, Figure 10A",v1,S2_SR_HARMONIZED_SCL_v1,174.88070430286498,-41.261521427112626,0.0529,0.0785,0.0789,0.0751,0.0348,0.0343,0.0283,0.019,0.0012,0.002
hutt_20200713,COPERNICUS/S2_SR_HARMONIZED/20200712T222549_20200712T222545_T60GUV,2020-07-12 22:27:27,hutt_20200713_plumeTrain_0,1,train,https://doi.org/10.1080/00288330.2022.2088569,"Gall et al. 2022, Figure 10A",v1,S2_SR_HARMONIZED_SCL_v1,174.8810621884285,-41.261528017153395,0.0548,0.0789,0.0828,0.0761,0.0343,0.0343,0.0264,0.0178,0.0034,0.0026
hutt_20200713,COPERNICUS/S2_SR_HARMONIZED/20200712T222549_20200712T222545_T60GUV,2020-07-12 22:27:27,hutt_20200713_plumeTrain_0,1,train,https://doi.org/10.1080/00288330.2022.2088569,"Gall et al. 2022, Figure 10A",v1,S2_SR_HARMONIZED_SCL_v1,174.88118148364273,-41.26153021358663,0.0563,0.0815,0.0835,0.077,0.0355,0.0341,0.0255,0.0164,0.0026,0.0014
hutt_20200713,COPERNICUS/S2_SR_HARMONIZED/20200712T222549_20200712T222545_T60GUV,2020-07-12 22:27:27,hutt_20200713_plumeTrain_0,1,train,https://doi.org/10.1080/00288330.2022.2088569,"Gall et al. 2022, Figure 10A",v1,S2_SR_HARMONIZED_SCL_v1,174.88130077887018,-41.261532409896354,0.0605,0.0796,0.0808,0.077,0.0355,0.0341,0.0276,0.0164,0.0026,0.0014
hutt_20200713,COPERNICUS/S2_SR_HARMONIZED/20200712T222549_20200712T222545_T60GUV,2020-07-12 22:27:27,hutt_20200713_plumeTrain_0,1,train,https://doi.org/10.1080/00288330.2022.2088569,"Gall et al. 2022, Figure 10A",v1,S2_SR_HARMONIZED_SCL_v1,174.8816586646318,-41.26153899808447,0.0567,0.0821,0.0872,0.0771,0.0348,0.0337,0.0303,0.0165,0.0021,0.002
hutt_20200713,COPERNICUS/S2_SR_HARMONIZED/20200712T222549_20200712T222545_T60GUV,2020-07-12 22:27:27,hutt_20200713_plumeTrain_0,1,train,https://doi.org/10.1080/00288330.2022.2088569,"Gall et al. 2022, Figure 10A",v1,S2_SR_HARMONIZED_SCL_v1,174.88177795991206,-41.26154119390015,0.0597,0.0778,0.0843,0.0771,0.0348,0.0337,0.027,0.0165,0.0021,0.002
hutt_20200713,COPERNICUS/S2_SR_HARMONIZED/20200712T222549_20200712T222545_T60GUV,2020-07-12 22:27:27,hutt_20200713_plumeTrain_0,1,train,https://doi.org/10.1080/00288330.2022.2088569,"Gall et al. 2022, Figure 10A",v1,S2_SR_HARMONIZED_SCL_v1,174.88189725520556,-41.261543389592326,0.0592,0.0821,0.0825,0.0771,0.0356,0.0348,0.0267,0.0176,1.0E-4,6.0E-4
hutt_20200713,COPERNICUS/S2_SR_HARMONIZED/20200712T222549_20200712T222545_T60GUV,2020-07-12 22:27:27,hutt_20200713_plumeTrain_0,1,train,https://doi.org/10.1080/00288330.2022.2088569,"Gall et al. 2022, Figure 10A",v1,S2_SR_HARMONIZED_SCL_v1,174.8821358458321,-41.26154778060613,0.0554,0.0823,0.0832,0.0765,0.0381,0.0328,0.0287,0.0155,7.0E-4,0.003
hutt_20200713,COPERNICUS/S2_SR_HARMONIZED/20200712T222549_20200712T222545_T60GUV,2020-07-12 22:27:27,hutt_20200713_plumeTrain_0,1,train,https://doi.org/10.1080/00288330.2022.2088569,"Gall et al. 2022, Figure 10A",v1,S2_SR_HARMONIZED_SCL_v1,174.8822551411652,-41.26154997592778,0.0571,0.0816,0.0855,0.0765,0.0381,0.0328,0.0281,0.0155,7.0E-4,0.003
hutt_20200713,COPERNICUS/S2_SR_HARMONIZED/20200712T222549_20200712T222545_T60GUV,2020-07-12 22:27:27,hutt_20200713_plumeTrain_0,1,train,https://doi.org/10.1080/00288330.2022.2088569,"Gall et al. 2022, Figure 10A",v1,S2_SR_HARMONIZED_SCL_v1,174.8826130272436,-41.26155656115163,0.0564,0.0766,0.0827,0.0751,0.0354,0.0329,0.027,0.0191,7.0E-4,0.0025
hutt_20200713,COPERNICUS/S2_SR_HARMONIZED/20200712T222549_20200712T222545_T60GUV,2020-07-12 22:27:27,hutt_20200713_plumeTrain_0,1,train,https://doi.org/10.1080/00288330.2022.2088569,"Gall et al. 2022, Figure 10A",v1,S2_SR_HARMONIZED_SCL_v1,174.8827323226295,-41.26155875597922,0.0585,0.0773,0.081,0.0751,0.0354,0.0329,0.0271,0.0191,7.0E-4,0.0025
hutt_20200713,COPERNICUS/S2_SR_HARMONIZED/20200712T222549_20200712T222545_T60GUV,2020-07-12 22:27:27,hutt_20200713_plumeTrain_0,1,train,https://doi.org/10.1080/00288330.2022.2088569,"Gall et al. 2022, Figure 10A",v1,S2_SR_HARMONIZED_SCL_v1,174.88332879975678,-41.26156972826453,0.0571,0.0828,0.0813,0.0764,0.0355,0.0329,0.0268,0.0164,0.001,0.0016
hutt_20200713,COPERNICUS/S2_SR_HARMONIZED/20200712T222549_20200712T222545_T60GUV,2020-07-12 22:27:27,hutt_20200713_plumeTrain_0,1,train,https://doi.org/10.1080/00288330.2022.2088569,"Gall et al. 2022, Figure 10A",v1,S2_SR_HARMONIZED_SCL_v1,174.88356739070005,-41.26157411631408,0.0556,0.076,0.081,0.0758,0.0341,0.0329,0.0277,0.019,9.0E-4,0.0011
hutt_20200713,COPERNICUS/S2_SR_HARMONIZED/20200712T222549_20200712T222545_T60GUV,2020-07-12 22:27:27,hutt_20200713_plumeTrain_0,1,train,https://doi.org/10.1080/00288330.2022.2088569,"Gall et al. 2022, Figure 10A",v1,S2_SR_HARMONIZED_SCL_v1,174.88368668619148,-41.261576310153586,0.0568,0.0776,0.0833,0.0758,0.0341,0.0329,0.0276,0.019,9.0E-4,0.0011
hutt_20200713,COPERNICUS/S2_SR_HARMONIZED/20200712T222549_20200712T222545_T60GUV,2020-07-12 22:27:27,hutt_20200713_plumeTrain_0,1,train,https://doi.org/10.1080/00288330.2022.2088569,"Gall et al. 2022, Figure 10A",v1,S2_SR_HARMONIZED_SCL_v1,174.8803435055088,-41.26160485248076,0.0533,0.0775,0.0791,0.071,0.0316,0.0289,0.0254,0.0163,0.0014,0.0031
hutt_20200713,COPERNICUS/S2_SR_HARMONIZED/20200712T222549_20200712T222545_T60GUV,2020-07-12 22:27:27,hutt_20200713_plumeTrain_0,1,train,https://doi.org/10.1080/00288330.2022.2088569,"Gall et al. 2022, Figure 10A",v1,S2_SR_HARMONIZED_SCL_v1,174.88046280080735,-41.261607049661976,0.0578,0.0779,0.0798,0.0698,0.033,0.0276,0.0265,0.0186,0.0021,0.0021
hutt_20200713,COPERNICUS/S2_SR_HARMONIZED/20200712T222549_20200712T222545_T60GUV,2020-07-12 22:27:27,hutt_20200713_plumeTrain_0,1,train,https://doi.org/10.1080/00288330.2022.2088569,"Gall et al. 2022, Figure 10A",v1,S2_SR_HARMONIZED_SCL_v1,174.88058209611913,-41.26160924671968,0.0569,0.0808,0.0811,0.0698,0.033,0.0276,0.0268,0.0186,0.0021,0.0021
hutt_20200713,COPERNICUS/S2_SR_HARMONIZED/20200712T222549_20200712T222545_T60GUV,2020-07-12 22:27:27,hutt_20200713_plumeTrain_0,1,train,https://doi.org/10.1080/00288330.2022.2088569,"Gall et al. 2022, Figure 10A",v1,S2_SR_HARMONIZED_SCL_v1,174.88070139144415,-41.26161144365388,0.0551,0.0815,0.0797,0.0734,0.033,0.0338,0.0272,0.0204,0.0019,0.0024
hutt_20200713,COPERNICUS/S2_SR_HARMONIZED/20200712T222549_20200712T222545_T60GUV,2020-07-12 22:27:27,hutt_20200713_plumeTrain_0,1,train,https://doi.org/10.1080/00288330.2022.2088569,"Gall et al. 2022, Figure 10A",v1,S2_SR_HARMONIZED_SCL_v1,174.88082068678236,-41.26161364046456,0.0557,0.0779,0.079,0.0734,0.033,0.0338,0.0272,0.0204,0.0019,0.0024
hutt_20200713,COPERNICUS/S2_SR_HARMONIZED/20200712T222549_20200712T222545_T60GUV,2020-07-12 22:27:27,hutt_20200713_plumeTrain_0,1,train,https://doi.org/10.1080/00288330.2022.2088569,"Gall et al. 2022, Figure 10A",v1,S2_SR_HARMONIZED_SCL_v1,174.88093998213378,-41.26161583715173,0.055,0.0789,0.0791,0.0742,0.0353,0.0326,0.0268,0.0153,0.0026,0.0024
hutt_20200713,COPERNICUS/S2_SR_HARMONIZED/20200712T222549_20200712T222545_T60GUV,2020-07-12 22:27:27,hutt_20200713_plumeTrain_0,1,train,https://doi.org/10.1080/00288330.2022.2088569,"Gall et al. 2022, Figure 10A",v1,S2_SR_HARMONIZED_SCL_v1,174.88105927749842,-41.261618033715386,0.055,0.0797,0.0817,0.0742,0.0353,0.0326,0.0274,0.0153,0.0026,0.0024
hutt_20200713,COPERNICUS/S2_SR_HARMONIZED/20200712T222549_20200712T222545_T60GUV,2020-07-12 22:27:27,hutt_20200713_plumeTrain_0,1,train,https://doi.org/10.1080/00288330.2022.2088569,"Gall et al. 2022, Figure 10A",v1,S2_SR_HARMONIZED_SCL_v1,174.8812978682673,-41.26162242647218,0.0585,0.0795,0.0797,0.0747,0.0356,0.0343,0.0265,0.0153,0.0031,0.0015
hutt_20200713,COPERNICUS/S2_SR_HARMONIZED/20200712T222549_20200712T222545_T60GUV,2020-07-12 22:27:27,hutt_20200713_plumeTrain_0,1,train,https://doi.org/10.1080/00288330.2022.2088569,"Gall et al. 2022, Figure 10A",v1,S2_SR_HARMONIZED_SCL_v1,174.88141716367153,-41.26162462266531,0.057,0.0768,0.081,0.0747,0.0361,0.0331,0.0288,0.0153,0.0018,0.0012
