scene_key,asset_id,acquisition_utc,polygon_id,class_id,split,source_url,figure,run_tag,processing,longitude,latitude,B2,B3,B4,B5,B6,B7,B8,B8A,B11,B12
hutt_20200713,COPERNICUS/S2_SR_HARMONIZED/20200712T222549_20200712T222545_T60GUV,2020-07-12 22:27:27,hutt_20200713_backgroundTrain_0,0,train,https://doi.org/10.1080/00288330.2022.2088569,"Gall et al. 2022, Figure 10A",v1,S2_SR_HARMONIZED_SCL_v1,174.87966823895903,-41.267717180322755,0.0396,0.0306,0.0076,0.0018,0.0022,0.0032,0.0035,3.0E-4,0.0021,0.0026
hutt_20200713,COPERNICUS/S2_SR_HARMONIZED/20200712T222549_20200712T222545_T60GUV,2020-07-12 22:27:27,hutt_20200713_backgroundTrain_0,0,train,https://doi.org/10.1080/00288330.2022.2088569,"Gall et al. 2022, Figure 10A",v1,S2_SR_HARMONIZED_SCL_v1,174.87990685171465,-41.26772157649076,0.0365,0.0292,0.007,0.0037,0.0015,0.0029,0.0032,9.0E-4,0.0016,0.0026
hutt_20200713,COPERNICUS/S2_SR_HARMONIZED/20200712T222549_20200712T222545_T60GUV,2020-07-12 22:27:27,hutt_20200713_backgroundTrain_0,0,train,https://doi.org/10.1080/00288330.2022.2088569,"Gall et al. 2022, Figure 10A",v1,S2_SR_HARMONIZED_SCL_v1,174.88026477094724,-41.267728169816245,0.0354,0.0316,0.005,0.0049,0.0057,0.005,0.0017,0.0015,0.0016,0.0019
hutt_20200713,COPERNICUS/S2_SR_HARMONIZED/20200712T222549_20200712T222545_T60GUV,2020-07-12 22:27:27,hutt_20200713_backgroundTrain_0,0,train,https://doi.org/10.1080/00288330.2022.2088569,"Gall et al. 2022, Figure 10A",v1,S2_SR_HARMONIZED_SCL_v1,174.8818157556626,-41.26775672804549,0.0337,0.0322,0.0063,0.0031,0.0023,0.0028,0.0033,0.0032,9.0E-4,0.0019
hutt_20200713,COPERNICUS/S2_SR_HARMONIZED/20200712T222549_20200712T222545_T60GUV,2020-07-12 22:27:27,hutt_20200713_backgroundTrain_0,0,train,https://doi.org/10.1080/00288330.2022.2088569,"Gall et al. 2022, Figure 10A",v1,S2_SR_HARMONIZED_SCL_v1,174.8825315955148,-41.26776990172503,0.0375,0.0332,0.0067,0.0043,0.0044,0.003,0.0024,9.0E-4,0.0011,0.001
hutt_20200713,COPERNICUS/S2_SR_HARMONIZED/20200712T222549_20200712T222545_T60GUV,2020-07-12 22:27:27,hutt_20200713_backgroundTrain_0,0,train,https://doi.org/10.1080/00288330.2022.2088569,"Gall et al. 2022, Figure 10A",v1,S2_SR_HARMONIZED_SCL_v1,174.882650902203,-41.267772096905915,0.0343,0.0335,0.0054,0.005,7.0E-4,0.0032,0.0029,9.0E-4,0.0018,0.0022
hutt_20200713,COPERNICUS/S2_SR_HARMONIZED/20200712T222549_20200712T222545_T60GUV,2020-07-12 22:27:27,hutt_20200713_backgroundTrain_0,0,train,https://doi.org/10.1080/00288330.2022.2088569,"Gall et al. 2022, Figure 10A",v1,S2_SR_HARMONIZED_SCL_v1,174.87751781011517,-41.26776760883313,0.0388,0.0352,0.0036,0.0044,0.0028,0.004,0.0032,0.0011,0.0019,0.0027
hutt_20200713,COPERNICUS/S2_SR_HARMONIZED/20200712T222549_20200712T222545_T60GUV,2020-07-12 22:27:27,hutt_20200713_backgroundTrain_0,0,train,https://doi.org/10.1080/00288330.2022.2088569,"Gall et al. 2022, Figure 10A",v1,S2_SR_HARMONIZED_SCL_v1,174.87871087367836,-41.26778960703757,0.0344,0.0321,0.0071,0.0056,0.0011,0.004,1.0E-4,0.0012,0.0012,0.002
hutt_20200713,COPERNICUS/S2_SR_HARMONIZED/20200712T222549_20200712T222545_T60GUV,2020-07-12 22:27:27,hutt_20200713_backgroundTrain_0,0,train,https://doi.org/10.1080/00288330.2022.2088569,"Gall et al. 2022, Figure 10A",v1,S2_SR_HARMONIZED_SCL_v1,174.87978463201597,-41.26780939485914,0.038,0.0312,0.0067,0.0037,0.0015,0.0029,0.0027,9.0E-4,0.0016,0.0026
hutt_20200713,COPERNICUS/S2_SR_HARMONIZED/20200712T222549_20200712T222545_T60GUV,2020-07-12 22:27:27,hutt_20200713_backgroundTrain_0,0,train,https://doi.org/10.1080/00288330.2022.2088569,"Gall et al. 2022, Figure 10A",v1,S2_SR_HARMONIZED_SCL_v1,174.88264799281603,-41.2678621134625,0.0364,0.0335,0.0063,0.005,7.0E-4,0.0032,0.0011,9.0E-4,0.0018,0.0022
hutt_20200713,COPERNICUS/S2_SR_HARMONIZED/20200712T222549_20200712T222545_T60GUV,2020-07-12 22:27:27,hutt_20200713_backgroundTrain_0,0,train,https://doi.org/10.1080/00288330.2022.2088569,"Gall et al. 2022, Figure 10A",v1,S2_SR_HARMONIZED_SCL_v1,174.878111426113,-41.26786862577169,0.0355,0.0336,0.0068,0.006,0.0021,0.0054,0.0034,0.0024,0.0018,0.0019
hutt_20200713,COPERNICUS/S2_SR_HARMONIZED/20200712T222549_20200712T222545_T60GUV,2020-07-12 22:27:27,hutt_20200713_backgroundTrain_0,0,train,https://doi.org/10.1080/00288330.2022.2088569,"Gall et al. 2022, Figure 10A",v1,S2_SR_HARMONIZED_SCL_v1,174.8782307326396,-41.267870825537294,0.035,0.0331,0.0065,0.006,0.0021,0.0054,0.0033,0.0024,0.0018,0.0019
hutt_20200713,COPERNICUS/S2_SR_HARMONIZED/20200712T222549_20200712T222545_T60GUV,2020-07-12 22:27:27,hutt_20200713_backgroundTrain_0,0,train,https://doi.org/10.1080/00288330.2022.2088569,"Gall et al. 2022, Figure 10A",v1,S2_SR_HARMONIZED_SCL_v1,174.87942379863276,-41.26789281639874,0.038,0.0328,0.005,0.0033,0.0022,0.0029,0.0027,1.0E-4,0.0018,0.001
hutt_20200713,COPERNICUS/S2_SR_HARMONIZED/20200712T222549_20200712T222545_T60GUV,2020-07-12 22:27:27,hutt_20200713_backgroundTrain_0,0,train,https://doi.org/10.1080/00288330.2022.2088569,"Gall et al. 2022, Figure 10A",v1,S2_SR_HARMONIZED_SCL_v1,174.87978171868852,-41.267899411248194,0.0365,0.0316,0.0071,0.0047,0.0021,0.0012,0.0038,0.0015,0.001,0.002
hutt_20200713,COPERNICUS/S2_SR_HARMONIZED/20200712T222549_20200712T222545_T60GUV,2020-07-12 22:27:27,hutt_20200713_backgroundTrain_0,0,train,https://doi.org/10.1080/00288330.2022.2088569,"Gall et al. 2022, Figure 10A",v1,S2_SR_HARMONIZED_SCL_v1,174.88049755915696,-41.267912597611584,0.035,0.0332,0.0048,0.0026,4.0E-4,0.0068,0.0027,0.0011,0.003,0.0027
hutt_20200713,COPERNICUS/S2_SR_HARMONIZED/20200712T222549_20200712T222545_T60GUV,2020-07-12 22:27:27,hutt_20200713_backgroundTrain_0,0,train,https://doi.org/10.1080/00288330.2022.2088569,"Gall et al. 2022, Figure 10A",v1,S2_SR_HARMONIZED_SCL_v1,174.8809747864002,-41.26792138604975,0.0351,0.0312,0.0059,0.0049,0.0035,0.0027,0.0022,8.0E-4,0.0028,0.0016
hutt_20200713,COPERNICUS/S2_SR_HARMONIZED/20200712T222549_20200712T222545_T60GUV,2020-07-12 22:27:27,hutt_20200713_backgroundTrain_0,0,train,https://doi.org/10.1080/00288330.2022.2088569,"Gall et al. 2022, Figure 10A",v1,S2_SR_HARMONIZED_SCL_v1,174.8818099345845,-41.26793676106032,0.0375,0.0331,0.0076,0.0057,0.0018,0.0049,0.0027,0.0026,0.0017,0.0019
hutt_20200713,COPERNICUS/S2_SR_HARMONIZED/20200712T222549_20200712T222545_T60GUV,2020-07-12 22:27:27,hutt_20200713_backgroundTrain_0,0,train,https://doi.org/10.1080/00288330.2022.2088569,"Gall et al. 2022, Figure 10A",v1,S2_SR_HARMONIZED_SCL_v1,174.88240646939806,-41.267947739504585,0.0384,0.0341,0.0049,0.0043,0.0017,0.0029,0.0032,0.0012,0.0025,0.0015
hutt_20200713,COPERNICUS/S2_SR_HARMONIZED/20200712T222549_20200712T222545_T60GUV,2020-07-12 22:27:27,hutt_20200713_backgroundTrain_0,0,train,https://doi.org/10.1080/00288330.2022.2088569,"Gall et al. 2022, Figure 10A",v1,S2_SR_HARMONIZED_SCL_v1,174.88276439044458,-41.267954325088674,0.0372,0.0346,0.0069,0.0035,3.0E-4,0.003,0.0033,0.003,7.0E-4,0.0022
hutt_20200713,COPERNICUS/S2_SR_HARMONIZED/20200712T222549_20200712T222545_T60GUV,2020-07-12 22:27:27,hutt_20200713_backgroundTrain_0,0,train,https://doi.org/10.1080/00288330.2022.2088569,"Gall et al. 2022, Figure 10A",v1,S2_SR_HARMONIZED_SCL_v1,174.88312231160995,-41.26796090956091,0.0333,0.0335,0.007,0.0046,0.0041,0.0016,0.0028,0.0028,0.0016,0.0019
hutt_20200713,COPERNICUS/S2_SR_HARMONIZED/20200712T222549_20200712T222545_T60GUV,2020-07-12 22:27:27,hutt_20200713_backgroundTrain_0,0,train,https://doi.org/10.1080/00288330.2022.2088569,"Gall et al. 2022, Figure 10A",v1,S2_SR_HARMONIZED_SCL_v1,174.88324161869147,-41.26796310413792,0.0372,0.0314,0.0065,0.0046,0.0041,0.0016,0.0019,0.0028,0.0016,0.0019
hutt_20200713,COPERNICUS/S2_SR_HARMONIZED/20200712T222549_20200712T222545_T60GUV,2020-07-12 22:27:27,hutt_20200713_backgroundTrain_0,0,train,https://doi.org/10.1080/00288330.2022.2088569,"Gall et al. 2022, Figure 10A",v1,S2_SR_HARMONIZED_SCL_v1,174.8834802328941,-41.26796749292131,0.0357,0.0321,0.0055,0.0046,7.0E-4,0.0039,0.0046,0.0031,7.0E-4,0.001
hutt_20200713,COPERNICUS/S2_SR_HARMONIZED/20200712T222549_20200712T222545_T60GUV,2020-07-12 22:27:27,hutt_20200713_backgroundTrain_0,0,train,https://doi.org/10.1080/00288330.2022.2088569,"Gall et al. 2022, Figure 10A",v1,S2_SR_HARMONIZED_SCL_v1,174.87715405743606,-41.267941039434696,0.0335,0.0344,0.008,0.0035,8.0E-4,0.0028,0.0037,0.0022,0.0011,0.0022
hutt_20200713,COPERNICUS/S2_SR_HARMONIZED/20200712T222549_20200712T222545_T60GUV,2020-07-12 22:27:27,hutt_20200713_backgroundTrain_0,0,train,https://doi.org/10.1080/00288330.2022.2088569,"Gall et al. 2022, Figure 10A",v1,S2_SR_HARMONIZED_SCL_v1,174.87763128385288,-41.26794984173677,0.0393,0.0343,0.0085,0.0047,0.0025,0.0035,0.0021,1.0E-4,0.0011,6.0E-4
hutt_20200713,COPERNICUS/S2_SR_HARMONIZED/20200712T222549_20200712T222545_T60GUV,2020-07-12 22:27:27,hutt_20200713_backgroundTrain_0,0,train,https://doi.org/10.1080/00288330.2022.2088569,"Gall et al. 2022, Figure 10A",v1,S2_SR_HARMONIZED_SCL_v1,174.87846643059174,-41.267965241009215,0.0331,0.0358,0.0071,0.0053,0.0022,0.0033,0.0034,0.003,6.0E-4,0.003
hutt_20200713,COPERNICUS/S2_SR_HARMONIZED/20200712T222549_20200712T222545_T60GUV,2020-07-12 22:27:27,hutt_20200713_backgroundTrain_0,0,train,https://doi.org/10.1080/00288330.2022.2088569,"Gall et al. 2022, Figure 10A",v1,S2_SR_HARMONIZED_SCL_v1,174.87965949848572,-41.267987229469135,0.0345,0.0328,0.0071,0.0024,0.0017,0.0033,0.0033,1.0E-4,0.0016,0.0019
hutt_20200713,COPERNICUS/S2_SR_HARMONIZED/20200712T222549_20200712T222545_T60GUV,2020-07-12 22:27:27,hutt_20200713_backgroundTrain_0,0,train,https://doi.org/10.1080/00288330.2022.2088569,"Gall et al. 2022, Figure 10A",v1,S2_SR_HARMONIZED_SCL_v1,174.8810911817034,-41.26801359931401,0.0371,0.033,0.0073,0.0049,0.0035,0.0027,0.0021,8.0E-4,0.0028,0.0016
hutt_20200713,COPERNICUS/S2_SR_HARMONIZED/20200712T222549_20200712T222545_T60GUV,2020-07-12 22:27:27,hutt_20200713_backgroundTrain_0,0,train,https://doi.org/10.1080/00288330.2022.2088569,"Gall et al. 2022, Figure 10A",v1,S2_SR_HARMONIZED_SCL_v1,174.88204563823874,-41.26803116932752,0.0379,0.035,0.0056,0.0053,0.0023,0.0053,0.0012,0.004,0.0012,0.0015
hutt_20200713,COPERNICUS/S2_SR_HARMONIZED/20200712T222549_20200712T222545_T60GUV,2020-07-12 22:27:27,hutt_20200713_backgroundTrain_0,0,train,https://doi.org/10.1080/00288330.2022.2088569,"Gall et al. 2022, Figure 10A",v1,S2_SR_HARMONIZED_SCL_v1,174.88276148119485,-41.268044341649016,0.0365,0.0354,0.005,0.0035,3.0E-4,0.003,0.004,0.003,7.0E-4,0.0022
hutt_20200713,COPERNICUS/S2_SR_HARMONIZED/20200712T222549_20200712T222545_T60GUV,2020-07-12 22:27:27,hutt_20200713_backgroundTrain_0,0,train,https://doi.org/10.1080/00288330.2022.2088569,"Gall et al. 2022, Figure 10A",v1,S2_SR_HARMONIZED_SCL_v1,174.87691252702587,-41.26802665376214,0.0397,0.0312,0.0069,0.0056,0.0013,8.0E-4,0.0032,0.0031,6.0E-4,0.0041
hutt_20200713,COPERNICUS/S2_SR_HARMONIZED/20200712T222549_20200712T222545_T60GUV,2020-07-12 22:27:27,hutt_20200713_backgroundTrain_0,0,train,https://doi.org/10.1080/00288330.2022.2088569,"Gall et al. 2022, Figure 10A",v1,S2_SR_HARMONIZED_SCL_v1,174.8778669811686,-41.2680442584217,0.0364,0.0298,0.0059,0.0034,0.0023,0.0042,0.0042,0.0011,0.0011,0.0016
hutt_20200713,COPERNICUS/S2_SR_HARMONIZED/20200712T222549_20200712T222545_T60GUV,2020-07-12 22:27:27,hutt_20200713_backgroundTrain_0,0,train,https://doi.org/10.1080/00288330.2022.2088569,"Gall et al. 2022, Figure 10A",v1,S2_SR_HARMONIZED_SCL_v1,174.87822490169046,-41.26805085813067,0.0367,0.0339,0.0055,0.0056,0.0023,0.0052,0.0016,0.0016,0.0018,0.0012
hutt_20200713,COPERNICUS/S2_SR_HARMONIZED/20200712T222549_20200712T222545_T60GUV,2020-07-12 22:27:27,hutt_20200713_backgroundTrain_0,0,train,https://doi.org/10.1080/00288330.2022.2088569,"Gall et al. 2022, Figure 10A",v1,S2_SR_HARMONIZED_SCL_v1,174.87834420855754,-41.26805305778658,0.0351,0.0329,0.0038,0.0041,0.0022,0.0038,1.0E-4,0.0022,9.0E-4,5.0E-4
hutt_20200713,COPERNICUS/S2_SR_HARMONIZED/20200712T222549_20200712T222545_T60GUV,2020-07-12 22:27:27,hutt_20200713_backgroundTrain_0,0,train,https://doi.org/10.1080/00288330.2022.2088569,"Gall et al. 2022, Figure 10A",v1,S2_SR_HARMONIZED_SCL_v1,174.8790600500377,-41.26806625312776,0.0364,0.0338,0.0064,0.0039,0.0024,0.0029,0.0031,0.0011,8.0E-4,0.002
hutt_20200713,COPERNICUS/S2_SR_HARMONIZED/20200712T222549_20200712T222545_T60GUV,2020-07-12 22:27:27,hutt_20200713_backgroundTrain_0,0,train,https://doi.org/10.1080/00288330.2022.2088569,"Gall et al. 2022, Figure 10A",v1,S2_SR_HARMONIZED_SCL_v1,174.87917935699735,-41.26806845191891,0.0384,0.0329,0.0037,0.0039,0.0024,0.0029,0.0043,0.0011,8.0E-4,0.002
hutt_20200713,COPERNICUS/S2_SR_HARMONIZED/20200712T222549_20200712T222545_T60GUV,2020-07-12 22:27:27,hutt_20200713_backgroundTrain_0,0,train,https://doi.org/10.1080/00288330.2022.2088569,"Gall et al. 2022, Figure 10A",v1,S2_SR_HARMONIZED_SCL_v1,174.8801338131505,-41.268086037800686,0.0341,0.0314,0.0051,0.005,0.0025,0.0029,0.0026,0.0034,0.0018,0.0035
hutt_20200713,COPERNICUS/S2_SR_HARMONIZED/20200712T222549_20200712T222545_T60GUV,2020-07-12 22:27:27,hutt_20200713_backgroundTrain_0,0,train,https://doi.org/10.1080/00288330.2022.2088569,"Gall et al. 2022, Figure 10A",v1,S2_SR_HARMONIZED_SCL_v1,174.88108827014952,-41.268103615776,0.0338,0.033,0.0069,0.004,0.0042,0.0017,0.0015,0.0011,0.0012,6.0E-4
hutt_20200713,COPERNICUS/S2_SR_HARMONIZED/20200712T222549_20200712T222545_T60GUV,2020-07-12 22:27:27,hutt_20200713_backgroundTrain_0,0,train,https://doi.org/10.1080/00288330.2022.2088569,"Gall et al. 2022, Figure 10A",v1,S2_SR_HARMONIZED_SCL_v1,174.88216203528395,-41.26812338154749,0.0354,0.0333,0.0064,0.004,0.0032,0.0029,0.0046,6.0E-4,7.0E-4,8.0E-4
hutt_20200713,COPERNICUS/S2_SR_HARMONIZED/20200712T222549_20200712T222545_T60GUV,2020-07-12 22:27:27,hutt_20200713_backgroundTrain_0,0,train,https://doi.org/10.1080/00288330.2022.2088569,"Gall et al. 2022, Figure 10A",v1,S2_SR_HARMONIZED_SCL_v1,174.88275857193193,-41.26813435820778,0.0384,0.0354,0.0083,0.0042,9.0E-4,0.0028,0.0026,0.0031,4.0E-4,0.0026
hutt_20200713,COPERNICUS/S2_SR_HARMONIZED/20200712T222549_20200712T222545_T60GUV,2020-07-12 22:27:27,hutt_20200713_backgroundTrain_0,0,train,https://doi.org/10.1080/00288330.2022.2088569,"Gall et al. 2022, Figure 10A",v1,S2_SR_HARMONIZED_SCL_v1,174.8831164940791,-41.26814094272149,0.0363,0.031,0.005,0.0048,0.0036,0.0034,0.0033,0.003,0.0018,0.0025
hutt_20200713,COPERNICUS/S2_SR_HARMONIZED/20200712T222549_20200712T222545_T60GUV,2020-07-12 22:27:27,hutt_20200713_backgroundTrain_0,0,train,https://doi.org/10.1080/00288330.2022.2088569,"Gall et al. 2022, Figure 10A",v1,S2_SR_HARMONIZED_SCL_v1,174.8841902612333,-41.26816068959145,0.0379,0.0333,0.0083,0.0025,8.0E-4,0.0042,0.0033,9.0E-4,0.0014,8.0E-4
hutt_20200713,COPERNICUS/S2_SR_HARMONIZED/20200712T222549_20200712T222545_T60GUV,2020-07-12 22:27:27,hutt_20200713_backgroundTrain_0,0,train,https://doi.org/10.1080/00288330.2022.2088569,"Gall et al. 2022, Figure 10A",v1,S2_SR_HARMONIZED_SCL_v1,174.88001159304525,-41.26817385639599,0.039,0.0324,0.0041,0.005,0.0025,0.0029,3.0E-4,0.0034,0.0018,0.0035
hutt_20200713,COPERNICUS/S2_SR_HARMONIZED/20200712T222549_20200712T222545_T60GUV,2020-07-12 22:27:27,hutt_20200713_backgroundTrain_0,0,train,https://doi.org/10.1080/00288330.2022.2088569,"Gall et al. 2022, Figure 10A",v1,S2_SR_HARMONIZED_SCL_v1,174.88144328066596,-41.26820022195949,0.0371,0.0296,0.0045,0.004,0.0011,0.0036,0.0038,1.0E-4,0.0019,1.0E-4
hutt_20200713,COPERNICUS/S2_SR_HARMONIZED/20200712T222549_20200712T222545_T60GUV,2020-07-12 22:27:27,hutt_20200713_backgroundTrain_0,0,train,https://doi.org/10.1080/00288330.2022.2088569,"Gall et al. 2022, Figure 10A",v1,S2_SR_HARMONIZED_SCL_v1,174.8844259693164,-41.26825509307972,0.0338,0.0312,0.0083,0.0028,0.0025,7.0E-4,0.001,0.0023,0.0011,0.0011
hutt_20200713,COPERNICUS/S2_SR_HARMONIZED/20200712T222549_20200712T222545_T60GUV,2020-07-12 22:27:27,hutt_20200713_backgroundTrain_0,0,train,https://doi.org/10.1080/00288330.2022.2088569,"Gall et al. 2022, Figure 10A",v1,S2_SR_HARMONIZED_SCL_v1,174.87953145055363,-41.26825508029046,0.0388,0.0289,0.0064,0.004,0.0036,0.0019,0.0013,1.0E-4,0.0022,0.0032
hutt_20200713,COPERNICUS/S2_SR_HARMONIZED/20200712T222549_20200712T222545_T60GUV,2020-07-12 22:27:27,hutt_20200713_backgroundTrain_0,0,train,https://doi.org/10.1080/00288330.2022.2088569,"Gall et al. 2022, Figure 10A",v1,S2_SR_HARMONIZED_SCL_v1,174.88000867999222,-41.26826387279255,0.0358,0.0328,0.0075,0.0059,0.0021,0.0034,6.0E-4,0.0011,0.0013,0.0037
hutt_20200713,COPERNICUS/S2_SR_HARMONIZED/20200712T222549_20200712T222545_T60GUV,2020-07-12 22:27:27,hutt_20200713_backgroundTrain_0,0,train,https://doi.org/10.1080/00288330.2022.2088569,"Gall et al. 2022, Figure 10A",v1,S2_SR_HARMONIZED_SCL_v1,174.88132106203855,-41.268288041981315,0.0393,0.0309,0.0066,0.0052,0.0039,0.0028,0.0023,0.0025,0.0012,1.0E-4
hutt_20200713,COPERNICUS/S2_SR_HARMONIZED/20200712T222549_20200712T222545_T60GUV,2020-07-12 22:27:27,hutt_20200713_backgroundTrain_0,0,train,https://doi.org/10.1080/00288330.2022.2088569,"Gall et al. 2022, Figure 10A",v1,S2_SR_HARMONIZED_SCL_v1,174.88227552271255,-41.268305610184115,0.0338,0.0327,0.0082,0.0024,0.0031,0.0033,0.0033,0.0025,0.0018,0.001
hutt_20200713,COPERNICUS/S2_SR_HARMONIZED/20200712T222549_20200712T222545_T60GUV,2020-07-12 22:27:27,hutt_20200713_backgroundTrain_0,0,train,https://doi.org/10.1080/00288330.2022.2088569,"Gall et al. 2022, Figure 10A",v1,S2_SR_HARMONIZED_SCL_v1,174.8831106764955,-41.26832097587572,0.0352,0.0309,0.0038,0.0039,0.0029,0.0029,0.0023,0.0029,0.0014,0.0011
hutt_20200713,COPERNICUS/S2_SR_HARMONIZED/20200712T222549_20200712T222545_T60GUV,2020-07-12 22:27:27,hutt_20200713_backgroundTrain_0,0,train,https://doi.org/10.1080/00288330.2022.2088569,"Gall et al. 2022, Figure 10A",v1,S2_SR_HARMONIZED_SCL_v1,174.883587907519,-41.26832975355303,0.0325,0.0331,0.005,0.002,0.0038,0.0037,0.0032,0.0011,0.0019,0.002
hutt_20200713,COPERNICUS/S2_SR_HARMONIZED/20200712T222549_20200712T222545_T60GUV,2020-07-12 22:27:27,hutt_20200713_backgroundTrain_0,0,train,https://doi.org/10.1080/00288330.2022.2088569,"Gall et al. 2022, Figure 10A",v1,S2_SR_HARMONIZED_SCL_v1,174.8775003112974,-41.26830770635443,0.0404,0.0314,0.0067,0.007,0.0028,0.0047,0.0014,9.0E-4,0.001,8.0E-4
hutt_20200713,COPERNICUS/S2_SR_HARMONIZED/20200712T222549_20200712T222545_T60GUV,2020-07-12 22:27:27,hutt_20200713_backgroundTrain_0,0,train,https://doi.org/10.1080/00288330.2022.2088569,"Gall et al. 2022, Figure 10A",v1,S2_SR_HARMONIZED_SCL_v1,174.87785823317293,-41.268314307237574,0.0366,0.0322,0.0064,0.0038,0.0033,0.0047,0.0038,0.001,0.002,8.0E-4
hutt_20200713,COPERNICUS/S2_SR_HARMONIZED/20200712T222549_20200712T222545_T60GUV,2020-07-12 22:27:27,hutt_20200713_backgroundTrain_0,0,train,https://doi.org/10.1080/00288330.2022.2088569,"Gall et al. 2022, Figure 10A",v1,S2_SR_HARMONIZED_SCL_v1,174.8782161551675,-41.26832090700887,0.0345,0.0298,0.0071,0.0047,0.0018,0.0053,0.0043,7.0E-4,0.0024,7.0E-4
hutt_20200713,COPERNICUS/S2_SR_HARMONIZED/20200712T222549_20200712T222545_T60GUV,2020-07-12 22:27:27,hutt_20200713_backgroundTrain_0,0,train,https://doi.org/10.1080/00288330.2022.2088569,"Gall et al. 2022, Figure 10A",v1,S2_SR_HARMONIZED_SCL_v1,174.87881269208975,-41.268331904156916,0.0357,0.0317,0.007,0.0056,0.0022,0.0032,0.0026,0.001,0.0018,0.0017
hutt_20200713,COPERNICUS/S2_SR_HARMONIZED/20200712T222549_20200712T222545_T60GUV,2020-07-12 22:27:27,hutt_20200713_backgroundTrain_0,0,train,https://doi.org/10.1080/00288330.2022.2088569,"Gall et al. 2022, Figure 10A",v1,S2_SR_HARMONIZED_SCL_v1,174.87976715185292,-41.26834949316973,0.0376,0.0322,0.0056,0.004,0.0014,1.0E-4,0.0041,1.0E-4,0.002,0.0029
hutt_20200713,COPERNICUS/S2_SR_HARMONIZED/20200712T222549_20200712T222545_T60GUV,2020-07-12 22:27:27,hutt_20200713_backgroundTrain_0,0,train,https://doi.org/10.1080/00288330.2022.2088569,"Gall et al. 2022, Figure 10A",v1,S2_SR_HARMONIZED_SCL_v1,174.88155676618885,-41.268382451258155,0.0344,0.0331,0.0062,0.0056,0.0025,0.003,0.0015,0.0031,0.002,0.0015
hutt_20200713,COPERNICUS/S2_SR_HARMONIZED/20200712T222549_20200712T222545_T60GUV,2020-07-12 22:27:27,hutt_20200713_backgroundTrain_0,0,train,https://doi.org/10.1080/00288330.2022.2088569,"Gall et al. 2022, Figure 10A",v1,S2_SR_HARMONIZED_SCL_v1,174.88310776768387,-41.26841099245047,0.0352,0.0328,0.0046,0.0039,0.0029,0.0029,0.0013,0.0029,0.0014,0.0011
hutt_20200713,COPERNICUS/S2_SR_HARMONIZED/20200712T222549_20200712T222545_T60GUV,2020-07-12 22:27:27,hutt_20200713_backgroundTrain_0,0,train,https://doi.org/10.1080/00288330.2022.2088569,"Gall et al. 2022, Figure 10A",v1,S2_SR_HARMONIZED_SCL_v1,174.8832270755836,-41.26841318706202,0.0301,0.0339,0.005,0.0039,0.0029,0.0029,0.0027,0.0029,0.0014,0.0011
hutt_20200713,COPERNICUS/S2_SR_HARMONIZED/20200712T222549_20200712T222545_T60GUV,2020-07-12 22:27:27,hutt_20200713_backgroundTrain_0,0,train,https://doi.org/10.1080/00288330.2022.2088569,"Gall et al. 2022, Figure 10A",v1,S2_SR_HARMONIZED_SCL_v1,174.8833463834965,-41.26841538155003,0.0387,0.0334,0.007,0.0021,8.0E-4,0.0047,0.0018,0.0026,0.001,8.0E-4
hutt_20200713,COPERNICUS/S2_SR_HARMONIZED/20200712T222549_20200712T222545_T60GUV,2020-07-12 22:27:27,hutt_20200713_backgroundTrain_0,0,train,https://doi.org/10.1080/00288330.2022.2088569,"Gall et al. 2022, Figure 10A",v1,S2_SR_HARMONIZED_SCL_v1,174.88382361528014,-41.26842415826665,0.0317,0.0334,0.0076,0.0029,6.0E-4,0.0042,0.0016,0.0011,7.0E-4,0.0015
hutt_20200713,COPERNICUS/S2_SR_HARMONIZED/20200712T222549_20200712T222545_T60GUV,2020-07-12 22:27:27,hutt_20200713_backgroundTrain_0,0,train,https://doi.org/10.1080/00288330.2022.2088569,"Gall et al. 2022, Figure 10A",v1,S2_SR_HARMONIZED_SCL_v1,174.8850166956626,-41.26844609141032,0.0341,0.0341,0.0083,0.0039,0.0037,0.0032,0.0016,0.0018,0.0017,0.0015
hutt_20200713,COPERNICUS/S2_SR_HARMONIZED/20200712T222549_20200712T222545_T60GUV,2020-07-12 22:27:27,hutt_20200713_backgroundTrain_0,0,train,https://doi.org/10.1080/00288330.2022.2088569,"Gall et al. 2022, Figure 10A",v1,S2_SR_HARMONIZED_SCL_v1,174.8857325445251,-41.26845924536654,0.0369,0.0336,0.007,0.0035,0.0026,0.0023,0.0014,0.001,0.0016,0.0016
hutt_20200713,COPERNICUS/S2_SR_HARMONIZED/20200712T222549_20200712T222545_T60GUV,2020-07-12 22:27:27,hutt_20200713_backgroundTrain_0,0,train,https://doi.org/10.1080/00288330.2022.2088569,"Gall et al. 2022, Figure 10A",v1,S2_SR_HARMONIZED_SCL_v1,174.87654293571995,-41.26838011475625,0.0326,0.0281,0.0068,0.0039,0.0045,0.0053,4.0E-4,0.0034,0.0014,0.0024
hutt_20200713,COPERNICUS/S2_SR_HARMONIZED/20200712T222549_20200712T222545_T60GUV,2020-07-12 22:27:27,hutt_20200713_backgroundTrain_0,0,train,https://doi.org/10.1080/00288330.2022.2088569,"Gall et al. 2022, Figure 10A",v1,S2_SR_HARMONIZED_SCL_v1,174.8786904697993,-41.26841972129165,0.0355,0.0308,0.0054,0.0058,0.0022,0.003,0.0016,0.0012,0.0026,6.0E-4
hutt_20200713,COPERNICUS/S2_SR_HARMONIZED/20200712T222549_20200712T222545_T60GUV,2020-07-12 22:27:27,hutt_20200713_backgroundTrain_0,0,train,https://doi.org/10.1080/00288330.2022.2088569,"Gall et al. 2022, Figure 10A",v1,S2_SR_HARMONIZED_SCL_v1,174.87880977737385,-41.268421920481096,0.0336,0.0325,0.0071,0.0046,0.0023,0.003,0.0023,0.001,0.0026,0.0015
hutt_20200713,COPERNICUS/S2_SR_HARMONIZED/20200712T222549_20200712T222545_T60GUV,2020-07-12 22:27:27,hutt_20200713_backgroundTrain_0,0,train,https://doi.org/10.1080/00288330.2022.2088569,"Gall et al. 2022, Figure 10A",v1,S2_SR_HARMONIZED_SCL_v1,174.88131523949286,-41.26846807492187,0.038,0.0341,0.007,0.0045,0.0037,0.0041,0.0025,7.0E-4,0.0027,6.0E-4
hutt_20200713,COPERNICUS/S2_SR_HARMONIZED/20200712T222549_20200712T222545_T60GUV,2020-07-12 22:27:27,hutt_20200713_backgroundTrain_0,0,train,https://doi.org/10.1080/00288330.2022.2088569,"Gall et al. 2022, Figure 10A",v1,S2_SR_HARMONIZED_SCL_v1,174.88143454735817,-41.26847027139345,0.0359,0.0307,0.0051,0.0056,0.0024,0.0036,0.002,0.0011,0.0018,0.0017
hutt_20200713,COPERNICUS/S2_SR_HARMONIZED/20200712T222549_20200712T222545_T60GUV,2020-07-12 22:27:27,hutt_20200713_backgroundTrain_0,0,train,https://doi.org/10.1080/00288330.2022.2088569,"Gall et al. 2022, Figure 10A",v1,S2_SR_HARMONIZED_SCL_v1,174.88203108688285,-41.26848125189818,0.0346,0.0353,0.0067,0.0031,0.002,0.0036,0.0041,0.0021,0.0021,8.0E-4
hutt_20200713,COPERNICUS/S2_SR_HARMONIZED/20200712T222549_20200712T222545_T60GUV,2020-07-12 22:27:27,hutt_20200713_backgroundTrain_0,0,train,https://doi.org/10.1080/00288330.2022.2088569,"Gall et al. 2022, Figure 10A",v1,S2_SR_HARMONIZED_SCL_v1,174.88286624277194,-41.2684966194161,0.035,0.0324,0.0046,0.0029,0.0024,1.0E-4,0.0036,0.0032,0.001,0.0017
hutt_20200713,COPERNICUS/S2_SR_HARMONIZED/20200712T222549_20200712T222545_T60GUV,2020-07-12 22:27:27,hutt_20200713_backgroundTrain_0,0,train,https://doi.org/10.1080/00288330.2022.2088569,"Gall et al. 2022, Figure 10A",v1,S2_SR_HARMONIZED_SCL_v1,174.8835820911917,-41.26850978675621,0.0331,0.0304,0.0057,0.0039,0.002,3.0E-4,0.0036,0.0011,0.0022,0.0021
hutt_20200713,COPERNICUS/S2_SR_HARMONIZED/20200712T222549_20200712T222545_T60GUV,2020-07-12 22:27:27,hutt_20200713_backgroundTrain_0,0,train,https://doi.org/10.1080/00288330.2022.2088569,"Gall et al. 2022, Figure 10A",v1,S2_SR_HARMONIZED_SCL_v1,174.88417863190435,-41.26852075614226,0.0341,0.0319,0.0071,0.0036,0.0038,0.004,0.0015,0.0011,0.0017,5.0E-4
hutt_20200713,COPERNICUS/S2_SR_HARMONIZED/20200712T222549_20200712T222545_T60GUV,2020-07-12 22:27:27,hutt_20200713_backgroundTrain_0,0,train,https://doi.org/10.1080/00288330.2022.2088569,"Gall et al. 2022, Figure 10A",v1,S2_SR_HARMONIZED_SCL_v1,174.88429794008647,-41.26852294964885,0.0345,0.0309,0.0052,0.0025,0.0024,0.0021,0.0013,0.0012,0.0021,0.002
hutt_20200713,COPERNICUS/S2_SR_HARMONIZED/20200712T222549_20200712T222545_T60GUV,2020-07-12 22:27:27,hutt_20200713_backgroundTrain_0,0,train,https://doi.org/10.1080/00288330.2022.2088569,"Gall et al. 2022, Figure 10A",v1,S2_SR_HARMONIZED_SCL_v1,174.88608756440058,-41.26855583742261,0.0341,0.0326,0.0066,0.0051,0.0045,0.0033,0.0023,0.0011,0.0018,0.0017
hutt_20200713,COPERNICUS/S2_SR_HARMONIZED/20200712T222549_20200712T222545_T60GUV,2020-07-12 22:27:27,hutt_20200713_backgroundTrain_0,0,train,https://doi.org/10.1080/00288330.2022.2088569,"Gall et al. 2022, Figure 10A",v1,S2_SR_HARMONIZED_SCL_v1,174.87654001788167,-41.26847013094725,0.0353,0.0309,0.0052,0.0039,0.0045,0.0053,0.0021,0.0034,0.0014,0.0024
hutt_20200713,COPERNICUS/S2_SR_HARMONIZED/20200712T222549_20200712T222545_T60GUV,2020-07-12 22:27:27,hutt_20200713_backgroundTrain_0,0,train,https://doi.org/10.1080/00288330.2022.2088569,"Gall et al. 2022, Figure 10A",v1,S2_SR_HARMONIZED_SCL_v1,174.87832963177135,-41.268503139276966,0.0342,0.0318,0.0067,0.0064,0.002,0.0031,0.0019,1.0E-4,0.0013,0.001
hutt_20200713,COPERNICUS/S2_SR_HARMONIZED/20200712T222549_20200712T222545_T60GUV,2020-07-12 22:27:27,hutt_20200713_backgroundTrain_0,0,train,https://doi.org/10.1080/00288330.2022.2088569,"Gall et al. 2022, Figure 10A",v1,S2_SR_HARMONIZED_SCL_v1,174.87868755490652,-41.26850973760734,0.0366,0.0321,0.0075,0.0058,0.0022,0.003,0.0015,0.0012,0.0026,6.0E-4
hutt_20200713,COPERNICUS/S2_SR_HARMONIZED/20200712T222549_20200712T222545_T60GUV,2020-07-12 22:27:27,hutt_20200713_backgroundTrain_0,0,train,https://doi.org/10.1080/00288330.2022.2088569,"Gall et al. 2022, Figure 10A",v1,S2_SR_HARMONIZED_SCL_v1,174.87940340153395,-41.26852293093249,0.0342,0.0308,0.0076,0.0041,0.0023,0.0035,0.0041,0.0015,0.0016,0.0025
hutt_20200713,COPERNICUS/S2_SR_HARMONIZED/20200712T222549_20200712T222545_T60GUV,2020-07-12 22:27:27,hutt_20200713_backgroundTrain_0,0,train,https://doi.org/10.1080/00288330.2022.2088569,"Gall et al. 2022, Figure 10A",v1,S2_SR_HARMONIZED_SCL_v1,174.87988063288333,-41.26853172401179,0.0367,0.0318,0.0053,0.004,0.0038,1.0E-4,0.0031,6.0E-4,0.0021,0.0035
hutt_20200713,COPERNICUS/S2_SR_HARMONIZED/20200712T222549_20200712T222545_T60GUV,2020-07-12 22:27:27,hutt_20200713_backgroundTrain_0,0,train,https://doi.org/10.1080/00288330.2022.2088569,"Gall et al. 2022, Figure 10A",v1,S2_SR_HARMONIZED_SCL_v1,174.87999994075372,-41.268533921972754,0.0391,0.0294,0.0076,0.0045,0.0028,0.0035,0.0048,5.0E-4,3.0E-4,0.0036
hutt_20200713,COPERNICUS/S2_SR_HARMONIZED/20200712T222549_20200712T222545_T60GUV,2020-07-12 22:27:27,hutt_20200713_backgroundTrain_0,0,train,https://doi.org/10.1080/00288330.2022.2088569,"Gall et al. 2022, Figure 10A",v1,S2_SR_HARMONIZED_SCL_v1,174.88131232820024,-41.26855809138978,0.0339,0.0345,0.0071,0.0045,0.0037,0.0041,0.0048,7.0E-4,0.0027,6.0E-4
hutt_20200713,COPERNICUS/S2_SR_HARMONIZED/20200712T222549_20200712T222545_T60GUV,2020-07-12 22:27:27,hutt_20200713_backgroundTrain_0,0,train,https://doi.org/10.1080/00288330.2022.2088569,"Gall et al. 2022, Figure 10A",v1,S2_SR_HARMONIZED_SCL_v1,174.88202817657205,-41.26857126840757,0.0336,0.0313,0.0052,0.0031,0.002,0.0036,1.0E-4,0.0021,0.0021,8.0E-4
hutt_20200713,COPERNICUS/S2_SR_HARMONIZED/20200712T222549_20200712T222545_T60GUV,2020-07-12 22:27:27,hutt_20200713_backgroundTrain_0,0,train,https://doi.org/10.1080/00288330.2022.2088569,"Gall et al. 2022, Figure 10A",v1,S2_SR_HARMONIZED_SCL_v1,174.88274402541924,-41.268584440977875,0.0373,0.0312,0.0052,0.0021,0.0034,9.0E-4,0.0034,0.0029,1.0E-4,0.0014
hutt_20200713,COPERNICUS/S2_SR_HARMONIZED/20200712T222549_20200712T222545_T60GUV,2020-07-12 22:27:27,hutt_20200713_backgroundTrain_0,0,train,https://doi.org/10.1080/00288330.2022.2088569,"Gall et al. 2022, Figure 10A",v1,S2_SR_HARMONIZED_SCL_v1,174.88322125824806,-41.268593220220595,0.0359,0.0335,0.0065,0.0032,0.002,0.0026,0.0016,0.0022,0.0013,0.001
hutt_20200713,COPERNICUS/S2_SR_HARMONIZED/20200712T222549_20200712T222545_T60GUV,2020-07-12 22:27:27,hutt_20200713_backgroundTrain_0,0,train,https://doi.org/10.1080/00288330.2022.2088569,"Gall et al. 2022, Figure 10A",v1,S2_SR_HARMONIZED_SCL_v1,174.8854881170678,-41.2686348946296,0.0371,0.0306,0.0051,0.004,0.0018,0.0028,0.0045,7.0E-4,0.0013,0.002
hutt_20200713,COPERNICUS/S2_SR_HARMONIZED/20200712T222549_20200712T222545_T60GUV,2020-07-12 22:27:27,hutt_20200713_backgroundTrain_0,0,train,https://doi.org/10.1080/00288330.2022.2088569,"Gall et al. 2022, Figure 10A",v1,S2_SR_HARMONIZED_SCL_v1,174.88680051119167,-41.26865900153455,0.0341,0.0359,0.007,0.0023,0.0036,0.0038,0.0035,8.0E-4,0.001,8.0E-4
hutt_20200713,COPERNICUS/S2_SR_HARMONIZED/20200712T222549_20200712T222545_T60GUV,2020-07-12 22:27:27,hutt_20200713_backgroundTrain_0,0,train,https://doi.org/10.1080/00288330.2022.2088569,"Gall et al. 2022, Figure 10A",v1,S2_SR_HARMONIZED_SCL_v1,174.87653710003013,-41.268560147136675,0.0347,0.0321,0.0061,0.0035,0.0032,0.0027,0.0015,0.0022,0.0028,0.0022
hutt_20200713,COPERNICUS/S2_SR_HARMONIZED/20200712T222549_20200712T222545_T60GUV,2020-07-12 22:27:27,hutt_20200713_backgroundTrain_0,0,train,https://doi.org/10.1080/00288330.2022.2088569,"Gall et al. 2022, Figure 10A",v1,S2_SR_HARMONIZED_SCL_v1,174.87820740852553,-41.268590955872845,0.0358,0.0344,0.0054,0.0024,0.0036,0.0025,0.0011,3.0E-4,0.001,6.0E-4
hutt_20200713,COPERNICUS/S2_SR_HARMONIZED/20200712T222549_20200712T222545_T60GUV,2020-07-12 22:27:27,hutt_20200713_backgroundTrain_0,0,train,https://doi.org/10.1080/00288330.2022.2088569,"Gall et al. 2022, Figure 10A",v1,S2_SR_HARMONIZED_SCL_v1,174.88154803329275,-41.26865250070337,0.0317,0.0331,0.0103,0.0054,0.0027,0.0031,0.003,0.001,5.0E-4,0.0021
hutt_20200713,COPERNICUS/S2_SR_HARMONIZED/20200712T222549_20200712T222545_T60GUV,2020-07-12 22:27:27,hutt_20200713_backgroundTrain_0,0,train,https://doi.org/10.1080/00288330.2022.2088569,"Gall et al. 2022, Figure 10A",v1,S2_SR_HARMONIZED_SCL_v1,174.88262180773927,-41.26867226240072,0.037,0.0353,0.0065,0.0051,0.0056,0.0035,0.0035,0.002,0.0025,8.0E-4
hutt_20200713,COPERNICUS/S2_SR_HARMONIZED/20200712T222549_20200712T222545_T60GUV,2020-07-12 22:27:27,hutt_20200713_backgroundTrain_0,0,train,https://doi.org/10.1080/00288330.2022.2088569,"Gall et al. 2022, Figure 10A",v1,S2_SR_HARMONIZED_SCL_v1,174.88286042442817,-41.26867665253006,0.0351,0.0332,0.0039,0.0042,0.0028,0.0028,0.0017,0.0028,0.0029,8.0E-4
hutt_20200713,COPERNICUS/S2_SR_HARMONIZED/20200712T222549_20200712T222545_T60GUV,2020-07-12 22:27:27,hutt_20200713_backgroundTrain_0,0,train,https://doi.org/10.1080/00288330.2022.2088569,"Gall et al. 2022, Figure 10A",v1,S2_SR_HARMONIZED_SCL_v1,174.8829797327924,-41.26867884740942,0.0355,0.0337,0.0053,0.0042,0.0028,0.0028,0.0025,0.0028,0.0029,8.0E-4
hutt_20200713,COPERNICUS/S2_SR_HARMONIZED/20200712T222549_20200712T222545_T60GUV,2020-07-12 22:27:27,hutt_20200713_backgroundTrain_0,0,train,https://doi.org/10.1080/00288330.2022.2088569,"Gall et al. 2022, Figure 10A",v1,S2_SR_HARMONIZED_SCL_v1,174.88357627481165,-41.26868981995308,0.0344,0.0317,0.0067,0.0039,0.0035,3.0E-4,0.0031,0.0012,0.0018,0.0022
hutt_20200713,COPERNICUS/S2_SR_HARMONIZED/20200712T222549_20200712T222545_T60GUV,2020-07-12 22:27:27,hutt_20200713_backgroundTrain_0,0,train,https://doi.org/10.1080/00288330.2022.2088569,"Gall et al. 2022, Figure 10A",v1,S2_SR_HARMONIZED_SCL_v1,174.8854852114895,-41.26872491133771,0.0359,0.0316,0.0067,0.0022,0.0026,0.0039,0.0045,0.0015,0.0018,0.002
hutt_20200713,COPERNICUS/S2_SR_HARMONIZED/20200712T222549_20200712T222545_T60GUV,2020-07-12 22:27:27,hutt_20200713_backgroundTrain_0,0,train,https://doi.org/10.1080/00288330.2022.2088569,"Gall et al. 2022, Figure 10A",v1,S2_SR_HARMONIZED_SCL_v1,174.88679760741346,-41.268749018318566,0.0338,0.0333,0.0084,0.0033,0.0035,0.0045,0.0041,0.0022,8.0E-4,3.0E-4
hutt_20200713,COPERNICUS/S2_SR_HARMONIZED/20200712T222549_20200712T222545_T60GUV,2020-07-12 22:27:27,hutt_20200713_backgroundTrain_0,0,train,https://doi.org/10.1080/00288330.2022.2088569,"Gall et al. 2022, Figure 10A",v1,S2_SR_HARMONIZED_SCL_v1,174.87546041231565,-41.268630344859645,0.0367,0.0322,0.0078,0.0076,0.0038,4.0E-4,0.0036,5.0E-4,0.0017,0.001
hutt_20200713,COPERNICUS/S2_SR_HARMONIZED/20200712T222549_20200712T222545_T60GUV,2020-07-12 22:27:27,hutt_20200713_backgroundTrain_0,0,train,https://doi.org/10.1080/00288330.2022.2088569,"Gall et al. 2022, Figure 10A",v1,S2_SR_HARMONIZED_SCL_v1,174.87665348999266,-41.268652364758466,0.0343,0.0307,0.0075,0.008,0.004,0.0029,0.0017,0.0011,0.0019,0.0025
hutt_20200713,COPERNICUS/S2_SR_HARMONIZED/20200712T222549_20200712T222545_T60GUV,2020-07-12 22:27:27,hutt_20200713_backgroundTrain_0,0,train,https://doi.org/10.1080/00288330.2022.2088569,"Gall et al. 2022, Figure 10A",v1,S2_SR_HARMONIZED_SCL_v1,174.87736933723434,-41.26866557076783,0.0317,0.0312,0.0072,0.0045,0.0021,0.0038,4.0E-4,1.0E-4,0.0015,0.0026
hutt_20200713,COPERNICUS/S2_SR_HARMONIZED/20200712T222549_20200712T222545_T60GUV,2020-07-12 22:27:27,hutt_20200713_backgroundTrain_0,0,train,https://doi.org/10.1080/00288330.2022.2088569,"Gall et al. 2022, Figure 10A",v1,S2_SR_HARMONIZED_SCL_v1,174.8783238009643,-41.26868317186205,0.0397,0.0326,0.0073,0.0071,0.0026,0.0031,0.0017,0.0014,0.0018,8.0E-4
hutt_20200713,COPERNICUS/S2_SR_HARMONIZED/20200712T222549_20200712T222545_T60GUV,2020-07-12 22:27:27,hutt_20200713_backgroundTrain_0,0,train,https://doi.org/10.1080/00288330.2022.2088569,"Gall et al. 2022, Figure 10A",v1,S2_SR_HARMONIZED_SCL_v1,174.8784431089901,-41.2686853714429,0.0346,0.0334,0.0073,0.0071,0.0026,0.0031,0.0032,0.0014,0.0018,8.0E-4
hutt_20200713,COPERNICUS/S2_SR_HARMONIZED/20200712T222549_20200712T222545_T60GUV,2020-07-12 22:27:27,hutt_20200713_backgroundTrain_0,0,train,https://doi.org/10.1080/00288330.2022.2088569,"Gall et al. 2022, Figure 10A",v1,S2_SR_HARMONIZED_SCL_v1,174.8790396493174,-41.26869636749401,0.0355,0.0357,0.0059,0.0042,0.0022,0.0032,0.0015,0.0012,3.0E-4,0.0025
hutt_20200713,COPERNICUS/S2_SR_HARMONIZED/20200712T222549_20200712T222545_T60GUV,2020-07-12 22:27:27,hutt_20200713_backgroundTrain_0,0,train,https://doi.org/10.1080/00288330.2022.2088569,"Gall et al. 2022, Figure 10A",v1,S2_SR_HARMONIZED_SCL_v1,174.87987480633097,-41.268711756776845,0.0366,0.0318,0.0056,0.0049,0.0028,0.0027,0.0029,0.0011,0.0019,0.003
hutt_20200713,COPERNICUS/S2_SR_HARMONIZED/20200712T222549_20200712T222545_T60GUV,2020-07-12 22:27:27,hutt_20200713_backgroundTrain_0,0,train,https://doi.org/10.1080/00288330.2022.2088569,"Gall et al. 2022, Figure 10A",v1,S2_SR_HARMONIZED_SCL_v1,174.88047134745153,-41.268722745415495,0.0366,0.0333,0.0057,0.004,9.0E-4,0.0034,0.0015,0.0012,0.0019,0.0012
hutt_20200713,COPERNICUS/S2_SR_HARMONIZED/20200712T222549_20200712T222545_T60GUV,2020-07-12 22:27:27,hutt_20200713_backgroundTrain_0,0,train,https://doi.org/10.1080/00288330.2022.2088569,"Gall et al. 2022, Figure 10A",v1,S2_SR_HARMONIZED_SCL_v1,174.88142581393151,-41.26874032081317,0.0406,0.0364,0.0056,0.0054,0.0027,0.0031,0.0034,0.001,5.0E-4,0.0021
hutt_20200713,COPERNICUS/S2_SR_HARMONIZED/20200712T222549_20200712T222545_T60GUV,2020-07-12 22:27:27,hutt_20200713_backgroundTrain_0,0,train,https://doi.org/10.1080/00288330.2022.2088569,"Gall et al. 2022, Figure 10A",v1,S2_SR_HARMONIZED_SCL_v1,174.882499589732,-41.26876008368461,0.0391,0.0331,0.0068,0.0062,0.0022,0.002,0.0035,0.0029,9.0E-4,7.0E-4
hutt_20200713,COPERNICUS/S2_SR_HARMONIZED/20200712T222549_20200712T222545_T60GUV,2020-07-12 22:27:27,hutt_20200713_backgroundTrain_0,0,train,https://doi.org/10.1080/00288330.2022.2088569,"Gall et al. 2022, Figure 10A",v1,S2_SR_HARMONIZED_SCL_v1,174.88381198382916,-41.268784224715624,0.0365,0.0331,0.0056,0.0039,6.0E-4,0.0033,0.0022,0.0011,3.0E-4,0.0014
hutt_20200713,COPERNICUS/S2_SR_HARMONIZED/20200712T222549_20200712T222545_T60GUV,2020-07-12 22:27:27,hutt_20200713_backgroundTrain_0,0,train,https://doi.org/10.1080/00288330.2022.2088569,"Gall et al. 2022, Figure 10A",v1,S2_SR_HARMONIZED_SCL_v1,174.88440852712841,-41.26879519296985,0.0344,0.0319,0.0061,0.0035,0.004,0.0029,1.0E-4,0.0012,0.0035,0.0026
hutt_20200713,COPERNICUS/S2_SR_HARMONIZED/20200712T222549_20200712T222545_T60GUV,2020-07-12 22:27:27,hutt_20200713_backgroundTrain_0,0,train,https://doi.org/10.1080/00288330.2022.2088569,"Gall et al. 2022, Figure 10A",v1,S2_SR_HARMONIZED_SCL_v1,174.88464714454048,-41.26879957940673,0.0304,0.0321,0.0045,0.0051,0.0023,0.0021,0.0044,0.0025,0.0028,0.0025
hutt_20200713,COPERNICUS/S2_SR_HARMONIZED/20200712T222549_20200712T222545_T60GUV,2020-07-12 22:27:27,hutt_20200713_backgroundTrain_0,0,train,https://doi.org/10.1080/00288330.2022.2088569,"Gall et al. 2022, Figure 10A",v1,S2_SR_HARMONIZED_SCL_v1,174.88476645326628,-41.26880177243986,0.0318,0.0316,0.0067,0.0047,0.0029,0.0011,0.0017,0.003,0.0019,0.0016
hutt_20200713,COPERNICUS/S2_SR_HARMONIZED/20200712T222549_20200712T222545_T60GUV,2020-07-12 22:27:27,hutt_20200713_backgroundTrain_0,0,train,https://doi.org/10.1080/00288330.2022.2088569,"Gall et al. 2022, Figure 10A",v1,S2_SR_HARMONIZED_SCL_v1,174.8856016147161,-41.26881712021257,0.0359,0.034,0.0069,0.0022,0.0026,0.0039,0.001,0.0015,0.0018,0.002
hutt_20200713,COPERNICUS/S2_SR_HARMONIZED/20200712T222549_20200712T222545_T60GUV,2020-07-12 22:27:27,hutt_20200713_backgroundTrain_0,0,train,https://doi.org/10.1080/00288330.2022.2088569,"Gall et al. 2022, Figure 10A",v1,S2_SR_HARMONIZED_SCL_v1,174.88762986664022,-41.268854368172036,0.0413,0.0305,0.0051,0.0047,0.0042,0.0028,0.0043,0.0011,0.0012,1.0E-4
hutt_20200713,COPERNICUS/S2_SR_HARMONIZED/20200712T222549_20200712T222545_T60GUV,2020-07-12 22:27:27,hutt_20200713_backgroundTrain_0,0,train,https://doi.org/10.1080/00288330.2022.2088569,"Gall et al. 2022, Figure 10A",v1,S2_SR_HARMONIZED_SCL_v1,174.87987189303496,-41.268801773157,0.0321,0.0334,0.0073,0.0048,9.0E-4,0.002,0.002,0.0023,0.0019,0.0032
hutt_20200713,COPERNICUS/S2_SR_HARMONIZED/20200712T222549_20200712T222545_T60GUV,2020-07-12 22:27:27,hutt_20200713_backgroundTrain_0,0,train,https://doi.org/10.1080/00288330.2022.2088569,"Gall et al. 2022, Figure 10A",v1,S2_SR_HARMONIZED_SCL_v1,174.88118428573634,-41.26882594416124,0.0358,0.0328,0.0079,0.005,0.0028,0.0033,8.0E-4,0.003,0.0012,1.0E-4
hutt_20200713,COPERNICUS/S2_SR_HARMONIZED/20200712T222549_20200712T222545_T60GUV,2020-07-12 22:27:27,hutt_20200713_backgroundTrain_0,0,train,https://doi.org/10.1080/00288330.2022.2088569,"Gall et al. 2022, Figure 10A",v1,S2_SR_HARMONIZED_SCL_v1,174.88213875415957,-41.26884351368423,0.0357,0.0322,0.003,0.0043,0.0057,0.0038,0.0046,0.0014,0.0025,7.0E-4
hutt_20200713,COPERNICUS/S2_SR_HARMONIZED/20200712T222549_20200712T222545_T60GUV,2020-07-12 22:27:27,hutt_20200713_backgroundTrain_0,0,train,https://doi.org/10.1080/00288330.2022.2088569,"Gall et al. 2022, Figure 10A",v1,S2_SR_HARMONIZED_SCL_v1,174.88225806277188,-41.26884570931866,0.0336,0.0293,0.0063,0.0043,0.0057,0.0038,0.0041,0.0014,0.0025,7.0E-4
hutt_20200713,COPERNICUS/S2_SR_HARMONIZED/20200712T222549_20200712T222545_T60GUV,2020-07-12 22:27:27,hutt_20200713_backgroundTrain_0,0,train,https://doi.org/10.1080/00288330.2022.2088569,"Gall et al. 2022, Figure 10A",v1,S2_SR_HARMONIZED_SCL_v1,174.88249668003616,-41.2688501002169,0.0385,0.0369,0.0066,0.0036,0.0038,0.0027,0.0018,0.0029,8.0E-4,0.0011
hutt_20200713,COPERNICUS/S2_SR_HARMONIZED/20200712T222549_20200712T222545_T60GUV,2020-07-12 22:27:27,hutt_20200713_backgroundTrain_0,0,train,https://doi.org/10.1080/00288330.2022.2088569,"Gall et al. 2022, Figure 10A",v1,S2_SR_HARMONIZED_SCL_v1,174.88345114962127,-41.26886765886815,0.0365,0.032,0.0058,0.0038,0.0027,0.0032,0.0035,0.0016,0.0029,0.0021
hutt_20200713,COPERNICUS/S2_SR_HARMONIZED/20200712T222549_20200712T222545_T60GUV,2020-07-12 22:27:27,hutt_20200713_backgroundTrain_0,0,train,https://doi.org/10.1080/00288330.2022.2088569,"Gall et al. 2022, Figure 10A",v1,S2_SR_HARMONIZED_SCL_v1,174.88440562005096,-41.268885209612655,0.0358,0.0332,0.0062,0.002,0.0037,0.0032,0.0031,0.0015,0.0035,0.0015
hutt_20200713,COPERNICUS/S2_SR_HARMONIZED/20200712T222549_20200712T222545_T60GUV,2020-07-12 22:27:27,hutt_20200713_backgroundTrain_0,0,train,https://doi.org/10.1080/00288330.2022.2088569,"Gall et al. 2022, Figure 10A",v1,S2_SR_HARMONIZED_SCL_v1,174.87593180582186,-41.26881918660325,0.0359,0.0335,0.0055,0.0061,0.0035,0.0022,1.0E-4,0.0029,0.0019,0.0032
hutt_20200713,COPERNICUS/S2_SR_HARMONIZED/20200712T222549_20200712T222545_T60GUV,2020-07-12 22:27:27,hutt_20200713_backgroundTrain_0,0,train,https://doi.org/10.1080/00288330.2022.2088569,"Gall et al. 2022, Figure 10A",v1,S2_SR_HARMONIZED_SCL_v1,174.87652834639613,-41.26883019569543,0.0378,0.0309,0.0037,0.0044,0.002,0.0011,0.003,0.0012,0.0012,0.001
hutt_20200713,COPERNICUS/S2_SR_HARMONIZED/20200712T222549_20200712T222545_T60GUV,2020-07-12 22:27:27,hutt_20200713_backgroundTrain_0,0,train,https://doi.org/10.1080/00288330.2022.2088569,"Gall et al. 2022, Figure 10A",v1,S2_SR_HARMONIZED_SCL_v1,174.87831797010435,-41.2688632044408,0.031,0.0333,0.007,0.0053,0.0044,0.0039,0.0016,0.0013,0.0016,0.0012
hutt_20200713,COPERNICUS/S2_SR_HARMONIZED/20200712T222549_20200712T222545_T60GUV,2020-07-12 22:27:27,hutt_20200713_backgroundTrain_0,0,train,https://doi.org/10.1080/00288330.2022.2088569,"Gall et al. 2022, Figure 10A",v1,S2_SR_HARMONIZED_SCL_v1,174.8799882882507,-41.26889398752422,0.0356,0.0332,0.0069,0.0053,0.0041,0.0032,0.0026,9.0E-4,8.0E-4,0.0041
hutt_20200713,COPERNICUS/S2_SR_HARMONIZED/20200712T222549_20200712T222545_T60GUV,2020-07-12 22:27:27,hutt_20200713_backgroundTrain_0,0,train,https://doi.org/10.1080/00288330.2022.2088569,"Gall et al. 2022, Figure 10A",v1,S2_SR_HARMONIZED_SCL_v1,174.8817779177109,-41.268926942528914,0.0345,0.0349,0.0053,0.0036,0.0043,0.0036,0.0012,0.0021,2.0E-4,0.0026
hutt_20200713,COPERNICUS/S2_SR_HARMONIZED/20200712T222549_20200712T222545_T60GUV,2020-07-12 22:27:27,hutt_20200713_backgroundTrain_0,0,train,https://doi.org/10.1080/00288330.2022.2088569,"Gall et al. 2022, Figure 10A",v1,S2_SR_HARMONIZED_SCL_v1,174.88213584395962,-41.268933530194204,0.0351,0.0325,0.0063,0.0043,0.0057,0.0038,0.0031,0.0014,0.0025,7.0E-4
hutt_20200713,COPERNICUS/S2_SR_HARMONIZED/20200712T222549_20200712T222545_T60GUV,2020-07-12 22:27:27,hutt_20200713_backgroundTrain_0,0,train,https://doi.org/10.1080/00288330.2022.2088569,"Gall et al. 2022, Figure 10A",v1,S2_SR_HARMONIZED_SCL_v1,174.88261307914271,-41.26894231201833,0.0336,0.0336,0.0075,0.0056,0.0027,0.0033,0.0026,1.0E-4,0.0025,0.0022
hutt_20200713,COPERNICUS/S2_SR_HARMONIZED/20200712T222549_20200712T222545_T60GUV,2020-07-12 22:27:27,hutt_20200713_backgroundTrain_0,0,train,https://doi.org/10.1080/00288330.2022.2088569,"Gall et al. 2022, Figure 10A",v1,S2_SR_HARMONIZED_SCL_v1,174.8828516968135,-41.26894670218913,0.0376,0.0335,0.0068,0.0056,0.0011,0.0047,0.0033,0.0024,0.0023,0.002
hutt_20200713,COPERNICUS/S2_SR_HARMONIZED/20200712T222549_20200712T222545_T60GUV,2020-07-12 22:27:27,hutt_20200713_backgroundTrain_0,0,train,https://doi.org/10.1080/00288330.2022.2088569,"Gall et al. 2022, Figure 10A",v1,S2_SR_HARMONIZED_SCL_v1,174.88368685907696,-41.26896206389534,0.0366,0.0339,0.0054,0.0041,0.0024,0.0026,0.0046,0.0011,0.0023,0.0022
hutt_20200713,COPERNICUS/S2_SR_HARMONIZED/20200712T222549_20200712T222545_T60GUV,2020-07-12 22:27:27,hutt_20200713_backgroundTrain_0,0,train,https://doi.org/10.1080/00288330.2022.2088569,"Gall et al. 2022, Figure 10A",v1,S2_SR_HARMONIZED_SCL_v1,174.8842834039467,-41.268973032836335,0.0322,0.0277,0.0028,0.002,0.0037,0.0032,0.0016,0.0015,0.0035,0.0015
hutt_20200713,COPERNICUS/S2_SR_HARMONIZED/20200712T222549_20200712T222545_T60GUV,2020-07-12 22:27:27,hutt_20200713_backgroundTrain_0,0,train,https://doi.org/10.1080/00288330.2022.2088569,"Gall et al. 2022, Figure 10A",v1,S2_SR_HARMONIZED_SCL_v1,174.88440271296025,-41.2689752262539,0.0321,0.0353,0.0047,0.002,0.0037,0.0032,0.0034,0.0015,0.0035,0.0015
hutt_20200713,COPERNICUS/S2_SR_HARMONIZED/20200712T222549_20200712T222545_T60GUV,2020-07-12 22:27:27,hutt_20200713_backgroundTrain_0,0,train,https://doi.org/10.1080/00288330.2022.2088569,"Gall et al. 2022, Figure 10A",v1,S2_SR_HARMONIZED_SCL_v1,174.87485511342712,-41.26888937854031,0.0358,0.0339,0.0096,0.0042,0.003,0.0019,0.0013,0.001,0.0017,0.0022
hutt_20200713,COPERNICUS/S2_SR_HARMONIZED/20200712T222549_20200712T222545_T60GUV,2020-07-12 22:27:27,hutt_20200713_backgroundTrain_0,0,train,https://doi.org/10.1080/00288330.2022.2088569,"Gall et al. 2022, Figure 10A",v1,S2_SR_HARMONIZED_SCL_v1,174.87580957886038,-41.2689070005557,0.0347,0.0338,0.0059,0.0041,0.0021,0.0032,0.001,0.0027,8.0E-4,0.001
hutt_20200713,COPERNICUS/S2_SR_HARMONIZED/20200712T222549_20200712T222545_T60GUV,2020-07-12 22:27:27,hutt_20200713_backgroundTrain_0,0,train,https://doi.org/10.1080/00288330.2022.2088569,"Gall et al. 2022, Figure 10A",v1,S2_SR_HARMONIZED_SCL_v1,174.87628681189491,-41.268915808598415,0.0377,0.0334,0.005,0.006,0.0024,0.0032,0.0015,0.0031,0.0027,0.0022
hutt_20200713,COPERNICUS/S2_SR_HARMONIZED/20200712T222549_20200712T222545_T60GUV,2020-07-12 22:27:27,hutt_20200713_backgroundTrain_0,0,train,https://doi.org/10.1080/00288330.2022.2088569,"Gall et al. 2022, Figure 10A",v1,S2_SR_HARMONIZED_SCL_v1,174.87712197021506,-41.26893121791683,0.0372,0.0327,0.0056,0.0051,0.0044,0.006,0.0031,2.0E-4,0.0027,0.0034
hutt_20200713,COPERNICUS/S2_SR_HARMONIZED/20200712T222549_20200712T222545_T60GUV,2020-07-12 22:27:27,hutt_20200713_backgroundTrain_0,0,train,https://doi.org/10.1080/00288330.2022.2088569,"Gall et al. 2022, Figure 10A",v1,S2_SR_HARMONIZED_SCL_v1,174.87819574615102,-41.26895102100265,0.0374,0.0337,0.0061,0.0043,0.0032,0.0028,0.0035,0.0026,0.0028,0.0015
hutt_20200713,COPERNICUS/S2_SR_HARMONIZED/20200712T222549_20200712T222545_T60GUV,2020-07-12 22:27:27,hutt_20200713_backgroundTrain_0,0,train,https://doi.org/10.1080/00288330.2022.2088569,"Gall et al. 2022, Figure 10A",v1,S2_SR_HARMONIZED_SCL_v1,174.87915021454924,-41.268968615344754,0.0357,0.035,0.0072,0.0029,0.0021,0.0036,0.0018,6.0E-4,3.0E-4,0.0021
hutt_20200713,COPERNICUS/S2_SR_HARMONIZED/20200712T222549_20200712T222545_T60GUV,2020-07-12 22:27:27,hutt_20200713_backgroundTrain_0,0,train,https://doi.org/10.1080/00288330.2022.2088569,"Gall et al. 2022, Figure 10A",v1,S2_SR_HARMONIZED_SCL_v1,174.87938883178103,-41.268973012694865,0.0343,0.0334,0.0069,0.0026,0.0037,0.0029,0.0034,0.0011,0.0022,0.0025
hutt_20200713,COPERNICUS/S2_SR_HARMONIZED/20200712T222549_20200712T222545_T60GUV,2020-07-12 22:27:27,hutt_20200713_backgroundTrain_0,0,train,https://doi.org/10.1080/00288330.2022.2088569,"Gall et al. 2022, Figure 10A",v1,S2_SR_HARMONIZED_SCL_v1,174.88165569812,-41.26901476287415,0.0376,0.0323,0.0057,0.0053,0.0032,0.004,0.0024,0.0022,1.0E-4,0.0012
hutt_20200713,COPERNICUS/S2_SR_HARMONIZED/20200712T222549_20200712T222545_T60GUV,2020-07-12 22:27:27,hutt_20200713_backgroundTrain_0,0,train,https://doi.org/10.1080/00288330.2022.2088569,"Gall et al. 2022, Figure 10A",v1,S2_SR_HARMONIZED_SCL_v1,174.88272947857658,-41.26903452370846,0.0397,0.0336,0.0071,0.0035,0.0031,0.0037,0.0036,1.0E-4,0.0014,0.003
hutt_20200713,COPERNICUS/S2_SR_HARMONIZED/20200712T222549_20200712T222545_T60GUV,2020-07-12 22:27:27,hutt_20200713_backgroundTrain_0,0,train,https://doi.org/10.1080/00288330.2022.2088569,"Gall et al. 2022, Figure 10A",v1,S2_SR_HARMONIZED_SCL_v1,174.88296809660102,-41.269038913646,0.037,0.0317,0.0071,0.0035,0.0012,0.0043,0.0012,0.003,0.0026,0.0019
hutt_20200713,COPERNICUS/S2_SR_HARMONIZED/20200712T222549_20200712T222545_T60GUV,2020-07-12 22:27:27,hutt_20200713_backgroundTrain_0,0,train,https://doi.org/10.1080/00288330.2022.2088569,"Gall et al. 2022, Figure 10A",v1,S2_SR_HARMONIZED_SCL_v1,174.8838032601024,-41.26905427453576,0.0315,0.0343,0.0062,0.0039,0.0027,0.0046,0.0029,0.0011,0.0017,8.0E-4
hutt_20200713,COPERNICUS/S2_SR_HARMONIZED/20200712T222549_20200712T222545_T60GUV,2020-07-12 22:27:27,hutt_20200713_backgroundTrain_0,0,train,https://doi.org/10.1080/00288330.2022.2088569,"Gall et al. 2022, Figure 10A",v1,S2_SR_HARMONIZED_SCL_v1,174.8840418783644,-41.26905866224951,0.0351,0.0348,0.0062,0.0044,0.0045,0.0045,0.0044,0.001,0.0012,8.0E-4
hutt_20200713,COPERNICUS/S2_SR_HARMONIZED/20200712T222549_20200712T222545_T60GUV,2020-07-12 22:27:27,hutt_20200713_backgroundTrain_0,0,train,https://doi.org/10.1080/00288330.2022.2088569,"Gall et al. 2022, Figure 10A",v1,S2_SR_HARMONIZED_SCL_v1,174.8877404681699,-41.26912660861986,0.0344,0.0355,0.0052,0.0052,0.0031,0.0026,0.0029,0.0015,0.0019,0.0012
hutt_20200713,COPERNICUS/S2_SR_HARMONIZED/20200712T222549_20200712T222545_T60GUV,2020-07-12 22:27:27,hutt_20200713_backgroundTrain_0,0,train,https://doi.org/10.1080/00288330.2022.2088569,"Gall et al. 2022, Figure 10A",v1,S2_SR_HARMONIZED_SCL_v1,174.8748521932184,-41.26897939462474,0.0336,0.0341,0.0083,0.0042,0.003,0.0019,1.0E-4,0.001,0.0017,0.0022
hutt_20200713,COPERNICUS/S2_SR_HARMONIZED/20200712T222549_20200712T222545_T60GUV,2020-07-12 22:27:27,hutt_20200713_backgroundTrain_0,0,train,https://doi.org/10.1080/00288330.2022.2088569,"Gall et al. 2022, Figure 10A",v1,S2_SR_HARMONIZED_SCL_v1,174.87592596836325,-41.26899921889854,0.0371,0.0336,0.0053,0.0049,0.0028,0.0029,0.0018,0.003,0.0011,0.0016
hutt_20200713,COPERNICUS/S2_SR_HARMONIZED/20200712T222549_20200712T222545_T60GUV,2020-07-12 22:27:27,hutt_20200713_backgroundTrain_0,0,train,https://doi.org/10.1080/00288330.2022.2088569,"Gall et al. 2022, Figure 10A",v1,S2_SR_HARMONIZED_SCL_v1,174.87747697879936,-41.26902783629424,0.0377,0.0373,0.006,0.0044,0.0021,0.0034,0.001,1.0E-4,0.0026,0.0024
hutt_20200713,COPERNICUS/S2_SR_HARMONIZED/20200712T222549_20200712T222545_T60GUV,2020-07-12 22:27:27,hutt_20200713_backgroundTrain_0,0,train,https://doi.org/10.1080/00288330.2022.2088569,"Gall et al. 2022, Figure 10A",v1,S2_SR_HARMONIZED_SCL_v1,174.87795421322974,-41.26903663744635,0.0374,0.0356,0.0056,0.0041,0.0042,0.0046,0.0026,1.0E-4,0.002,0.0012
hutt_20200713,COPERNICUS/S2_SR_HARMONIZED/20200712T222549_20200712T222545_T60GUV,2020-07-12 22:27:27,hutt_20200713_backgroundTrain_0,0,train,https://doi.org/10.1080/00288330.2022.2088569,"Gall et al. 2022, Figure 10A",v1,S2_SR_HARMONIZED_SCL_v1,174.8784314478718,-41.269045436621774,0.0366,0.0319,0.0055,0.004,0.0037,0.0034,0.0031,0.0031,8.0E-4,0.0022
hutt_20200713,COPERNICUS/S2_SR_HARMONIZED/20200712T222549_20200712T222545_T60GUV,2020-07-12 22:27:27,hutt_20200713_backgroundTrain_0,0,train,https://doi.org/10.1080/00288330.2022.2088569,"Gall et al. 2022, Figure 10A",v1,S2_SR_HARMONIZED_SCL_v1,174.88045969746108,-41.269082811065,0.0345,0.0321,0.0057,0.0057,7.0E-4,0.0054,0.0021,0.001,8.0E-4,0.0022
hutt_20200713,COPERNICUS/S2_SR_HARMONIZED/20200712T222549_20200712T222545_T60GUV,2020-07-12 22:27:27,hutt_20200713_backgroundTrain_0,0,train,https://doi.org/10.1080/00288330.2022.2088569,"Gall et al. 2022, Figure 10A",v1,S2_SR_HARMONIZED_SCL_v1,174.88069831531098,-41.269087205711,0.0356,0.0313,0.01,0.0059,0.0026,0.0042,0.0034,0.0012,0.0011,0.003
hutt_20200713,COPERNICUS/S2_SR_HARMONIZED/20200712T222549_20200712T222545_T60GUV,2020-07-12 22:27:27,hutt_20200713_backgroundTrain_0,0,train,https://doi.org/10.1080/00288330.2022.2088569,"Gall et al. 2022, Figure 10A",v1,S2_SR_HARMONIZED_SCL_v1,174.88129486016692,-41.26909819016402,0.0336,0.034,0.0069,0.0067,0.0025,0.0045,0.0037,0.0011,0.002,0.0017
hutt_20200713,COPERNICUS/S2_SR_HARMONIZED/20200712T222549_20200712T222545_T60GUV,2020-07-12 22:27:27,hutt_20200713_backgroundTrain_0,0,train,https://doi.org/10.1080/00288330.2022.2088569,"Gall et al. 2022, Figure 10A",v1,S2_SR_HARMONIZED_SCL_v1,174.8834424243821,-41.26913770862137,0.0351,0.0292,0.0067,0.0036,0.0024,0.0028,0.0013,0.0014,0.002,0.0021
hutt_20200713,COPERNICUS/S2_SR_HARMONIZED/20200712T222549_20200712T222545_T60GUV,2020-07-12 22:27:27,hutt_20200713_backgroundTrain_0,0,train,https://doi.org/10.1080/00288330.2022.2088569,"Gall et al. 2022, Figure 10A",v1,S2_SR_HARMONIZED_SCL_v1,174.88523206449435,-41.26917061009205,0.0345,0.0317,0.005,0.0029,0.0025,0.0019,0.0016,0.0011,0.0021,6.0E-4
hutt_20200713,COPERNICUS/S2_SR_HARMONIZED/20200712T222549_20200712T222545_T60GUV,2020-07-12 22:27:27,hutt_20200713_backgroundTrain_0,0,train,https://doi.org/10.1080/00288330.2022.2088569,"Gall et al. 2022, Figure 10A",v1,S2_SR_HARMONIZED_SCL_v1,174.8870217075733,-41.26920348376519,0.0344,0.0366,0.0077,0.0038,0.0024,0.0051,0.0015,0.0011,0.0018,0.0021
hutt_20200713,COPERNICUS/S2_SR_HARMONIZED/20200712T222549_20200712T222545_T60GUV,2020-07-12 22:27:27,hutt_20200713_backgroundTrain_0,0,train,https://doi.org/10.1080/00288330.2022.2088569,"Gall et al. 2022, Figure 10A",v1,S2_SR_HARMONIZED_SCL_v1,174.88869204378807,-41.26923414078047,0.0358,0.0332,0.0068,0.0044,0.0027,0.0021,0.0018,0.0033,0.0028,0.0024
hutt_20200713,COPERNICUS/S2_SR_HARMONIZED/20200712T222549_20200712T222545_T60GUV,2020-07-12 22:27:27,hutt_20200713_backgroundTrain_0,0,train,https://doi.org/10.1080/00288330.2022.2088569,"Gall et al. 2022, Figure 10A",v1,S2_SR_HARMONIZED_SCL_v1,174.88881135361646,-41.26923632964068,0.0366,0.0319,0.0072,0.007,0.0022,0.0015,0.0012,1.0E-4,0.0011,0.0019
hutt_20200713,COPERNICUS/S2_SR_HARMONIZED/20200712T222549_20200712T222545_T60GUV,2020-07-12 22:27:27,hutt_20200713_backgroundTrain_0,0,train,https://doi.org/10.1080/00288330.2022.2088569,"Gall et al. 2022, Figure 10A",v1,S2_SR_HARMONIZED_SCL_v1,174.87592304961404,-41.269089235043815,0.033,0.0338,0.0055,0.0056,0.0022,0.0037,0.0016,0.0026,6.0E-4,0.0013
hutt_20200713,COPERNICUS/S2_SR_HARMONIZED/20200712T222549_20200712T222545_T60GUV,2020-07-12 22:27:27,hutt_20200713_backgroundTrain_0,0,train,https://doi.org/10.1080/00288330.2022.2088569,"Gall et al. 2022, Figure 10A",v1,S2_SR_HARMONIZED_SCL_v1,174.87807060606684,-41.26912885369551,0.0378,0.0331,0.0065,0.004,0.0018,0.0038,0.0025,8.0E-4,0.0016,0.0016
hutt_20200713,COPERNICUS/S2_SR_HARMONIZED/20200712T222549_20200712T222545_T60GUV,2020-07-12 22:27:27,hutt_20200713_backgroundTrain_0,0,train,https://doi.org/10.1080/00288330.2022.2088569,"Gall et al. 2022, Figure 10A",v1,S2_SR_HARMONIZED_SCL_v1,174.87890576806745,-41.269144250138986,0.0329,0.0331,0.0077,0.0042,0.0023,0.0019,0.003,0.0021,9.0E-4,6.0E-4
hutt_20200713,COPERNICUS/S2_SR_HARMONIZED/20200712T222549_20200712T222545_T60GUV,2020-07-12 22:27:27,hutt_20200713_backgroundTrain_0,0,train,https://doi.org/10.1080/00288330.2022.2088569,"Gall et al. 2022, Figure 10A",v1,S2_SR_HARMONIZED_SCL_v1,174.87974093071605,-41.269159640528855,0.036,0.0333,0.0034,0.0046,0.0025,0.0024,2.0E-4,0.0017,2.0E-4,0.0011
hutt_20200713,COPERNICUS/S2_SR_HARMONIZED/20200712T222549_20200712T222545_T60GUV,2020-07-12 22:27:27,hutt_20200713_backgroundTrain_0,0,train,https://doi.org/10.1080/00288330.2022.2088569,"Gall et al. 2022, Figure 10A",v1,S2_SR_HARMONIZED_SCL_v1,174.87997954873464,-41.26916403667122,0.0359,0.0347,0.0054,0.0026,0.0045,0.0012,0.0029,0.0028,0.0011,8.0E-4
hutt_20200713,COPERNICUS/S2_SR_HARMONIZED/20200712T222549_20200712T222545_T60GUV,2020-07-12 22:27:27,hutt_20200713_backgroundTrain_0,0,train,https://doi.org/10.1080/00288330.2022.2088569,"Gall et al. 2022, Figure 10A",v1,S2_SR_HARMONIZED_SCL_v1,174.88033747586167,-41.26917062995819,0.0386,0.0322,0.005,0.0023,0.0034,0.0012,0.0018,0.003,0.0021,0.0011
hutt_20200713,COPERNICUS/S2_SR_HARMONIZED/20200712T222549_20200712T222545_T60GUV,2020-07-12 22:27:27,hutt_20200713_backgroundTrain_0,0,train,https://doi.org/10.1080/00288330.2022.2088569,"Gall et al. 2022, Figure 10A",v1,S2_SR_HARMONIZED_SCL_v1,174.8806954031076,-41.26917722213327,0.0339,0.0312,0.0065,0.0038,0.0017,0.0034,0.0026,0.001,0.0018,0.0024
hutt_20200713,COPERNICUS/S2_SR_HARMONIZED/20200712T222549_20200712T222545_T60GUV,2020-07-12 22:27:27,hutt_20200713_backgroundTrain_0,0,train,https://doi.org/10.1080/00288330.2022.2088569,"Gall et al. 2022, Figure 10A",v1,S2_SR_HARMONIZED_SCL_v1,174.88153056714395,-41.26919259955109,0.0365,0.0308,0.0077,0.0036,0.004,0.0032,0.0011,0.001,0.001,0.0024
hutt_20200713,COPERNICUS/S2_SR_HARMONIZED/20200712T222549_20200712T222545_T60GUV,2020-07-12 22:27:27,hutt_20200713_backgroundTrain_0,0,train,https://doi.org/10.1080/00288330.2022.2088569,"Gall et al. 2022, Figure 10A",v1,S2_SR_HARMONIZED_SCL_v1,174.88224642254738,-41.26920577537674,0.0336,0.0351,0.0073,0.0057,0.0023,0.0012,0.0016,0.0029,0.0017,0.0021
hutt_20200713,COPERNICUS/S2_SR_HARMONIZED/20200712T222549_20200712T222545_T60GUV,2020-07-12 22:27:27,hutt_20200713_backgroundTrain_0,0,train,https://doi.org/10.1080/00288330.2022.2088569,"Gall et al. 2022, Figure 10A",v1,S2_SR_HARMONIZED_SCL_v1,174.88248504112082,-41.26921016633027,0.0366,0.0325,0.0075,0.0022,0.0035,0.0027,0.0028,0.0029,0.002,8.0E-4
hutt_20200713,COPERNICUS/S2_SR_HARMONIZED/20200712T222549_20200712T222545_T60GUV,2020-07-12 22:27:27,hutt_20200713_backgroundTrain_0,0,train,https://doi.org/10.1080/00288330.2022.2088569,"Gall et al. 2022, Figure 10A",v1,S2_SR_HARMONIZED_SCL_v1,174.88487122975886,-41.26925404868583,0.0381,0.0303,0.0058,0.0033,9.0E-4,0.0015,0.0033,0.0024,0.0012,1.0E-4
hutt_20200713,COPERNICUS/S2_SR_HARMONIZED/20200712T222549_20200712T222545_T60GUV,2020-07-12 22:27:27,hutt_20200713_backgroundTrain_0,0,train,https://doi.org/10.1080/00288330.2022.2088569,"Gall et al. 2022, Figure 10A",v1,S2_SR_HARMONIZED_SCL_v1,174.8851098489129,-41.2692584342034,0.0376,0.0297,0.0046,0.004,0.0021,0.0031,0.0036,0.001,0.0013,5.0E-4
hutt_20200713,COPERNICUS/S2_SR_HARMONIZED/20200712T222549_20200712T222545_T60GUV,2020-07-12 22:27:27,hutt_20200713_backgroundTrain_0,0,train,https://doi.org/10.1080/00288330.2022.2088569,"Gall et al. 2022, Figure 10A",v1,S2_SR_HARMONIZED_SCL_v1,174.88701880404335,-41.269293500553516,0.0342,0.0317,0.0068,0.004,0.0024,0.0059,0.0016,0.0012,0.0028,0.003
hutt_20200713,COPERNICUS/S2_SR_HARMONIZED/20200712T222549_20200712T222545_T60GUV,2020-07-12 22:27:27,hutt_20200713_backgroundTrain_0,0,train,https://doi.org/10.1080/00288330.2022.2088569,"Gall et al. 2022, Figure 10A",v1,S2_SR_HARMONIZED_SCL_v1,174.88749604335308,-41.269302262199226,0.0366,0.0328,0.0056,0.0047,0.0035,0.0044,0.0024,0.0021,5.0E-4,0.003
hutt_20200713,COPERNICUS/S2_SR_HARMONIZED/20200712T222549_20200712T222545_T60GUV,2020-07-12 22:27:27,hutt_20200713_backgroundTrain_0,0,train,https://doi.org/10.1080/00288330.2022.2088569,"Gall et al. 2022, Figure 10A",v1,S2_SR_HARMONIZED_SCL_v1,174.88797328287353,-41.269311021868205,0.0345,0.0341,0.0043,0.0058,0.0027,0.0028,0.003,1.0E-4,0.0021,0.0015
hutt_20200713,COPERNICUS/S2_SR_HARMONIZED/20200712T222549_20200712T222545_T60GUV,2020-07-12 22:27:27,hutt_20200713_backgroundTrain_0,0,train,https://doi.org/10.1080/00288330.2022.2088569,"Gall et al. 2022, Figure 10A",v1,S2_SR_HARMONIZED_SCL_v1,174.88856983257037,-41.269321968674646,0.0366,0.0314,0.0065,0.0046,0.0046,0.0019,0.0033,0.0031,0.0025,0.0021
hutt_20200713,COPERNICUS/S2_SR_HARMONIZED/20200712T222549_20200712T222545_T60GUV,2020-07-12 22:27:27,hutt_20200713_backgroundTrain_0,0,train,https://doi.org/10.1080/00288330.2022.2088569,"Gall et al. 2022, Figure 10A",v1,S2_SR_HARMONIZED_SCL_v1,174.88916638259633,-41.269332912392436,0.0388,0.0328,0.0056,0.0036,0.0018,0.0058,0.0035,0.0012,5.0E-4,0.0016
hutt_20200713,COPERNICUS/S2_SR_HARMONIZED/20200712T222549_20200712T222545_T60GUV,2020-07-12 22:27:27,hutt_20200713_backgroundTrain_0,0,train,https://doi.org/10.1080/00288330.2022.2088569,"Gall et al. 2022, Figure 10A",v1,S2_SR_HARMONIZED_SCL_v1,174.87639736590282,-41.269188058819225,0.0377,0.0349,0.0056,0.006,0.0025,0.004,1.0E-4,0.0033,0.0031,0.0032
hutt_20200713,COPERNICUS/S2_SR_HARMONIZED/20200712T222549_20200712T222545_T60GUV,2020-07-12 22:27:27,hutt_20200713_backgroundTrain_0,0,train,https://doi.org/10.1080/00288330.2022.2088569,"Gall et al. 2022, Figure 10A",v1,S2_SR_HARMONIZED_SCL_v1,174.8784256172333,-41.26922546920172,0.0359,0.0338,0.0089,0.0042,0.0027,0.0033,3.0E-4,0.0011,0.001,0.0017
hutt_20200713,COPERNICUS/S2_SR_HARMONIZED/20200712T222549_20200712T222545_T60GUV,2020-07-12 22:27:27,hutt_20200713_backgroundTrain_0,0,train,https://doi.org/10.1080/00288330.2022.2088569,"Gall et al. 2022, Figure 10A",v1,S2_SR_HARMONIZED_SCL_v1,174.8785449262542,-41.26922766870057,0.0319,0.0348,0.008,0.0042,0.0037,0.0019,0.0026,0.0012,0.002,0.001
hutt_20200713,COPERNICUS/S2_SR_HARMONIZED/20200712T222549_20200712T222545_T60GUV,2020-07-12 22:27:27,hutt_20200713_backgroundTrain_0,0,train,https://doi.org/10.1080/00288330.2022.2088569,"Gall et al. 2022, Figure 10A",v1,S2_SR_HARMONIZED_SCL_v1,174.87866423528828,-41.269229868075875,0.0345,0.0319,0.0074,0.0042,0.0037,0.0019,0.0021,0.0012,0.002,0.001
hutt_20200713,COPERNICUS/S2_SR_HARMONIZED/20200712T222549_20200712T222545_T60GUV,2020-07-12 22:27:27,hutt_20200713_backgroundTrain_0,0,train,https://doi.org/10.1080/00288330.2022.2088569,"Gall et al. 2022, Figure 10A",v1,S2_SR_HARMONIZED_SCL_v1,174.88009594472896,-41.26925625094317,0.0356,0.0358,0.0054,0.0026,0.0045,0.0012,0.0032,0.0028,0.0011,8.0E-4
hutt_20200713,COPERNICUS/S2_SR_HARMONIZED/20200712T222549_20200712T222545_T60GUV,2020-07-12 22:27:27,hutt_20200713_backgroundTrain_0,0,train,https://doi.org/10.1080/00288330.2022.2088569,"Gall et al. 2022, Figure 10A",v1,S2_SR_HARMONIZED_SCL_v1,174.88081180016312,-41.26926943570547,0.0386,0.0319,0.0056,0.0038,0.0017,0.0034,0.0011,0.001,0.0018,0.0024
hutt_20200713,COPERNICUS/S2_SR_HARMONIZED/20200712T222549_20200712T222545_T60GUV,2020-07-12 22:27:27,hutt_20200713_backgroundTrain_0,0,train,https://doi.org/10.1080/00288330.2022.2088569,"Gall et al. 2022, Figure 10A",v1,S2_SR_HARMONIZED_SCL_v1,174.8809311094484,-41.26927163273344,0.0359,0.0309,0.0074,0.0045,0.0044,0.0028,0.0036,0.0033,0.002,0.0027
hutt_20200713,COPERNICUS/S2_SR_HARMONIZED/20200712T222549_20200712T222545_T60GUV,2020-07-12 22:27:27,hutt_20200713_backgroundTrain_0,0,train,https://doi.org/10.1080/00288330.2022.2088569,"Gall et al. 2022, Figure 10A",v1,S2_SR_HARMONIZED_SCL_v1,174.88116972805858,-41.269276026418765,0.0374,0.0313,0.007,0.0029,0.0023,0.0032,0.0033,0.0013,7.0E-4,0.0024
hutt_20200713,COPERNICUS/S2_SR_HARMONIZED/20200712T222549_20200712T222545_T60GUV,2020-07-12 22:27:27,hutt_20200713_backgroundTrain_0,0,train,https://doi.org/10.1080/00288330.2022.2088569,"Gall et al. 2022, Figure 10A",v1,S2_SR_HARMONIZED_SCL_v1,174.8812890373835,-41.269278223076114,0.0343,0.0298,0.0057,0.0029,0.0023,0.0032,0.0016,0.0013,7.0E-4,0.0024
hutt_20200713,COPERNICUS/S2_SR_HARMONIZED/20200712T222549_20200712T222545_T60GUV,2020-07-12 22:27:27,hutt_20200713_backgroundTrain_0,0,train,https://doi.org/10.1080/00288330.2022.2088569,"Gall et al. 2022, Figure 10A",v1,S2_SR_HARMONIZED_SCL_v1,174.88319798837807,-41.26931335279164,0.0343,0.0315,0.0037,0.0046,0.0017,0.0036,0.0025,9.0E-4,0.0021,1.0E-4
hutt_20200713,COPERNICUS/S2_SR_HARMONIZED/20200712T222549_20200712T222545_T60GUV,2020-07-12 22:27:27,hutt_20200713_backgroundTrain_0,0,train,https://doi.org/10.1080/00288330.2022.2088569,"Gall et al. 2022, Figure 10A",v1,S2_SR_HARMONIZED_SCL_v1,174.88546487207222,-41.269355028250224,0.0321,0.0325,0.0059,0.0036,0.0018,0.0045,8.0E-4,0.0013,0.0011,5.0E-4
hutt_20200713,COPERNICUS/S2_SR_HARMONIZED/20200712T222549_20200712T222545_T60GUV,2020-07-12 22:27:27,hutt_20200713_backgroundTrain_0,0,train,https://doi.org/10.1080/00288330.2022.2088569,"Gall et al. 2022, Figure 10A",v1,S2_SR_HARMONIZED_SCL_v1,174.88641935084127,-41.26937256246884,0.037,0.0343,0.0087,0.005,0.0019,0.0041,0.004,0.0012,8.0E-4,0.0014
hutt_20200713,COPERNICUS/S2_SR_HARMONIZED/20200712T222549_20200712T222545_T60GUV,2020-07-12 22:27:27,hutt_20200713_backgroundTrain_0,0,train,https://doi.org/10.1080/00288330.2022.2088569,"Gall et al. 2022, Figure 10A",v1,S2_SR_HARMONIZED_SCL_v1,174.88725452045603,-41.26938789842398,0.0358,0.0341,0.0059,0.004,0.002,0.0028,8.0E-4,9.0E-4,0.0017,0.0012
hutt_20200713,COPERNICUS/S2_SR_HARMONIZED/20200712T222549_20200712T222545_T60GUV,2020-07-12 22:27:27,hutt_20200713_backgroundTrain_0,0,train,https://doi.org/10.1080/00288330.2022.2088569,"Gall et al. 2022, Figure 10A",v1,S2_SR_HARMONIZED_SCL_v1,174.88737383045373,-41.26939008878053,0.0345,0.0339,0.0056,0.0047,0.0035,0.0044,0.0026,0.0021,5.0E-4,0.003
hutt_20200713,COPERNICUS/S2_SR_HARMONIZED/20200712T222549_20200712T222545_T60GUV,2020-07-12 22:27:27,hutt_20200713_backgroundTrain_0,0,train,https://doi.org/10.1080/00288330.2022.2088569,"Gall et al. 2022, Figure 10A",v1,S2_SR_HARMONIZED_SCL_v1,174.88773176052572,-41.26939665910891,0.0351,0.0328,0.0071,0.0053,0.0036,0.0039,0.0034,0.0025,0.001,0.0014
hutt_20200713,COPERNICUS/S2_SR_HARMONIZED/20200712T222549_20200712T222545_T60GUV,2020-07-12 22:27:27,hutt_20200713_backgroundTrain_0,0,train,https://doi.org/10.1080/00288330.2022.2088569,"Gall et al. 2022, Figure 10A",v1,S2_SR_HARMONIZED_SCL_v1,174.88844762102536,-41.269409796429905,0.0385,0.0308,0.0037,0.0032,0.0042,0.0038,0.004,0.002,0.0022,0.0022
hutt_20200713,COPERNICUS/S2_SR_HARMONIZED/20200712T222549_20200712T222545_T60GUV,2020-07-12 22:27:27,hutt_20200713_backgroundTrain_0,0,train,https://doi.org/10.1080/00288330.2022.2088569,"Gall et al. 2022, Figure 10A",v1,S2_SR_HARMONIZED_SCL_v1,174.88964072291122,-41.26943168208119,0.0365,0.0339,0.0068,0.0035,0.0038,0.0032,0.002,1.0E-4,0.0019,0.001
hutt_20200713,COPERNICUS/S2_SR_HARMONIZED/20200712T222549_20200712T222545_T60GUV,2020-07-12 22:27:27,hutt_20200713_backgroundTrain_0,0,train,https://doi.org/10.1080/00288330.2022.2088569,"Gall et al. 2022, Figure 10A",v1,S2_SR_HARMONIZED_SCL_v1,174.8899986537336,-41.26943824536742,0.0343,0.0335,0.0065,0.0041,0.0024,0.0013,0.0018,2.0E-4,0.002,0.0017
hutt_20200713,COPERNICUS/S2_SR_HARMONIZED/20200712T222549_20200712T222545_T60GUV,2020-07-12 22:27:27,hutt_20200713_backgroundTrain_0,0,train,https://doi.org/10.1080/00288330.2022.2088569,"Gall et al. 2022, Figure 10A",v1,S2_SR_HARMONIZED_SCL_v1,174.87520135891455,-41.269256052134146,0.0337,0.0328,0.0069,0.0046,0.004,0.0031,0.0035,9.0E-4,0.0018,8.0E-4
hutt_20200713,COPERNICUS/S2_SR_HARMONIZED/20200712T222549_20200712T222545_T60GUV,2020-07-12 22:27:27,hutt_20200713_backgroundTrain_0,0,train,https://doi.org/10.1080/00288330.2022.2088569,"Gall et al. 2022, Figure 10A",v1,S2_SR_HARMONIZED_SCL_v1,174.87627513883544,-41.26927587325952,0.0379,0.0328,0.0037,0.0058,0.0039,0.003,0.0048,8.0E-4,0.0014,0.003
hutt_20200713,COPERNICUS/S2_SR_HARMONIZED/20200712T222549_20200712T222545_T60GUV,2020-07-12 22:27:27,hutt_20200713_backgroundTrain_0,0,train,https://doi.org/10.1080/00288330.2022.2088569,"Gall et al. 2022, Figure 10A",v1,S2_SR_HARMONIZED_SCL_v1,174.87818408356486,-41.26931108610716,0.031,0.032,0.0085,0.0048,0.0021,0.005,1.0E-4,0.0011,0.0011,0.0019
hutt_20200713,COPERNICUS/S2_SR_HARMONIZED/20200712T222549_20200712T222545_T60GUV,2020-07-12 22:27:27,hutt_20200713_backgroundTrain_0,0,train,https://doi.org/10.1080/00288330.2022.2088569,"Gall et al. 2022, Figure 10A",v1,S2_SR_HARMONIZED_SCL_v1,174.8786613202765,-41.26931988437734,0.0382,0.0338,0.0059,0.0042,0.0055,0.0018,0.0034,0.001,0.0019,0.0014
hutt_20200713,COPERNICUS/S2_SR_HARMONIZED/20200712T222549_20200712T222545_T60GUV,2020-07-12 22:27:27,hutt_20200713_backgroundTrain_0,0,train,https://doi.org/10.1080/00288330.2022.2088569,"Gall et al. 2022, Figure 10A",v1,S2_SR_HARMONIZED_SCL_v1,174.87949648503104,-41.26933527659373,0.0367,0.032,0.0056,0.0046,6.0E-4,0.0024,9.0E-4,0.0017,0.0031,0.0026
hutt_20200713,COPERNICUS/S2_SR_HARMONIZED/20200712T222549_20200712T222545_T60GUV,2020-07-12 22:27:27,hutt_20200713_backgroundTrain_0,0,train,https://doi.org/10.1080/00288330.2022.2088569,"Gall et al. 2022, Figure 10A",v1,S2_SR_HARMONIZED_SCL_v1,174.8815247449887,-41.269372632487695,0.0368,0.0339,0.0068,0.0044,0.0029,0.003,0.0015,9.0E-4,1.0E-4,0.0032
hutt_20200713,COPERNICUS/S2_SR_HARMONIZED/20200712T222549_20200712T222545_T60GUV,2020-07-12 22:27:27,hutt_20200713_backgroundTrain_0,0,train,https://doi.org/10.1080/00288330.2022.2088569,"Gall et al. 2022, Figure 10A",v1,S2_SR_HARMONIZED_SCL_v1,174.88164405451687,-41.269374828781324,0.0386,0.0333,0.0069,0.0068,0.0047,0.0024,2.0E-4,7.0E-4,0.0016,0.0017
hutt_20200713,COPERNICUS/S2_SR_HARMONIZED/20200712T222549_20200712T222545_T60GUV,2020-07-12 22:27:27,hutt_20200713_backgroundTrain_0,0,train,https://doi.org/10.1080/00288330.2022.2088569,"Gall et al. 2022, Figure 10A",v1,S2_SR_HARMONIZED_SCL_v1,174.88259853121778,-41.26939239468275,0.0332,0.0392,0.0054,0.0041,0.0022,0.0032,6.0E-4,0.0037,0.0014,0.002
hutt_20200713,COPERNICUS/S2_SR_HARMONIZED/20200712T222549_20200712T222545_T60GUV,2020-07-12 22:27:27,hutt_20200713_backgroundTrain_0,0,train,https://doi.org/10.1080/00288330.2022.2088569,"Gall et al. 2022, Figure 10A",v1,S2_SR_HARMONIZED_SCL_v1,174.88546196638845,-41.2694450449457,0.0358,0.0336,0.0053,0.0041,0.0021,0.003,6.0E-4,1.0E-4,0.0017,0.001
hutt_20200713,COPERNICUS/S2_SR_HARMONIZED/20200712T222549_20200712T222545_T60GUV,2020-07-12 22:27:27,hutt_20200713_backgroundTrain_0,0,train,https://doi.org/10.1080/00288330.2022.2088569,"Gall et al. 2022, Figure 10A",v1,S2_SR_HARMONIZED_SCL_v1,174.88581989631894,-41.269451621224974,0.0368,0.0325,0.0069,0.0056,0.0025,0.0056,0.0029,0.0014,0.0018,0.0017
hutt_20200713,COPERNICUS/S2_SR_HARMONIZED/20200712T222549_20200712T222545_T60GUV,2020-07-12 22:27:27,hutt_20200713_backgroundTrain_0,0,train,https://doi.org/10.1080/00288330.2022.2088569,"Gall et al. 2022, Figure 10A",v1,S2_SR_HARMONIZED_SCL_v1,174.88892196068392,-41.269508569068435,0.0376,0.0336,0.0053,0.0059,0.0026,0.0029,0.0033,0.0012,0.0018,6.0E-4
hutt_20200713,COPERNICUS/S2_SR_HARMONIZED/20200712T222549_20200712T222545_T60GUV,2020-07-12 22:27:27,hutt_20200713_backgroundTrain_0,0,train,https://doi.org/10.1080/00288330.2022.2088569,"Gall et al. 2022, Figure 10A",v1,S2_SR_HARMONIZED_SCL_v1,174.88987644381768,-41.269526074679455,0.0352,0.0303,0.0074,0.0042,0.002,0.0048,0.0023,0.0012,0.0017,0.0029
hutt_20200713,COPERNICUS/S2_SR_HARMONIZED/20200712T222549_20200712T222545_T60GUV,2020-07-12 22:27:27,hutt_20200713_backgroundTrain_0,0,train,https://doi.org/10.1080/00288330.2022.2088569,"Gall et al. 2022, Figure 10A",v1,S2_SR_HARMONIZED_SCL_v1,174.87686876621964,-41.269376896867804,0.0365,0.0332,0.0058,0.0041,0.0041,0.0045,0.0023,0.0016,0.0011,0.0034
hutt_20200713,COPERNICUS/S2_SR_HARMONIZED/20200712T222549_20200712T222545_T60GUV,2020-07-12 22:27:27,hutt_20200713_backgroundTrain_0,0,train,https://doi.org/10.1080/00288330.2022.2088569,"Gall et al. 2022, Figure 10A",v1,S2_SR_HARMONIZED_SCL_v1,174.87853909589006,-41.26940770128805,0.0367,0.0305,0.0071,0.0042,0.0055,0.0018,0.0023,0.001,0.0019,0.0014
hutt_20200713,COPERNICUS/S2_SR_HARMONIZED/20200712T222549_20200712T222545_T60GUV,2020-07-12 22:27:27,hutt_20200713_backgroundTrain_0,0,train,https://doi.org/10.1080/00288330.2022.2088569,"Gall et al. 2022, Figure 10A",v1,S2_SR_HARMONIZED_SCL_v1,174.88295355106482,-41.26948899640615,0.0347,0.0334,0.0065,0.0052,0.0021,0.0049,0.0016,0.0012,0.0012,8.0E-4
hutt_20200713,COPERNICUS/S2_SR_HARMONIZED/20200712T222549_20200712T222545_T60GUV,2020-07-12 22:27:27,hutt_20200713_backgroundTrain_0,0,train,https://doi.org/10.1080/00288330.2022.2088569,"Gall et al. 2022, Figure 10A",v1,S2_SR_HARMONIZED_SCL_v1,174.88307286091512,-41.269491191224155,0.0361,0.0334,0.0056,0.0058,0.0034,0.0032,0.0018,1.0E-4,0.0027,5.0E-4
hutt_20200713,COPERNICUS/S2_SR_HARMONIZED/20200712T222549_20200712T222545_T60GUV,2020-07-12 22:27:27,hutt_20200713_backgroundTrain_0,0,train,https://doi.org/10.1080/00288330.2022.2088569,"Gall et al. 2022, Figure 10A",v1,S2_SR_HARMONIZED_SCL_v1,174.88426596014372,-41.26951313260916,0.0359,0.0321,0.0054,0.0041,0.0023,0.0029,0.0014,8.0E-4,0.0019,0.0022
hutt_20200713,COPERNICUS/S2_SR_HARMONIZED/20200712T222549_20200712T222545_T60GUV,2020-07-12 22:27:27,hutt_20200713_backgroundTrain_0,0,train,https://doi.org/10.1080/00288330.2022.2088569,"Gall et al. 2022, Figure 10A",v1,S2_SR_HARMONIZED_SCL_v1,174.88557837081876,-41.26953725386312,0.0336,0.0363,0.0054,0.0041,0.0021,0.003,0.0048,1.0E-4,0.0017,0.001
hutt_20200713,COPERNICUS/S2_SR_HARMONIZED/20200712T222549_20200712T222545_T60GUV,2020-07-12 22:27:27,hutt_20200713_backgroundTrain_0,0,train,https://doi.org/10.1080/00288330.2022.2088569,"Gall et al. 2022, Figure 10A",v1,S2_SR_HARMONIZED_SCL_v1,174.88784526574148,-41.26957888263653,0.0359,0.0333,0.0067,0.0039,0.0028,0.005,0.0015,0.0015,0.0018,0.0019
hutt_20200713,COPERNICUS/S2_SR_HARMONIZED/20200712T222549_20200712T222545_T60GUV,2020-07-12 22:27:27,hutt_20200713_backgroundTrain_0,0,train,https://doi.org/10.1080/00288330.2022.2088569,"Gall et al. 2022, Figure 10A",v1,S2_SR_HARMONIZED_SCL_v1,174.88820319695344,-41.26958545152372,0.0323,0.0357,0.0075,0.0053,0.0045,0.0039,0.0012,0.0027,0.0032,0.0026
hutt_20200713,COPERNICUS/S2_SR_HARMONIZED/20200712T222549_20200712T222545_T60GUV,2020-07-12 22:27:27,hutt_20200713_backgroundTrain_0,0,train,https://doi.org/10.1080/00288330.2022.2088569,"Gall et al. 2022, Figure 10A",v1,S2_SR_HARMONIZED_SCL_v1,174.88868043875377,-41.26959420831029,0.0332,0.0279,0.0034,0.0059,0.0028,0.0036,0.0018,0.0021,0.0021,0.0015
hutt_20200713,COPERNICUS/S2_SR_HARMONIZED/20200712T222549_20200712T222545_T60GUV,2020-07-12 22:27:27,hutt_20200713_backgroundTrain_0,0,train,https://doi.org/10.1080/00288330.2022.2088569,"Gall et al. 2022, Figure 10A",v1,S2_SR_HARMONIZED_SCL_v1,174.88951561241106,-41.269609527930236,0.0326,0.0322,0.0057,0.006,0.0037,0.0037,0.0015,0.0013,0.0016,0.0035
hutt_20200713,COPERNICUS/S2_SR_HARMONIZED/20200712T222549_20200712T222545_T60GUV,2020-07-12 22:27:27,hutt_20200713_backgroundTrain_0,0,train,https://doi.org/10.1080/00288330.2022.2088569,"Gall et al. 2022, Figure 10A",v1,S2_SR_HARMONIZED_SCL_v1,174.87436035564983,-41.26942066088408,0.034,0.0348,0.0108,0.0063,0.0044,0.0034,0.0037,0.0011,8.0E-4,0.0032
hutt_20200713,COPERNICUS/S2_SR_HARMONIZED/20200712T222549_20200712T222545_T60GUV,2020-07-12 22:27:27,hutt_20200713_backgroundTrain_0,0,train,https://doi.org/10.1080/00288330.2022.2088569,"Gall et al. 2022, Figure 10A",v1,S2_SR_HARMONIZED_SCL_v1,174.87579206526422,-41.26944709737149,0.0368,0.0335,0.0056,0.0039,0.0034,0.002,0.002,0.0047,5.0E-4,0.0021
hutt_20200713,COPERNICUS/S2_SR_HARMONIZED/20200712T222549_20200712T222545_T60GUV,2020-07-12 22:27:27,hutt_20200713_backgroundTrain_0,0,train,https://doi.org/10.1080/00288330.2022.2088569,"Gall et al. 2022, Figure 10A",v1,S2_SR_HARMONIZED_SCL_v1,174.87662723008677,-41.269462510440185,0.0357,0.0281,0.0072,0.0047,0.004,0.0027,0.0029,0.0013,0.0028,0.0027
hutt_20200713,COPERNICUS/S2_SR_HARMONIZED/20200712T222549_20200712T222545_T60GUV,2020-07-12 22:27:27,hutt_20200713_backgroundTrain_0,0,train,https://doi.org/10.1080/00288330.2022.2088569,"Gall et al. 2022, Figure 10A",v1,S2_SR_HARMONIZED_SCL_v1,174.87805894272023,-41.26948891875967,0.0359,0.0334,0.0056,0.0058,0.0022,0.0031,0.0015,0.0032,5.0E-4,0.0021
hutt_20200713,COPERNICUS/S2_SR_HARMONIZED/20200712T222549_20200712T222545_T60GUV,2020-07-12 22:27:27,hutt_20200713_backgroundTrain_0,0,train,https://doi.org/10.1080/00288330.2022.2088569,"Gall et al. 2022, Figure 10A",v1,S2_SR_HARMONIZED_SCL_v1,174.88068375416208,-41.2695372878065,0.0359,0.0331,0.0041,0.0043,0.0011,0.0024,2.0E-4,9.0E-4,0.0021,0.0034
hutt_20200713,COPERNICUS/S2_SR_HARMONIZED/20200712T222549_20200712T222545_T60GUV,2020-07-12 22:27:27,hutt_20200713_backgroundTrain_0,0,train,https://doi.org/10.1080/00288330.2022.2088569,"Gall et al. 2022, Figure 10A",v1,S2_SR_HARMONIZED_SCL_v1,174.8834278820529,-41.26958779151181,0.0371,0.0321,0.0058,0.0041,0.0022,0.0036,0.0033,0.0025,0.0019,0.002
hutt_20200713,COPERNICUS/S2_SR_HARMONIZED/20200712T222549_20200712T222545_T60GUV,2020-07-12 22:27:27,hutt_20200713_backgroundTrain_0,0,train,https://doi.org/10.1080/00288330.2022.2088569,"Gall et al. 2022, Figure 10A",v1,S2_SR_HARMONIZED_SCL_v1,174.88390512239894,-41.26959656809345,0.0408,0.035,0.0058,0.0048,0.003,0.0034,0.0034,0.0012,0.002,0.0016
hutt_20200713,COPERNICUS/S2_SR_HARMONIZED/20200712T222549_20200712T222545_T60GUV,2020-07-12 22:27:27,hutt_20200713_backgroundTrain_0,0,train,https://doi.org/10.1080/00288330.2022.2088569,"Gall et al. 2022, Figure 10A",v1,S2_SR_HARMONIZED_SCL_v1,174.88462098331385,-41.269609729259514,0.0352,0.0334,0.0074,0.0021,0.0021,0.0041,0.002,0.002,0.0016,7.0E-4
hutt_20200713,COPERNICUS/S2_SR_HARMONIZED/20200712T222549_20200712T222545_T60GUV,2020-07-12 22:27:27,hutt_20200713_backgroundTrain_0,0,train,https://doi.org/10.1080/00288330.2022.2088569,"Gall et al. 2022, Figure 10A",v1,S2_SR_HARMONIZED_SCL_v1,174.8861720169248,-41.269638229861336,0.0377,0.0339,0.0051,0.0042,0.0026,0.0042,0.0028,0.0029,0.0031,0.0012
hutt_20200713,COPERNICUS/S2_SR_HARMONIZED/20200712T222549_20200712T222545_T60GUV,2020-07-12 22:27:27,hutt_20200713_backgroundTrain_0,0,train,https://doi.org/10.1080/00288330.2022.2088569,"Gall et al. 2022, Figure 10A",v1,S2_SR_HARMONIZED_SCL_v1,174.88808098442652,-41.26967327886225,0.0345,0.0329,0.0089,0.0059,0.0043,0.0026,0.0021,0.0015,0.0017,0.0019
hutt_20200713,COPERNICUS/S2_SR_HARMONIZED/20200712T222549_20200712T222545_T60GUV,2020-07-12 22:27:27,hutt_20200713_backgroundTrain_0,0,train,https://doi.org/10.1080/00288330.2022.2088569,"Gall et al. 2022, Figure 10A",v1,S2_SR_HARMONIZED_SCL_v1,174.88843891620846,-41.26967984702882,0.0352,0.0332,0.0062,0.0048,0.0037,0.0031,0.0033,4.0E-4,0.003,0.0044
hutt_20200713,COPERNICUS/S2_SR_HARMONIZED/20200712T222549_20200712T222545_T60GUV,2020-07-12 22:27:27,hutt_20200713_backgroundTrain_0,0,train,https://doi.org/10.1080/00288330.2022.2088569,"Gall et al. 2022, Figure 10A",v1,S2_SR_HARMONIZED_SCL_v1,174.88867753746226,-41.269684225188804,0.0381,0.0301,0.0057,0.0054,0.0022,0.0048,0.0019,1.0E-4,0.0018,0.0014
hutt_20200713,COPERNICUS/S2_SR_HARMONIZED/20200712T222549_20200712T222545_T60GUV,2020-07-12 22:27:27,hutt_20200713_backgroundTrain_0,0,train,https://doi.org/10.1080/00288330.2022.2088569,"Gall et al. 2022, Figure 10A",v1,S2_SR_HARMONIZED_SCL_v1,174.89022857689517,-41.26971267118275,0.0336,0.0318,0.007,0.0039,0.002,0.0038,0.0038,0.0026,0.0021,0.002
hutt_20200713,COPERNICUS/S2_SR_HARMONIZED/20200712T222549_20200712T222545_T60GUV,2020-07-12 22:27:27,hutt_20200713_backgroundTrain_0,0,train,https://doi.org/10.1080/00288330.2022.2088569,"Gall et al. 2022, Figure 10A",v1,S2_SR_HARMONIZED_SCL_v1,174.87352227050098,-41.26949524738277,0.0344,0.034,0.0082,0.0047,0.002,0.0031,0.0036,7.0E-4,0.0013,0.0022
hutt_20200713,COPERNICUS/S2_SR_HARMONIZED/20200712T222549_20200712T222545_T60GUV,2020-07-12 22:27:27,hutt_20200713_backgroundTrain_0,0,train,https://doi.org/10.1080/00288330.2022.2088569,"Gall et al. 2022, Figure 10A",v1,S2_SR_HARMONIZED_SCL_v1,174.87471536242268,-41.26951728774178,0.0361,0.0319,0.0073,0.0041,0.0029,0.0031,0.0033,0.0011,0.0028,0.0021
hutt_20200713,COPERNICUS/S2_SR_HARMONIZED/20200712T222549_20200712T222545_T60GUV,2020-07-12 22:27:27,hutt_20200713_backgroundTrain_0,0,train,https://doi.org/10.1080/00288330.2022.2088569,"Gall et al. 2022, Figure 10A",v1,S2_SR_HARMONIZED_SCL_v1,174.87483467168775,-41.269519491098194,0.036,0.0318,0.0073,0.0041,0.0029,0.0031,5.0E-4,0.0011,0.0028,0.0021
hutt_20200713,COPERNICUS/S2_SR_HARMONIZED/20200712T222549_20200712T222545_T60GUV,2020-07-12 22:27:27,hutt_20200713_backgroundTrain_0,0,train,https://doi.org/10.1080/00288330.2022.2088569,"Gall et al. 2022, Figure 10A",v1,S2_SR_HARMONIZED_SCL_v1,174.87614707447776,-41.26954371986485,0.0361,0.0297,0.0043,0.0058,0.0017,0.0033,0.0029,7.0E-4,0.0013,0.0022
hutt_20200713,COPERNICUS/S2_SR_HARMONIZED/20200712T222549_20200712T222545_T60GUV,2020-07-12 22:27:27,hutt_20200713_backgroundTrain_0,0,train,https://doi.org/10.1080/00288330.2022.2088569,"Gall et al. 2022, Figure 10A",v1,S2_SR_HARMONIZED_SCL_v1,174.87722085977052,-41.26956353228225,0.0367,0.0339,0.0076,0.005,0.0041,0.0037,0.0016,1.0E-4,6.0E-4,0.0015
hutt_20200713,COPERNICUS/S2_SR_HARMONIZED/20200712T222549_20200712T222545_T60GUV,2020-07-12 22:27:27,hutt_20200713_backgroundTrain_0,0,train,https://doi.org/10.1080/00288330.2022.2088569,"Gall et al. 2022, Figure 10A",v1,S2_SR_HARMONIZED_SCL_v1,174.8781753364863,-41.26958113491894,0.0358,0.0369,0.0087,0.0058,0.0022,0.0031,4.0E-4,0.0032,5.0E-4,0.0021
hutt_20200713,COPERNICUS/S2_SR_HARMONIZED/20200712T222549_20200712T222545_T60GUV,2020-07-12 22:27:27,hutt_20200713_backgroundTrain_0,0,train,https://doi.org/10.1080/00288330.2022.2088569,"Gall et al. 2022, Figure 10A",v1,S2_SR_HARMONIZED_SCL_v1,174.87841395579755,-41.26958553434266,0.0359,0.03,0.0082,0.0044,0.0025,0.0024,4.0E-4,0.0031,0.0016,0.0024
hutt_20200713,COPERNICUS/S2_SR_HARMONIZED/20200712T222549_20200712T222545_T60GUV,2020-07-12 22:27:27,hutt_20200713_backgroundTrain_0,0,train,https://doi.org/10.1080/00288330.2022.2088569,"Gall et al. 2022, Figure 10A",v1,S2_SR_HARMONIZED_SCL_v1,174.8809194617592,-41.26963169845569,0.0368,0.0331,0.0058,0.0056,0.0011,0.005,0.0018,1.0E-4,0.0027,5.0E-4
hutt_20200713,COPERNICUS/S2_SR_HARMONIZED/20200712T222549_20200712T222545_T60GUV,2020-07-12 22:27:27,hutt_20200713_backgroundTrain_0,0,train,https://doi.org/10.1080/00288330.2022.2088569,"Gall et al. 2022, Figure 10A",v1,S2_SR_HARMONIZED_SCL_v1,174.88127739165807,-41.26963828888135,0.0375,0.0302,0.0051,0.0061,0.0028,0.0031,0.0024,0.0032,0.0013,0.0016
hutt_20200713,COPERNICUS/S2_SR_HARMONIZED/20200712T222549_20200712T222545_T60GUV,2020-07-12 22:27:27,hutt_20200713_backgroundTrain_0,0,train,https://doi.org/10.1080/00288330.2022.2088569,"Gall et al. 2022, Figure 10A",v1,S2_SR_HARMONIZED_SCL_v1,174.88414083512762,-41.26969097225777,0.0382,0.0361,0.0052,0.0039,0.0039,0.0029,0.0011,0.0011,1.0E-4,0.0031
hutt_20200713,COPERNICUS/S2_SR_HARMONIZED/20200712T222549_20200712T222545_T60GUV,2020-07-12 22:27:27,hutt_20200713_backgroundTrain_0,0,train,https://doi.org/10.1080/00288330.2022.2088569,"Gall et al. 2022, Figure 10A",v1,S2_SR_HARMONIZED_SCL_v1,174.88664635439724,-41.26973701183641,0.0357,0.0321,0.009,0.0041,0.0023,0.0041,0.0033,0.0028,9.0E-4,0.0025
hutt_20200713,COPERNICUS/S2_SR_HARMONIZED/20200712T222549_20200712T222545_T60GUV,2020-07-12 22:27:27,hutt_20200713_backgroundTrain_0,0,train,https://doi.org/10.1080/00288330.2022.2088569,"Gall et al. 2022, Figure 10A",v1,S2_SR_HARMONIZED_SCL_v1,174.88819739304805,-41.26976548522402,0.0393,0.0339,0.0068,0.0059,0.0043,0.0026,0.0028,0.0015,0.0017,0.0019
hutt_20200713,COPERNICUS/S2_SR_HARMONIZED/20200712T222549_20200712T222545_T60GUV,2020-07-12 22:27:27,hutt_20200713_backgroundTrain_0,0,train,https://doi.org/10.1080/00288330.2022.2088569,"Gall et al. 2022, Figure 10A",v1,S2_SR_HARMONIZED_SCL_v1,174.88903256862798,-41.269780808399766,0.0361,0.0336,0.0056,0.0047,0.0043,0.0047,0.003,0.0024,0.0017,0.0017
hutt_20200713,COPERNICUS/S2_SR_HARMONIZED/20200712T222549_20200712T222545_T60GUV,2020-07-12 22:27:27,hutt_20200713_backgroundTrain_0,0,train,https://doi.org/10.1080/00288330.2022.2088569,"Gall et al. 2022, Figure 10A",v1,S2_SR_HARMONIZED_SCL_v1,174.8891518794778,-41.26978299693067,0.0353,0.036,0.0054,0.0047,0.0043,0.0047,0.002,0.0024,0.0017,0.0017
hutt_20200713,COPERNICUS/S2_SR_HARMONIZED/20200712T222549_20200712T222545_T60GUV,2020-07-12 22:27:27,hutt_20200713_backgroundTrain_0,0,train,https://doi.org/10.1080/00288330.2022.2088569,"Gall et al. 2022, Figure 10A",v1,S2_SR_HARMONIZED_SCL_v1,174.87423520437522,-41.26959848911937,0.0396,0.0321,0.0083,0.0041,0.0042,0.0049,0.0047,0.0011,0.0014,0.0036
hutt_20200713,COPERNICUS/S2_SR_HARMONIZED/20200712T222549_20200712T222545_T60GUV,2020-07-12 22:27:27,hutt_20200713_backgroundTrain_0,0,train,https://doi.org/10.1080/00288330.2022.2088569,"Gall et al. 2022, Figure 10A",v1,S2_SR_HARMONIZED_SCL_v1,174.8745931325421,-41.26960510032131,0.0358,0.0324,0.0062,0.0045,0.0039,0.0024,0.0011,0.0012,0.0012,0.0012
hutt_20200713,COPERNICUS/S2_SR_HARMONIZED/20200712T222549_20200712T222545_T60GUV,2020-07-12 22:27:27,hutt_20200713_backgroundTrain_0,0,train,https://doi.org/10.1080/00288330.2022.2088569,"Gall et al. 2022, Figure 10A",v1,S2_SR_HARMONIZED_SCL_v1,174.87471244195757,-41.2696073038082,0.0394,0.0298,0.0077,0.0038,0.0021,0.0019,0.0036,0.0011,0.0031,0.0026
hutt_20200713,COPERNICUS/S2_SR_HARMONIZED/20200712T222549_20200712T222545_T60GUV,2020-07-12 22:27:27,hutt_20200713_backgroundTrain_0,0,train,https://doi.org/10.1080/00288330.2022.2088569,"Gall et al. 2022, Figure 10A",v1,S2_SR_HARMONIZED_SCL_v1,174.87483175138627,-41.26960950717155,0.0403,0.0329,0.0073,0.0038,0.0021,0.0019,0.0011,0.0011,0.0031,0.0026
hutt_20200713,COPERNICUS/S2_SR_HARMONIZED/20200712T222549_20200712T222545_T60GUV,2020-07-12 22:27:27,hutt_20200713_backgroundTrain_0,0,train,https://doi.org/10.1080/00288330.2022.2088569,"Gall et al. 2022, Figure 10A",v1,S2_SR_HARMONIZED_SCL_v1,174.87554760823676,-41.26962272475721,0.0401,0.0357,0.0078,0.0028,0.0019,0.0015,0.0033,0.0028,0.0011,0.0022
hutt_20200713,COPERNICUS/S2_SR_HARMONIZED/20200712T222549_20200712T222545_T60GUV,2020-07-12 22:27:27,hutt_20200713_backgroundTrain_0,0,train,https://doi.org/10.1080/00288330.2022.2088569,"Gall et al. 2022, Figure 10A",v1,S2_SR_HARMONIZED_SCL_v1,174.87578622729288,-41.269627129630756,0.0399,0.0312,0.006,0.0056,0.0035,0.0024,0.0036,0.004,2.0E-4,0.0019
hutt_20200713,COPERNICUS/S2_SR_HARMONIZED/20200712T222549_20200712T222545_T60GUV,2020-07-12 22:27:27,hutt_20200713_backgroundTrain_0,0,train,https://doi.org/10.1080/00288330.2022.2088569,"Gall et al. 2022, Figure 10A",v1,S2_SR_HARMONIZED_SCL_v1,174.87626346556408,-41.2696359378953,0.0369,0.0343,0.0065,0.0042,0.0021,0.0053,0.0066,0.0028,0.0029,0.002
hutt_20200713,COPERNICUS/S2_SR_HARMONIZED/20200712T222549_20200712T222545_T60GUV,2020-07-12 22:27:27,hutt_20200713_backgroundTrain_0,0,train,https://doi.org/10.1080/00288330.2022.2088569,"Gall et al. 2022, Figure 10A",v1,S2_SR_HARMONIZED_SCL_v1,174.8773372524488,-41.26965574926318,0.036,0.0315,0.0065,0.0044,0.0042,0.0028,0.0042,1.0E-4,0.0021,0.0041
hutt_20200713,COPERNICUS/S2_SR_HARMONIZED/20200712T222549_20200712T222545_T60GUV,2020-07-12 22:27:27,hutt_20200713_backgroundTrain_0,0,train,https://doi.org/10.1080/00288330.2022.2088569,"Gall et al. 2022, Figure 10A",v1,S2_SR_HARMONIZED_SCL_v1,174.87745656216887,-41.269657949908556,0.0382,0.0317,0.007,0.0044,0.0042,0.0028,0.0042,1.0E-4,0.0021,0.0041
hutt_20200713,COPERNICUS/S2_SR_HARMONIZED/20200712T222549_20200712T222545_T60GUV,2020-07-12 22:27:27,hutt_20200713_backgroundTrain_0,0,train,https://doi.org/10.1080/00288330.2022.2088569,"Gall et al. 2022, Figure 10A",v1,S2_SR_HARMONIZED_SCL_v1,174.87769518164865,-41.26966235082866,0.0346,0.0349,0.0065,0.0039,0.0035,0.0056,0.0034,0.0012,0.0028,0.0037
hutt_20200713,COPERNICUS/S2_SR_HARMONIZED/20200712T222549_20200712T222545_T60GUV,2020-07-12 22:27:27,hutt_20200713_backgroundTrain_0,0,train,https://doi.org/10.1080/00288330.2022.2088569,"Gall et al. 2022, Figure 10A",v1,S2_SR_HARMONIZED_SCL_v1,174.8812744801937,-41.2697283053287,0.0382,0.0369,0.0058,0.006,0.0025,0.0032,6.0E-4,0.0017,0.002,0.002
hutt_20200713,COPERNICUS/S2_SR_HARMONIZED/20200712T222549_20200712T222545_T60GUV,2020-07-12 22:27:27,hutt_20200713_backgroundTrain_0,0,train,https://doi.org/10.1080/00288330.2022.2088569,"Gall et al. 2022, Figure 10A",v1,S2_SR_HARMONIZED_SCL_v1,174.88354137542288,-41.269770019001456,0.0377,0.0312,0.0071,0.0045,0.0015,0.0027,0.0051,0.0013,0.002,0.002
hutt_20200713,COPERNICUS/S2_SR_HARMONIZED/20200712T222549_20200712T222545_T60GUV,2020-07-12 22:27:27,hutt_20200713_backgroundTrain_0,0,train,https://doi.org/10.1080/00288330.2022.2088569,"Gall et al. 2022, Figure 10A",v1,S2_SR_HARMONIZED_SCL_v1,174.88401861713095,-41.269778795144155,0.0372,0.0343,0.0063,0.0038,0.004,0.0035,0.0054,0.0012,1.0E-4,0.0029
hutt_20200713,COPERNICUS/S2_SR_HARMONIZED/20200712T222549_20200712T222545_T60GUV,2020-07-12 22:27:27,hutt_20200713_backgroundTrain_0,0,train,https://doi.org/10.1080/00288330.2022.2088569,"Gall et al. 2022, Figure 10A",v1,S2_SR_HARMONIZED_SCL_v1,174.8843765485505,-41.269785375953944,0.0327,0.0313,0.0052,0.0036,0.004,0.0038,0.0013,0.0011,0.0018,0.0014
hutt_20200713,COPERNICUS/S2_SR_HARMONIZED/20200712T222549_20200712T222545_T60GUV,2020-07-12 22:27:27,hutt_20200713_backgroundTrain_0,0,train,https://doi.org/10.1080/00288330.2022.2088569,"Gall et al. 2022, Figure 10A",v1,S2_SR_HARMONIZED_SCL_v1,174.88688207181056,-41.269831410488536,0.0337,0.0363,0.0065,0.0039,0.0022,0.003,0.0046,0.001,0.001,0.0026
hutt_20200713,COPERNICUS/S2_SR_HARMONIZED/20200712T222549_20200712T222545_T60GUV,2020-07-12 22:27:27,hutt_20200713_backgroundTrain_0,0,train,https://doi.org/10.1080/00288330.2022.2088569,"Gall et al. 2022, Figure 10A",v1,S2_SR_HARMONIZED_SCL_v1,174.887001382587,-41.26983360125021,0.0345,0.0343,0.0058,0.0039,0.0022,0.003,0.0025,0.001,0.001,0.0026
hutt_20200713,COPERNICUS/S2_SR_HARMONIZED/20200712T222549_20200712T222545_T60GUV,2020-07-12 22:27:27,hutt_20200713_backgroundTrain_0,0,train,https://doi.org/10.1080/00288330.2022.2088569,"Gall et al. 2022, Figure 10A",v1,S2_SR_HARMONIZED_SCL_v1,174.88795586927253,-41.26985112289586,0.0382,0.0321,0.0061,0.0062,0.0041,0.003,0.0028,0.0016,0.0029,0.003
hutt_20200713,COPERNICUS/S2_SR_HARMONIZED/20200712T222549_20200712T222545_T60GUV,2020-07-12 22:27:27,hutt_20200713_backgroundTrain_0,0,train,https://doi.org/10.1080/00288330.2022.2088569,"Gall et al. 2022, Figure 10A",v1,S2_SR_HARMONIZED_SCL_v1,174.88974553407922,-41.26988395466936,0.0337,0.035,0.0055,0.0028,0.0024,0.0028,0.0014,0.0027,0.0019,0.0027
hutt_20200713,COPERNICUS/S2_SR_HARMONIZED/20200712T222549_20200712T222545_T60GUV,2020-07-12 22:27:27,hutt_20200713_backgroundTrain_0,0,train,https://doi.org/10.1080/00288330.2022.2088569,"Gall et al. 2022, Figure 10A",v1,S2_SR_HARMONIZED_SCL_v1,174.87399366420334,-41.269684097056924,0.0366,0.0307,0.0062,0.0056,0.0045,0.003,0.0017,0.0011,0.0019,0.0045
hutt_20200713,COPERNICUS/S2_SR_HARMONIZED/20200712T222549_20200712T222545_T60GUV,2020-07-12 22:27:27,hutt_20200713_backgroundTrain_0,0,train,https://doi.org/10.1080/00288330.2022.2088569,"Gall et al. 2022, Figure 10A",v1,S2_SR_HARMONIZED_SCL_v1,174.87542537923204,-41.2697105382416,0.0348,0.0336,0.0104,0.0028,0.0019,0.0015,0.002,0.0028,0.0011,0.0022
hutt_20200713,COPERNICUS/S2_SR_HARMONIZED/20200712T222549_20200712T222545_T60GUV,2020-07-12 22:27:27,hutt_20200713_backgroundTrain_0,0,train,https://doi.org/10.1080/00288330.2022.2088569,"Gall et al. 2022, Figure 10A",v1,S2_SR_HARMONIZED_SCL_v1,174.87590261799892,-41.269719348016416,0.0366,0.0329,0.0068,0.0041,0.0037,0.0019,5.0E-4,0.002,0.0021,0.0021
hutt_20200713,COPERNICUS/S2_SR_HARMONIZED/20200712T222549_20200712T222545_T60GUV,2020-07-12 22:27:27,hutt_20200713_backgroundTrain_0,0,train,https://doi.org/10.1080/00288330.2022.2088569,"Gall et al. 2022, Figure 10A",v1,S2_SR_HARMONIZED_SCL_v1,174.8782888150108,-41.26976336723969,0.0406,0.0363,0.0058,0.0043,0.0032,0.0033,6.0E-4,0.0013,0.0019,0.0019
hutt_20200713,COPERNICUS/S2_SR_HARMONIZED/20200712T222549_20200712T222545_T60GUV,2020-07-12 22:27:27,hutt_20200713_backgroundTrain_0,0,train,https://doi.org/10.1080/00288330.2022.2088569,"Gall et al. 2022, Figure 10A",v1,S2_SR_HARMONIZED_SCL_v1,174.87888536509078,-41.269774364323936,0.0352,0.0339,0.0086,0.0041,0.0037,0.0032,0.003,1.0E-4,8.0E-4,7.0E-4
hutt_20200713,COPERNICUS/S2_SR_HARMONIZED/20200712T222549_20200712T222545_T60GUV,2020-07-12 22:27:27,hutt_20200713_backgroundTrain_0,0,train,https://doi.org/10.1080/00288330.2022.2088569,"Gall et al. 2022, Figure 10A",v1,S2_SR_HARMONIZED_SCL_v1,174.88365777762556,-41.269862229806456,0.0359,0.0324,0.0063,0.0045,0.0015,0.0027,0.0033,0.0013,0.002,0.002
hutt_20200713,COPERNICUS/S2_SR_HARMONIZED/20200712T222549_20200712T222545_T60GUV,2020-07-12 22:27:27,hutt_20200713_backgroundTrain_0,0,train,https://doi.org/10.1080/00288330.2022.2088569,"Gall et al. 2022, Figure 10A",v1,S2_SR_HARMONIZED_SCL_v1,174.88413502004104,-41.2698710054826,0.0377,0.0307,0.0052,0.0038,0.004,0.0035,5.0E-4,0.0012,1.0E-4,0.0029
hutt_20200713,COPERNICUS/S2_SR_HARMONIZED/20200712T222549_20200712T222545_T60GUV,2020-07-12 22:27:27,hutt_20200713_backgroundTrain_0,0,train,https://doi.org/10.1080/00288330.2022.2088569,"Gall et al. 2022, Figure 10A",v1,S2_SR_HARMONIZED_SCL_v1,174.8842543306779,-41.269873199092764,0.0347,0.0314,0.0054,0.0036,0.004,0.0038,0.0041,0.0011,0.0018,0.0014
hutt_20200713,COPERNICUS/S2_SR_HARMONIZED/20200712T222549_20200712T222545_T60GUV,2020-07-12 22:27:27,hutt_20200713_backgroundTrain_0,0,train,https://doi.org/10.1080/00288330.2022.2088569,"Gall et al. 2022, Figure 10A",v1,S2_SR_HARMONIZED_SCL_v1,174.8855667485537,-41.26989732065047,0.0392,0.035,0.0051,0.0054,0.0022,0.0012,0.0018,0.0027,9.0E-4,0.001
hutt_20200713,COPERNICUS/S2_SR_HARMONIZED/20200712T222549_20200712T222545_T60GUV,2020-07-12 22:27:27,hutt_20200713_backgroundTrain_0,0,train,https://doi.org/10.1080/00288330.2022.2088569,"Gall et al. 2022, Figure 10A",v1,S2_SR_HARMONIZED_SCL_v1,174.88568605934879,-41.26989951277807,0.0343,0.0326,0.0083,0.0059,0.0024,0.0034,0.0024,0.0029,0.002,0.0022
hutt_20200713,COPERNICUS/S2_SR_HARMONIZED/20200712T222549_20200712T222545_T60GUV,2020-07-12 22:27:27,hutt_20200713_backgroundTrain_0,0,train,https://doi.org/10.1080/00288330.2022.2088569,"Gall et al. 2022, Figure 10A",v1,S2_SR_HARMONIZED_SCL_v1,174.8866405461841,-41.269917045351114,0.0343,0.0337,0.0067,0.0041,0.0029,0.0049,0.003,0.001,8.0E-4,0.0014
hutt_20200713,COPERNICUS/S2_SR_HARMONIZED/20200712T222549_20200712T222545_T60GUV,2020-07-12 22:27:27,hutt_20200713_backgroundTrain_0,0,train,https://doi.org/10.1080/00288330.2022.2088569,"Gall et al. 2022, Figure 10A",v1,S2_SR_HARMONIZED_SCL_v1,174.88831090017496,-41.26994770832753,0.0333,0.0313,0.0068,0.0062,0.0047,0.0028,0.0024,0.0023,0.0013,0.002
hutt_20200713,COPERNICUS/S2_SR_HARMONIZED/20200712T222549_20200712T222545_T60GUV,2020-07-12 22:27:27,hutt_20200713_backgroundTrain_0,0,train,https://doi.org/10.1080/00288330.2022.2088569,"Gall et al. 2022, Figure 10A",v1,S2_SR_HARMONIZED_SCL_v1,174.87434867179903,-41.26978072506339,0.0368,0.0334,0.0069,0.0044,0.0032,0.0053,0.0024,0.0012,0.0012,0.0034
hutt_20200713,COPERNICUS/S2_SR_HARMONIZED/20200712T222549_20200712T222545_T60GUV,2020-07-12 22:27:27,hutt_20200713_backgroundTrain_0,0,train,https://doi.org/10.1080/00288330.2022.2088569,"Gall et al. 2022, Figure 10A",v1,S2_SR_HARMONIZED_SCL_v1,174.87554176955783,-41.26980275698243,0.0361,0.0358,0.0048,0.006,0.0042,0.0017,0.0033,0.003,0.0016,0.0016
hutt_20200713,COPERNICUS/S2_SR_HARMONIZED/20200712T222549_20200712T222545_T60GUV,2020-07-12 22:27:27,hutt_20200713_backgroundTrain_0,0,train,https://doi.org/10.1080/00288330.2022.2088569,"Gall et al. 2022, Figure 10A",v1,S2_SR_HARMONIZED_SCL_v1,174.87792796904847,-41.26984678375701,0.0368,0.0339,0.0072,0.0042,6.0E-4,0.0012,2.0E-4,0.0027,9.0E-4,0.0019
hutt_20200713,COPERNICUS/S2_SR_HARMONIZED/20200712T222549_20200712T222545_T60GUV,2020-07-12 22:27:27,hutt_20200713_backgroundTrain_0,0,train,https://doi.org/10.1080/00288330.2022.2088569,"Gall et al. 2022, Figure 10A",v1,S2_SR_HARMONIZED_SCL_v1,174.87828589942868,-41.26985338351088,0.0368,0.0369,0.0063,0.0044,0.0043,0.004,8.0E-4,7.0E-4,9.0E-4,0.0022
hutt_20200713,COPERNICUS/S2_SR_HARMONIZED/20200712T222549_20200712T222545_T60GUV,2020-07-12 22:27:27,hutt_20200713_backgroundTrain_0,0,train,https://doi.org/10.1080/00288330.2022.2088569,"Gall et al. 2022, Figure 10A",v1,S2_SR_HARMONIZED_SCL_v1,174.87935969128358,-41.26987317610101,0.0357,0.0301,0.0065,0.0043,0.0031,0.0045,0.0026,0.0025,1.0E-4,0.0011
hutt_20200713,COPERNICUS/S2_SR_HARMONIZED/20200712T222549_20200712T222545_T60GUV,2020-07-12 22:27:27,hutt_20200713_backgroundTrain_0,0,train,https://doi.org/10.1080/00288330.2022.2088569,"Gall et al. 2022, Figure 10A",v1,S2_SR_HARMONIZED_SCL_v1,174.8794790015558,-41.26987537465996,0.0358,0.0317,0.0056,0.0054,0.0036,0.0028,0.0013,6.0E-4,0.0018,0.002
hutt_20200713,COPERNICUS/S2_SR_HARMONIZED/20200712T222549_20200712T222545_T60GUV,2020-07-12 22:27:27,hutt_20200713_backgroundTrain_0,0,train,https://doi.org/10.1080/00288330.2022.2088569,"Gall et al. 2022, Figure 10A",v1,S2_SR_HARMONIZED_SCL_v1,174.8817458992393,-41.26991712380621,0.0361,0.0336,0.0079,0.0037,0.0024,0.0032,0.0018,4.0E-4,0.0017,1.0E-4
hutt_20200713,COPERNICUS/S2_SR_HARMONIZED/20200712T222549_20200712T222545_T60GUV,2020-07-12 22:27:27,hutt_20200713_backgroundTrain_0,0,train,https://doi.org/10.1080/00288330.2022.2088569,"Gall et al. 2022, Figure 10A",v1,S2_SR_HARMONIZED_SCL_v1,174.88258107327218,-41.26993249382786,0.0395,0.0348,0.0081,0.006,0.0025,0.0032,0.0022,1.0E-4,0.0017,6.0E-4
hutt_20200713,COPERNICUS/S2_SR_HARMONIZED/20200712T222549_20200712T222545_T60GUV,2020-07-12 22:27:27,hutt_20200713_backgroundTrain_0,0,train,https://doi.org/10.1080/00288330.2022.2088569,"Gall et al. 2022, Figure 10A",v1,S2_SR_HARMONIZED_SCL_v1,174.88270038390112,-41.26993468905105,0.0372,0.0334,0.0062,0.006,0.0025,0.0032,0.0025,1.0E-4,0.0017,6.0E-4
hutt_20200713,COPERNICUS/S2_SR_HARMONIZED/20200712T222549_20200712T222545_T60GUV,2020-07-12 22:27:27,hutt_20200713_backgroundTrain_0,0,train,https://doi.org/10.1080/00288330.2022.2088569,"Gall et al. 2022, Figure 10A",v1,S2_SR_HARMONIZED_SCL_v1,174.88580246488516,-41.2699917214888,0.0327,0.0313,0.0048,0.0053,0.0024,0.0044,0.0024,0.0029,0.0018,0.0011
hutt_20200713,COPERNICUS/S2_SR_HARMONIZED/20200712T222549_20200712T222545_T60GUV,2020-07-12 22:27:27,hutt_20200713_backgroundTrain_0,0,train,https://doi.org/10.1080/00288330.2022.2088569,"Gall et al. 2022, Figure 10A",v1,S2_SR_HARMONIZED_SCL_v1,174.8859217758703,-41.269993913376204,0.034,0.0318,0.0051,0.0042,0.0022,0.0037,0.0014,0.0019,0.0017,0.0015
hutt_20200713,COPERNICUS/S2_SR_HARMONIZED/20200712T222549_20200712T222545_T60GUV,2020-07-12 22:27:27,hutt_20200713_backgroundTrain_0,0,train,https://doi.org/10.1080/00288330.2022.2088569,"Gall et al. 2022, Figure 10A",v1,S2_SR_HARMONIZED_SCL_v1,174.88687626422572,-41.270011444027666,0.0346,0.0304,0.006,0.0041,0.0034,0.0036,0.0033,0.0021,7.0E-4,0.0027
hutt_20200713,COPERNICUS/S2_SR_HARMONIZED/20200712T222549_20200712T222545_T60GUV,2020-07-12 22:27:27,hutt_20200713_backgroundTrain_0,0,train,https://doi.org/10.1080/00288330.2022.2088569,"Gall et al. 2022, Figure 10A",v1,S2_SR_HARMONIZED_SCL_v1,174.88723419757642,-41.27001801598342,0.0347,0.0318,0.0044,0.0043,0.0031,0.0038,0.0016,0.0011,9.0E-4,0.0012
hutt_20200713,COPERNICUS/S2_SR_HARMONIZED/20200712T222549_20200712T222545_T60GUV,2020-07-12 22:27:27,hutt_20200713_backgroundTrain_0,0,train,https://doi.org/10.1080/00288330.2022.2088569,"Gall et al. 2022, Figure 10A",v1,S2_SR_HARMONIZED_SCL_v1,174.88771144222846,-41.2700267768614,0.0368,0.0345,0.0088,0.005,0.002,6.0E-4,0.0014,0.0011,0.001,0.002
hutt_20200713,COPERNICUS/S2_SR_HARMONIZED/20200712T222549_20200712T222545_T60GUV,2020-07-12 22:27:27,hutt_20200713_backgroundTrain_0,0,train,https://doi.org/10.1080/00288330.2022.2088569,"Gall et al. 2022, Figure 10A",v1,S2_SR_HARMONIZED_SCL_v1,174.89009766864854,-41.27007055159954,0.0367,0.0312,0.0091,0.005,0.0039,0.0028,5.0E-4,0.0012,0.003,8.0E-4
hutt_20200713,COPERNICUS/S2_SR_HARMONIZED/20200712T222549_20200712T222545_T60GUV,2020-07-12 22:27:27,hutt_20200713_backgroundTrain_0,0,train,https://doi.org/10.1080/00288330.2022.2088569,"Gall et al. 2022, Figure 10A",v1,S2_SR_HARMONIZED_SCL_v1,174.89033629158007,-41.270074926355264,0.0377,0.035,0.0055,0.0064,0.0042,0.0039,0.0028,0.0034,0.001,0.0024
hutt_20200713,COPERNICUS/S2_SR_HARMONIZED/20200712T222549_20200712T222545_T60GUV,2020-07-12 22:27:27,hutt_20200713_backgroundTrain_0,0,train,https://doi.org/10.1080/00288330.2022.2088569,"Gall et al. 2022, Figure 10A",v1,S2_SR_HARMONIZED_SCL_v1,174.87339127224115,-41.269853106618314,0.0346,0.0294,0.0068,0.0038,0.0041,0.0034,0.0018,1.0E-4,8.0E-4,6.0E-4
hutt_20200713,COPERNICUS/S2_SR_HARMONIZED/20200712T222549_20200712T222545_T60GUV,2020-07-12 22:27:27,hutt_20200713_backgroundTrain_0,0,train,https://doi.org/10.1080/00288330.2022.2088569,"Gall et al. 2022, Figure 10A",v1,S2_SR_HARMONIZED_SCL_v1,174.8736298918021,-41.26985751598107,0.0378,0.0347,0.0092,0.0047,0.0022,0.002,0.0039,0.001,0.0023,5.0E-4
hutt_20200713,COPERNICUS/S2_SR_HARMONIZED/20200712T222549_20200712T222545_T60GUV,2020-07-12 22:27:27,hutt_20200713_backgroundTrain_0,0,train,https://doi.org/10.1080/00288330.2022.2088569,"Gall et al. 2022, Figure 10A",v1,S2_SR_HARMONIZED_SCL_v1,174.87673195091838,-41.26991479272654,0.0375,0.0326,0.0063,0.0035,0.0048,0.003,0.0017,1.0E-4,0.0022,0.003
hutt_20200713,COPERNICUS/S2_SR_HARMONIZED/20200712T222549_20200712T222545_T60GUV,2020-07-12 22:27:27,hutt_20200713_backgroundTrain_0,0,train,https://doi.org/10.1080/00288330.2022.2088569,"Gall et al. 2022, Figure 10A",v1,S2_SR_HARMONIZED_SCL_v1,174.87983401898396,-41.26997198595514,0.0368,0.0344,0.0051,0.0047,0.0023,0.0053,0.0028,1.0E-4,0.0029,0.0024
hutt_20200713,COPERNICUS/S2_SR_HARMONIZED/20200712T222549_20200712T222545_T60GUV,2020-07-12 22:27:27,hutt_20200713_backgroundTrain_0,0,train,https://doi.org/10.1080/00288330.2022.2088569,"Gall et al. 2022, Figure 10A",v1,S2_SR_HARMONIZED_SCL_v1,174.88066919268283,-41.269987369862456,0.032,0.0328,0.0063,0.0062,9.0E-4,0.0047,0.0036,0.0015,8.0E-4,0.0021
hutt_20200713,COPERNICUS/S2_SR_HARMONIZED/20200712T222549_20200712T222545_T60GUV,2020-07-12 22:27:27,hutt_20200713_backgroundTrain_0,0,train,https://doi.org/10.1080/00288330.2022.2088569,"Gall et al. 2022, Figure 10A",v1,S2_SR_HARMONIZED_SCL_v1,174.88186229909007,-41.27000933637141,0.0382,0.0316,0.0071,0.0041,0.0024,0.0032,0.005,0.002,8.0E-4,1.0E-4
hutt_20200713,COPERNICUS/S2_SR_HARMONIZED/20200712T222549_20200712T222545_T60GUV,2020-07-12 22:27:27,hutt_20200713_backgroundTrain_0,0,train,https://doi.org/10.1080/00288330.2022.2088569,"Gall et al. 2022, Figure 10A",v1,S2_SR_HARMONIZED_SCL_v1,174.88293609598577,-41.270029095666175,0.0361,0.0319,0.0057,0.0037,0.0043,0.0043,0.0023,0.0047,0.0029,6.0E-4
hutt_20200713,COPERNICUS/S2_SR_HARMONIZED/20200712T222549_20200712T222545_T60GUV,2020-07-12 22:27:27,hutt_20200713_backgroundTrain_0,0,train,https://doi.org/10.1080/00288330.2022.2088569,"Gall et al. 2022, Figure 10A",v1,S2_SR_HARMONIZED_SCL_v1,174.883294028522,-41.27003567987391,0.0353,0.0334,0.0057,0.0035,0.0041,0.0024,0.0053,0.002,0.0018,7.0E-4
hutt_20200713,COPERNICUS/S2_SR_HARMONIZED/20200712T222549_20200712T222545_T60GUV,2020-07-12 22:27:27,hutt_20200713_backgroundTrain_0,0,train,https://doi.org/10.1080/00288330.2022.2088569,"Gall et al. 2022, Figure 10A",v1,S2_SR_HARMONIZED_SCL_v1,174.8842485158658,-41.27005323232508,0.0327,0.0353,0.0055,0.0045,0.0035,0.0028,0.0017,0.001,0.0012,0.0031
hutt_20200713,COPERNICUS/S2_SR_HARMONIZED/20200712T222549_20200712T222545_T60GUV,2020-07-12 22:27:27,hutt_20200713_backgroundTrain_0,0,train,https://doi.org/10.1080/00288330.2022.2088569,"Gall et al. 2022, Figure 10A",v1,S2_SR_HARMONIZED_SCL_v1,174.88556093734206,-41.27007735403466,0.0372,0.0335,0.0071,0.0063,0.0031,0.0017,6.0E-4,2.0E-4,5.0E-4,6.0E-4
hutt_20200713,COPERNICUS/S2_SR_HARMONIZED/20200712T222549_20200712T222545_T60GUV,2020-07-12 22:27:27,hutt_20200713_backgroundTrain_0,0,train,https://doi.org/10.1080/00288330.2022.2088569,"Gall et al. 2022, Figure 10A",v1,S2_SR_HARMONIZED_SCL_v1,174.88568024846447,-41.27007954617606,0.0369,0.0333,0.0058,0.0053,0.0024,0.0044,0.0034,0.0029,0.0018,0.0011
hutt_20200713,COPERNICUS/S2_SR_HARMONIZED/20200712T222549_20200712T222545_T60GUV,2020-07-12 22:27:27,hutt_20200713_backgroundTrain_0,0,train,https://doi.org/10.1080/00288330.2022.2088569,"Gall et al. 2022, Figure 10A",v1,S2_SR_HARMONIZED_SCL_v1,174.8890209652416,-41.27014087597435,0.034,0.0335,0.0043,0.0049,0.0044,0.0041,0.0019,0.0017,0.0035,0.0021
hutt_20200713,COPERNICUS/S2_SR_HARMONIZED/20200712T222549_20200712T222545_T60GUV,2020-07-12 22:27:27,hutt_20200713_backgroundTrain_0,0,train,https://doi.org/10.1080/00288330.2022.2088569,"Gall et al. 2022, Figure 10A",v1,S2_SR_HARMONIZED_SCL_v1,174.88961752289532,-41.270151817531215,0.0357,0.035,0.0067,0.0026,0.0037,0.0049,0.0037,0.0014,0.0011,0.0034
hutt_20200713,COPERNICUS/S2_SR_HARMONIZED/20200712T222549_20200712T222545_T60GUV,2020-07-12 22:27:27,hutt_20200713_backgroundTrain_0,0,train,https://doi.org/10.1080/00288330.2022.2088569,"Gall et al. 2022, Figure 10A",v1,S2_SR_HARMONIZED_SCL_v1,174.87279180043421,-41.26993209699847,0.0346,0.0338,0.0067,0.0066,0.0034,0.0049,0.0026,0.0024,0.0019,0.0012
hutt_20200713,COPERNICUS/S2_SR_HARMONIZED/20200712T222549_20200712T222545_T60GUV,2020-07-12 22:27:27,hutt_20200713_backgroundTrain_0,0,train,https://doi.org/10.1080/00288330.2022.2088569,"Gall et al. 2022, Figure 10A",v1,S2_SR_HARMONIZED_SCL_v1,174.87338834992283,-41.26994312260209,0.0348,0.0326,0.0063,0.0041,0.0014,0.0014,0.0024,9.0E-4,9.0E-4,1.0E-4
hutt_20200713,COPERNICUS/S2_SR_HARMONIZED/20200712T222549_20200712T222545_T60GUV,2020-07-12 22:27:27,hutt_20200713_backgroundTrain_0,0,train,https://doi.org/10.1080/00288330.2022.2088569,"Gall et al. 2022, Figure 10A",v1,S2_SR_HARMONIZED_SCL_v1,174.87410420974675,-41.26995634924946,0.0378,0.0308,0.0076,0.0029,0.0025,0.0038,0.0059,0.0011,0.0016,0.0011
hutt_20200713,COPERNICUS/S2_SR_HARMONIZED/20200712T222549_20200712T222545_T60GUV,2020-07-12 22:27:27,hutt_20200713_backgroundTrain_0,0,train,https://doi.org/10.1080/00288330.2022.2088569,"Gall et al. 2022, Figure 10A",v1,S2_SR_HARMONIZED_SCL_v1,174.8748200700478,-41.26996957144921,0.0368,0.0325,0.0085,0.0053,0.0041,0.0039,0.0021,0.0018,0.0023,0.0021
hutt_20200713,COPERNICUS/S2_SR_HARMONIZED/20200712T222549_20200712T222545_T60GUV,2020-07-12 22:27:27,hutt_20200713_backgroundTrain_0,0,train,https://doi.org/10.1080/00288330.2022.2088569,"Gall et al. 2022, Figure 10A",v1,S2_SR_HARMONIZED_SCL_v1,174.87601317160957,-41.26999159856514,0.0358,0.0333,0.0077,0.004,0.0041,0.0015,0.0034,0.0012,0.0018,0.0022
hutt_20200713,COPERNICUS/S2_SR_HARMONIZED/20200712T222549_20200712T222545_T60GUV,2020-07-12 22:27:27,hutt_20200713_backgroundTrain_0,0,train,https://doi.org/10.1080/00288330.2022.2088569,"Gall et al. 2022, Figure 10A",v1,S2_SR_HARMONIZED_SCL_v1,174.87816075775748,-41.270031216240255,0.0361,0.0356,0.0077,0.0043,0.0013,0.004,0.0013,0.0027,0.0011,0.002
hutt_20200713,COPERNICUS/S2_SR_HARMONIZED/20200712T222549_20200712T222545_T60GUV,2020-07-12 22:27:27,hutt_20200713_backgroundTrain_0,0,train,https://doi.org/10.1080/00288330.2022.2088569,"Gall et al. 2022, Figure 10A",v1,S2_SR_HARMONIZED_SCL_v1,174.87947317362497,-41.27005540733606,0.0346,0.0378,0.004,0.0043,0.0044,0.0033,1.0E-4,0.001,0.0022,0.0034
hutt_20200713,COPERNICUS/S2_SR_HARMONIZED/20200712T222549_20200712T222545_T60GUV,2020-07-12 22:27:27,hutt_20200713_backgroundTrain_0,0,train,https://doi.org/10.1080/00288330.2022.2088569,"Gall et al. 2022, Figure 10A",v1,S2_SR_HARMONIZED_SCL_v1,174.88078559109226,-41.270079583482676,0.0378,0.0321,0.0071,0.0061,0.0038,0.0048,9.0E-4,0.0011,5.0E-4,0.0014
hutt_20200713,COPERNICUS/S2_SR_HARMONIZED/20200712T222549_20200712T222545_T60GUV,2020-07-12 22:27:27,hutt_20200713_backgroundTrain_0,0,train,https://doi.org/10.1080/00288330.2022.2088569,"Gall et al. 2022, Figure 10A",v1,S2_SR_HARMONIZED_SCL_v1,174.88102421262175,-41.270083977539585,0.0369,0.0335,0.0076,0.0061,0.0026,0.0038,8.0E-4,0.0012,0.001,0.0017
hutt_20200713,COPERNICUS/S2_SR_HARMONIZED/20200712T222549_20200712T222545_T60GUV,2020-07-12 22:27:27,hutt_20200713_backgroundTrain_0,0,train,https://doi.org/10.1080/00288330.2022.2088569,"Gall et al. 2022, Figure 10A",v1,S2_SR_HARMONIZED_SCL_v1,174.88257525385137,-41.27011252686359,0.0379,0.0328,0.006,0.007,0.0033,0.0032,0.0023,0.0011,0.0011,0.0021
hutt_20200713,COPERNICUS/S2_SR_HARMONIZED/20200712T222549_20200712T222545_T60GUV,2020-07-12 22:27:27,hutt_20200713_backgroundTrain_0,0,train,https://doi.org/10.1080/00288330.2022.2088569,"Gall et al. 2022, Figure 10A",v1,S2_SR_HARMONIZED_SCL_v1,174.884364919581,-41.27014544244621,0.0323,0.0346,0.0075,0.0041,0.0027,0.0042,0.0011,0.0016,3.0E-4,6.0E-4
hutt_20200713,COPERNICUS/S2_SR_HARMONIZED/20200712T222549_20200712T222545_T60GUV,2020-07-12 22:27:27,hutt_20200713_backgroundTrain_0,0,train,https://doi.org/10.1080/00288330.2022.2088569,"Gall et al. 2022, Figure 10A",v1,S2_SR_HARMONIZED_SCL_v1,174.8844842307352,-41.27014763582999,0.039,0.0341,0.0071,0.0042,0.0028,0.0048,0.0016,0.0011,0.0011,1.0E-4
hutt_20200713,COPERNICUS/S2_SR_HARMONIZED/20200712T222549_20200712T222545_T60GUV,2020-07-12 22:27:27,hutt_20200713_backgroundTrain_0,0,train,https://doi.org/10.1080/00288330.2022.2088569,"Gall et al. 2022, Figure 10A",v1,S2_SR_HARMONIZED_SCL_v1,174.88508078670404,-41.2701586008957,0.0353,0.0334,0.0073,0.0047,0.0014,0.0027,0.0013,0.0015,0.0013,0.0032
hutt_20200713,COPERNICUS/S2_SR_HARMONIZED/20200712T222549_20200712T222545_T60GUV,2020-07-12 22:27:27,hutt_20200713_backgroundTrain_0,0,train,https://doi.org/10.1080/00288330.2022.2088569,"Gall et al. 2022, Figure 10A",v1,S2_SR_HARMONIZED_SCL_v1,174.88746701387515,-41.27020243027128,0.0382,0.0312,0.0052,0.0056,0.003,9.0E-4,0.0024,0.0012,0.0018,0.0016
hutt_20200713,COPERNICUS/S2_SR_HARMONIZED/20200712T222549_20200712T222545_T60GUV,2020-07-12 22:27:27,hutt_20200713_backgroundTrain_0,0,train,https://doi.org/10.1080/00288330.2022.2088569,"Gall et al. 2022, Figure 10A",v1,S2_SR_HARMONIZED_SCL_v1,174.88770563688212,-41.270206810490755,0.031,0.0343,0.0067,0.0042,0.0021,0.0029,0.0018,0.0011,0.0011,0.0029
hutt_20200713,COPERNICUS/S2_SR_HARMONIZED/20200712T222549_20200712T222545_T60GUV,2020-07-12 22:27:27,hutt_20200713_backgroundTrain_0,0,train,https://doi.org/10.1080/00288330.2022.2088569,"Gall et al. 2022, Figure 10A",v1,S2_SR_HARMONIZED_SCL_v1,174.8746978394331,-41.27005738411664,0.036,0.0325,0.0078,0.0053,0.0041,0.0039,9.0E-4,0.0018,0.0023,0.0021
hutt_20200713,COPERNICUS/S2_SR_HARMONIZED/20200712T222549_20200712T222545_T60GUV,2020-07-12 22:27:27,hutt_20200713_backgroundTrain_0,0,train,https://doi.org/10.1080/00288330.2022.2088569,"Gall et al. 2022, Figure 10A",v1,S2_SR_HARMONIZED_SCL_v1,174.87529439080043,-41.27006839987133,0.0366,0.0348,0.0083,0.0046,0.0023,0.005,0.0045,0.0029,0.0021,0.0021
hutt_20200713,COPERNICUS/S2_SR_HARMONIZED/20200712T222549_20200712T222545_T60GUV,2020-07-12 22:27:27,hutt_20200713_backgroundTrain_0,0,train,https://doi.org/10.1080/00288330.2022.2088569,"Gall et al. 2022, Figure 10A",v1,S2_SR_HARMONIZED_SCL_v1,174.8756523217798,-41.2700750078416,0.042,0.0329,0.0054,0.0048,0.0036,0.0033,0.0026,0.0029,0.0012,0.0013
hutt_20200713,COPERNICUS/S2_SR_HARMONIZED/20200712T222549_20200712T222545_T60GUV,2020-07-12 22:27:27,hutt_20200713_backgroundTrain_0,0,train,https://doi.org/10.1080/00288330.2022.2088569,"Gall et al. 2022, Figure 10A",v1,S2_SR_HARMONIZED_SCL_v1,174.87624887367696,-41.270086018654446,0.0375,0.0315,0.0073,0.0051,0.0024,0.0031,0.0034,0.0028,9.0E-4,0.0024
hutt_20200713,COPERNICUS/S2_SR_HARMONIZED/20200712T222549_20200712T222545_T60GUV,2020-07-12 22:27:27,hutt_20200713_backgroundTrain_0,0,train,https://doi.org/10.1080/00288330.2022.2088569,"Gall et al. 2022, Figure 10A",v1,S2_SR_HARMONIZED_SCL_v1,174.8770840468891,-41.270101428603496,0.0378,0.0325,0.0066,0.0045,0.0033,0.0019,9.0E-4,0.0012,0.0014,0.0014
hutt_20200713,COPERNICUS/S2_SR_HARMONIZED/20200712T222549_20200712T222545_T60GUV,2020-07-12 22:27:27,hutt_20200713_backgroundTrain_0,0,train,https://doi.org/10.1080/00288330.2022.2088569,"Gall et al. 2022, Figure 10A",v1,S2_SR_HARMONIZED_SCL_v1,174.8786350845751,-41.27013003101924,0.0389,0.0332,0.0073,0.0042,0.0023,0.0033,0.0036,8.0E-4,0.0013,0.0015
hutt_20200713,COPERNICUS/S2_SR_HARMONIZED/20200712T222549_20200712T222545_T60GUV,2020-07-12 22:27:27,hutt_20200713_backgroundTrain_0,0,train,https://doi.org/10.1080/00288330.2022.2088569,"Gall et al. 2022, Figure 10A",v1,S2_SR_HARMONIZED_SCL_v1,174.87994750282465,-41.270154216755124,0.0383,0.0339,0.0056,0.0043,0.0038,0.0033,0.0016,0.0028,0.0019,8.0E-4
hutt_20200713,COPERNICUS/S2_SR_HARMONIZED/20200712T222549_20200712T222545_T60GUV,2020-07-12 22:27:27,hutt_20200713_backgroundTrain_0,0,train,https://doi.org/10.1080/00288330.2022.2088569,"Gall et al. 2022, Figure 10A",v1,S2_SR_HARMONIZED_SCL_v1,174.88006681365394,-41.27015641471709,0.0346,0.0312,0.0046,0.0043,0.0038,0.0033,0.0034,0.0028,0.0019,8.0E-4
hutt_20200713,COPERNICUS/S2_SR_HARMONIZED/20200712T222549_20200712T222545_T60GUV,2020-07-12 22:27:27,hutt_20200713_backgroundTrain_0,0,train,https://doi.org/10.1080/00288330.2022.2088569,"Gall et al. 2022, Figure 10A",v1,S2_SR_HARMONIZED_SCL_v1,174.88149854463617,-41.270182780624104,0.033,0.0335,0.0067,0.004,0.0034,0.0038,0.0019,0.004,0.001,0.002
hutt_20200713,COPERNICUS/S2_SR_HARMONIZED/20200712T222549_20200712T222545_T60GUV,2020-07-12 22:27:27,hutt_20200713_backgroundTrain_0,0,train,https://doi.org/10.1080/00288330.2022.2088569,"Gall et al. 2022, Figure 10A",v1,S2_SR_HARMONIZED_SCL_v1,174.88233372192096,-41.27019815252059,0.0403,0.037,0.0072,0.004,0.0025,0.0011,0.0035,0.0014,0.0019,0.0021
hutt_20200713,COPERNICUS/S2_SR_HARMONIZED/20200712T222549_20200712T222545_T60GUV,2020-07-12 22:27:27,hutt_20200713_backgroundTrain_0,0,train,https://doi.org/10.1080/00288330.2022.2088569,"Gall et al. 2022, Figure 10A",v1,S2_SR_HARMONIZED_SCL_v1,174.88269165524108,-41.270204738623,0.0357,0.0338,0.007,0.007,0.0033,0.0032,7.0E-4,0.0011,0.0011,0.0021
hutt_20200713,COPERNICUS/S2_SR_HARMONIZED/20200712T222549_20200712T222545_T60GUV,2020-07-12 22:27:27,hutt_20200713_backgroundTrain_0,0,train,https://doi.org/10.1080/00288330.2022.2088569,"Gall et al. 2022, Figure 10A",v1,S2_SR_HARMONIZED_SCL_v1,174.8832882110386,-41.27021571298939,0.0361,0.032,0.0067,0.0041,0.003,0.0034,0.0018,0.0017,0.0027,0.0036
hutt_20200713,COPERNICUS/S2_SR_HARMONIZED/20200712T222549_20200712T222545_T60GUV,2020-07-12 22:27:27,hutt_20200713_backgroundTrain_0,0,train,https://doi.org/10.1080/00288330.2022.2088569,"Gall et al. 2022, Figure 10A",v1,S2_SR_HARMONIZED_SCL_v1,174.88364614467554,-41.27022229612664,0.0361,0.0314,0.0044,0.0044,0.003,0.0036,1.0E-4,0.001,0.0019,0.001
hutt_20200713,COPERNICUS/S2_SR_HARMONIZED/20200712T222549_20200712T222545_T60GUV,2020-07-12 22:27:27,hutt_20200713_backgroundTrain_0,0,train,https://doi.org/10.1080/00288330.2022.2088569,"Gall et al. 2022, Figure 10A",v1,S2_SR_HARMONIZED_SCL_v1,174.884242701001,-41.27023326555108,0.0306,0.0311,0.006,0.0041,0.0027,0.0042,0.0016,0.0016,3.0E-4,6.0E-4
hutt_20200713,COPERNICUS/S2_SR_HARMONIZED/20200712T222549_20200712T222545_T60GUV,2020-07-12 22:27:27,hutt_20200713_backgroundTrain_0,0,train,https://doi.org/10.1080/00288330.2022.2088569,"Gall et al. 2022, Figure 10A",v1,S2_SR_HARMONIZED_SCL_v1,174.88460063495455,-41.270239845723154,0.0358,0.031,0.0071,0.0042,0.0028,0.0048,0.0021,0.0011,0.0011,1.0E-4
hutt_20200713,COPERNICUS/S2_SR_HARMONIZED/20200712T222549_20200712T222545_T60GUV,2020-07-12 22:27:27,hutt_20200713_backgroundTrain_0,0,train,https://doi.org/10.1080/00288330.2022.2088569,"Gall et al. 2022, Figure 10A",v1,S2_SR_HARMONIZED_SCL_v1,174.8866289295998,-41.270277112361555,0.0372,0.0317,0.0062,0.0044,0.0012,0.0039,9.0E-4,0.0027,5.0E-4,0.0027
hutt_20200713,COPERNICUS/S2_SR_HARMONIZED/20200712T222549_20200712T222545_T60GUV,2020-07-12 22:27:27,hutt_20200713_backgroundTrain_0,0,train,https://doi.org/10.1080/00288330.2022.2088569,"Gall et al. 2022, Figure 10A",v1,S2_SR_HARMONIZED_SCL_v1,174.88937309900416,-41.27032747509827,0.0379,0.034,0.0071,0.0045,0.0032,0.0036,0.0022,0.0031,0.001,0.0021
hutt_20200713,COPERNICUS/S2_SR_HARMONIZED/20200712T222549_20200712T222545_T60GUV,2020-07-12 22:27:27,hutt_20200713_backgroundTrain_0,0,train,https://doi.org/10.1080/00288330.2022.2088569,"Gall et al. 2022, Figure 10A",v1,S2_SR_HARMONIZED_SCL_v1,174.87254733376415,-41.27010771775782,0.0368,0.0318,0.0059,0.0044,0.0029,0.0036,0.0037,9.0E-4,0.001,0.0026
hutt_20200713,COPERNICUS/S2_SR_HARMONIZED/20200712T222549_20200712T222545_T60GUV,2020-07-12 22:27:27,hutt_20200713_backgroundTrain_0,0,train,https://doi.org/10.1080/00288330.2022.2088569,"Gall et al. 2022, Figure 10A",v1,S2_SR_HARMONIZED_SCL_v1,174.87326319499493,-41.270120949677384,0.0394,0.0328,0.0071,0.0026,0.0029,0.0013,0.0027,0.0015,8.0E-4,3.0E-4
hutt_20200713,COPERNICUS/S2_SR_HARMONIZED/20200712T222549_20200712T222545_T60GUV,2020-07-12 22:27:27,hutt_20200713_backgroundTrain_0,0,train,https://doi.org/10.1080/00288330.2022.2088569,"Gall et al. 2022, Figure 10A",v1,S2_SR_HARMONIZED_SCL_v1,174.8762459552598,-41.27017603480153,0.0383,0.0322,0.0083,0.0044,0.0025,0.0034,0.0044,0.003,4.0E-4,0.0015
hutt_20200713,COPERNICUS/S2_SR_HARMONIZED/20200712T222549_20200712T222545_T60GUV,2020-07-12 22:27:27,hutt_20200713_backgroundTrain_0,0,train,https://doi.org/10.1080/00288330.2022.2088569,"Gall et al. 2022, Figure 10A",v1,S2_SR_HARMONIZED_SCL_v1,174.8774390616837,-41.27019804723055,0.0406,0.0329,0.0075,0.004,0.0046,0.0049,0.0035,0.001,0.0013,0.0011
hutt_20200713,COPERNICUS/S2_SR_HARMONIZED/20200712T222549_20200712T222545_T60GUV,2020-07-12 22:27:27,hutt_20200713_backgroundTrain_0,0,train,https://doi.org/10.1080/00288330.2022.2088569,"Gall et al. 2022, Figure 10A",v1,S2_SR_HARMONIZED_SCL_v1,174.87875148027854,-41.2702222466328,0.0318,0.0339,0.0056,0.0042,0.0044,0.0028,0.0031,0.0011,1.0E-4,0.002
hutt_20200713,COPERNICUS/S2_SR_HARMONIZED/20200712T222549_20200712T222545_T60GUV,2020-07-12 22:27:27,hutt_20200713_backgroundTrain_0,0,train,https://doi.org/10.1080/00288330.2022.2088569,"Gall et al. 2022, Figure 10A",v1,S2_SR_HARMONIZED_SCL_v1,174.8791094129004,-41.27022884387527,0.0374,0.0332,0.0068,0.0045,0.0023,0.004,0.0035,0.0027,0.0019,0.0031
hutt_20200713,COPERNICUS/S2_SR_HARMONIZED/20200712T222549_20200712T222545_T60GUV,2020-07-12 22:27:27,hutt_20200713_backgroundTrain_0,0,train,https://doi.org/10.1080/00288330.2022.2088569,"Gall et al. 2022, Figure 10A",v1,S2_SR_HARMONIZED_SCL_v1,174.87946734564125,-41.27023544000583,0.0389,0.0319,0.0069,0.003,0.0044,0.0031,0.0013,0.0036,0.0027,0.0029
hutt_20200713,COPERNICUS/S2_SR_HARMONIZED/20200712T222549_20200712T222545_T60GUV,2020-07-12 22:27:27,hutt_20200713_backgroundTrain_0,0,train,https://doi.org/10.1080/00288330.2022.2088569,"Gall et al. 2022, Figure 10A",v1,S2_SR_HARMONIZED_SCL_v1,174.87994458948083,-41.27024423311689,0.0334,0.0321,0.0058,0.0044,0.0024,0.0031,0.0017,0.0013,0.001,0.001
hutt_20200713,COPERNICUS/S2_SR_HARMONIZED/20200712T222549_20200712T222545_T60GUV,2020-07-12 22:27:27,hutt_20200713_backgroundTrain_0,0,train,https://doi.org/10.1080/00288330.2022.2088569,"Gall et al. 2022, Figure 10A",v1,S2_SR_HARMONIZED_SCL_v1,174.88042183353187,-41.27025302425119,0.0338,0.034,0.006,0.0057,0.0028,0.0032,0.004,0.0025,0.0013,0.0019
hutt_20200713,COPERNICUS/S2_SR_HARMONIZED/20200712T222549_20200712T222545_T60GUV,2020-07-12 22:27:27,hutt_20200713_backgroundTrain_0,0,train,https://doi.org/10.1080/00288330.2022.2088569,"Gall et al. 2022, Figure 10A",v1,S2_SR_HARMONIZED_SCL_v1,174.88125701113003,-41.270268403979614,0.0361,0.0356,0.009,0.0043,0.0045,0.004,0.0019,0.0017,0.0034,0.0035
hutt_20200713,COPERNICUS/S2_SR_HARMONIZED/20200712T222549_20200712T222545_T60GUV,2020-07-12 22:27:27,hutt_20200713_backgroundTrain_0,0,train,https://doi.org/10.1080/00288330.2022.2088569,"Gall et al. 2022, Figure 10A",v1,S2_SR_HARMONIZED_SCL_v1,174.88185356695362,-41.27027938579347,0.036,0.0345,0.0065,0.0023,0.0023,9.0E-4,0.0034,1.0E-4,9.0E-4,0.0012
hutt_20200713,COPERNICUS/S2_SR_HARMONIZED/20200712T222549_20200712T222545_T60GUV,2020-07-12 22:27:27,hutt_20200713_backgroundTrain_0,0,train,https://doi.org/10.1080/00288330.2022.2088569,"Gall et al. 2022, Figure 10A",v1,S2_SR_HARMONIZED_SCL_v1,174.88256943437776,-41.27029255989299,0.0372,0.0328,0.0093,0.0061,0.0017,0.0052,0.0016,0.0017,0.0021,0.0012
hutt_20200713,COPERNICUS/S2_SR_HARMONIZED/20200712T222549_20200712T222545_T60GUV,2020-07-12 22:27:27,hutt_20200713_backgroundTrain_0,0,train,https://doi.org/10.1080/00288330.2022.2088569,"Gall et al. 2022, Figure 10A",v1,S2_SR_HARMONIZED_SCL_v1,174.8847170395012,-41.270332055504994,0.0341,0.031,0.0041,0.0059,0.0017,0.0035,0.0021,0.0012,0.0011,0.0014
hutt_20200713,COPERNICUS/S2_SR_HARMONIZED/20200712T222549_20200712T222545_T60GUV,2020-07-12 22:27:27,hutt_20200713_backgroundTrain_0,0,train,https://doi.org/10.1080/00288330.2022.2088569,"Gall et al. 2022, Figure 10A",v1,S2_SR_HARMONIZED_SCL_v1,174.88602946695838,-41.27035617200621,0.0338,0.0313,0.0072,0.0022,0.002,0.003,0.0021,0.0022,0.0028,0.0015
hutt_20200713,COPERNICUS/S2_SR_HARMONIZED/20200712T222549_20200712T222545_T60GUV,2020-07-12 22:27:27,hutt_20200713_backgroundTrain_0,0,train,https://doi.org/10.1080/00288330.2022.2088569,"Gall et al. 2022, Figure 10A",v1,S2_SR_HARMONIZED_SCL_v1,174.88913157455906,-41.27041311521784,0.039,0.0327,0.0066,0.0039,0.0032,0.0042,0.0021,1.0E-4,0.0019,0.0017
hutt_20200713,COPERNICUS/S2_SR_HARMONIZED/20200712T222549_20200712T222545_T60GUV,2020-07-12 22:27:27,hutt_20200713_backgroundTrain_0,0,train,https://doi.org/10.1080/00288330.2022.2088569,"Gall et al. 2022, Figure 10A",v1,S2_SR_HARMONIZED_SCL_v1,174.8903246952368,-41.27043499421396,0.0394,0.0334,0.0074,0.0039,0.0019,0.0066,0.0024,0.0025,0.0014,0.0037
hutt_20200713,COPERNICUS/S2_SR_HARMONIZED/20200712T222549_20200712T222545_T60GUV,2020-07-12 22:27:27,hutt_20200713_backgroundTrain_0,0,train,https://doi.org/10.1080/00288330.2022.2088569,"Gall et al. 2022, Figure 10A",v1,S2_SR_HARMONIZED_SCL_v1,174.87314096207126,-41.270208760631476,0.0383,0.0373,0.0077,0.003,0.0025,0.0032,0.0021,0.0023,0.0017,0.0017
hutt_20200713,COPERNICUS/S2_SR_HARMONIZED/20200712T222549_20200712T222545_T60GUV,2020-07-12 22:27:27,hutt_20200713_backgroundTrain_0,0,train,https://doi.org/10.1080/00288330.2022.2088569,"Gall et al. 2022, Figure 10A",v1,S2_SR_HARMONIZED_SCL_v1,174.87397613516328,-41.27022419316304,0.0362,0.0337,0.0077,0.0052,0.0023,0.0042,0.0017,0.0012,8.0E-4,0.002
hutt_20200713,COPERNICUS/S2_SR_HARMONIZED/20200712T222549_20200712T222545_T60GUV,2020-07-12 22:27:27,hutt_20200713_backgroundTrain_0,0,train,https://doi.org/10.1080/00288330.2022.2088569,"Gall et al. 2022, Figure 10A",v1,S2_SR_HARMONIZED_SCL_v1,174.87493061949237,-41.2702418229292,0.0338,0.0353,0.0063,0.006,0.0044,0.0012,0.0019,0.0021,0.0021,0.0021
hutt_20200713,COPERNICUS/S2_SR_HARMONIZED/20200712T222549_20200712T222545_T60GUV,2020-07-12 22:27:27,hutt_20200713_backgroundTrain_0,0,train,https://doi.org/10.1080/00288330.2022.2088569,"Gall et al. 2022, Figure 10A",v1,S2_SR_HARMONIZED_SCL_v1,174.87564648329572,-41.27025504006485,0.0359,0.0364,0.0069,0.0049,0.0028,0.0042,0.0017,0.0031,0.0014,0.0017
hutt_20200713,COPERNICUS/S2_SR_HARMONIZED/20200712T222549_20200712T222545_T60GUV,2020-07-12 22:27:27,hutt_20200713_backgroundTrain_0,0,train,https://doi.org/10.1080/00288330.2022.2088569,"Gall et al. 2022, Figure 10A",v1,S2_SR_HARMONIZED_SCL_v1,174.87588510466946,-41.270259444788365,0.0368,0.031,0.0065,0.0047,0.004,0.0013,0.0029,0.0029,0.002,0.0024
hutt_20200713,COPERNICUS/S2_SR_HARMONIZED/20200712T222549_20200712T222545_T60GUV,2020-07-12 22:27:27,hutt_20200713_backgroundTrain_0,0,train,https://doi.org/10.1080/00288330.2022.2088569,"Gall et al. 2022, Figure 10A",v1,S2_SR_HARMONIZED_SCL_v1,174.8762430368294,-41.270266050947036,0.0368,0.0346,0.006,0.0044,0.0025,0.0034,0.0024,0.003,4.0E-4,0.0015
hutt_20200713,COPERNICUS/S2_SR_HARMONIZED/20200712T222549_20200712T222545_T60GUV,2020-07-12 22:27:27,hutt_20200713_backgroundTrain_0,0,train,https://doi.org/10.1080/00288330.2022.2088569,"Gall et al. 2022, Figure 10A",v1,S2_SR_HARMONIZED_SCL_v1,174.87707821233275,-41.27028146099311,0.0378,0.0337,0.0062,0.0043,0.004,0.0027,0.0027,0.0013,0.0014,0.0025
hutt_20200713,COPERNICUS/S2_SR_HARMONIZED/20200712T222549_20200712T222545_T60GUV,2020-07-12 22:27:27,hutt_20200713_backgroundTrain_0,0,train,https://doi.org/10.1080/00288330.2022.2088569,"Gall et al. 2022, Figure 10A",v1,S2_SR_HARMONIZED_SCL_v1,174.87815201036145,-41.270301265014076,0.0366,0.0352,0.0059,0.0059,0.0018,0.0049,0.0032,0.003,1.0E-4,8.0E-4
hutt_20200713,COPERNICUS/S2_SR_HARMONIZED/20200712T222549_20200712T222545_T60GUV,2020-07-12 22:27:27,hutt_20200713_backgroundTrain_0,0,train,https://doi.org/10.1080/00288330.2022.2088569,"Gall et al. 2022, Figure 10A",v1,S2_SR_HARMONIZED_SCL_v1,174.8789871873469,-41.27031666122283,0.0359,0.0318,0.0064,0.0045,0.0023,0.004,0.0045,0.0027,0.0019,0.0031
hutt_20200713,COPERNICUS/S2_SR_HARMONIZED/20200712T222549_20200712T222545_T60GUV,2020-07-12 22:27:27,hutt_20200713_backgroundTrain_0,0,train,https://doi.org/10.1080/00288330.2022.2088569,"Gall et al. 2022, Figure 10A",v1,S2_SR_HARMONIZED_SCL_v1,174.88041892082944,-41.27034304063906,0.0361,0.0358,0.0062,0.0057,0.0028,0.0032,0.0019,0.0025,0.0013,0.0019
hutt_20200713,COPERNICUS/S2_SR_HARMONIZED/20200712T222549_20200712T222545_T60GUV,2020-07-12 22:27:27,hutt_20200713_backgroundTrain_0,0,train,https://doi.org/10.1080/00288330.2022.2088569,"Gall et al. 2022, Figure 10A",v1,S2_SR_HARMONIZED_SCL_v1,174.88375963968738,-41.270404523423046,0.0378,0.0342,0.007,0.0033,0.0057,8.0E-4,0.0022,0.0016,0.002,0.001
hutt_20200713,COPERNICUS/S2_SR_HARMONIZED/20200712T222549_20200712T222545_T60GUV,2020-07-12 22:27:27,hutt_20200713_backgroundTrain_0,0,train,https://doi.org/10.1080/00288330.2022.2088569,"Gall et al. 2022, Figure 10A",v1,S2_SR_HARMONIZED_SCL_v1,174.88471413269045,-41.27042207214166,0.0338,0.0315,0.0065,0.0059,0.0017,0.0035,0.0021,0.0012,0.0011,0.0014
hutt_20200713,COPERNICUS/S2_SR_HARMONIZED/20200712T222549_20200712T222545_T60GUV,2020-07-12 22:27:27,hutt_20200713_backgroundTrain_0,0,train,https://doi.org/10.1080/00288330.2022.2088569,"Gall et al. 2022, Figure 10A",v1,S2_SR_HARMONIZED_SCL_v1,174.88495275607315,-41.27042645808582,0.0394,0.0346,0.0056,0.0041,0.0036,0.0044,0.0036,8.0E-4,0.0016,0.003
hutt_20200713,COPERNICUS/S2_SR_HARMONIZED/20200712T222549_20200712T222545_T60GUV,2020-07-12 22:27:27,hutt_20200713_backgroundTrain_0,0,train,https://doi.org/10.1080/00288330.2022.2088569,"Gall et al. 2022, Figure 10A",v1,S2_SR_HARMONIZED_SCL_v1,174.88519137950854,-41.27043084353578,0.0328,0.0338,0.0055,0.005,0.0024,0.0038,0.0021,0.0018,0.0012,0.0011
hutt_20200713,COPERNICUS/S2_SR_HARMONIZED/20200712T222549_20200712T222545_T60GUV,2020-07-12 22:27:27,hutt_20200713_backgroundTrain_0,0,train,https://doi.org/10.1080/00288330.2022.2088569,"Gall et al. 2022, Figure 10A",v1,S2_SR_HARMONIZED_SCL_v1,174.8862651856206,-41.27045057194485,0.0434,0.0318,0.0056,0.0026,0.002,0.0046,0.0017,0.0035,0.0025,1.0E-4
hutt_20200713,COPERNICUS/S2_SR_HARMONIZED/20200712T222549_20200712T222545_T60GUV,2020-07-12 22:27:27,hutt_20200713_backgroundTrain_0,0,train,https://doi.org/10.1080/00288330.2022.2088569,"Gall et al. 2022, Figure 10A",v1,S2_SR_HARMONIZED_SCL_v1,174.88650380934607,-41.2704549546767,0.0317,0.0314,0.0074,0.004,0.0023,0.0042,0.0017,0.0015,0.002,0.0014
hutt_20200713,COPERNICUS/S2_SR_HARMONIZED/20200712T222549_20200712T222545_T60GUV,2020-07-12 22:27:27,hutt_20200713_backgroundTrain_0,0,train,https://doi.org/10.1080/00288330.2022.2088569,"Gall et al. 2022, Figure 10A",v1,S2_SR_HARMONIZED_SCL_v1,174.8871003688903,-41.270465909344196,0.0378,0.0341,0.0051,0.008,0.0034,0.006,0.0018,0.001,0.002,0.0022
hutt_20200713,COPERNICUS/S2_SR_HARMONIZED/20200712T222549_20200712T222545_T60GUV,2020-07-12 22:27:27,hutt_20200713_backgroundTrain_0,0,train,https://doi.org/10.1080/00288330.2022.2088569,"Gall et al. 2022, Figure 10A",v1,S2_SR_HARMONIZED_SCL_v1,174.88781624077808,-41.270479050868026,0.0353,0.0319,0.0074,0.0043,0.0023,0.0035,0.0018,8.0E-4,0.0028,0.0024
hutt_20200713,COPERNICUS/S2_SR_HARMONIZED/20200712T222549_20200712T222545_T60GUV,2020-07-12 22:27:27,hutt_20200713_backgroundTrain_0,0,train,https://doi.org/10.1080/00288330.2022.2088569,"Gall et al. 2022, Figure 10A",v1,S2_SR_HARMONIZED_SCL_v1,174.88865142524645,-41.27049437702426,0.0361,0.0316,0.0052,0.0051,0.0022,0.0035,0.0018,0.0011,1.0E-4,0.0024
hutt_20200713,COPERNICUS/S2_SR_HARMONIZED/20200712T222549_20200712T222545_T60GUV,2020-07-12 22:27:27,hutt_20200713_backgroundTrain_0,0,train,https://doi.org/10.1080/00288330.2022.2088569,"Gall et al. 2022, Figure 10A",v1,S2_SR_HARMONIZED_SCL_v1,174.88900936164464,-41.270500943523665,0.039,0.0353,0.0071,0.0039,0.0032,0.0042,0.0032,1.0E-4,0.0019,0.0017
hutt_20200713,COPERNICUS/S2_SR_HARMONIZED/20200712T222549_20200712T222545_T60GUV,2020-07-12 22:27:27,hutt_20200713_backgroundTrain_0,0,train,https://doi.org/10.1080/00288330.2022.2088569,"Gall et al. 2022, Figure 10A",v1,S2_SR_HARMONIZED_SCL_v1,174.88960592257158,-41.27051188521831,0.0353,0.0331,0.0068,0.0043,0.0022,0.0038,0.003,0.0016,0.0027,0.0021
hutt_20200713,COPERNICUS/S2_SR_HARMONIZED/20200712T222549_20200712T222545_T60GUV,2020-07-12 22:27:27,hutt_20200713_backgroundTrain_0,0,train,https://doi.org/10.1080/00288330.2022.2088569,"Gall et al. 2022, Figure 10A",v1,S2_SR_HARMONIZED_SCL_v1,174.87218355532534,-41.2702811319478,0.0355,0.0304,0.0069,0.0062,0.0024,0.0028,0.0031,0.0011,0.002,0.0015
hutt_20200713,COPERNICUS/S2_SR_HARMONIZED/20200712T222549_20200712T222545_T60GUV,2020-07-12 22:27:27,hutt_20200713_backgroundTrain_0,0,train,https://doi.org/10.1080/00288330.2022.2088569,"Gall et al. 2022, Figure 10A",v1,S2_SR_HARMONIZED_SCL_v1,174.8723028657848,-41.27028333796111,0.0347,0.0313,0.0063,0.0059,0.0039,0.0024,0.0039,4.0E-4,0.001,0.003
hutt_20200713,COPERNICUS/S2_SR_HARMONIZED/20200712T222549_20200712T222545_T60GUV,2020-07-12 22:27:27,hutt_20200713_backgroundTrain_0,0,train,https://doi.org/10.1080/00288330.2022.2088569,"Gall et al. 2022, Figure 10A",v1,S2_SR_HARMONIZED_SCL_v1,174.8732573499382,-41.27030098161998,0.0353,0.0331,0.007,0.0043,0.0035,8.0E-4,9.0E-4,9.0E-4,5.0E-4,0.002
hutt_20200713,COPERNICUS/S2_SR_HARMONIZED/20200712T222549_20200712T222545_T60GUV,2020-07-12 22:27:27,hutt_20200713_backgroundTrain_0,0,train,https://doi.org/10.1080/00288330.2022.2088569,"Gall et al. 2022, Figure 10A",v1,S2_SR_HARMONIZED_SCL_v1,174.87421183494027,-41.270318617371885,0.0368,0.0319,0.0077,0.0042,0.0027,0.0063,0.0011,0.0013,0.0013,0.0021
hutt_20200713,COPERNICUS/S2_SR_HARMONIZED/20200712T222549_20200712T222545_T60GUV,2020-07-12 22:27:27,hutt_20200713_backgroundTrain_0,0,train,https://doi.org/10.1080/00288330.2022.2088569,"Gall et al. 2022, Figure 10A",v1,S2_SR_HARMONIZED_SCL_v1,174.87480838849737,-41.27032963570156,0.0372,0.0337,0.0051,0.0042,0.0041,0.0036,0.0019,0.001,0.002,0.0031
hutt_20200713,COPERNICUS/S2_SR_HARMONIZED/20200712T222549_20200712T222545_T60GUV,2020-07-12 22:27:27,hutt_20200713_backgroundTrain_0,0,train,https://doi.org/10.1080/00288330.2022.2088569,"Gall et al. 2022, Figure 10A",v1,S2_SR_HARMONIZED_SCL_v1,174.87504701001296,-41.2703340421686,0.036,0.0341,0.0074,0.0028,0.0044,0.0023,0.0019,0.0028,0.0029,0.002
hutt_20200713,COPERNICUS/S2_SR_HARMONIZED/20200712T222549_20200712T222545_T60GUV,2020-07-12 22:27:27,hutt_20200713_backgroundTrain_0,0,train,https://doi.org/10.1080/00288330.2022.2088569,"Gall et al. 2022, Figure 10A",v1,S2_SR_HARMONIZED_SCL_v1,174.87540494238573,-41.27034065094255,0.0383,0.0349,0.0062,0.0034,0.0029,0.0012,0.0019,0.002,0.0014,8.0E-4
hutt_20200713,COPERNICUS/S2_SR_HARMONIZED/20200712T222549_20200712T222545_T60GUV,2020-07-12 22:27:27,hutt_20200713_backgroundTrain_0,0,train,https://doi.org/10.1080/00288330.2022.2088569,"Gall et al. 2022, Figure 10A",v1,S2_SR_HARMONIZED_SCL_v1,174.87576287487772,-41.27034725860458,0.0383,0.0322,0.0069,0.005,0.0043,0.0073,0.0012,0.0027,0.0017,0.002
hutt_20200713,COPERNICUS/S2_SR_HARMONIZED/20200712T222549_20200712T222545_T60GUV,2020-07-12 22:27:27,hutt_20200713_backgroundTrain_0,0,train,https://doi.org/10.1080/00288330.2022.2088569,"Gall et al. 2022, Figure 10A",v1,S2_SR_HARMONIZED_SCL_v1,174.8762401183858,-41.27035606709096,0.0344,0.0344,0.0076,0.0062,0.0036,0.0052,0.0039,0.0034,0.002,0.0014
hutt_20200713,COPERNICUS/S2_SR_HARMONIZED/20200712T222549_20200712T222545_T60GUV,2020-07-12 22:27:27,hutt_20200713_backgroundTrain_0,0,train,https://doi.org/10.1080/00288330.2022.2088569,"Gall et al. 2022, Figure 10A",v1,S2_SR_HARMONIZED_SCL_v1,174.8775525391253,-41.27038028023583,0.0402,0.0322,0.0048,0.0058,0.003,0.0046,0.0019,0.001,0.0013,0.0011
hutt_20200713,COPERNICUS/S2_SR_HARMONIZED/20200712T222549_20200712T222545_T60GUV,2020-07-12 22:27:27,hutt_20200713_backgroundTrain_0,0,train,https://doi.org/10.1080/00288330.2022.2088569,"Gall et al. 2022, Figure 10A",v1,S2_SR_HARMONIZED_SCL_v1,174.87970014015258,-41.270419869499584,0.0353,0.0316,0.0059,0.003,0.0026,0.0031,0.0026,0.0016,0.0011,5.0E-4
hutt_20200713,COPERNICUS/S2_SR_HARMONIZED/20200712T222549_20200712T222545_T60GUV,2020-07-12 22:27:27,hutt_20200713_backgroundTrain_0,0,train,https://doi.org/10.1080/00288330.2022.2088569,"Gall et al. 2022, Figure 10A",v1,S2_SR_HARMONIZED_SCL_v1,174.88029669675387,-41.27043085941327,0.0369,0.0307,0.0071,0.0045,0.0032,0.0043,0.0031,0.001,0.0014,0.0024
hutt_20200713,COPERNICUS/S2_SR_HARMONIZED/20200712T222549_20200712T222545_T60GUV,2020-07-12 22:27:27,hutt_20200713_backgroundTrain_0,0,train,https://doi.org/10.1080/00288330.2022.2088569,"Gall et al. 2022, Figure 10A",v1,S2_SR_HARMONIZED_SCL_v1,174.88137049946874,-41.27045063347431,0.0387,0.0354,0.0088,0.0045,0.0036,0.0031,0.0037,0.0034,0.0014,1.0E-4
hutt_20200713,COPERNICUS/S2_SR_HARMONIZED/20200712T222549_20200712T222545_T60GUV,2020-07-12 22:27:27,hutt_20200713_backgroundTrain_0,0,train,https://doi.org/10.1080/00288330.2022.2088569,"Gall et al. 2022, Figure 10A",v1,S2_SR_HARMONIZED_SCL_v1,174.88148981094758,-41.27045282997445,0.0383,0.0326,0.0053,0.0045,0.0036,0.0031,0.0037,0.0034,0.0014,1.0E-4
hutt_20200713,COPERNICUS/S2_SR_HARMONIZED/20200712T222549_20200712T222545_T60GUV,2020-07-12 22:27:27,hutt_20200713_backgroundTrain_0,0,train,https://doi.org/10.1080/00288330.2022.2088569,"Gall et al. 2022, Figure 10A",v1,S2_SR_HARMONIZED_SCL_v1,174.88172843394486,-41.27045722260411,0.0344,0.0315,0.0072,0.0044,0.0041,0.0034,0.005,0.0029,7.0E-4,7.0E-4
hutt_20200713,COPERNICUS/S2_SR_HARMONIZED/20200712T222549_20200712T222545_T60GUV,2020-07-12 22:27:27,hutt_20200713_backgroundTrain_0,0,train,https://doi.org/10.1080/00288330.2022.2088569,"Gall et al. 2022, Figure 10A",v1,S2_SR_HARMONIZED_SCL_v1,174.88196705699497,-41.27046161473956,0.041,0.0328,0.0053,0.0042,0.0041,0.0014,0.0037,1.0E-4,9.0E-4,0.001
hutt_20200713,COPERNICUS/S2_SR_HARMONIZED/20200712T222549_20200712T222545_T60GUV,2020-07-12 22:27:27,hutt_20200713_backgroundTrain_0,0,train,https://doi.org/10.1080/00288330.2022.2088569,"Gall et al. 2022, Figure 10A",v1,S2_SR_HARMONIZED_SCL_v1,174.88423397860478,-41.27050331537822,0.0328,0.0323,0.0088,0.0042,0.0036,0.0043,1.0E-4,0.0011,8.0E-4,8.0E-4
hutt_20200713,COPERNICUS/S2_SR_HARMONIZED/20200712T222549_20200712T222545_T60GUV,2020-07-12 22:27:27,hutt_20200713_backgroundTrain_0,0,train,https://doi.org/10.1080/00288330.2022.2088569,"Gall et al. 2022, Figure 10A",v1,S2_SR_HARMONIZED_SCL_v1,174.8843532904004,-41.270505508913175,0.0353,0.0297,0.0057,0.0042,0.0036,0.0043,0.0016,0.0011,8.0E-4,8.0E-4
hutt_20200713,COPERNICUS/S2_SR_HARMONIZED/20200712T222549_20200712T222545_T60GUV,2020-07-12 22:27:27,hutt_20200713_backgroundTrain_0,0,train,https://doi.org/10.1080/00288330.2022.2088569,"Gall et al. 2022, Figure 10A",v1,S2_SR_HARMONIZED_SCL_v1,174.88471122586648,-41.270512088776755,0.0359,0.0344,0.0067,0.0058,0.0027,0.0041,0.0035,0.0012,9.0E-4,0.0027
hutt_20200713,COPERNICUS/S2_SR_HARMONIZED/20200712T222549_20200712T222545_T60GUV,2020-07-12 22:27:27,hutt_20200713_backgroundTrain_0,0,train,https://doi.org/10.1080/00288330.2022.2088569,"Gall et al. 2022, Figure 10A",v1,S2_SR_HARMONIZED_SCL_v1,174.88542709715475,-41.27052524516804,0.0344,0.0335,0.0069,0.006,0.0023,0.0033,0.0037,0.0034,0.0018,1.0E-4
hutt_20200713,COPERNICUS/S2_SR_HARMONIZED/20200712T222549_20200712T222545_T60GUV,2020-07-12 22:27:27,hutt_20200713_backgroundTrain_0,0,train,https://doi.org/10.1080/00288330.2022.2088569,"Gall et al. 2022, Figure 10A",v1,S2_SR_HARMONIZED_SCL_v1,174.8869781532407,-41.270553735423995,0.036,0.0353,0.0079,0.0068,0.0018,0.0029,0.0018,0.002,0.002,0.0032
hutt_20200713,COPERNICUS/S2_SR_HARMONIZED/20200712T222549_20200712T222545_T60GUV,2020-07-12 22:27:27,hutt_20200713_backgroundTrain_0,0,train,https://doi.org/10.1080/00288330.2022.2088569,"Gall et al. 2022, Figure 10A",v1,S2_SR_HARMONIZED_SCL_v1,174.8873360895768,-41.27056030713322,0.0375,0.0325,0.0077,0.0021,0.0042,0.0032,0.0022,0.001,0.0019,0.003
hutt_20200713,COPERNICUS/S2_SR_HARMONIZED/20200712T222549_20200712T222545_T60GUV,2020-07-12 22:27:27,hutt_20200713_backgroundTrain_0,0,train,https://doi.org/10.1080/00288330.2022.2088569,"Gall et al. 2022, Figure 10A",v1,S2_SR_HARMONIZED_SCL_v1,174.88817127482204,-41.27057563679715,0.0369,0.0334,0.0071,0.0042,0.0031,0.0032,0.0017,0.004,0.001,0.0032
hutt_20200713,COPERNICUS/S2_SR_HARMONIZED/20200712T222549_20200712T222545_T60GUV,2020-07-12 22:27:27,hutt_20200713_backgroundTrain_0,0,train,https://doi.org/10.1080/00288330.2022.2088569,"Gall et al. 2022, Figure 10A",v1,S2_SR_HARMONIZED_SCL_v1,174.87301580594473,-41.27038658740158,0.0396,0.0321,0.0064,0.0045,0.0021,0.0049,0.0021,0.001,8.0E-4,0.0021
hutt_20200713,COPERNICUS/S2_SR_HARMONIZED/20200712T222549_20200712T222545_T60GUV,2020-07-12 22:27:27,hutt_20200713_backgroundTrain_0,0,train,https://doi.org/10.1080/00288330.2022.2088569,"Gall et al. 2022, Figure 10A",v1,S2_SR_HARMONIZED_SCL_v1,174.87349304888824,-41.27039540728205,0.0372,0.0323,0.0074,0.0051,0.0044,0.0049,0.0016,0.0027,8.0E-4,7.0E-4
hutt_20200713,COPERNICUS/S2_SR_HARMONIZED/20200712T222549_20200712T222545_T60GUV,2020-07-12 22:27:27,hutt_20200713_backgroundTrain_0,0,train,https://doi.org/10.1080/00288330.2022.2088569,"Gall et al. 2022, Figure 10A",v1,S2_SR_HARMONIZED_SCL_v1,174.87420891370127,-41.27040863339633,0.037,0.0317,0.007,0.0042,0.0027,0.0063,1.0E-4,0.0013,0.0013,0.0021
hutt_20200713,COPERNICUS/S2_SR_HARMONIZED/20200712T222549_20200712T222545_T60GUV,2020-07-12 22:27:27,hutt_20200713_backgroundTrain_0,0,train,https://doi.org/10.1080/00288330.2022.2088569,"Gall et al. 2022, Figure 10A",v1,S2_SR_HARMONIZED_SCL_v1,174.87468615717506,-41.270417448334904,0.0368,0.0335,0.0071,0.0042,0.0041,0.0036,0.0035,0.001,0.002,0.0031
hutt_20200713,COPERNICUS/S2_SR_HARMONIZED/20200712T222549_20200712T222545_T60GUV,2020-07-12 22:27:27,hutt_20200713_backgroundTrain_0,0,train,https://doi.org/10.1080/00288330.2022.2088569,"Gall et al. 2022, Figure 10A",v1,S2_SR_HARMONIZED_SCL_v1,174.8757599557662,-41.270437274719185,0.037,0.0319,0.0059,0.005,0.0043,0.0073,1.0E-4,0.0027,0.0017,0.002
hutt_20200713,COPERNICUS/S2_SR_HARMONIZED/20200712T222549_20200712T222545_T60GUV,2020-07-12 22:27:27,hutt_20200713_backgroundTrain_0,0,train,https://doi.org/10.1080/00288330.2022.2088569,"Gall et al. 2022, Figure 10A",v1,S2_SR_HARMONIZED_SCL_v1,174.87611788886838,-41.270443881290085,0.0362,0.0335,0.0069,0.0062,0.0036,0.0052,0.0026,0.0034,0.002,0.0014
hutt_20200713,COPERNICUS/S2_SR_HARMONIZED/20200712T222549_20200712T222545_T60GUV,2020-07-12 22:27:27,hutt_20200713_backgroundTrain_0,0,train,https://doi.org/10.1080/00288330.2022.2088569,"Gall et al. 2022, Figure 10A",v1,S2_SR_HARMONIZED_SCL_v1,174.87635651100268,-41.27044828505295,0.0344,0.0341,0.0074,0.0044,0.0032,0.0057,0.0026,0.0042,2.0E-4,0.002
hutt_20200713,COPERNICUS/S2_SR_HARMONIZED/20200712T222549_20200712T222545_T60GUV,2020-07-12 22:27:27,hutt_20200713_backgroundTrain_0,0,train,https://doi.org/10.1080/00288330.2022.2088569,"Gall et al. 2022, Figure 10A",v1,S2_SR_HARMONIZED_SCL_v1,174.8780268674256,-41.27047909755561,0.0387,0.0361,0.007,0.0047,0.0035,0.0053,0.0026,0.0011,0.0013,0.0015
hutt_20200713,COPERNICUS/S2_SR_HARMONIZED/20200712T222549_20200712T222545_T60GUV,2020-07-12 22:27:27,hutt_20200713_backgroundTrain_0,0,train,https://doi.org/10.1080/00288330.2022.2088569,"Gall et al. 2022, Figure 10A",v1,S2_SR_HARMONIZED_SCL_v1,174.87826548998348,-41.27048349736493,0.0328,0.0337,0.0057,0.0054,0.0049,0.0027,2.0E-4,0.0022,4.0E-4,0.001
hutt_20200713,COPERNICUS/S2_SR_HARMONIZED/20200712T222549_20200712T222545_T60GUV,2020-07-12 22:27:27,hutt_20200713_backgroundTrain_0,0,train,https://doi.org/10.1080/00288330.2022.2088569,"Gall et al. 2022, Figure 10A",v1,S2_SR_HARMONIZED_SCL_v1,174.8804130953849,-41.27052307341006,0.0323,0.0333,0.0055,0.0062,0.0035,0.0033,0.0031,0.001,0.0017,1.0E-4
hutt_20200713,COPERNICUS/S2_SR_HARMONIZED/20200712T222549_20200712T222545_T60GUV,2020-07-12 22:27:27,hutt_20200713_backgroundTrain_0,0,train,https://doi.org/10.1080/00288330.2022.2088569,"Gall et al. 2022, Figure 10A",v1,S2_SR_HARMONIZED_SCL_v1,174.88136758804913,-41.270540649914345,0.0399,0.0321,0.0064,0.0045,0.0036,0.0031,0.0022,0.0034,0.0014,1.0E-4
hutt_20200713,COPERNICUS/S2_SR_HARMONIZED/20200712T222549_20200712T222545_T60GUV,2020-07-12 22:27:27,hutt_20200713_backgroundTrain_0,0,train,https://doi.org/10.1080/00288330.2022.2088569,"Gall et al. 2022, Figure 10A",v1,S2_SR_HARMONIZED_SCL_v1,174.8816062113473,-41.270545042804926,0.0396,0.0334,0.0066,0.0044,0.0041,0.0034,0.0035,0.0029,7.0E-4,7.0E-4
hutt_20200713,COPERNICUS/S2_SR_HARMONIZED/20200712T222549_20200712T222545_T60GUV,2020-07-12 22:27:27,hutt_20200713_backgroundTrain_0,0,train,https://doi.org/10.1080/00288330.2022.2088569,"Gall et al. 2022, Figure 10A",v1,S2_SR_HARMONIZED_SCL_v1,174.8822027698239,-41.27055602286924,0.0355,0.0375,0.0072,0.0038,0.0036,0.003,0.0048,4.0E-4,0.002,0.0026
hutt_20200713,COPERNICUS/S2_SR_HARMONIZED/20200712T222549_20200712T222545_T60GUV,2020-07-12 22:27:27,hutt_20200713_backgroundTrain_0,0,train,https://doi.org/10.1080/00288330.2022.2088569,"Gall et al. 2022, Figure 10A",v1,S2_SR_HARMONIZED_SCL_v1,174.8844696950448,-41.27059771894428,0.0383,0.0314,0.0073,0.0052,0.0027,0.0026,0.0018,0.0012,9.0E-4,0.0026
hutt_20200713,COPERNICUS/S2_SR_HARMONIZED/20200712T222549_20200712T222545_T60GUV,2020-07-12 22:27:27,hutt_20200713_backgroundTrain_0,0,train,https://doi.org/10.1080/00288330.2022.2088569,"Gall et al. 2022, Figure 10A",v1,S2_SR_HARMONIZED_SCL_v1,174.88792974798213,-41.27066127433069,0.0372,0.0354,0.0057,0.0043,0.0038,0.0046,0.0014,0.002,0.0014,0.0021
hutt_20200713,COPERNICUS/S2_SR_HARMONIZED/20200712T222549_20200712T222545_T60GUV,2020-07-12 22:27:27,hutt_20200713_backgroundTrain_0,0,train,https://doi.org/10.1080/00288330.2022.2088569,"Gall et al. 2022, Figure 10A",v1,S2_SR_HARMONIZED_SCL_v1,174.88960012233073,-41.27069191905238,0.0372,0.0306,0.0061,0.0045,0.0024,0.0027,3.0E-4,0.0015,0.002,0.0015
hutt_20200713,COPERNICUS/S2_SR_HARMONIZED/20200712T222549_20200712T222545_T60GUV,2020-07-12 22:27:27,hutt_20200713_backgroundTrain_0,0,train,https://doi.org/10.1080/00288330.2022.2088569,"Gall et al. 2022, Figure 10A",v1,S2_SR_HARMONIZED_SCL_v1,174.88995806002677,-41.27069848262788,0.036,0.032,0.0075,0.0057,0.0036,0.0029,0.0031,0.001,9.0E-4,0.0021
hutt_20200713,COPERNICUS/S2_SR_HARMONIZED/20200712T222549_20200712T222545_T60GUV,2020-07-12 22:27:27,hutt_20200713_backgroundTrain_0,0,train,https://doi.org/10.1080/00288330.2022.2088569,"Gall et al. 2022, Figure 10A",v1,S2_SR_HARMONIZED_SCL_v1,174.87122322145316,-41.27044351109375,0.0362,0.0381,0.0068,0.0047,0.0023,0.0039,0.0031,6.0E-4,0.0016,0.0026
hutt_20200713,COPERNICUS/S2_SR_HARMONIZED/20200712T222549_20200712T222545_T60GUV,2020-07-12 22:27:27,hutt_20200713_backgroundTrain_0,0,train,https://doi.org/10.1080/00288330.2022.2088569,"Gall et al. 2022, Figure 10A",v1,S2_SR_HARMONIZED_SCL_v1,174.8714618428277,-41.27044792500136,0.0376,0.0342,0.0076,0.0053,0.003,0.0034,7.0E-4,3.0E-4,0.0018,0.0024
hutt_20200713,COPERNICUS/S2_SR_HARMONIZED/20200712T222549_20200712T222545_T60GUV,2020-07-12 22:27:27,hutt_20200713_backgroundTrain_0,0,train,https://doi.org/10.1080/00288330.2022.2088569,"Gall et al. 2022, Figure 10A",v1,S2_SR_HARMONIZED_SCL_v1,174.87229701805657,-41.27046336978629,0.0368,0.0339,0.0059,0.0062,0.0018,0.0019,0.0051,0.0012,1.0E-4,0.0034
hutt_20200713,COPERNICUS/S2_SR_HARMONIZED/20200712T222549_20200712T222545_T60GUV,2020-07-12 22:27:27,hutt_20200713_backgroundTrain_0,0,train,https://doi.org/10.1080/00288330.2022.2088569,"Gall et al. 2022, Figure 10A",v1,S2_SR_HARMONIZED_SCL_v1,174.87349012665405,-41.27048542326327,0.0362,0.0309,0.0077,0.0062,0.0034,0.0052,1.0E-4,0.0015,0.001,0.001
hutt_20200713,COPERNICUS/S2_SR_HARMONIZED/20200712T222549_20200712T222545_T60GUV,2020-07-12 22:27:27,hutt_20200713_backgroundTrain_0,0,train,https://doi.org/10.1080/00288330.2022.2088569,"Gall et al. 2022, Figure 10A",v1,S2_SR_HARMONIZED_SCL_v1,174.87396737046433,-41.27049424119474,0.0372,0.0349,0.0082,0.0043,0.0023,0.0051,0.0048,8.0E-4,0.002,0.0035
hutt_20200713,COPERNICUS/S2_SR_HARMONIZED/20200712T222549_20200712T222545_T60GUV,2020-07-12 22:27:27,hutt_20200713_backgroundTrain_0,0,train,https://doi.org/10.1080/00288330.2022.2088569,"Gall et al. 2022, Figure 10A",v1,S2_SR_HARMONIZED_SCL_v1,174.87408668145002,-41.270496445368735,0.0395,0.0328,0.0075,0.0043,0.0023,0.0051,0.0025,8.0E-4,0.002,0.0035
hutt_20200713,COPERNICUS/S2_SR_HARMONIZED/20200712T222549_20200712T222545_T60GUV,2020-07-12 22:27:27,hutt_20200713_backgroundTrain_0,0,train,https://doi.org/10.1080/00288330.2022.2088569,"Gall et al. 2022, Figure 10A",v1,S2_SR_HARMONIZED_SCL_v1,174.8761149702346,-41.27053389742391,0.0372,0.0335,0.0056,0.0065,0.0024,0.0027,0.0016,0.0018,0.0028,0.0027
hutt_20200713,COPERNICUS/S2_SR_HARMONIZED/20200712T222549_20200712T222545_T60GUV,2020-07-12 22:27:27,hutt_20200713_backgroundTrain_0,0,train,https://doi.org/10.1080/00288330.2022.2088569,"Gall et al. 2022, Figure 10A",v1,S2_SR_HARMONIZED_SCL_v1,174.87742739442893,-41.27055811208026,0.0347,0.0336,0.007,0.0051,0.0011,0.0046,0.0013,0.0013,0.002,0.0014
hutt_20200713,COPERNICUS/S2_SR_HARMONIZED/20200712T222549_20200712T222545_T60GUV,2020-07-12 22:27:27,hutt_20200713_backgroundTrain_0,0,train,https://doi.org/10.1080/00288330.2022.2088569,"Gall et al. 2022, Figure 10A",v1,S2_SR_HARMONIZED_SCL_v1,174.87838188575796,-41.270575713349736,0.0378,0.0358,0.0061,0.004,0.0038,0.0041,0.0039,0.0018,0.0012,0.0021
hutt_20200713,COPERNICUS/S2_SR_HARMONIZED/20200712T222549_20200712T222545_T60GUV,2020-07-12 22:27:27,hutt_20200713_backgroundTrain_0,0,train,https://doi.org/10.1080/00288330.2022.2088569,"Gall et al. 2022, Figure 10A",v1,S2_SR_HARMONIZED_SCL_v1,174.88017155928156,-41.27060869441778,0.0378,0.034,0.0055,0.0046,0.0032,0.0037,0.0029,0.0013,0.0022,0.0036
hutt_20200713,COPERNICUS/S2_SR_HARMONIZED/20200712T222549_20200712T222545_T60GUV,2020-07-12 22:27:27,hutt_20200713_backgroundTrain_0,0,train,https://doi.org/10.1080/00288330.2022.2088569,"Gall et al. 2022, Figure 10A",v1,S2_SR_HARMONIZED_SCL_v1,174.88255779527208,-41.270652625932826,0.0354,0.0332,0.0071,0.0051,0.0063,0.005,0.0035,0.0013,0.0019,0.0012
hutt_20200713,COPERNICUS/S2_SR_HARMONIZED/20200712T222549_20200712T222545_T60GUV,2020-07-12 22:27:27,hutt_20200713_backgroundTrain_0,0,train,https://doi.org/10.1080/00288330.2022.2088569,"Gall et al. 2022, Figure 10A",v1,S2_SR_HARMONIZED_SCL_v1,174.88291573112627,-41.27065921139761,0.0355,0.035,0.0078,0.0033,0.0044,0.0065,0.0029,0.0031,0.002,0.002
hutt_20200713,COPERNICUS/S2_SR_HARMONIZED/20200712T222549_20200712T222545_T60GUV,2020-07-12 22:27:27,hutt_20200713_backgroundTrain_0,0,train,https://doi.org/10.1080/00288330.2022.2088569,"Gall et al. 2022, Figure 10A",v1,S2_SR_HARMONIZED_SCL_v1,174.88446678786715,-41.27068773556239,0.0357,0.0293,0.0076,0.0053,0.0026,0.003,0.0017,0.0011,0.0019,0.0027
hutt_20200713,COPERNICUS/S2_SR_HARMONIZED/20200712T222549_20200712T222545_T60GUV,2020-07-12 22:27:27,hutt_20200713_backgroundTrain_0,0,train,https://doi.org/10.1080/00288330.2022.2088569,"Gall et al. 2022, Figure 10A",v1,S2_SR_HARMONIZED_SCL_v1,174.88482472435476,-41.27069431509674,0.0344,0.0356,0.0059,0.0044,0.0023,0.0045,0.005,0.0011,9.0E-4,0.0019
hutt_20200713,COPERNICUS/S2_SR_HARMONIZED/20200712T222549_20200712T222545_T60GUV,2020-07-12 22:27:27,hutt_20200713_backgroundTrain_0,0,train,https://doi.org/10.1080/00288330.2022.2088569,"Gall et al. 2022, Figure 10A",v1,S2_SR_HARMONIZED_SCL_v1,174.8854212854312,-41.270705278516296,0.0347,0.0339,0.0065,0.0059,0.0032,0.0049,9.0E-4,0.0033,0.001,0.0012
hutt_20200713,COPERNICUS/S2_SR_HARMONIZED/20200712T222549_20200712T222545_T60GUV,2020-07-12 22:27:27,hutt_20200713_backgroundTrain_0,0,train,https://doi.org/10.1080/00288330.2022.2088569,"Gall et al. 2022, Figure 10A",v1,S2_SR_HARMONIZED_SCL_v1,174.88613715915804,-41.27071843054257,0.0359,0.0339,0.0061,0.0046,0.0036,0.0052,0.0014,0.0014,0.0017,0.001
hutt_20200713,COPERNICUS/S2_SR_HARMONIZED/20200712T222549_20200712T222545_T60GUV,2020-07-12 22:27:27,hutt_20200713_backgroundTrain_0,0,train,https://doi.org/10.1080/00288330.2022.2088569,"Gall et al. 2022, Figure 10A",v1,S2_SR_HARMONIZED_SCL_v1,174.88685303335936,-41.270731578120994,0.0362,0.0342,0.0081,0.0057,9.0E-4,0.0041,0.0024,9.0E-4,0.0018,0.0031
hutt_20200713,COPERNICUS/S2_SR_HARMONIZED/20200712T222549_20200712T222545_T60GUV,2020-07-12 22:27:27,hutt_20200713_backgroundTrain_0,0,train,https://doi.org/10.1080/00288330.2022.2088569,"Gall et al. 2022, Figure 10A",v1,S2_SR_HARMONIZED_SCL_v1,174.88864272093753,-41.27076442760763,0.0353,0.0339,0.0069,0.0045,0.0021,0.0024,0.0034,6.0E-4,0.0013,0.0022
hutt_20200713,COPERNICUS/S2_SR_HARMONIZED/20200712T222549_20200712T222545_T60GUV,2020-07-12 22:27:27,hutt_20200713_backgroundTrain_0,0,train,https://doi.org/10.1080/00288330.2022.2088569,"Gall et al. 2022, Figure 10A",v1,S2_SR_HARMONIZED_SCL_v1,174.88900065880873,-41.270770994169055,0.039,0.0354,0.0079,0.0044,0.0028,0.0046,0.0037,0.002,0.0016,0.0022
hutt_20200713,COPERNICUS/S2_SR_HARMONIZED/20200712T222549_20200712T222545_T60GUV,2020-07-12 22:27:27,hutt_20200713_backgroundTrain_0,0,train,https://doi.org/10.1080/00288330.2022.2088569,"Gall et al. 2022, Figure 10A",v1,S2_SR_HARMONIZED_SCL_v1,174.87193616136105,-41.270546767223415,0.0368,0.0332,0.0059,0.0053,0.003,0.0029,0.0046,0.0015,0.0021,0.0014
hutt_20200713,COPERNICUS/S2_SR_HARMONIZED/20200712T222549_20200712T222545_T60GUV,2020-07-12 22:27:27,hutt_20200713_backgroundTrain_0,0,train,https://doi.org/10.1080/00288330.2022.2088569,"Gall et al. 2022, Figure 10A",v1,S2_SR_HARMONIZED_SCL_v1,174.87277133810704,-41.270562208597646,0.0359,0.0354,0.0064,0.0072,0.0038,0.0035,3.0E-4,0.0016,0.0017,0.0019
hutt_20200713,COPERNICUS/S2_SR_HARMONIZED/20200712T222549_20200712T222545_T60GUV,2020-07-12 22:27:27,hutt_20200713_backgroundTrain_0,0,train,https://doi.org/10.1080/00288330.2022.2088569,"Gall et al. 2022, Figure 10A",v1,S2_SR_HARMONIZED_SCL_v1,174.8728906491238,-41.27056441401405,0.0359,0.0317,0.0061,0.0072,0.0038,0.0035,0.0029,0.0016,0.0017,0.0019
hutt_20200713,COPERNICUS/S2_SR_HARMONIZED/20200712T222549_20200712T222545_T60GUV,2020-07-12 22:27:27,hutt_20200713_backgroundTrain_0,0,train,https://doi.org/10.1080/00288330.2022.2088569,"Gall et al. 2022, Figure 10A",v1,S2_SR_HARMONIZED_SCL_v1,174.87408376002088,-41.27058646138308,0.0389,0.036,0.0075,0.0043,0.0023,0.0051,0.0019,8.0E-4,0.002,0.0035
hutt_20200713,COPERNICUS/S2_SR_HARMONIZED/20200712T222549_20200712T222545_T60GUV,2020-07-12 22:27:27,hutt_20200713_backgroundTrain_0,0,train,https://doi.org/10.1080/00288330.2022.2088569,"Gall et al. 2022, Figure 10A",v1,S2_SR_HARMONIZED_SCL_v1,174.87646998579086,-41.270630519056716,0.0388,0.0326,0.0055,0.0053,0.0025,0.0035,0.0024,0.0018,0.002,0.001
hutt_20200713,COPERNICUS/S2_SR_HARMONIZED/20200712T222549_20200712T222545_T60GUV,2020-07-12 22:27:27,hutt_20200713_backgroundTrain_0,0,train,https://doi.org/10.1080/00288330.2022.2088569,"Gall et al. 2022, Figure 10A",v1,S2_SR_HARMONIZED_SCL_v1,174.87706654306112,-41.27064152575334,0.0359,0.0343,0.0068,0.005,0.0021,0.0021,0.0054,0.0011,0.0037,0.0017
hutt_20200713,COPERNICUS/S2_SR_HARMONIZED/20200712T222549_20200712T222545_T60GUV,2020-07-12 22:27:27,hutt_20200713_backgroundTrain_0,0,train,https://doi.org/10.1080/00288330.2022.2088569,"Gall et al. 2022, Figure 10A",v1,S2_SR_HARMONIZED_SCL_v1,174.87742447758214,-41.270648128288734,0.0393,0.0361,0.0074,0.0051,0.0011,0.0046,0.0021,0.0013,0.002,0.0014
hutt_20200713,COPERNICUS/S2_SR_HARMONIZED/20200712T222549_20200712T222545_T60GUV,2020-07-12 22:27:27,hutt_20200713_backgroundTrain_0,0,train,https://doi.org/10.1080/00288330.2022.2088569,"Gall et al. 2022, Figure 10A",v1,S2_SR_HARMONIZED_SCL_v1,174.87766310066232,-41.27065252936124,0.0353,0.032,0.0073,0.0058,0.0012,0.0044,0.0022,1.0E-4,0.001,0.002
hutt_20200713,COPERNICUS/S2_SR_HARMONIZED/20200712T222549_20200712T222545_T60GUV,2020-07-12 22:27:27,hutt_20200713_backgroundTrain_0,0,train,https://doi.org/10.1080/00288330.2022.2088569,"Gall et al. 2022, Figure 10A",v1,S2_SR_HARMONIZED_SCL_v1,174.8805265817516,-41.270705303684025,0.0349,0.031,0.0066,0.0061,0.0035,0.0036,0.0042,0.0013,8.0E-4,0.0025
hutt_20200713,COPERNICUS/S2_SR_HARMONIZED/20200712T222549_20200712T222545_T60GUV,2020-07-12 22:27:27,hutt_20200713_backgroundTrain_0,0,train,https://doi.org/10.1080/00288330.2022.2088569,"Gall et al. 2022, Figure 10A",v1,S2_SR_HARMONIZED_SCL_v1,174.8821969492363,-41.270736055841375,0.0373,0.0343,0.0057,0.0041,0.0048,0.0024,0.0016,0.0018,0.0012,0.0011
hutt_20200713,COPERNICUS/S2_SR_HARMONIZED/20200712T222549_20200712T222545_T60GUV,2020-07-12 22:27:27,hutt_20200713_backgroundTrain_0,0,train,https://doi.org/10.1080/00288330.2022.2088569,"Gall et al. 2022, Figure 10A",v1,S2_SR_HARMONIZED_SCL_v1,174.88506044237323,-41.27078871748627,0.0355,0.0333,0.0059,0.0044,1.0E-4,0.004,0.0021,0.0019,0.0012,8.0E-4
hutt_20200713,COPERNICUS/S2_SR_HARMONIZED/20200712T222549_20200712T222545_T60GUV,2020-07-12 22:27:27,hutt_20200713_backgroundTrain_0,0,train,https://doi.org/10.1080/00288330.2022.2088569,"Gall et al. 2022, Figure 10A",v1,S2_SR_HARMONIZED_SCL_v1,174.88565700439986,-41.27079967970483,0.0344,0.0339,0.0064,0.0044,9.0E-4,0.0036,0.0022,0.0032,0.0016,8.0E-4
hutt_20200713,COPERNICUS/S2_SR_HARMONIZED/20200712T222549_20200712T222545_T60GUV,2020-07-12 22:27:27,hutt_20200713_backgroundTrain_0,0,train,https://doi.org/10.1080/00288330.2022.2088569,"Gall et al. 2022, Figure 10A",v1,S2_SR_HARMONIZED_SCL_v1,174.88637287926684,-41.270812830289884,0.0368,0.0333,0.0071,0.0045,0.0018,0.0033,3.0E-4,0.0016,0.0011,0.0016
hutt_20200713,COPERNICUS/S2_SR_HARMONIZED/20200712T222549_20200712T222545_T60GUV,2020-07-12 22:27:27,hutt_20200713_backgroundTrain_0,0,train,https://doi.org/10.1080/00288330.2022.2088569,"Gall et al. 2022, Figure 10A",v1,S2_SR_HARMONIZED_SCL_v1,174.8872080672113,-41.270828167017505,0.0338,0.0349,0.0065,0.0039,0.004,0.0032,0.0016,0.0028,0.002,3.0E-4
hutt_20200713,COPERNICUS/S2_SR_HARMONIZED/20200712T222549_20200712T222545_T60GUV,2020-07-12 22:27:27,hutt_20200713_backgroundTrain_0,0,train,https://doi.org/10.1080/00288330.2022.2088569,"Gall et al. 2022, Figure 10A",v1,S2_SR_HARMONIZED_SCL_v1,174.8873273798275,-41.27083035748438,0.0372,0.0315,0.0073,0.003,0.0021,0.0034,1.0E-4,0.001,0.0019,0.0016
hutt_20200713,COPERNICUS/S2_SR_HARMONIZED/20200712T222549_20200712T222545_T60GUV,2020-07-12 22:27:27,hutt_20200713_backgroundTrain_0,0,train,https://doi.org/10.1080/00288330.2022.2088569,"Gall et al. 2022, Figure 10A",v1,S2_SR_HARMONIZED_SCL_v1,174.88995226071532,-41.27087851649695,0.0349,0.0366,0.0073,0.0053,0.0037,0.0043,0.0021,0.0015,0.0013,0.0019
hutt_20200713,COPERNICUS/S2_SR_HARMONIZED/20200712T222549_20200712T222545_T60GUV,2020-07-12 22:27:27,hutt_20200713_backgroundTrain_0,0,train,https://doi.org/10.1080/00288330.2022.2088569,"Gall et al. 2022, Figure 10A",v1,S2_SR_HARMONIZED_SCL_v1,174.89019088656644,-41.270882891623735,0.0362,0.0342,0.0093,0.0052,0.0027,0.0043,0.0019,9.0E-4,0.0019,0.002
hutt_20200713,COPERNICUS/S2_SR_HARMONIZED/20200712T222549_20200712T222545_T60GUV,2020-07-12 22:27:27,hutt_20200713_backgroundTrain_0,0,train,https://doi.org/10.1080/00288330.2022.2088569,"Gall et al. 2022, Figure 10A",v1,S2_SR_HARMONIZED_SCL_v1,174.87467739534236,-41.27068749648199,0.0347,0.0318,0.0082,0.0067,0.0051,0.0034,0.0031,0.0012,0.001,0.0011
hutt_20200713,COPERNICUS/S2_SR_HARMONIZED/20200712T222549_20200712T222545_T60GUV,2020-07-12 22:27:27,hutt_20200713_backgroundTrain_0,0,train,https://doi.org/10.1080/00288330.2022.2088569,"Gall et al. 2022, Figure 10A",v1,S2_SR_HARMONIZED_SCL_v1,174.87587050986403,-41.27070952538816,0.0344,0.0337,0.0058,0.0051,0.0044,0.0032,0.0031,7.0E-4,0.003,0.0024
hutt_20200713,COPERNICUS/S2_SR_HARMONIZED/20200712T222549_20200712T222545_T60GUV,2020-07-12 22:27:27,hutt_20200713_backgroundTrain_0,0,train,https://doi.org/10.1080/00288330.2022.2088569,"Gall et al. 2022, Figure 10A",v1,S2_SR_HARMONIZED_SCL_v1,174.87598982138906,-41.27071172759926,0.0307,0.036,0.0073,0.0051,0.0044,0.0032,0.0016,7.0E-4,0.003,0.0024
hutt_20200713,COPERNICUS/S2_SR_HARMONIZED/20200712T222549_20200712T222545_T60GUV,2020-07-12 22:27:27,hutt_20200713_backgroundTrain_0,0,train,https://doi.org/10.1080/00288330.2022.2088569,"Gall et al. 2022, Figure 10A",v1,S2_SR_HARMONIZED_SCL_v1,174.8767056908173,-41.27072493827132,0.0383,0.0331,0.0078,0.0061,0.0024,0.005,0.0017,0.0012,0.0021,0.0014
hutt_20200713,COPERNICUS/S2_SR_HARMONIZED/20200712T222549_20200712T222545_T60GUV,2020-07-12 22:27:27,hutt_20200713_backgroundTrain_0,0,train,https://doi.org/10.1080/00288330.2022.2088569,"Gall et al. 2022, Figure 10A",v1,S2_SR_HARMONIZED_SCL_v1,174.87694431406595,-41.27072934084028,0.0368,0.0366,0.0069,0.0066,0.0033,0.0036,0.0044,0.0014,0.0014,0.0015
hutt_20200713,COPERNICUS/S2_SR_HARMONIZED/20200712T222549_20200712T222545_T60GUV,2020-07-12 22:27:27,hutt_20200713_backgroundTrain_0,0,train,https://doi.org/10.1080/00288330.2022.2088569,"Gall et al. 2022, Figure 10A",v1,S2_SR_HARMONIZED_SCL_v1,174.87789880759004,-41.270746946174164,0.0353,0.0346,0.006,0.0059,0.0043,0.0031,0.003,0.0015,9.0E-4,0.0036
hutt_20200713,COPERNICUS/S2_SR_HARMONIZED/20200712T222549_20200712T222545_T60GUV,2020-07-12 22:27:27,hutt_20200713_backgroundTrain_0,0,train,https://doi.org/10.1080/00288330.2022.2088569,"Gall et al. 2022, Figure 10A",v1,S2_SR_HARMONIZED_SCL_v1,174.87933054946393,-41.27077333934902,0.0361,0.0318,0.0049,0.0027,0.0034,0.003,0.002,0.0015,0.0011,0.0026
hutt_20200713,COPERNICUS/S2_SR_HARMONIZED/20200712T222549_20200712T222545_T60GUV,2020-07-12 22:27:27,hutt_20200713_backgroundTrain_0,0,train,https://doi.org/10.1080/00288330.2022.2088569,"Gall et al. 2022, Figure 10A",v1,S2_SR_HARMONIZED_SCL_v1,174.88016573310307,-41.27078872715161,0.0354,0.0338,0.0076,0.0038,0.0029,0.0016,0.0032,0.0012,0.0018,0.002
hutt_20200713,COPERNICUS/S2_SR_HARMONIZED/20200712T222549_20200712T222545_T60GUV,2020-07-12 22:27:27,hutt_20200713_backgroundTrain_0,0,train,https://doi.org/10.1080/00288330.2022.2088569,"Gall et al. 2022, Figure 10A",v1,S2_SR_HARMONIZED_SCL_v1,174.8807622932419,-41.270799714732675,0.0376,0.0313,0.0073,0.0064,0.0024,0.0037,0.0045,0.0013,0.0029,0.0016
hutt_20200713,COPERNICUS/S2_SR_HARMONIZED/20200712T222549_20200712T222545_T60GUV,2020-07-12 22:27:27,hutt_20200713_backgroundTrain_0,0,train,https://doi.org/10.1080/00288330.2022.2088569,"Gall et al. 2022, Figure 10A",v1,S2_SR_HARMONIZED_SCL_v1,174.88672791278384,-41.27090942066054,0.0355,0.0378,0.0052,0.0044,0.0013,0.0019,0.0019,9.0E-4,0.002,0.0019
hutt_20200713,COPERNICUS/S2_SR_HARMONIZED/20200712T222549_20200712T222545_T60GUV,2020-07-12 22:27:27,hutt_20200713_backgroundTrain_0,0,train,https://doi.org/10.1080/00288330.2022.2088569,"Gall et al. 2022, Figure 10A",v1,S2_SR_HARMONIZED_SCL_v1,174.88804035350717,-41.27093351451298,0.0347,0.0339,0.0077,0.0049,0.0036,0.0031,0.0034,0.0028,0.0021,0.0034
hutt_20200713,COPERNICUS/S2_SR_HARMONIZED/20200712T222549_20200712T222545_T60GUV,2020-07-12 22:27:27,hutt_20200713_backgroundTrain_0,0,train,https://doi.org/10.1080/00288330.2022.2088569,"Gall et al. 2022, Figure 10A",v1,S2_SR_HARMONIZED_SCL_v1,174.88839829216283,-41.27094008296905,0.0388,0.0333,0.0062,0.0063,0.0043,0.0036,0.0037,0.0029,0.002,0.0026
hutt_20200713,COPERNICUS/S2_SR_HARMONIZED/20200712T222549_20200712T222545_T60GUV,2020-07-12 22:27:27,hutt_20200713_backgroundTrain_0,0,train,https://doi.org/10.1080/00288330.2022.2088569,"Gall et al. 2022, Figure 10A",v1,S2_SR_HARMONIZED_SCL_v1,174.88851760507438,-41.27094227220729,0.0334,0.0324,0.0045,0.0058,0.0028,0.0046,0.0035,0.0027,0.0017,0.0019
hutt_20200713,COPERNICUS/S2_SR_HARMONIZED/20200712T222549_20200712T222545_T60GUV,2020-07-12 22:27:27,hutt_20200713_backgroundTrain_0,0,train,https://doi.org/10.1080/00288330.2022.2088569,"Gall et al. 2022, Figure 10A",v1,S2_SR_HARMONIZED_SCL_v1,174.888756230937,-41.27094665031313,0.0349,0.0317,0.0055,0.0054,0.0018,0.0044,0.0031,9.0E-4,0.0019,0.001
hutt_20200713,COPERNICUS/S2_SR_HARMONIZED/20200712T222549_20200712T222545_T60GUV,2020-07-12 22:27:27,hutt_20200713_backgroundTrain_0,0,train,https://doi.org/10.1080/00288330.2022.2088569,"Gall et al. 2022, Figure 10A",v1,S2_SR_HARMONIZED_SCL_v1,174.88923348282023,-41.270955405042166,0.0389,0.036,0.0069,0.0059,0.0014,0.0033,0.0037,0.0024,0.001,6.0E-4
hutt_20200713,COPERNICUS/S2_SR_HARMONIZED/20200712T222549_20200712T222545_T60GUV,2020-07-12 22:27:27,hutt_20200713_backgroundTrain_0,0,train,https://doi.org/10.1080/00288330.2022.2088569,"Gall et al. 2022, Figure 10A",v1,S2_SR_HARMONIZED_SCL_v1,174.88947210884078,-41.27095978166536,0.0331,0.0315,0.0062,0.0047,0.0017,0.0017,0.0019,8.0E-4,0.0026,0.0012
hutt_20200713,COPERNICUS/S2_SR_HARMONIZED/20200712T222549_20200712T222545_T60GUV,2020-07-12 22:27:27,hutt_20200713_backgroundTrain_0,0,train,https://doi.org/10.1080/00288330.2022.2088569,"Gall et al. 2022, Figure 10A",v1,S2_SR_HARMONIZED_SCL_v1,174.89030730032727,-41.27097509595462,0.0349,0.0314,0.0073,0.005,0.0025,0.0043,0.0019,0.0029,0.0019,0.0024
hutt_20200713,COPERNICUS/S2_SR_HARMONIZED/20200712T222549_20200712T222545_T60GUV,2020-07-12 22:27:27,hutt_20200713_backgroundTrain_0,0,train,https://doi.org/10.1080/00288330.2022.2088569,"Gall et al. 2022, Figure 10A",v1,S2_SR_HARMONIZED_SCL_v1,174.87097582303923,-41.270709144188615,0.0368,0.0349,0.0076,0.0046,0.0027,0.003,0.0037,0.0025,0.001,0.0021
hutt_20200713,COPERNICUS/S2_SR_HARMONIZED/20200712T222549_20200712T222545_T60GUV,2020-07-12 22:27:27,hutt_20200713_backgroundTrain_0,0,train,https://doi.org/10.1080/00288330.2022.2088569,"Gall et al. 2022, Figure 10A",v1,S2_SR_HARMONIZED_SCL_v1,174.87383929418263,-41.27076208489384,0.0361,0.0342,0.0106,0.0046,0.0037,1.0E-4,0.0034,1.0E-4,8.0E-4,0.0011
hutt_20200713,COPERNICUS/S2_SR_HARMONIZED/20200712T222549_20200712T222545_T60GUV,2020-07-12 22:27:27,hutt_20200713_backgroundTrain_0,0,train,https://doi.org/10.1080/00288330.2022.2088569,"Gall et al. 2022, Figure 10A",v1,S2_SR_HARMONIZED_SCL_v1,174.87467447470496,-41.27077751252786,0.0362,0.0323,0.0069,0.0067,0.0051,0.0034,0.0017,0.0012,0.001,0.0011
hutt_20200713,COPERNICUS/S2_SR_HARMONIZED/20200712T222549_20200712T222545_T60GUV,2020-07-12 22:27:27,hutt_20200713_backgroundTrain_0,0,train,https://doi.org/10.1080/00288330.2022.2088569,"Gall et al. 2022, Figure 10A",v1,S2_SR_HARMONIZED_SCL_v1,174.87527103261849,-41.27078852855998,0.0379,0.0373,0.0061,0.0048,0.0039,0.0038,0.0047,0.0013,0.0019,0.0014
hutt_20200713,COPERNICUS/S2_SR_HARMONIZED/20200712T222549_20200712T222545_T60GUV,2020-07-12 22:27:27,hutt_20200713_backgroundTrain_0,0,train,https://doi.org/10.1080/00288330.2022.2088569,"Gall et al. 2022, Figure 10A",v1,S2_SR_HARMONIZED_SCL_v1,174.87622552596898,-41.27080614778683,0.04,0.0337,0.0093,0.0062,0.0015,0.0023,0.0024,0.0012,0.0018,0.0034
hutt_20200713,COPERNICUS/S2_SR_HARMONIZED/20200712T222549_20200712T222545_T60GUV,2020-07-12 22:27:27,hutt_20200713_backgroundTrain_0,0,train,https://doi.org/10.1080/00288330.2022.2088569,"Gall et al. 2022, Figure 10A",v1,S2_SR_HARMONIZED_SCL_v1,174.87741864384887,-41.27082816070093,0.0383,0.0356,0.0063,0.0041,0.0038,0.0053,0.0025,0.0015,0.002,8.0E-4
hutt_20200713,COPERNICUS/S2_SR_HARMONIZED/20200712T222549_20200712T222545_T60GUV,2020-07-12 22:27:27,hutt_20200713_backgroundTrain_0,0,train,https://doi.org/10.1080/00288330.2022.2088569,"Gall et al. 2022, Figure 10A",v1,S2_SR_HARMONIZED_SCL_v1,174.8806400687333,-41.270887533855785,0.0404,0.0308,0.0058,0.0064,0.0024,0.0037,0.002,0.0013,0.0029,0.0016
hutt_20200713,COPERNICUS/S2_SR_HARMONIZED/20200712T222549_20200712T222545_T60GUV,2020-07-12 22:27:27,hutt_20200713_backgroundTrain_0,0,train,https://doi.org/10.1080/00288330.2022.2088569,"Gall et al. 2022, Figure 10A",v1,S2_SR_HARMONIZED_SCL_v1,174.8814752545357,-41.270902912193414,0.0379,0.0361,0.0043,0.0031,0.0021,0.0031,0.0037,1.0E-4,0.0012,8.0E-4
hutt_20200713,COPERNICUS/S2_SR_HARMONIZED/20200712T222549_20200712T222545_T60GUV,2020-07-12 22:27:27,hutt_20200713_backgroundTrain_0,0,train,https://doi.org/10.1080/00288330.2022.2088569,"Gall et al. 2022, Figure 10A",v1,S2_SR_HARMONIZED_SCL_v1,174.88159456684605,-41.27090510860459,0.0342,0.0367,0.0077,0.0028,0.0027,0.0032,0.0045,0.0013,0.0012,5.0E-4
hutt_20200713,COPERNICUS/S2_SR_HARMONIZED/20200712T222549_20200712T222545_T60GUV,2020-07-12 22:27:27,hutt_20200713_backgroundTrain_0,0,train,https://doi.org/10.1080/00288330.2022.2088569,"Gall et al. 2022, Figure 10A",v1,S2_SR_HARMONIZED_SCL_v1,174.8841001284132,-41.270951204698804,0.0373,0.0326,0.0061,0.0074,0.0022,0.0045,0.0019,0.0024,0.0016,0.0042
hutt_20200713,COPERNICUS/S2_SR_HARMONIZED/20200712T222549_20200712T222545_T60GUV,2020-07-12 22:27:27,hutt_20200713_backgroundTrain_0,0,train,https://doi.org/10.1080/00288330.2022.2088569,"Gall et al. 2022, Figure 10A",v1,S2_SR_HARMONIZED_SCL_v1,174.8845773788954,-41.27095997872964,0.0324,0.0343,0.0066,0.0044,0.0025,0.003,0.0019,0.0013,0.0016,8.0E-4
hutt_20200713,COPERNICUS/S2_SR_HARMONIZED/20200712T222549_20200712T222545_T60GUV,2020-07-12 22:27:27,hutt_20200713_backgroundTrain_0,0,train,https://doi.org/10.1080/00288330.2022.2088569,"Gall et al. 2022, Figure 10A",v1,S2_SR_HARMONIZED_SCL_v1,174.8846966915489,-41.27096217192847,0.0319,0.0336,0.007,0.0033,0.0026,0.0049,0.0043,0.0013,9.0E-4,0.0016
hutt_20200713,COPERNICUS/S2_SR_HARMONIZED/20200712T222549_20200712T222545_T60GUV,2020-07-12 22:27:27,hutt_20200713_backgroundTrain_0,0,train,https://doi.org/10.1080/00288330.2022.2088569,"Gall et al. 2022, Figure 10A",v1,S2_SR_HARMONIZED_SCL_v1,174.88529325501435,-41.27097313606933,0.0367,0.0322,0.0061,0.0054,0.0017,0.0026,2.0E-4,1.0E-4,0.0025,0.0026
hutt_20200713,COPERNICUS/S2_SR_HARMONIZED/20200712T222549_20200712T222545_T60GUV,2020-07-12 22:27:27,hutt_20200713_backgroundTrain_0,0,train,https://doi.org/10.1080/00288330.2022.2088569,"Gall et al. 2022, Figure 10A",v1,S2_SR_HARMONIZED_SCL_v1,174.8861284444198,-41.270988480677325,0.0359,0.0354,0.0063,0.0045,0.0043,0.0054,0.0025,0.0011,0.0026,0.0021
hutt_20200713,COPERNICUS/S2_SR_HARMONIZED/20200712T222549_20200712T222545_T60GUV,2020-07-12 22:27:27,hutt_20200713_backgroundTrain_0,0,train,https://doi.org/10.1080/00288330.2022.2088569,"Gall et al. 2022, Figure 10A",v1,S2_SR_HARMONIZED_SCL_v1,174.8866056957986,-41.2709972463066,0.0404,0.035,0.0075,0.0044,0.0013,0.0019,0.0021,9.0E-4,0.002,0.0019
hutt_20200713,COPERNICUS/S2_SR_HARMONIZED/20200712T222549_20200712T222545_T60GUV,2020-07-12 22:27:27,hutt_20200713_backgroundTrain_0,0,train,https://doi.org/10.1080/00288330.2022.2088569,"Gall et al. 2022, Figure 10A",v1,S2_SR_HARMONIZED_SCL_v1,174.8874408862188,-41.27101258140104,0.0374,0.0328,0.0061,0.0034,7.0E-4,7.0E-4,0.0019,0.0046,0.0019,0.0025
hutt_20200713,COPERNICUS/S2_SR_HARMONIZED/20200712T222549_20200712T222545_T60GUV,2020-07-12 22:27:27,hutt_20200713_backgroundTrain_0,0,train,https://doi.org/10.1080/00288330.2022.2088569,"Gall et al. 2022, Figure 10A",v1,S2_SR_HARMONIZED_SCL_v1,174.88779882516795,-41.271019151731075,0.0354,0.0332,0.0075,0.0041,0.0031,0.0037,0.0019,0.0025,0.0021,0.0022
hutt_20200713,COPERNICUS/S2_SR_HARMONIZED/20200712T222549_20200712T222545_T60GUV,2020-07-12 22:27:27,hutt_20200713_backgroundTrain_0,0,train,https://doi.org/10.1080/00288330.2022.2088569,"Gall et al. 2022, Figure 10A",v1,S2_SR_HARMONIZED_SCL_v1,174.89006577459753,-41.27106073799865,0.038,0.0317,0.0074,0.0066,0.0021,0.0039,0.0016,0.003,0.0018,0.002
hutt_20200713,COPERNICUS/S2_SR_HARMONIZED/20200712T222549_20200712T222545_T60GUV,2020-07-12 22:27:27,hutt_20200713_backgroundTrain_0,0,train,https://doi.org/10.1080/00288330.2022.2088569,"Gall et al. 2022, Figure 10A",v1,S2_SR_HARMONIZED_SCL_v1,174.87168876536654,-41.27081240190726,0.0383,0.0355,0.0078,0.0045,0.0032,0.0029,0.002,0.0017,1.0E-4,0.001
hutt_20200713,COPERNICUS/S2_SR_HARMONIZED/20200712T222549_20200712T222545_T60GUV,2020-07-12 22:27:27,hutt_20200713_backgroundTrain_0,0,train,https://doi.org/10.1080/00288330.2022.2088569,"Gall et al. 2022, Figure 10A",v1,S2_SR_HARMONIZED_SCL_v1,174.87264325684478,-41.270830050841326,0.0328,0.0345,0.006,0.0046,0.0034,0.0034,0.0049,0.0027,0.0022,0.0027
hutt_20200713,COPERNICUS/S2_SR_HARMONIZED/20200712T222549_20200712T222545_T60GUV,2020-07-12 22:27:27,hutt_20200713_backgroundTrain_0,0,train,https://doi.org/10.1080/00288330.2022.2088569,"Gall et al. 2022, Figure 10A",v1,S2_SR_HARMONIZED_SCL_v1,174.87371706077255,-41.2708498964407,0.0354,0.0332,0.0061,0.004,0.001,0.0031,0.0028,0.0013,9.0E-4,0.0017
hutt_20200713,COPERNICUS/S2_SR_HARMONIZED/20200712T222549_20200712T222545_T60GUV,2020-07-12 22:27:27,hutt_20200713_backgroundTrain_0,0,train,https://doi.org/10.1080/00288330.2022.2088569,"Gall et al. 2022, Figure 10A",v1,S2_SR_HARMONIZED_SCL_v1,174.87431361897424,-41.27086091744946,0.0396,0.0345,0.0077,0.0044,0.0041,0.0028,0.0037,0.0022,0.0014,0.002
hutt_20200713,COPERNICUS/S2_SR_HARMONIZED/20200712T222549_20200712T222545_T60GUV,2020-07-12 22:27:27,hutt_20200713_backgroundTrain_0,0,train,https://doi.org/10.1080/00288330.2022.2088569,"Gall et al. 2022, Figure 10A",v1,S2_SR_HARMONIZED_SCL_v1,174.8756260481842,-41.270885152796424,0.0373,0.0331,0.0061,0.0065,0.0044,0.004,0.0034,1.0E-4,0.0019,7.0E-4
hutt_20200713,COPERNICUS/S2_SR_HARMONIZED/20200712T222549_20200712T222545_T60GUV,2020-07-12 22:27:27,hutt_20200713_backgroundTrain_0,0,train,https://doi.org/10.1080/00288330.2022.2088569,"Gall et al. 2022, Figure 10A",v1,S2_SR_HARMONIZED_SCL_v1,174.87658054316185,-41.27090276911355,0.0388,0.0354,0.0063,0.0062,0.0026,0.0044,0.0013,1.0E-4,0.0016,0.0016
hutt_20200713,COPERNICUS/S2_SR_HARMONIZED/20200712T222549_20200712T222545_T60GUV,2020-07-12 22:27:27,hutt_20200713_backgroundTrain_0,0,train,https://doi.org/10.1080/00288330.2022.2088569,"Gall et al. 2022, Figure 10A",v1,S2_SR_HARMONIZED_SCL_v1,174.87693847899695,-41.270909373193895,0.0396,0.0316,0.0047,0.0045,0.0025,0.0016,0.0039,3.0E-4,5.0E-4,0.0012
hutt_20200713,COPERNICUS/S2_SR_HARMONIZED/20200712T222549_20200712T222545_T60GUV,2020-07-12 22:27:27,hutt_20200713_backgroundTrain_0,0,train,https://doi.org/10.1080/00288330.2022.2088569,"Gall et al. 2022, Figure 10A",v1,S2_SR_HARMONIZED_SCL_v1,174.87860884780238,-41.27094017753304,0.0347,0.0346,0.0069,0.0039,0.0042,0.003,0.0034,1.0E-4,0.0019,0.0011
hutt_20200713,COPERNICUS/S2_SR_HARMONIZED/20200712T222549_20200712T222545_T60GUV,2020-07-12 22:27:27,hutt_20200713_backgroundTrain_0,0,train,https://doi.org/10.1080/00288330.2022.2088569,"Gall et al. 2022, Figure 10A",v1,S2_SR_HARMONIZED_SCL_v1,174.8790860965088,-41.27094897432498,0.0341,0.0359,0.0046,0.0057,0.0028,0.005,0.0017,0.003,0.0017,0.0016
hutt_20200713,COPERNICUS/S2_SR_HARMONIZED/20200712T222549_20200712T222545_T60GUV,2020-07-12 22:27:27,hutt_20200713_backgroundTrain_0,0,train,https://doi.org/10.1080/00288330.2022.2088569,"Gall et al. 2022, Figure 10A",v1,S2_SR_HARMONIZED_SCL_v1,174.8800405945563,-41.27096656197842,0.0354,0.0325,0.0078,0.0043,0.0038,0.0048,7.0E-4,0.0015,0.0019,0.003
hutt_20200713,COPERNICUS/S2_SR_HARMONIZED/20200712T222549_20200712T222545_T60GUV,2020-07-12 22:27:27,hutt_20200713_backgroundTrain_0,0,train,https://doi.org/10.1080/00288330.2022.2088569,"Gall et al. 2022, Figure 10A",v1,S2_SR_HARMONIZED_SCL_v1,174.88039853154226,-41.27097315530987,0.0334,0.0355,0.0076,0.0046,0.0039,0.0023,0.003,1.0E-4,0.001,0.0015
hutt_20200713,COPERNICUS/S2_SR_HARMONIZED/20200712T222549_20200712T222545_T60GUV,2020-07-12 22:27:27,hutt_20200713_backgroundTrain_0,0,train,https://doi.org/10.1080/00288330.2022.2088569,"Gall et al. 2022, Figure 10A",v1,S2_SR_HARMONIZED_SCL_v1,174.88278478115404,-41.27101708243606,0.0361,0.0355,0.0074,0.0057,0.0049,0.0036,0.0021,0.001,0.002,0.0029
hutt_20200713,COPERNICUS/S2_SR_HARMONIZED/20200712T222549_20200712T222545_T60GUV,2020-07-12 22:27:27,hutt_20200713_backgroundTrain_0,0,train,https://doi.org/10.1080/00288330.2022.2088569,"Gall et al. 2022, Figure 10A",v1,S2_SR_HARMONIZED_SCL_v1,174.88314271905142,-41.27102366724245,0.0397,0.0321,0.0056,0.0061,0.0016,0.0031,0.0035,0.0036,0.0019,0.003
hutt_20200713,COPERNICUS/S2_SR_HARMONIZED/20200712T222549_20200712T222545_T60GUV,2020-07-12 22:27:27,hutt_20200713_backgroundTrain_0,0,train,https://doi.org/10.1080/00288330.2022.2088569,"Gall et al. 2022, Figure 10A",v1,S2_SR_HARMONIZED_SCL_v1,174.88743798308002,-41.27110259818533,0.0354,0.0339,0.0063,0.0042,0.0016,0.0029,7.0E-4,0.0018,0.002,0.0029
hutt_20200713,COPERNICUS/S2_SR_HARMONIZED/20200712T222549_20200712T222545_T60GUV,2020-07-12 22:27:27,hutt_20200713_backgroundTrain_0,0,train,https://doi.org/10.1080/00288330.2022.2088569,"Gall et al. 2022, Figure 10A",v1,S2_SR_HARMONIZED_SCL_v1,174.87049272582118,-41.27088034541999,0.0397,0.0348,0.0065,0.0059,0.0015,0.0044,0.0038,0.0013,0.0031,0.0026
hutt_20200713,COPERNICUS/S2_SR_HARMONIZED/20200712T222549_20200712T222545_T60GUV,2020-07-12 22:27:27,hutt_20200713_backgroundTrain_0,0,train,https://doi.org/10.1080/00288330.2022.2088569,"Gall et al. 2022, Figure 10A",v1,S2_SR_HARMONIZED_SCL_v1,174.87120859453591,-41.270893590316426,0.0397,0.0363,0.0094,0.0046,0.0046,0.0044,0.0034,0.0022,1.0E-4,0.0019
hutt_20200713,COPERNICUS/S2_SR_HARMONIZED/20200712T222549_20200712T222545_T60GUV,2020-07-12 22:27:27,hutt_20200713_backgroundTrain_0,0,train,https://doi.org/10.1080/00288330.2022.2088569,"Gall et al. 2022, Figure 10A",v1,S2_SR_HARMONIZED_SCL_v1,174.87168584061118,-41.27090241777641,0.0367,0.035,0.0073,0.0045,0.0032,0.0029,0.0023,0.0017,1.0E-4,0.001
hutt_20200713,COPERNICUS/S2_SR_HARMONIZED/20200712T222549_20200712T222545_T60GUV,2020-07-12 22:27:27,hutt_20200713_backgroundTrain_0,0,train,https://doi.org/10.1080/00288330.2022.2088569,"Gall et al. 2022, Figure 10A",v1,S2_SR_HARMONIZED_SCL_v1,174.87347551528418,-41.27093550314566,0.0368,0.0339,0.0086,0.0076,0.0039,0.0034,0.0019,0.0032,8.0E-4,0.003
hutt_20200713,COPERNICUS/S2_SR_HARMONIZED/20200712T222549_20200712T222545_T60GUV,2020-07-12 22:27:27,hutt_20200713_backgroundTrain_0,0,train,https://doi.org/10.1080/00288330.2022.2088569,"Gall et al. 2022, Figure 10A",v1,S2_SR_HARMONIZED_SCL_v1,174.87681624932065,-41.270997188124824,0.038,0.0344,0.0071,0.0045,0.0025,0.0016,0.0033,3.0E-4,5.0E-4,0.0012
hutt_20200713,COPERNICUS/S2_SR_HARMONIZED/20200712T222549_20200712T222545_T60GUV,2020-07-12 22:27:27,hutt_20200713_backgroundTrain_0,0,train,https://doi.org/10.1080/00288330.2022.2088569,"Gall et al. 2022, Figure 10A",v1,S2_SR_HARMONIZED_SCL_v1,174.87800937113556,-41.271019195,0.041,0.0349,0.0077,0.0053,0.0051,0.0028,0.0017,0.0024,0.002,7.0E-4
hutt_20200713,COPERNICUS/S2_SR_HARMONIZED/20200712T222549_20200712T222545_T60GUV,2020-07-12 22:27:27,hutt_20200713_backgroundTrain_0,0,train,https://doi.org/10.1080/00288330.2022.2088569,"Gall et al. 2022, Figure 10A",v1,S2_SR_HARMONIZED_SCL_v1,174.87884455719333,-41.27103459246136,0.0339,0.0351,0.0086,0.0027,0.0042,0.0042,0.003,7.0E-4,0.0019,0.0012
hutt_20200713,COPERNICUS/S2_SR_HARMONIZED/20200712T222549_20200712T222545_T60GUV,2020-07-12 22:27:27,hutt_20200713_backgroundTrain_0,0,train,https://doi.org/10.1080/00288330.2022.2088569,"Gall et al. 2022, Figure 10A",v1,S2_SR_HARMONIZED_SCL_v1,174.87956043147295,-41.27104778546689,0.0354,0.033,0.0075,0.0027,0.0034,0.003,0.0022,0.0022,0.002,8.0E-4
hutt_20200713,COPERNICUS/S2_SR_HARMONIZED/20200712T222549_20200712T222545_T60GUV,2020-07-12 22:27:27,hutt_20200713_backgroundTrain_0,0,train,https://doi.org/10.1080/00288330.2022.2088569,"Gall et al. 2022, Figure 10A",v1,S2_SR_HARMONIZED_SCL_v1,174.88254324609292,-41.27110270844705,0.0362,0.034,0.0058,0.0061,0.0025,0.0053,0.0019,9.0E-4,0.0018,0.0017
hutt_20200713,COPERNICUS/S2_SR_HARMONIZED/20200712T222549_20200712T222545_T60GUV,2020-07-12 22:27:27,hutt_20200713_backgroundTrain_0,0,train,https://doi.org/10.1080/00288330.2022.2088569,"Gall et al. 2022, Figure 10A",v1,S2_SR_HARMONIZED_SCL_v1,174.8830204971982,-41.271111488957864,0.0305,0.0301,0.0069,0.0061,0.0016,0.0031,0.0044,0.0036,0.0019,0.003
hutt_20200713,COPERNICUS/S2_SR_HARMONIZED/20200712T222549_20200712T222545_T60GUV,2020-07-12 22:27:27,hutt_20200713_backgroundTrain_0,0,train,https://doi.org/10.1080/00288330.2022.2088569,"Gall et al. 2022, Figure 10A",v1,S2_SR_HARMONIZED_SCL_v1,174.88313981000752,-41.27111368377668,0.0345,0.0322,0.0065,0.0061,0.0016,0.0031,0.0029,0.0036,0.0019,0.003
hutt_20200713,COPERNICUS/S2_SR_HARMONIZED/20200712T222549_20200712T222545_T60GUV,2020-07-12 22:27:27,hutt_20200713_backgroundTrain_0,0,train,https://doi.org/10.1080/00288330.2022.2088569,"Gall et al. 2022, Figure 10A",v1,S2_SR_HARMONIZED_SCL_v1,174.88337843566575,-41.271118073043674,0.0348,0.0353,0.0058,0.0057,0.0044,0.0024,0.0019,0.0014,9.0E-4,0.0014
hutt_20200713,COPERNICUS/S2_SR_HARMONIZED/20200712T222549_20200712T222545_T60GUV,2020-07-12 22:27:27,hutt_20200713_backgroundTrain_0,0,train,https://doi.org/10.1080/00288330.2022.2088569,"Gall et al. 2022, Figure 10A",v1,S2_SR_HARMONIZED_SCL_v1,174.88504881675124,-41.271148784074676,0.0397,0.0327,0.0046,0.0036,0.0026,0.0058,0.0036,9.0E-4,0.0037,0.0025
hutt_20200713,COPERNICUS/S2_SR_HARMONIZED/20200712T222549_20200712T222545_T60GUV,2020-07-12 22:27:27,hutt_20200713_backgroundTrain_0,0,train,https://doi.org/10.1080/00288330.2022.2088569,"Gall et al. 2022, Figure 10A",v1,S2_SR_HARMONIZED_SCL_v1,174.8861226345284,-41.27116851409259,0.0342,0.034,0.005,0.005,0.0041,0.0036,0.0013,0.0011,0.0018,7.0E-4
hutt_20200713,COPERNICUS/S2_SR_HARMONIZED/20200712T222549_20200712T222545_T60GUV,2020-07-12 22:27:27,hutt_20200713_backgroundTrain_0,0,train,https://doi.org/10.1080/00288330.2022.2088569,"Gall et al. 2022, Figure 10A",v1,S2_SR_HARMONIZED_SCL_v1,174.89017928909493,-41.271242959398016,0.0362,0.0342,0.0072,0.0042,0.0026,0.0037,0.0032,0.0016,0.0023,0.0027
hutt_20200713,COPERNICUS/S2_SR_HARMONIZED/20200712T222549_20200712T222545_T60GUV,2020-07-12 22:27:27,hutt_20200713_backgroundTrain_0,0,train,https://doi.org/10.1080/00288330.2022.2088569,"Gall et al. 2022, Figure 10A",v1,S2_SR_HARMONIZED_SCL_v1,174.89089517089207,-41.27125608197833,0.0331,0.0337,0.0084,0.004,0.0024,0.0033,0.0035,0.001,0.001,0.0011
hutt_20200713,COPERNICUS/S2_SR_HARMONIZED/20200712T222549_20200712T222545_T60GUV,2020-07-12 22:27:27,hutt_20200713_backgroundTrain_0,0,train,https://doi.org/10.1080/00288330.2022.2088569,"Gall et al. 2022, Figure 10A",v1,S2_SR_HARMONIZED_SCL_v1,174.87168291584254,-41.270992433644,0.0383,0.0349,0.0069,0.0046,0.0024,0.0044,0.0019,0.001,0.0013,0.0011
hutt_20200713,COPERNICUS/S2_SR_HARMONIZED/20200712T222549_20200712T222545_T60GUV,2020-07-12 22:27:27,hutt_20200713_backgroundTrain_0,0,train,https://doi.org/10.1080/00288330.2022.2088569,"Gall et al. 2022, Figure 10A",v1,S2_SR_HARMONIZED_SCL_v1,174.87383052875407,-41.27103213287624,0.0362,0.0347,0.0085,0.0031,0.0043,0.0048,0.0025,0.0012,9.0E-4,0.003
hutt_20200713,COPERNICUS/S2_SR_HARMONIZED/20200712T222549_20200712T222545_T60GUV,2020-07-12 22:27:27,hutt_20200713_backgroundTrain_0,0,train,https://doi.org/10.1080/00288330.2022.2088569,"Gall et al. 2022, Figure 10A",v1,S2_SR_HARMONIZED_SCL_v1,174.87442708865862,-41.27104315333664,0.0383,0.0307,0.0078,0.0062,0.0055,0.0034,0.0019,0.0011,0.0014,0.0021
hutt_20200713,COPERNICUS/S2_SR_HARMONIZED/20200712T222549_20200712T222545_T60GUV,2020-07-12 22:27:27,hutt_20200713_backgroundTrain_0,0,train,https://doi.org/10.1080/00288330.2022.2088569,"Gall et al. 2022, Figure 10A",v1,S2_SR_HARMONIZED_SCL_v1,174.87454640067932,-41.271045357058085,0.037,0.0324,0.0086,0.0062,0.0055,0.0034,0.002,0.0011,0.0014,0.0021
hutt_20200713,COPERNICUS/S2_SR_HARMONIZED/20200712T222549_20200712T222545_T60GUV,2020-07-12 22:27:27,hutt_20200713_backgroundTrain_0,0,train,https://doi.org/10.1080/00288330.2022.2088569,"Gall et al. 2022, Figure 10A",v1,S2_SR_HARMONIZED_SCL_v1,174.87681333158937,-41.27108720429075,0.038,0.0358,0.0066,0.0056,0.0041,0.0027,0.0031,0.0016,7.0E-4,0.0025
hutt_20200713,COPERNICUS/S2_SR_HARMONIZED/20200712T222549_20200712T222545_T60GUV,2020-07-12 22:27:27,hutt_20200713_backgroundTrain_0,0,train,https://doi.org/10.1080/00288330.2022.2088569,"Gall et al. 2022, Figure 10A",v1,S2_SR_HARMONIZED_SCL_v1,174.8775292055015,-41.27110040994003,0.0383,0.0344,0.009,0.0062,0.0049,0.0031,0.0021,0.0014,0.0012,0.0034
hutt_20200713,COPERNICUS/S2_SR_HARMONIZED/20200712T222549_20200712T222545_T60GUV,2020-07-12 22:27:27,hutt_20200713_backgroundTrain_0,0,train,https://doi.org/10.1080/00288330.2022.2088569,"Gall et al. 2022, Figure 10A",v1,S2_SR_HARMONIZED_SCL_v1,174.87884164224434,-41.27112460874503,0.0374,0.0301,0.0062,0.0052,0.006,0.0039,6.0E-4,0.0024,0.002,0.0017
hutt_20200713,COPERNICUS/S2_SR_HARMONIZED/20200712T222549_20200712T222545_T60GUV,2020-07-12 22:27:27,hutt_20200713_backgroundTrain_0,0,train,https://doi.org/10.1080/00288330.2022.2088569,"Gall et al. 2022, Figure 10A",v1,S2_SR_HARMONIZED_SCL_v1,174.87908026727862,-41.2711290069216,0.0376,0.0335,0.0045,0.0044,0.0014,0.0033,0.0021,0.0028,0.0023,0.0014
hutt_20200713,COPERNICUS/S2_SR_HARMONIZED/20200712T222549_20200712T222545_T60GUV,2020-07-12 22:27:27,hutt_20200713_backgroundTrain_0,0,train,https://doi.org/10.1080/00288330.2022.2088569,"Gall et al. 2022, Figure 10A",v1,S2_SR_HARMONIZED_SCL_v1,174.8797961426989,-41.27114219848603,0.04,0.036,0.0079,0.0041,0.001,0.0023,0.002,0.0014,0.002,7.0E-4
hutt_20200713,COPERNICUS/S2_SR_HARMONIZED/20200712T222549_20200712T222545_T60GUV,2020-07-12 22:27:27,hutt_20200713_backgroundTrain_0,0,train,https://doi.org/10.1080/00288330.2022.2088569,"Gall et al. 2022, Figure 10A",v1,S2_SR_HARMONIZED_SCL_v1,174.8825403362175,-41.27119272494516,0.0376,0.0299,0.0063,0.0049,0.0066,0.0052,0.0035,0.0025,0.0019,0.0011
hutt_20200713,COPERNICUS/S2_SR_HARMONIZED/20200712T222549_20200712T222545_T60GUV,2020-07-12 22:27:27,hutt_20200713_backgroundTrain_0,0,train,https://doi.org/10.1080/00288330.2022.2088569,"Gall et al. 2022, Figure 10A",v1,S2_SR_HARMONIZED_SCL_v1,174.88289827501762,-41.27119931053433,0.0388,0.0362,0.0086,0.0053,0.0042,0.0034,0.0033,0.0019,0.0018,0.003
hutt_20200713,COPERNICUS/S2_SR_HARMONIZED/20200712T222549_20200712T222545_T60GUV,2020-07-12 22:27:27,hutt_20200713_backgroundTrain_0,0,train,https://doi.org/10.1080/00288330.2022.2088569,"Gall et al. 2022, Figure 10A",v1,S2_SR_HARMONIZED_SCL_v1,174.88361415297433,-41.27121247837674,0.0369,0.0329,0.0055,0.0052,0.004,0.004,0.0022,0.0012,9.0E-4,0.0021
hutt_20200713,COPERNICUS/S2_SR_HARMONIZED/20200712T222549_20200712T222545_T60GUV,2020-07-12 22:27:27,hutt_20200713_backgroundTrain_0,0,train,https://doi.org/10.1080/00288330.2022.2088569,"Gall et al. 2022, Figure 10A",v1,S2_SR_HARMONIZED_SCL_v1,174.88516522351006,-41.271240993443165,0.0369,0.0353,0.0038,0.0063,0.0042,0.0034,0.0011,0.0018,0.0029,0.004
hutt_20200713,COPERNICUS/S2_SR_HARMONIZED/20200712T222549_20200712T222545_T60GUV,2020-07-12 22:27:27,hutt_20200713_backgroundTrain_0,0,train,https://doi.org/10.1080/00288330.2022.2088569,"Gall et al. 2022, Figure 10A",v1,S2_SR_HARMONIZED_SCL_v1,174.88564247643103,-41.27124976310894,0.0394,0.0343,0.0078,0.0042,0.0029,0.005,0.0016,0.0025,0.0018,8.0E-4
hutt_20200713,COPERNICUS/S2_SR_HARMONIZED/20200712T222549_20200712T222545_T60GUV,2020-07-12 22:27:27,hutt_20200713_backgroundTrain_0,0,train,https://doi.org/10.1080/00288330.2022.2088569,"Gall et al. 2022, Figure 10A",v1,S2_SR_HARMONIZED_SCL_v1,174.8865969829057,-41.27126729650991,0.0375,0.0336,0.0065,0.0038,0.0028,0.0043,0.0015,0.0012,0.0017,0.0022
hutt_20200713,COPERNICUS/S2_SR_HARMONIZED/20200712T222549_20200712T222545_T60GUV,2020-07-12 22:27:27,hutt_20200713_backgroundTrain_0,0,train,https://doi.org/10.1080/00288330.2022.2088569,"Gall et al. 2022, Figure 10A",v1,S2_SR_HARMONIZED_SCL_v1,174.8869549230512,-41.27127386949664,0.036,0.0336,0.0052,0.0045,0.0063,0.005,0.004,0.0023,0.002,0.002
hutt_20200713,COPERNICUS/S2_SR_HARMONIZED/20200712T222549_20200712T222545_T60GUV,2020-07-12 22:27:27,hutt_20200713_backgroundTrain_0,0,train,https://doi.org/10.1080/00288330.2022.2088569,"Gall et al. 2022, Figure 10A",v1,S2_SR_HARMONIZED_SCL_v1,174.88731286331523,-41.271280441371374,0.0369,0.0319,0.0058,0.0043,0.0031,0.0016,0.0019,7.0E-4,0.002,0.0017
hutt_20200713,COPERNICUS/S2_SR_HARMONIZED/20200712T222549_20200712T222545_T60GUV,2020-07-12 22:27:27,hutt_20200713_backgroundTrain_0,0,train,https://doi.org/10.1080/00288330.2022.2088569,"Gall et al. 2022, Figure 10A",v1,S2_SR_HARMONIZED_SCL_v1,174.88969913477118,-41.27132422545212,0.0369,0.0329,0.0058,0.0047,0.0038,0.0049,0.0036,0.0028,9.0E-4,0.0021
hutt_20200713,COPERNICUS/S2_SR_HARMONIZED/20200712T222549_20200712T222545_T60GUV,2020-07-12 22:27:27,hutt_20200713_backgroundTrain_0,0,train,https://doi.org/10.1080/00288330.2022.2088569,"Gall et al. 2022, Figure 10A",v1,S2_SR_HARMONIZED_SCL_v1,174.89053433102455,-41.27133953820445,0.0342,0.0319,0.0074,0.0031,0.004,0.0041,0.0022,0.0011,0.0028,0.0035
hutt_20200713,COPERNICUS/S2_SR_HARMONIZED/20200712T222549_20200712T222545_T60GUV,2020-07-12 22:27:27,hutt_20200713_backgroundTrain_0,0,train,https://doi.org/10.1080/00288330.2022.2088569,"Gall et al. 2022, Figure 10A",v1,S2_SR_HARMONIZED_SCL_v1,174.86965169114328,-41.271044918916644,0.0383,0.034,0.0064,0.0062,0.0042,0.0018,0.0037,0.0022,0.0031,0.0034
hutt_20200713,COPERNICUS/S2_SR_HARMONIZED/20200712T222549_20200712T222545_T60GUV,2020-07-12 22:27:27,hutt_20200713_backgroundTrain_0,0,train,https://doi.org/10.1080/00288330.2022.2088569,"Gall et al. 2022, Figure 10A",v1,S2_SR_HARMONIZED_SCL_v1,174.87000962614397,-41.27105154455706,0.0404,0.0343,0.0087,0.0063,0.0042,0.0033,0.0041,1.0E-4,0.0025,0.0026
hutt_20200713,COPERNICUS/S2_SR_HARMONIZED/20200712T222549_20200712T222545_T60GUV,2020-07-12 22:27:27,hutt_20200713_backgroundTrain_0,0,train,https://doi.org/10.1080/00288330.2022.2088569,"Gall et al. 2022, Figure 10A",v1,S2_SR_HARMONIZED_SCL_v1,174.87179930293993,-41.27108465608,0.0355,0.0352,0.0058,0.0049,0.0028,0.0045,0.0031,0.0014,0.001,0.002
hutt_20200713,COPERNICUS/S2_SR_HARMONIZED/20200712T222549_20200712T222545_T60GUV,2020-07-12 22:27:27,hutt_20200713_backgroundTrain_0,0,train,https://doi.org/10.1080/00288330.2022.2088569,"Gall et al. 2022, Figure 10A",v1,S2_SR_HARMONIZED_SCL_v1,174.8725151744945,-41.271097892905566,0.0347,0.0377,0.0063,0.0043,0.0037,0.0053,0.0019,0.0024,9.0E-4,0.0012
hutt_20200713,COPERNICUS/S2_SR_HARMONIZED/20200712T222549_20200712T222545_T60GUV,2020-07-12 22:27:27,hutt_20200713_backgroundTrain_0,0,train,https://doi.org/10.1080/00288330.2022.2088569,"Gall et al. 2022, Figure 10A",v1,S2_SR_HARMONIZED_SCL_v1,174.87502072869512,-41.27114418676865,0.0368,0.0363,0.0079,0.0043,0.0048,0.0048,0.0035,0.0012,1.0E-4,0.0021
hutt_20200713,COPERNICUS/S2_SR_HARMONIZED/20200712T222549_20200712T222545_T60GUV,2020-07-12 22:27:27,hutt_20200713_backgroundTrain_0,0,train,https://doi.org/10.1080/00288330.2022.2088569,"Gall et al. 2022, Figure 10A",v1,S2_SR_HARMONIZED_SCL_v1,174.87537866548664,-41.271150795729845,0.0367,0.0355,0.0061,0.0046,0.0044,0.0051,0.0015,0.0013,0.0014,0.0017
hutt_20200713,COPERNICUS/S2_SR_HARMONIZED/20200712T222549_20200712T222545_T60GUV,2020-07-12 22:27:27,hutt_20200713_backgroundTrain_0,0,train,https://doi.org/10.1080/00288330.2022.2088569,"Gall et al. 2022, Figure 10A",v1,S2_SR_HARMONIZED_SCL_v1,174.87597522707082,-41.271161808194165,0.037,0.0363,0.0079,0.0076,0.0025,0.0033,0.0052,0.0013,0.0011,0.0031
hutt_20200713,COPERNICUS/S2_SR_HARMONIZED/20200712T222549_20200712T222545_T60GUV,2020-07-12 22:27:27,hutt_20200713_backgroundTrain_0,0,train,https://doi.org/10.1080/00288330.2022.2088569,"Gall et al. 2022, Figure 10A",v1,S2_SR_HARMONIZED_SCL_v1,174.87752628873898,-41.27119042614594,0.0339,0.0311,0.0096,0.0062,0.0049,0.0031,0.0017,0.0014,0.0012,0.0034
hutt_20200713,COPERNICUS/S2_SR_HARMONIZED/20200712T222549_20200712T222545_T60GUV,2020-07-12 22:27:27,hutt_20200713_backgroundTrain_0,0,train,https://doi.org/10.1080/00288330.2022.2088569,"Gall et al. 2022, Figure 10A",v1,S2_SR_HARMONIZED_SCL_v1,174.87836147671757,-41.27120582716368,0.0358,0.0349,0.0073,0.0038,0.0028,0.0034,0.0023,0.0012,5.0E-4,1.0E-4
hutt_20200713,COPERNICUS/S2_SR_HARMONIZED/20200712T222549_20200712T222545_T60GUV,2020-07-12 22:27:27,hutt_20200713_backgroundTrain_0,0,train,https://doi.org/10.1080/00288330.2022.2088569,"Gall et al. 2022, Figure 10A",v1,S2_SR_HARMONIZED_SCL_v1,174.87860010197338,-41.271210226342504,0.0339,0.0334,0.01,0.0069,0.0047,0.003,0.0026,0.0011,0.001,0.002
hutt_20200713,COPERNICUS/S2_SR_HARMONIZED/20200712T222549_20200712T222545_T60GUV,2020-07-12 22:27:27,hutt_20200713_backgroundTrain_0,0,train,https://doi.org/10.1080/00288330.2022.2088569,"Gall et al. 2022, Figure 10A",v1,S2_SR_HARMONIZED_SCL_v1,174.87991254182595,-41.27123441299206,0.0394,0.0323,0.0082,0.0046,0.0021,0.0029,0.0033,0.0012,0.0019,0.0021
hutt_20200713,COPERNICUS/S2_SR_HARMONIZED/20200712T222549_20200712T222545_T60GUV,2020-07-12 22:27:27,hutt_20200713_backgroundTrain_0,0,train,https://doi.org/10.1080/00288330.2022.2088569,"Gall et al. 2022, Figure 10A",v1,S2_SR_HARMONIZED_SCL_v1,174.88086704454167,-41.271251993892676,0.0369,0.0356,0.0055,0.0037,0.0019,0.0043,0.0024,0.001,0.0018,0.002
hutt_20200713,COPERNICUS/S2_SR_HARMONIZED/20200712T222549_20200712T222545_T60GUV,2020-07-12 22:27:27,hutt_20200713_backgroundTrain_0,0,train,https://doi.org/10.1080/00288330.2022.2088569,"Gall et al. 2022, Figure 10A",v1,S2_SR_HARMONIZED_SCL_v1,174.88110567035275,-41.27125638788231,0.0342,0.0348,0.0063,0.0033,0.003,0.0031,0.0037,9.0E-4,0.0016,0.0015
hutt_20200713,COPERNICUS/S2_SR_HARMONIZED/20200712T222549_20200712T222545_T60GUV,2020-07-12 22:27:27,hutt_20200713_backgroundTrain_0,0,train,https://doi.org/10.1080/00288330.2022.2088569,"Gall et al. 2022, Figure 10A",v1,S2_SR_HARMONIZED_SCL_v1,174.8821794871565,-41.2712761547198,0.0421,0.0326,0.0073,0.0044,0.004,0.0052,0.0025,0.0018,0.0018,0.0021
hutt_20200713,COPERNICUS/S2_SR_HARMONIZED/20200712T222549_20200712T222545_T60GUV,2020-07-12 22:27:27,hutt_20200713_backgroundTrain_0,0,train,https://doi.org/10.1080/00288330.2022.2088569,"Gall et al. 2022, Figure 10A",v1,S2_SR_HARMONIZED_SCL_v1,174.88289536562,-41.271289327051576,0.0369,0.0338,0.0063,0.0053,0.0042,0.0034,0.003,0.0019,0.0018,0.003
hutt_20200713,COPERNICUS/S2_SR_HARMONIZED/20200712T222549_20200712T222545_T60GUV,2020-07-12 22:27:27,hutt_20200713_backgroundTrain_0,0,train,https://doi.org/10.1080/00288330.2022.2088569,"Gall et al. 2022, Figure 10A",v1,S2_SR_HARMONIZED_SCL_v1,174.88337261819296,-41.271298106135035,0.0379,0.0341,0.0058,0.0049,0.0047,0.003,0.0021,0.001,0.0017,0.001
hutt_20200713,COPERNICUS/S2_SR_HARMONIZED/20200712T222549_20200712T222545_T60GUV,2020-07-12 22:27:27,hutt_20200713_backgroundTrain_0,0,train,https://doi.org/10.1080/00288330.2022.2088569,"Gall et al. 2022, Figure 10A",v1,S2_SR_HARMONIZED_SCL_v1,174.8839691842062,-41.2713090772094,0.0377,0.0327,0.0077,0.0052,0.0014,0.0036,0.0024,0.003,0.0019,0.002
hutt_20200713,COPERNICUS/S2_SR_HARMONIZED/20200712T222549_20200712T222545_T60GUV,2020-07-12 22:27:27,hutt_20200713_backgroundTrain_0,0,train,https://doi.org/10.1080/00288330.2022.2088569,"Gall et al. 2022, Figure 10A",v1,S2_SR_HARMONIZED_SCL_v1,174.88719064637507,-41.27136826763577,0.0345,0.0287,0.0079,0.0027,6.0E-4,0.0029,0.0016,0.0022,0.0019,0.0027
hutt_20200713,COPERNICUS/S2_SR_HARMONIZED/20200712T222549_20200712T222545_T60GUV,2020-07-12 22:27:27,hutt_20200713_backgroundTrain_0,0,train,https://doi.org/10.1080/00288330.2022.2088569,"Gall et al. 2022, Figure 10A",v1,S2_SR_HARMONIZED_SCL_v1,174.88754858720915,-41.27137483878988,0.041,0.0301,0.0074,0.0045,0.0044,7.0E-4,0.0017,0.0014,0.0019,0.0029
hutt_20200713,COPERNICUS/S2_SR_HARMONIZED/20200712T222549_20200712T222545_T60GUV,2020-07-12 22:27:27,hutt_20200713_backgroundTrain_0,0,train,https://doi.org/10.1080/00288330.2022.2088569,"Gall et al. 2022, Figure 10A",v1,S2_SR_HARMONIZED_SCL_v1,174.888264469233,-41.2713879777621,0.0363,0.0318,0.0069,0.005,0.0028,0.0036,0.0024,0.0012,0.0018,0.0026
hutt_20200713,COPERNICUS/S2_SR_HARMONIZED/20200712T222549_20200712T222545_T60GUV,2020-07-12 22:27:27,hutt_20200713_backgroundTrain_0,0,train,https://doi.org/10.1080/00288330.2022.2088569,"Gall et al. 2022, Figure 10A",v1,S2_SR_HARMONIZED_SCL_v1,174.8704839465657,-41.271150392809524,0.0388,0.034,0.008,0.0051,0.0022,0.0033,0.0019,0.0012,0.0022,0.001
hutt_20200713,COPERNICUS/S2_SR_HARMONIZED/20200712T222549_20200712T222545_T60GUV,2020-07-12 22:27:27,hutt_20200713_backgroundTrain_0,0,train,https://doi.org/10.1080/00288330.2022.2088569,"Gall et al. 2022, Figure 10A",v1,S2_SR_HARMONIZED_SCL_v1,174.87108050624965,-41.27116143063633,0.0368,0.0325,0.0077,0.0048,0.0016,0.0033,0.0026,0.0015,0.0014,0.0036
hutt_20200713,COPERNICUS/S2_SR_HARMONIZED/20200712T222549_20200712T222545_T60GUV,2020-07-12 22:27:27,hutt_20200713_backgroundTrain_0,0,train,https://doi.org/10.1080/00288330.2022.2088569,"Gall et al. 2022, Figure 10A",v1,S2_SR_HARMONIZED_SCL_v1,174.8714384422193,-41.27116805184983,0.0393,0.0343,0.0057,0.0041,0.0041,0.0033,6.0E-4,0.0031,2.0E-4,0.0025
hutt_20200713,COPERNICUS/S2_SR_HARMONIZED/20200712T222549_20200712T222545_T60GUV,2020-07-12 22:27:27,hutt_20200713_backgroundTrain_0,0,train,https://doi.org/10.1080/00288330.2022.2088569,"Gall et al. 2022, Figure 10A",v1,S2_SR_HARMONIZED_SCL_v1,174.87298949946793,-41.271196730925766,0.0368,0.0327,0.006,0.0032,0.0032,0.0046,0.0019,0.0026,0.0012,0.0011
hutt_20200713,COPERNICUS/S2_SR_HARMONIZED/20200712T222549_20200712T222545_T60GUV,2020-07-12 22:27:27,hutt_20200713_backgroundTrain_0,0,train,https://doi.org/10.1080/00288330.2022.2088569,"Gall et al. 2022, Figure 10A",v1,S2_SR_HARMONIZED_SCL_v1,174.87310881165683,-41.271198936143676,0.0361,0.031,0.0075,0.0032,0.0032,0.0046,0.002,0.0026,0.0012,0.0011
hutt_20200713,COPERNICUS/S2_SR_HARMONIZED/20200712T222549_20200712T222545_T60GUV,2020-07-12 22:27:27,hutt_20200713_backgroundTrain_0,0,train,https://doi.org/10.1080/00288330.2022.2088569,"Gall et al. 2022, Figure 10A",v1,S2_SR_HARMONIZED_SCL_v1,174.87513712089668,-41.271236405944975,0.0379,0.032,0.0078,0.0046,0.0055,0.0051,0.0017,0.0013,7.0E-4,0.0021
hutt_20200713,COPERNICUS/S2_SR_HARMONIZED/20200712T222549_20200712T222545_T60GUV,2020-07-12 22:27:27,hutt_20200713_backgroundTrain_0,0,train,https://doi.org/10.1080/00288330.2022.2088569,"Gall et al. 2022, Figure 10A",v1,S2_SR_HARMONIZED_SCL_v1,174.87537574576498,-41.27124081180943,0.037,0.032,0.0078,0.0047,0.0038,0.0051,0.002,0.0022,0.0023,0.0034
hutt_20200713,COPERNICUS/S2_SR_HARMONIZED/20200712T222549_20200712T222545_T60GUV,2020-07-12 22:27:27,hutt_20200713_backgroundTrain_0,0,train,https://doi.org/10.1080/00288330.2022.2088569,"Gall et al. 2022, Figure 10A",v1,S2_SR_HARMONIZED_SCL_v1,174.87573368316671,-41.271247419679476,0.0358,0.0326,0.0076,0.0044,0.0022,0.0033,0.0033,0.0025,0.0021,0.002
hutt_20200713,COPERNICUS/S2_SR_HARMONIZED/20200712T222549_20200712T222545_T60GUV,2020-07-12 22:27:27,hutt_20200713_backgroundTrain_0,0,train,https://doi.org/10.1080/00288330.2022.2088569,"Gall et al. 2022, Figure 10A",v1,S2_SR_HARMONIZED_SCL_v1,174.8789551251445,-41.27130684047153,0.0335,0.0367,0.0062,0.0041,0.0015,0.0017,2.0E-4,0.0031,0.001,0.0026
hutt_20200713,COPERNICUS/S2_SR_HARMONIZED/20200712T222549_20200712T222545_T60GUV,2020-07-12 22:27:27,hutt_20200713_backgroundTrain_0,0,train,https://doi.org/10.1080/00288330.2022.2088569,"Gall et al. 2022, Figure 10A",v1,S2_SR_HARMONIZED_SCL_v1,174.88002894128036,-41.27132662738679,0.036,0.0309,0.0084,0.0038,0.0021,5.0E-4,0.0029,0.0013,0.0026,0.0034
hutt_20200713,COPERNICUS/S2_SR_HARMONIZED/20200712T222549_20200712T222545_T60GUV,2020-07-12 22:27:27,hutt_20200713_backgroundTrain_0,0,train,https://doi.org/10.1080/00288330.2022.2088569,"Gall et al. 2022, Figure 10A",v1,S2_SR_HARMONIZED_SCL_v1,174.88205726356898,-41.271363975366036,0.0335,0.0349,0.0061,0.0051,0.0038,0.0037,0.0023,1.0E-4,0.0018,0.003
hutt_20200713,COPERNICUS/S2_SR_HARMONIZED/20200712T222549_20200712T222545_T60GUV,2020-07-12 22:27:27,hutt_20200713_backgroundTrain_0,0,train,https://doi.org/10.1080/00288330.2022.2088569,"Gall et al. 2022, Figure 10A",v1,S2_SR_HARMONIZED_SCL_v1,174.88253451642697,-41.271372757936625,0.0324,0.0354,0.0061,0.0044,0.0039,0.0048,0.001,0.0035,0.0023,0.0022
hutt_20200713,COPERNICUS/S2_SR_HARMONIZED/20200712T222549_20200712T222545_T60GUV,2020-07-12 22:27:27,hutt_20200713_backgroundTrain_0,0,train,https://doi.org/10.1080/00288330.2022.2088569,"Gall et al. 2022, Figure 10A",v1,S2_SR_HARMONIZED_SCL_v1,174.8826538296745,-41.27137495327039,0.0371,0.0337,0.0095,0.0044,0.0039,0.0048,0.0025,0.0035,0.0023,0.0022
hutt_20200713,COPERNICUS/S2_SR_HARMONIZED/20200712T222549_20200712T222545_T60GUV,2020-07-12 22:27:27,hutt_20200713_backgroundTrain_0,0,train,https://doi.org/10.1080/00288330.2022.2088569,"Gall et al. 2022, Figure 10A",v1,S2_SR_HARMONIZED_SCL_v1,174.88480147038663,-41.271414448150466,0.0377,0.0344,0.0069,0.0038,0.0039,0.0049,0.0013,0.0013,0.0021,0.0014
hutt_20200713,COPERNICUS/S2_SR_HARMONIZED/20200712T222549_20200712T222545_T60GUV,2020-07-12 22:27:27,hutt_20200713_backgroundTrain_0,0,train,https://doi.org/10.1080/00288330.2022.2088569,"Gall et al. 2022, Figure 10A",v1,S2_SR_HARMONIZED_SCL_v1,174.88706842910756,-41.271456093761266,0.0358,0.0303,0.0074,0.0033,0.0031,0.0028,0.0025,0.0013,0.002,0.0012
hutt_20200713,COPERNICUS/S2_SR_HARMONIZED/20200712T222549_20200712T222545_T60GUV,2020-07-12 22:27:27,hutt_20200713_backgroundTrain_0,0,train,https://doi.org/10.1080/00288330.2022.2088569,"Gall et al. 2022, Figure 10A",v1,S2_SR_HARMONIZED_SCL_v1,174.8873070566181,-41.271460474915116,0.0368,0.0353,0.0064,0.006,0.0025,0.0025,0.0021,0.0012,0.002,0.0029
hutt_20200713,COPERNICUS/S2_SR_HARMONIZED/20200712T222549_20200712T222545_T60GUV,2020-07-12 22:27:27,hutt_20200713_backgroundTrain_0,0,train,https://doi.org/10.1080/00288330.2022.2088569,"Gall et al. 2022, Figure 10A",v1,S2_SR_HARMONIZED_SCL_v1,174.88838088106758,-41.2714801839915,0.0342,0.0343,0.0078,0.0059,0.0031,0.0018,0.0035,0.001,0.0016,0.0012
hutt_20200713,COPERNICUS/S2_SR_HARMONIZED/20200712T222549_20200712T222545_T60GUV,2020-07-12 22:27:27,hutt_20200713_backgroundTrain_0,0,train,https://doi.org/10.1080/00288330.2022.2088569,"Gall et al. 2022, Figure 10A",v1,S2_SR_HARMONIZED_SCL_v1,174.88909676462646,-41.27149331781576,0.036,0.0298,0.0074,0.0073,0.0026,0.002,0.0034,1.0E-4,0.0019,0.0034
hutt_20200713,COPERNICUS/S2_SR_HARMONIZED/20200712T222549_20200712T222545_T60GUV,2020-07-12 22:27:27,hutt_20200713_backgroundTrain_0,0,train,https://doi.org/10.1080/00288330.2022.2088569,"Gall et al. 2022, Figure 10A",v1,S2_SR_HARMONIZED_SCL_v1,174.88981264865916,-41.271506447192024,0.0363,0.0325,0.006,0.0063,0.0029,0.003,0.0031,0.0024,0.0021,0.002
hutt_20200713,COPERNICUS/S2_SR_HARMONIZED/20200712T222549_20200712T222545_T60GUV,2020-07-12 22:27:27,hutt_20200713_backgroundTrain_0,0,train,https://doi.org/10.1080/00288330.2022.2088569,"Gall et al. 2022, Figure 10A",v1,S2_SR_HARMONIZED_SCL_v1,174.89028990494415,-41.271515197638415,0.0358,0.0334,0.0069,0.0045,0.0026,0.0047,0.0034,0.0023,0.0027,0.0019
hutt_20200713,COPERNICUS/S2_SR_HARMONIZED/20200712T222549_20200712T222545_T60GUV,2020-07-12 22:27:27,hutt_20200713_backgroundTrain_0,0,train,https://doi.org/10.1080/00288330.2022.2088569,"Gall et al. 2022, Figure 10A",v1,S2_SR_HARMONIZED_SCL_v1,174.89076716143964,-41.27152394610791,0.0358,0.0367,0.0062,0.0055,0.0031,0.004,0.002,0.0015,0.0021,0.0031
hutt_20200713,COPERNICUS/S2_SR_HARMONIZED/20200712T222549_20200712T222545_T60GUV,2020-07-12 22:27:27,hutt_20200713_backgroundTrain_0,0,train,https://doi.org/10.1080/00288330.2022.2088569,"Gall et al. 2022, Figure 10A",v1,S2_SR_HARMONIZED_SCL_v1,174.87250932718212,-41.27127792473005,0.0397,0.0327,0.006,0.0049,0.0032,0.005,0.0018,0.0017,0.0023,6.0E-4
hutt_20200713,COPERNICUS/S2_SR_HARMONIZED/20200712T222549_20200712T222545_T60GUV,2020-07-12 22:27:27,hutt_20200713_backgroundTrain_0,0,train,https://doi.org/10.1080/00288330.2022.2088569,"Gall et al. 2022, Figure 10A",v1,S2_SR_HARMONIZED_SCL_v1,174.87322520117814,-41.27129115719114,0.038,0.0332,0.0086,0.0052,0.0045,0.0033,2.0E-4,0.0026,0.0025,0.0019
hutt_20200713,COPERNICUS/S2_SR_HARMONIZED/20200712T222549_20200712T222545_T60GUV,2020-07-12 22:27:27,hutt_20200713_backgroundTrain_0,0,train,https://doi.org/10.1080/00288330.2022.2088569,"Gall et al. 2022, Figure 10A",v1,S2_SR_HARMONIZED_SCL_v1,174.87334451355724,-41.27129336216889,0.0374,0.0348,0.0071,0.0052,0.0045,0.0033,8.0E-4,0.0026,0.0025,0.0019
hutt_20200713,COPERNICUS/S2_SR_HARMONIZED/20200712T222549_20200712T222545_T60GUV,2020-07-12 22:27:27,hutt_20200713_backgroundTrain_0,0,train,https://doi.org/10.1080/00288330.2022.2088569,"Gall et al. 2022, Figure 10A",v1,S2_SR_HARMONIZED_SCL_v1,174.8765659528027,-41.271352849865934,0.0379,0.0324,0.0076,0.0059,0.0038,0.0041,0.0031,9.0E-4,9.0E-4,0.0014
hutt_20200713,COPERNICUS/S2_SR_HARMONIZED/20200712T222549_20200712T222545_T60GUV,2020-07-12 22:27:27,hutt_20200713_backgroundTrain_0,0,train,https://doi.org/10.1080/00288330.2022.2088569,"Gall et al. 2022, Figure 10A",v1,S2_SR_HARMONIZED_SCL_v1,174.8775204551742,-41.271370458553015,0.0355,0.0354,0.0069,0.0062,0.0024,0.0043,0.001,0.0012,0.001,0.0025
hutt_20200713,COPERNICUS/S2_SR_HARMONIZED/20200712T222549_20200712T222545_T60GUV,2020-07-12 22:27:27,hutt_20200713_backgroundTrain_0,0,train,https://doi.org/10.1080/00288330.2022.2088569,"Gall et al. 2022, Figure 10A",v1,S2_SR_HARMONIZED_SCL_v1,174.87823633250872,-41.27138365987914,0.04,0.0358,0.0092,0.005,0.0025,0.0031,0.0019,0.0013,5.0E-4,0.002
hutt_20200713,COPERNICUS/S2_SR_HARMONIZED/20200712T222549_20200712T222545_T60GUV,2020-07-12 22:27:27,hutt_20200713_backgroundTrain_0,0,train,https://doi.org/10.1080/00288330.2022.2088569,"Gall et al. 2022, Figure 10A",v1,S2_SR_HARMONIZED_SCL_v1,174.87883289731792,-41.271394657586555,0.0368,0.0324,0.007,0.0052,0.0028,0.004,7.0E-4,0.0023,0.0018,0.0039
hutt_20200713,COPERNICUS/S2_SR_HARMONIZED/20200712T222549_20200712T222545_T60GUV,2020-07-12 22:27:27,hutt_20200713_backgroundTrain_0,0,train,https://doi.org/10.1080/00288330.2022.2088569,"Gall et al. 2022, Figure 10A",v1,S2_SR_HARMONIZED_SCL_v1,174.8795487755255,-41.271407850758216,0.0368,0.0336,0.0069,0.0045,0.0027,0.004,0.0033,0.0033,0.0029,0.0026
hutt_20200713,COPERNICUS/S2_SR_HARMONIZED/20200712T222549_20200712T222545_T60GUV,2020-07-12 22:27:27,hutt_20200713_backgroundTrain_0,0,train,https://doi.org/10.1080/00288330.2022.2088569,"Gall et al. 2022, Figure 10A",v1,S2_SR_HARMONIZED_SCL_v1,174.88169641300343,-41.27144740358575,0.0339,0.0341,0.0079,0.0062,0.0046,0.0035,0.0033,0.0012,3.0E-4,8.0E-4
hutt_20200713,COPERNICUS/S2_SR_HARMONIZED/20200712T222549_20200712T222545_T60GUV,2020-07-12 22:27:27,hutt_20200713_backgroundTrain_0,0,train,https://doi.org/10.1080/00288330.2022.2088569,"Gall et al. 2022, Figure 10A",v1,S2_SR_HARMONIZED_SCL_v1,174.88467924993256,-41.27150227165837,0.0368,0.0343,0.0074,0.0038,0.0039,0.0049,0.0027,0.0013,0.0021,0.0014
hutt_20200713,COPERNICUS/S2_SR_HARMONIZED/20200712T222549_20200712T222545_T60GUV,2020-07-12 22:27:27,hutt_20200713_backgroundTrain_0,0,train,https://doi.org/10.1080/00288330.2022.2088569,"Gall et al. 2022, Figure 10A",v1,S2_SR_HARMONIZED_SCL_v1,174.88503719091824,-41.27150885063781,0.0361,0.0341,0.0043,0.0046,0.0025,0.0012,0.002,8.0E-4,8.0E-4,0.0031
hutt_20200713,COPERNICUS/S2_SR_HARMONIZED/20200712T222549_20200712T222545_T60GUV,2020-07-12 22:27:27,hutt_20200713_backgroundTrain_0,0,train,https://doi.org/10.1080/00288330.2022.2088569,"Gall et al. 2022, Figure 10A",v1,S2_SR_HARMONIZED_SCL_v1,174.885275818308,-41.27151323600633,0.0384,0.0341,0.0075,0.006,0.0048,0.0016,0.0038,0.0025,0.0023,0.0025
hutt_20200713,COPERNICUS/S2_SR_HARMONIZED/20200712T222549_20200712T222545_T60GUV,2020-07-12 22:27:27,hutt_20200713_backgroundTrain_0,0,train,https://doi.org/10.1080/00288330.2022.2088569,"Gall et al. 2022, Figure 10A",v1,S2_SR_HARMONIZED_SCL_v1,174.8861110145874,-41.27152858090417,0.0326,0.0298,0.0077,0.0042,5.0E-4,0.004,0.0043,0.0012,0.002,0.0015
hutt_20200713,COPERNICUS/S2_SR_HARMONIZED/20200712T222549_20200712T222545_T60GUV,2020-07-12 22:27:27,hutt_20200713_backgroundTrain_0,0,train,https://doi.org/10.1080/00288330.2022.2088569,"Gall et al. 2022, Figure 10A",v1,S2_SR_HARMONIZED_SCL_v1,174.8867075837539,-41.271539537838834,0.0339,0.0317,0.0075,0.0066,0.0028,0.0047,2.0E-4,0.0013,0.0021,0.0027
hutt_20200713,COPERNICUS/S2_SR_HARMONIZED/20200712T222549_20200712T222545_T60GUV,2020-07-12 22:27:27,hutt_20200713_backgroundTrain_0,0,train,https://doi.org/10.1080/00288330.2022.2088569,"Gall et al. 2022, Figure 10A",v1,S2_SR_HARMONIZED_SCL_v1,174.88682689762672,-41.2715417288551,0.0342,0.0356,0.0058,0.0052,0.0054,0.0043,0.0031,0.0012,0.0019,0.0026
hutt_20200713,COPERNICUS/S2_SR_HARMONIZED/20200712T222549_20200712T222545_T60GUV,2020-07-12 22:27:27,hutt_20200713_backgroundTrain_0,0,train,https://doi.org/10.1080/00288330.2022.2088569,"Gall et al. 2022, Figure 10A",v1,S2_SR_HARMONIZED_SCL_v1,174.8880200370796,-41.27156363222223,0.0369,0.0335,0.0074,0.0046,0.0028,0.0068,0.0033,0.001,0.0012,0.0021
hutt_20200713,COPERNICUS/S2_SR_HARMONIZED/20200712T222549_20200712T222545_T60GUV,2020-07-12 22:27:27,hutt_20200713_backgroundTrain_0,0,train,https://doi.org/10.1080/00288330.2022.2088569,"Gall et al. 2022, Figure 10A",v1,S2_SR_HARMONIZED_SCL_v1,174.88849729322953,-41.27157239010953,0.0335,0.0312,0.0077,0.0053,0.0046,0.0048,0.0037,0.001,0.0025,3.0E-4
hutt_20200713,COPERNICUS/S2_SR_HARMONIZED/20200712T222549_20200712T222545_T60GUV,2020-07-12 22:27:27,hutt_20200713_backgroundTrain_0,0,train,https://doi.org/10.1080/00288330.2022.2088569,"Gall et al. 2022, Figure 10A",v1,S2_SR_HARMONIZED_SCL_v1,174.88897454959013,-41.27158114601993,0.0329,0.0297,0.0064,0.0073,0.0026,0.002,7.0E-4,1.0E-4,0.0019,0.0034
hutt_20200713,COPERNICUS/S2_SR_HARMONIZED/20200712T222549_20200712T222545_T60GUV,2020-07-12 22:27:27,hutt_20200713_backgroundTrain_0,0,train,https://doi.org/10.1080/00288330.2022.2088569,"Gall et al. 2022, Figure 10A",v1,S2_SR_HARMONIZED_SCL_v1,174.86904634784756,-41.27130392084139,0.0379,0.0368,0.0081,0.0055,0.003,0.0052,0.0036,0.0014,0.001,0.0026
hutt_20200713,COPERNICUS/S2_SR_HARMONIZED/20200712T222549_20200712T222545_T60GUV,2020-07-12 22:27:27,hutt_20200713_backgroundTrain_0,0,train,https://doi.org/10.1080/00288330.2022.2088569,"Gall et al. 2022, Figure 10A",v1,S2_SR_HARMONIZED_SCL_v1,174.87035878143803,-41.271328216444715,0.04,0.0353,0.0069,0.0062,0.0031,0.0033,0.0047,0.0013,0.0026,0.0024
hutt_20200713,COPERNICUS/S2_SR_HARMONIZED/20200712T222549_20200712T222545_T60GUV,2020-07-12 22:27:27,hutt_20200713_backgroundTrain_0,0,train,https://doi.org/10.1080/00288330.2022.2088569,"Gall et al. 2022, Figure 10A",v1,S2_SR_HARMONIZED_SCL_v1,174.8711939672868,-41.271343669499544,0.037,0.0356,0.0079,0.0048,0.0031,0.0032,0.0019,0.0022,0.0021,0.0016
hutt_20200713,COPERNICUS/S2_SR_HARMONIZED/20200712T222549_20200712T222545_T60GUV,2020-07-12 22:27:27,hutt_20200713_backgroundTrain_0,0,train,https://doi.org/10.1080/00288330.2022.2088569,"Gall et al. 2022, Figure 10A",v1,S2_SR_HARMONIZED_SCL_v1,174.87155190427828,-41.27135029038407,0.042,0.0374,0.0051,0.0049,0.0026,0.0032,0.0028,1.0E-4,5.0E-4,0.002
hutt_20200713,COPERNICUS/S2_SR_HARMONIZED/20200712T222549_20200712T222545_T60GUV,2020-07-12 22:27:27,hutt_20200713_backgroundTrain_0,0,train,https://doi.org/10.1080/00288330.2022.2088569,"Gall et al. 2022, Figure 10A",v1,S2_SR_HARMONIZED_SCL_v1,174.8717905290056,-41.27135470368933,0.0391,0.0339,0.0062,0.0077,0.0028,0.0034,0.0033,0.0015,1.0E-4,7.0E-4
hutt_20200713,COPERNICUS/S2_SR_HARMONIZED/20200712T222549_20200712T222545_T60GUV,2020-07-12 22:27:27,hutt_20200713_backgroundTrain_0,0,train,https://doi.org/10.1080/00288330.2022.2088569,"Gall et al. 2022, Figure 10A",v1,S2_SR_HARMONIZED_SCL_v1,174.87190984138917,-41.27135691015665,0.0374,0.0342,0.0057,0.0077,0.0028,0.0034,0.0036,0.0015,1.0E-4,7.0E-4
hutt_20200713,COPERNICUS/S2_SR_HARMONIZED/20200712T222549_20200712T222545_T60GUV,2020-07-12 22:27:27,hutt_20200713_backgroundTrain_0,0,train,https://doi.org/10.1080/00288330.2022.2088569,"Gall et al. 2022, Figure 10A",v1,S2_SR_HARMONIZED_SCL_v1,174.8733415910268,-41.271383378127354,0.0347,0.0359,0.0065,0.0045,0.0041,0.0035,0.0031,7.0E-4,0.0025,0.0021
hutt_20200713,COPERNICUS/S2_SR_HARMONIZED/20200712T222549_20200712T222545_T60GUV,2020-07-12 22:27:27,hutt_20200713_backgroundTrain_0,0,train,https://doi.org/10.1080/00288330.2022.2088569,"Gall et al. 2022, Figure 10A",v1,S2_SR_HARMONIZED_SCL_v1,174.87429609184613,-41.271401013557075,0.0391,0.0321,0.0078,0.003,0.0045,0.0052,0.002,0.0031,0.0011,0.0027
hutt_20200713,COPERNICUS/S2_SR_HARMONIZED/20200712T222549_20200712T222545_T60GUV,2020-07-12 22:27:27,hutt_20200713_backgroundTrain_0,0,train,https://doi.org/10.1080/00288330.2022.2088569,"Gall et al. 2022, Figure 10A",v1,S2_SR_HARMONIZED_SCL_v1,174.8746540298721,-41.27140762480462,0.0367,0.0338,0.0075,0.0039,0.0042,0.0029,0.0014,1.0E-4,1.0E-4,0.0014
hutt_20200713,COPERNICUS/S2_SR_HARMONIZED/20200712T222549_20200712T222545_T60GUV,2020-07-12 22:27:27,hutt_20200713_backgroundTrain_0,0,train,https://doi.org/10.1080/00288330.2022.2088569,"Gall et al. 2022, Figure 10A",v1,S2_SR_HARMONIZED_SCL_v1,174.87775616442454,-41.27146487570429,0.0397,0.0344,0.0065,0.0043,0.0022,0.0032,0.0016,0.002,0.0018,0.003
hutt_20200713,COPERNICUS/S2_SR_HARMONIZED/20200712T222549_20200712T222545_T60GUV,2020-07-12 22:27:27,hutt_20200713_backgroundTrain_0,0,train,https://doi.org/10.1080/00288330.2022.2088569,"Gall et al. 2022, Figure 10A",v1,S2_SR_HARMONIZED_SCL_v1,174.8783527297875,-41.271475875917375,0.0379,0.036,0.0075,0.0061,0.0024,0.0036,0.0035,0.0013,5.0E-4,0.0012
hutt_20200713,COPERNICUS/S2_SR_HARMONIZED/20200712T222549_20200712T222545_T60GUV,2020-07-12 22:27:27,hutt_20200713_backgroundTrain_0,0,train,https://doi.org/10.1080/00288330.2022.2088569,"Gall et al. 2022, Figure 10A",v1,S2_SR_HARMONIZED_SCL_v1,174.8785913560253,-41.27148027513775,0.037,0.0338,0.0096,0.0064,0.0059,0.0054,0.0033,8.0E-4,0.0019,0.0031
hutt_20200713,COPERNICUS/S2_SR_HARMONIZED/20200712T222549_20200712T222545_T60GUV,2020-07-12 22:27:27,hutt_20200713_backgroundTrain_0,0,train,https://doi.org/10.1080/00288330.2022.2088569,"Gall et al. 2022, Figure 10A",v1,S2_SR_HARMONIZED_SCL_v1,174.88002311456304,-41.27150666008149,0.0363,0.0327,0.0057,0.0039,0.0016,0.0029,0.0035,0.0017,0.0028,0.002
hutt_20200713,COPERNICUS/S2_SR_HARMONIZED/20200712T222549_20200712T222545_T60GUV,2020-07-12 22:27:27,hutt_20200713_backgroundTrain_0,0,train,https://doi.org/10.1080/00288330.2022.2088569,"Gall et al. 2022, Figure 10A",v1,S2_SR_HARMONIZED_SCL_v1,174.88145487500432,-41.27153302723355,0.039,0.0328,0.0075,0.0032,0.0014,1.0E-4,0.0037,0.0012,0.0014,2.0E-4
hutt_20200713,COPERNICUS/S2_SR_HARMONIZED/20200712T222549_20200712T222545_T60GUV,2020-07-12 22:27:27,hutt_20200713_backgroundTrain_0,0,train,https://doi.org/10.1080/00288330.2022.2088569,"Gall et al. 2022, Figure 10A",v1,S2_SR_HARMONIZED_SCL_v1,174.88205144241633,-41.27154400829588,0.0346,0.036,0.0087,0.0051,0.0025,0.0058,0.0038,0.0011,9.0E-4,0.003
hutt_20200713,COPERNICUS/S2_SR_HARMONIZED/20200712T222549_20200712T222545_T60GUV,2020-07-12 22:27:27,hutt_20200713_backgroundTrain_0,0,train,https://doi.org/10.1080/00288330.2022.2088569,"Gall et al. 2022, Figure 10A",v1,S2_SR_HARMONIZED_SCL_v1,174.88217075593838,-41.271546204137685,0.0346,0.0321,0.0061,0.0051,0.0025,0.0058,0.0035,0.0011,9.0E-4,0.003
hutt_20200713,COPERNICUS/S2_SR_HARMONIZED/20200712T222549_20200712T222545_T60GUV,2020-07-12 22:27:27,hutt_20200713_backgroundTrain_0,0,train,https://doi.org/10.1080/00288330.2022.2088569,"Gall et al. 2022, Figure 10A",v1,S2_SR_HARMONIZED_SCL_v1,174.88372183292617,-41.271574738837685,0.0375,0.0323,0.0071,0.0055,0.0024,0.0053,0.0021,0.0013,0.0018,0.002
hutt_20200713,COPERNICUS/S2_SR_HARMONIZED/20200712T222549_20200712T222545_T60GUV,2020-07-12 22:27:27,hutt_20200713_backgroundTrain_0,0,train,https://doi.org/10.1080/00288330.2022.2088569,"Gall et al. 2022, Figure 10A",v1,S2_SR_HARMONIZED_SCL_v1,174.88539222602245,-41.27160544516279,0.0377,0.0342,0.0096,0.0051,0.0032,0.0029,0.0025,0.0012,0.0022,6.0E-4
hutt_20200713,COPERNICUS/S2_SR_HARMONIZED/20200712T222549_20200712T222545_T60GUV,2020-07-12 22:27:27,hutt_20200713_backgroundTrain_0,0,train,https://doi.org/10.1080/00288330.2022.2088569,"Gall et al. 2022, Figure 10A",v1,S2_SR_HARMONIZED_SCL_v1,174.88586948166756,-41.271614213950556,0.0354,0.0308,0.0059,0.0032,0.0043,0.0033,0.0025,0.0029,0.003,0.0019
hutt_20200713,COPERNICUS/S2_SR_HARMONIZED/20200712T222549_20200712T222545_T60GUV,2020-07-12 22:27:27,hutt_20200713_backgroundTrain_0,0,train,https://doi.org/10.1080/00288330.2022.2088569,"Gall et al. 2022, Figure 10A",v1,S2_SR_HARMONIZED_SCL_v1,174.88622742353985,-41.27162078924405,0.0369,0.033,0.0079,0.0027,0.0046,0.0016,0.0016,9.0E-4,0.0021,8.0E-4
hutt_20200713,COPERNICUS/S2_SR_HARMONIZED/20200712T222549_20200712T222545_T60GUV,2020-07-12 22:27:27,hutt_20200713_backgroundTrain_0,0,train,https://doi.org/10.1080/00288330.2022.2088569,"Gall et al. 2022, Figure 10A",v1,S2_SR_HARMONIZED_SCL_v1,174.8871819357791,-41.271638317923596,0.0361,0.0338,0.0057,0.0038,0.0025,0.0033,0.0051,0.0012,0.003,0.0017
hutt_20200713,COPERNICUS/S2_SR_HARMONIZED/20200712T222549_20200712T222545_T60GUV,2020-07-12 22:27:27,hutt_20200713_backgroundTrain_0,0,train,https://doi.org/10.1080/00288330.2022.2088569,"Gall et al. 2022, Figure 10A",v1,S2_SR_HARMONIZED_SCL_v1,174.88753987808622,-41.27164488913976,0.0379,0.0311,0.0085,0.0051,0.0028,0.0048,0.0038,6.0E-4,0.0025,0.0027
hutt_20200713,COPERNICUS/S2_SR_HARMONIZED/20200712T222549_20200712T222545_T60GUV,2020-07-12 22:27:27,hutt_20200713_backgroundTrain_0,0,train,https://doi.org/10.1080/00288330.2022.2088569,"Gall et al. 2022, Figure 10A",v1,S2_SR_HARMONIZED_SCL_v1,174.86940135617735,-41.27140056412522,0.0423,0.0368,0.0061,0.0072,0.0023,0.0012,0.0046,0.0025,0.0029,0.001
hutt_20200713,COPERNICUS/S2_SR_HARMONIZED/20200712T222549_20200712T222545_T60GUV,2020-07-12 22:27:27,hutt_20200713_backgroundTrain_0,0,train,https://doi.org/10.1080/00288330.2022.2088569,"Gall et al. 2022, Figure 10A",v1,S2_SR_HARMONIZED_SCL_v1,174.87011723006674,-41.27141381594357,0.04,0.0369,0.0094,0.0058,0.0012,0.0022,0.0019,0.0024,0.002,0.0017
hutt_20200713,COPERNICUS/S2_SR_HARMONIZED/20200712T222549_20200712T222545_T60GUV,2020-07-12 22:27:27,hutt_20200713_backgroundTrain_0,0,train,https://doi.org/10.1080/00288330.2022.2088569,"Gall et al. 2022, Figure 10A",v1,S2_SR_HARMONIZED_SCL_v1,174.8723841672031,-41.27145575069169,0.0397,0.032,0.0077,0.0047,0.0047,0.0028,0.0031,0.0032,0.0017,0.0032
hutt_20200713,COPERNICUS/S2_SR_HARMONIZED/20200712T222549_20200712T222545_T60GUV,2020-07-12 22:27:27,hutt_20200713_backgroundTrain_0,0,train,https://doi.org/10.1080/00288330.2022.2088569,"Gall et al. 2022, Figure 10A",v1,S2_SR_HARMONIZED_SCL_v1,174.87500904776493,-41.27150425099422,0.0362,0.0323,0.0076,0.0034,0.0023,0.0035,7.0E-4,0.001,0.0018,0.0024
hutt_20200713,COPERNICUS/S2_SR_HARMONIZED/20200712T222549_20200712T222545_T60GUV,2020-07-12 22:27:27,hutt_20200713_backgroundTrain_0,0,train,https://doi.org/10.1080/00288330.2022.2088569,"Gall et al. 2022, Figure 10A",v1,S2_SR_HARMONIZED_SCL_v1,174.87536698652042,-41.27151086003864,0.0376,0.0345,0.0072,0.0045,0.0031,0.0047,0.0018,0.0016,0.0016,0.0017
hutt_20200713,COPERNICUS/S2_SR_HARMONIZED/20200712T222549_20200712T222545_T60GUV,2020-07-12 22:27:27,hutt_20200713_backgroundTrain_0,0,train,https://doi.org/10.1080/00288330.2022.2088569,"Gall et al. 2022, Figure 10A",v1,S2_SR_HARMONIZED_SCL_v1,174.87572492539513,-41.27151746797109,0.0361,0.0296,0.0086,0.0045,0.0022,0.0035,0.0033,0.0023,0.0016,0.002
hutt_20200713,COPERNICUS/S2_SR_HARMONIZED/20200712T222549_20200712T222545_T60GUV,2020-07-12 22:27:27,hutt_20200713_backgroundTrain_0,0,train,https://doi.org/10.1080/00288330.2022.2088569,"Gall et al. 2022, Figure 10A",v1,S2_SR_HARMONIZED_SCL_v1,174.87763393473986,-41.27155269149752,0.036,0.0342,0.0056,0.006,0.0027,0.0043,0.0019,0.0011,0.0017,0.002
hutt_20200713,COPERNICUS/S2_SR_HARMONIZED/20200712T222549_20200712T222545_T60GUV,2020-07-12 22:27:27,hutt_20200713_backgroundTrain_0,0,train,https://doi.org/10.1080/00288330.2022.2088569,"Gall et al. 2022, Figure 10A",v1,S2_SR_HARMONIZED_SCL_v1,174.87823050085498,-41.271563692363,0.0397,0.0355,0.0098,0.0061,0.0024,0.0036,0.0035,0.0013,5.0E-4,0.0012
hutt_20200713,COPERNICUS/S2_SR_HARMONIZED/20200712T222549_20200712T222545_T60GUV,2020-07-12 22:27:27,hutt_20200713_backgroundTrain_0,0,train,https://doi.org/10.1080/00288330.2022.2088569,"Gall et al. 2022, Figure 10A",v1,S2_SR_HARMONIZED_SCL_v1,174.88169059084237,-41.27162743647095,0.0392,0.0341,0.0065,0.0048,0.0032,8.0E-4,0.002,0.0013,3.0E-4,1.0E-4
hutt_20200713,COPERNICUS/S2_SR_HARMONIZED/20200712T222549_20200712T222545_T60GUV,2020-07-12 22:27:27,hutt_20200713_backgroundTrain_0,0,train,https://doi.org/10.1080/00288330.2022.2088569,"Gall et al. 2022, Figure 10A",v1,S2_SR_HARMONIZED_SCL_v1,174.8822871592048,-41.2716384163323,0.0389,0.035,0.008,0.0059,0.0025,0.0042,0.0017,0.0044,0.0031,0.0021
hutt_20200713,COPERNICUS/S2_SR_HARMONIZED/20200712T222549_20200712T222545_T60GUV,2020-07-12 22:27:27,hutt_20200713_backgroundTrain_0,0,train,https://doi.org/10.1080/00288330.2022.2088569,"Gall et al. 2022, Figure 10A",v1,S2_SR_HARMONIZED_SCL_v1,174.8835996107641,-41.27166256115447,0.0359,0.0321,0.0093,0.0062,0.0034,8.0E-4,1.0E-4,7.0E-4,0.0013,0.002
hutt_20200713,COPERNICUS/S2_SR_HARMONIZED/20200712T222549_20200712T222545_T60GUV,2020-07-12 22:27:27,hutt_20200713_backgroundTrain_0,0,train,https://doi.org/10.1080/00288330.2022.2088569,"Gall et al. 2022, Figure 10A",v1,S2_SR_HARMONIZED_SCL_v1,174.88598589041675,-41.27170642252907,0.0381,0.0303,0.0077,0.0032,0.0043,0.0033,0.0021,0.0029,0.003,0.0019
hutt_20200713,COPERNICUS/S2_SR_HARMONIZED/20200712T222549_20200712T222545_T60GUV,2020-07-12 22:27:27,hutt_20200713_backgroundTrain_0,0,train,https://doi.org/10.1080/00288330.2022.2088569,"Gall et al. 2022, Figure 10A",v1,S2_SR_HARMONIZED_SCL_v1,174.88932669078747,-41.27176774542401,0.0342,0.0358,0.008,0.0043,0.0011,0.0049,0.0023,0.0012,0.0021,0.0026
hutt_20200713,COPERNICUS/S2_SR_HARMONIZED/20200712T222549_20200712T222545_T60GUV,2020-07-12 22:27:27,hutt_20200713_backgroundTrain_0,0,train,https://doi.org/10.1080/00288330.2022.2088569,"Gall et al. 2022, Figure 10A",v1,S2_SR_HARMONIZED_SCL_v1,174.890281207075,-41.27178524845898,0.0356,0.0346,0.0094,0.004,0.0023,0.0056,0.0031,0.0033,0.0012,1.0E-4
hutt_20200713,COPERNICUS/S2_SR_HARMONIZED/20200712T222549_20200712T222545_T60GUV,2020-07-12 22:27:27,hutt_20200713_backgroundTrain_0,0,train,https://doi.org/10.1080/00288330.2022.2088569,"Gall et al. 2022, Figure 10A",v1,S2_SR_HARMONIZED_SCL_v1,174.89099709484321,-41.27179837054582,0.0363,0.0354,0.0062,0.0047,0.0034,0.0035,0.0035,0.0015,0.0035,0.0027
hutt_20200713,COPERNICUS/S2_SR_HARMONIZED/20200712T222549_20200712T222545_T60GUV,2020-07-12 22:27:27,hutt_20200713_backgroundTrain_0,0,train,https://doi.org/10.1080/00288330.2022.2088569,"Gall et al. 2022, Figure 10A",v1,S2_SR_HARMONIZED_SCL_v1,174.86915980336866,-41.27148616157616,0.0407,0.0321,0.0063,0.007,0.0025,0.0056,0.0027,0.0011,0.002,0.001
hutt_20200713,COPERNICUS/S2_SR_HARMONIZED/20200712T222549_20200712T222545_T60GUV,2020-07-12 22:27:27,hutt_20200713_backgroundTrain_0,0,train,https://doi.org/10.1080/00288330.2022.2088569,"Gall et al. 2022, Figure 10A",v1,S2_SR_HARMONIZED_SCL_v1,174.86927911578746,-41.27148837077548,0.0373,0.0327,0.0092,0.007,0.0025,0.0056,0.0025,0.0011,0.002,0.001
hutt_20200713,COPERNICUS/S2_SR_HARMONIZED/20200712T222549_20200712T222545_T60GUV,2020-07-12 22:27:27,hutt_20200713_backgroundTrain_0,0,train,https://doi.org/10.1080/00288330.2022.2088569,"Gall et al. 2022, Figure 10A",v1,S2_SR_HARMONIZED_SCL_v1,174.8708301784403,-41.271517079123534,0.0397,0.0361,0.0088,0.0033,0.0027,0.0059,8.0E-4,0.0034,0.0021,0.0021
hutt_20200713,COPERNICUS/S2_SR_HARMONIZED/20200712T222549_20200712T222545_T60GUV,2020-07-12 22:27:27,hutt_20200713_backgroundTrain_0,0,train,https://doi.org/10.1080/00288330.2022.2088569,"Gall et al. 2022, Figure 10A",v1,S2_SR_HARMONIZED_SCL_v1,174.87166536695204,-41.27153252881622,0.0397,0.0368,0.008,0.0061,0.0028,0.0047,0.0017,1.0E-4,8.0E-4,0.0025
hutt_20200713,COPERNICUS/S2_SR_HARMONIZED/20200712T222549_20200712T222545_T60GUV,2020-07-12 22:27:27,hutt_20200713_backgroundTrain_0,0,train,https://doi.org/10.1080/00288330.2022.2088569,"Gall et al. 2022, Figure 10A",v1,S2_SR_HARMONIZED_SCL_v1,174.8745288753561,-41.271585453229946,0.0383,0.035,0.0054,0.0042,0.0044,0.0035,0.0021,0.0031,0.0017,7.0E-4
hutt_20200713,COPERNICUS/S2_SR_HARMONIZED/20200712T222549_20200712T222545_T60GUV,2020-07-12 22:27:27,hutt_20200713_backgroundTrain_0,0,train,https://doi.org/10.1080/00288330.2022.2088569,"Gall et al. 2022, Figure 10A",v1,S2_SR_HARMONIZED_SCL_v1,174.8761992587845,-41.27161629293973,0.0383,0.0361,0.0059,0.0057,0.0038,0.0022,0.0019,0.001,0.0014,0.0021
hutt_20200713,COPERNICUS/S2_SR_HARMONIZED/20200712T222549_20200712T222545_T60GUV,2020-07-12 22:27:27,hutt_20200713_backgroundTrain_0,0,train,https://doi.org/10.1080/00288330.2022.2088569,"Gall et al. 2022, Figure 10A",v1,S2_SR_HARMONIZED_SCL_v1,174.87727307807353,-41.27163610567973,0.0349,0.0336,0.0064,0.0045,0.0026,0.0052,0.0015,0.0012,0.0021,8.0E-4
hutt_20200713,COPERNICUS/S2_SR_HARMONIZED/20200712T222549_20200712T222545_T60GUV,2020-07-12 22:27:27,hutt_20200713_backgroundTrain_0,0,train,https://doi.org/10.1080/00288330.2022.2088569,"Gall et al. 2022, Figure 10A",v1,S2_SR_HARMONIZED_SCL_v1,174.87834689843467,-41.27165590841192,0.0363,0.0354,0.0082,0.0029,0.0027,0.0035,0.0037,0.001,7.0E-4,8.0E-4
hutt_20200713,COPERNICUS/S2_SR_HARMONIZED/20200712T222549_20200712T222545_T60GUV,2020-07-12 22:27:27,hutt_20200713_backgroundTrain_0,0,train,https://doi.org/10.1080/00288330.2022.2088569,"Gall et al. 2022, Figure 10A",v1,S2_SR_HARMONIZED_SCL_v1,174.8831194463305,-41.27174379947207,0.0346,0.0323,0.0064,0.0043,0.0024,0.003,8.0E-4,0.0012,0.0029,7.0E-4
hutt_20200713,COPERNICUS/S2_SR_HARMONIZED/20200712T222549_20200712T222545_T60GUV,2020-07-12 22:27:27,hutt_20200713_backgroundTrain_0,0,train,https://doi.org/10.1080/00288330.2022.2088569,"Gall et al. 2022, Figure 10A",v1,S2_SR_HARMONIZED_SCL_v1,174.885028471405,-41.27177890054355,0.0392,0.0302,0.006,0.0047,0.0029,0.0034,0.0034,0.0012,0.002,0.0021
hutt_20200713,COPERNICUS/S2_SR_HARMONIZED/20200712T222549_20200712T222545_T60GUV,2020-07-12 22:27:27,hutt_20200713_backgroundTrain_0,0,train,https://doi.org/10.1080/00288330.2022.2088569,"Gall et al. 2022, Figure 10A",v1,S2_SR_HARMONIZED_SCL_v1,174.8872954430658,-41.27182054198363,0.039,0.0335,0.0063,0.0053,0.0034,0.0028,0.0025,0.0011,9.0E-4,0.0026
hutt_20200713,COPERNICUS/S2_SR_HARMONIZED/20200712T222549_20200712T222545_T60GUV,2020-07-12 22:27:27,hutt_20200713_backgroundTrain_0,0,train,https://doi.org/10.1080/00288330.2022.2088569,"Gall et al. 2022, Figure 10A",v1,S2_SR_HARMONIZED_SCL_v1,174.8877727008637,-41.271829302919,0.0369,0.0309,0.006,0.0046,0.0024,0.0033,0.0017,8.0E-4,0.002,0.0016
hutt_20200713,COPERNICUS/S2_SR_HARMONIZED/20200712T222549_20200712T222545_T60GUV,2020-07-12 22:27:27,hutt_20200713_backgroundTrain_0,0,train,https://doi.org/10.1080/00288330.2022.2088569,"Gall et al. 2022, Figure 10A",v1,S2_SR_HARMONIZED_SCL_v1,174.88848858795566,-41.27184244061535,0.0299,0.0341,0.0073,0.0075,0.0038,0.0034,0.0021,1.0E-4,0.001,0.0021
hutt_20200713,COPERNICUS/S2_SR_HARMONIZED/20200712T222549_20200712T222545_T60GUV,2020-07-12 22:27:27,hutt_20200713_backgroundTrain_0,0,train,https://doi.org/10.1080/00288330.2022.2088569,"Gall et al. 2022, Figure 10A",v1,S2_SR_HARMONIZED_SCL_v1,174.88980104885525,-41.27186651483943,0.0389,0.0317,0.0075,0.0061,0.0041,0.0036,0.0024,0.0031,0.002,0.0019
hutt_20200713,COPERNICUS/S2_SR_HARMONIZED/20200712T222549_20200712T222545_T60GUV,2020-07-12 22:27:27,hutt_20200713_backgroundTrain_0,0,train,https://doi.org/10.1080/00288330.2022.2088569,"Gall et al. 2022, Figure 10A",v1,S2_SR_HARMONIZED_SCL_v1,174.8900396782808,-41.27187089036483,0.0379,0.0313,0.007,0.0042,0.0043,0.0043,0.0023,0.0032,0.0019,0.0012
hutt_20200713,COPERNICUS/S2_SR_HARMONIZED/20200712T222549_20200712T222545_T60GUV,2020-07-12 22:27:27,hutt_20200713_backgroundTrain_0,0,train,https://doi.org/10.1080/00288330.2022.2088569,"Gall et al. 2022, Figure 10A",v1,S2_SR_HARMONIZED_SCL_v1,174.89099419650924,-41.27188838752416,0.0389,0.0368,0.0069,0.0061,0.0043,0.0019,0.0024,0.0012,0.0029,0.0022
hutt_20200713,COPERNICUS/S2_SR_HARMONIZED/20200712T222549_20200712T222545_T60GUV,2020-07-12 22:27:27,hutt_20200713_backgroundTrain_0,0,train,https://doi.org/10.1080/00288330.2022.2088569,"Gall et al. 2022, Figure 10A",v1,S2_SR_HARMONIZED_SCL_v1,174.8717817549518,-41.27162475128442,0.0397,0.0368,0.0079,0.007,0.0023,0.0019,8.0E-4,5.0E-4,5.0E-4,0.0014
hutt_20200713,COPERNICUS/S2_SR_HARMONIZED/20200712T222549_20200712T222545_T60GUV,2020-07-12 22:27:27,hutt_20200713_backgroundTrain_0,0,train,https://doi.org/10.1080/00288330.2022.2088569,"Gall et al. 2022, Figure 10A",v1,S2_SR_HARMONIZED_SCL_v1,174.87225900652965,-41.27163357649569,0.0403,0.0339,0.0071,0.0048,0.0026,0.0037,0.0017,0.0032,0.001,7.0E-4
hutt_20200713,COPERNICUS/S2_SR_HARMONIZED/20200712T222549_20200712T222545_T60GUV,2020-07-12 22:27:27,hutt_20200713_backgroundTrain_0,0,train,https://doi.org/10.1080/00288330.2022.2088569,"Gall et al. 2022, Figure 10A",v1,S2_SR_HARMONIZED_SCL_v1,174.87333282335587,-41.271653425993236,0.0362,0.0328,0.0071,0.0049,0.0032,0.0046,0.0025,0.0012,5.0E-4,6.0E-4
hutt_20200713,COPERNICUS/S2_SR_HARMONIZED/20200712T222549_20200712T222545_T60GUV,2020-07-12 22:27:27,hutt_20200713_backgroundTrain_0,0,train,https://doi.org/10.1080/00288330.2022.2088569,"Gall et al. 2022, Figure 10A",v1,S2_SR_HARMONIZED_SCL_v1,174.87345213640288,-41.27165563087521,0.0355,0.0328,0.008,0.0045,8.0E-4,0.0039,0.0025,0.0014,0.0018,1.0E-4
hutt_20200713,COPERNICUS/S2_SR_HARMONIZED/20200712T222549_20200712T222545_T60GUV,2020-07-12 22:27:27,hutt_20200713_backgroundTrain_0,0,train,https://doi.org/10.1080/00288330.2022.2088569,"Gall et al. 2022, Figure 10A",v1,S2_SR_HARMONIZED_SCL_v1,174.87428732810315,-41.271671061589515,0.0355,0.0327,0.0076,0.0031,0.0042,0.0068,0.0023,0.0031,4.0E-4,0.0025
hutt_20200713,COPERNICUS/S2_SR_HARMONIZED/20200712T222549_20200712T222545_T60GUV,2020-07-12 22:27:27,hutt_20200713_backgroundTrain_0,0,train,https://doi.org/10.1080/00288330.2022.2088569,"Gall et al. 2022, Figure 10A",v1,S2_SR_HARMONIZED_SCL_v1,174.8755997735157,-41.271695297623125,0.0361,0.0327,0.0052,0.005,0.0026,0.0034,0.0026,0.0019,8.0E-4,0.0027
hutt_20200713,COPERNICUS/S2_SR_HARMONIZED/20200712T222549_20200712T222545_T60GUV,2020-07-12 22:27:27,hutt_20200713_backgroundTrain_0,0,train,https://doi.org/10.1080/00288330.2022.2088569,"Gall et al. 2022, Figure 10A",v1,S2_SR_HARMONIZED_SCL_v1,174.87643496688554,-41.27171071276977,0.0391,0.0332,0.0078,0.0064,0.0019,0.0071,0.001,0.0013,0.002,0.0022
hutt_20200713,COPERNICUS/S2_SR_HARMONIZED/20200712T222549_20200712T222545_T60GUV,2020-07-12 22:27:27,hutt_20200713_backgroundTrain_0,0,train,https://doi.org/10.1080/00288330.2022.2088569,"Gall et al. 2022, Figure 10A",v1,S2_SR_HARMONIZED_SCL_v1,174.8769122205311,-41.271719518706824,0.0335,0.0363,0.0059,0.0074,0.0046,0.0019,0.0018,0.0012,0.0017,0.0016
hutt_20200713,COPERNICUS/S2_SR_HARMONIZED/20200712T222549_20200712T222545_T60GUV,2020-07-12 22:27:27,hutt_20200713_backgroundTrain_0,0,train,https://doi.org/10.1080/00288330.2022.2088569,"Gall et al. 2022, Figure 10A",v1,S2_SR_HARMONIZED_SCL_v1,174.87750878788586,-41.27173052334818,0.0408,0.0326,0.0076,0.0047,0.0026,0.0041,0.0035,0.0012,0.003,0.001
hutt_20200713,COPERNICUS/S2_SR_HARMONIZED/20200712T222549_20200712T222545_T60GUV,2020-07-12 22:27:27,hutt_20200713_backgroundTrain_0,0,train,https://doi.org/10.1080/00288330.2022.2088569,"Gall et al. 2022, Figure 10A",v1,S2_SR_HARMONIZED_SCL_v1,174.8788212372309,-41.27175472268644,0.0381,0.0363,0.0039,0.0069,0.0038,1.0E-4,0.001,0.0027,0.0028,0.002
hutt_20200713,COPERNICUS/S2_SR_HARMONIZED/20200712T222549_20200712T222545_T60GUV,2020-07-12 22:27:27,hutt_20200713_backgroundTrain_0,0,train,https://doi.org/10.1080/00288330.2022.2088569,"Gall et al. 2022, Figure 10A",v1,S2_SR_HARMONIZED_SCL_v1,174.8789405508871,-41.27175692188496,0.0408,0.0349,0.0071,0.0054,0.0032,0.0034,0.001,0.0029,0.0027,7.0E-4
hutt_20200713,COPERNICUS/S2_SR_HARMONIZED/20200712T222549_20200712T222545_T60GUV,2020-07-12 22:27:27,hutt_20200713_backgroundTrain_0,0,train,https://doi.org/10.1080/00288330.2022.2088569,"Gall et al. 2022, Figure 10A",v1,S2_SR_HARMONIZED_SCL_v1,174.87929849193506,-41.271763518739185,0.0396,0.0357,0.0066,0.006,0.0047,0.0052,0.0034,0.0038,0.0019,0.0025
hutt_20200713,COPERNICUS/S2_SR_HARMONIZED/20200712T222549_20200712T222545_T60GUV,2020-07-12 22:27:27,hutt_20200713_backgroundTrain_0,0,train,https://doi.org/10.1080/00288330.2022.2088569,"Gall et al. 2022, Figure 10A",v1,S2_SR_HARMONIZED_SCL_v1,174.88001437438794,-41.27177670911167,0.0346,0.0338,0.0085,0.005,0.0014,0.0014,0.0012,0.0032,0.0016,0.002
hutt_20200713,COPERNICUS/S2_SR_HARMONIZED/20200712T222549_20200712T222545_T60GUV,2020-07-12 22:27:27,hutt_20200713_backgroundTrain_0,0,train,https://doi.org/10.1080/00288330.2022.2088569,"Gall et al. 2022, Figure 10A",v1,S2_SR_HARMONIZED_SCL_v1,174.88049162962093,-41.27178550022224,0.0348,0.0357,0.0088,0.0072,0.0025,0.0054,0.002,0.0024,9.0E-4,0.0027
hutt_20200713,COPERNICUS/S2_SR_HARMONIZED/20200712T222549_20200712T222545_T60GUV,2020-07-12 22:27:27,hutt_20200713_backgroundTrain_0,0,train,https://doi.org/10.1080/00288330.2022.2088569,"Gall et al. 2022, Figure 10A",v1,S2_SR_HARMONIZED_SCL_v1,174.88073025731674,-41.27178989503619,0.0379,0.0359,0.0064,0.0057,0.0032,0.0039,0.0015,0.0014,0.0013,0.0025
hutt_20200713,COPERNICUS/S2_SR_HARMONIZED/20200712T222549_20200712T222545_T60GUV,2020-07-12 22:27:27,hutt_20200713_backgroundTrain_0,0,train,https://doi.org/10.1080/00288330.2022.2088569,"Gall et al. 2022, Figure 10A",v1,S2_SR_HARMONIZED_SCL_v1,174.88096888506539,-41.27179428935593,0.0354,0.0327,0.0068,0.0049,0.0028,0.0024,0.0029,0.0013,0.0017,0.003
hutt_20200713,COPERNICUS/S2_SR_HARMONIZED/20200712T222549_20200712T222545_T60GUV,2020-07-12 22:27:27,hutt_20200713_backgroundTrain_0,0,train,https://doi.org/10.1080/00288330.2022.2088569,"Gall et al. 2022, Figure 10A",v1,S2_SR_HARMONIZED_SCL_v1,174.88156545466828,-41.27180527299306,0.0421,0.0339,0.0091,0.0043,0.0033,0.0012,0.0034,0.0013,7.0E-4,5.0E-4
hutt_20200713,COPERNICUS/S2_SR_HARMONIZED/20200712T222549_20200712T222545_T60GUV,2020-07-12 22:27:27,hutt_20200713_backgroundTrain_0,0,train,https://doi.org/10.1080/00288330.2022.2088569,"Gall et al. 2022, Figure 10A",v1,S2_SR_HARMONIZED_SCL_v1,174.88538350794266,-41.27187549512592,0.0375,0.0321,0.0076,0.0046,0.0028,0.0041,0.0021,0.0026,0.0013,1.0E-4
hutt_20200713,COPERNICUS/S2_SR_HARMONIZED/20200712T222549_20200712T222545_T60GUV,2020-07-12 22:27:27,hutt_20200713_backgroundTrain_0,0,train,https://doi.org/10.1080/00288330.2022.2088569,"Gall et al. 2022, Figure 10A",v1,S2_SR_HARMONIZED_SCL_v1,174.88884363038616,-41.271939024648304,0.0338,0.0348,0.006,0.0043,0.0033,0.0052,0.0023,1.0E-4,0.0019,0.0034
hutt_20200713,COPERNICUS/S2_SR_HARMONIZED/20200712T222549_20200712T222545_T60GUV,2020-07-12 22:27:27,hutt_20200713_backgroundTrain_0,0,train,https://doi.org/10.1080/00288330.2022.2088569,"Gall et al. 2022, Figure 10A",v1,S2_SR_HARMONIZED_SCL_v1,174.8903947233523,-41.271967469668596,0.0339,0.0314,0.0068,0.0037,0.0036,0.0033,0.0035,0.0015,0.0028,0.0027
hutt_20200713,COPERNICUS/S2_SR_HARMONIZED/20200712T222549_20200712T222545_T60GUV,2020-07-12 22:27:27,hutt_20200713_backgroundTrain_0,0,train,https://doi.org/10.1080/00288330.2022.2088569,"Gall et al. 2022, Figure 10A",v1,S2_SR_HARMONIZED_SCL_v1,174.89087198317384,-41.27197621778157,0.0335,0.0366,0.0075,0.0061,0.0043,0.0019,0.0019,0.0012,0.0029,0.0022
hutt_20200713,COPERNICUS/S2_SR_HARMONIZED/20200712T222549_20200712T222545_T60GUV,2020-07-12 22:27:27,hutt_20200713_backgroundTrain_0,0,train,https://doi.org/10.1080/00288330.2022.2088569,"Gall et al. 2022, Figure 10A",v1,S2_SR_HARMONIZED_SCL_v1,174.86951188503664,-41.271672820264676,0.0415,0.0332,0.0079,0.0065,0.0028,0.0052,0.0022,0.0015,0.001,0.0022
hutt_20200713,COPERNICUS/S2_SR_HARMONIZED/20200712T222549_20200712T222545_T60GUV,2020-07-12 22:27:27,hutt_20200713_backgroundTrain_0,0,train,https://doi.org/10.1080/00288330.2022.2088569,"Gall et al. 2022, Figure 10A",v1,S2_SR_HARMONIZED_SCL_v1,174.87022776195164,-41.27168607146686,0.0379,0.0337,0.0067,0.0047,0.0036,0.0032,0.0036,1.0E-4,0.002,0.0011
hutt_20200713,COPERNICUS/S2_SR_HARMONIZED/20200712T222549_20200712T222545_T60GUV,2020-07-12 22:27:27,hutt_20200713_backgroundTrain_0,0,train,https://doi.org/10.1080/00288330.2022.2088569,"Gall et al. 2022, Figure 10A",v1,S2_SR_HARMONIZED_SCL_v1,174.8703470748173,-41.271688279568124,0.0388,0.0356,0.0081,0.0058,0.004,0.0051,0.0019,0.0014,0.003,0.0015
hutt_20200713,COPERNICUS/S2_SR_HARMONIZED/20200712T222549_20200712T222545_T60GUV,2020-07-12 22:27:27,hutt_20200713_backgroundTrain_0,0,train,https://doi.org/10.1080/00288330.2022.2088569,"Gall et al. 2022, Figure 10A",v1,S2_SR_HARMONIZED_SCL_v1,174.87046638769624,-41.27169048754584,0.038,0.0327,0.0075,0.0058,0.004,0.0051,0.0019,0.0014,0.003,0.0015
hutt_20200713,COPERNICUS/S2_SR_HARMONIZED/20200712T222549_20200712T222545_T60GUV,2020-07-12 22:27:27,hutt_20200713_backgroundTrain_0,0,train,https://doi.org/10.1080/00288330.2022.2088569,"Gall et al. 2022, Figure 10A",v1,S2_SR_HARMONIZED_SCL_v1,174.8707050134939,-41.271694903130616,0.0373,0.0345,0.0077,0.0057,0.0026,0.003,0.0032,0.0032,0.0018,0.0021
hutt_20200713,COPERNICUS/S2_SR_HARMONIZED/20200712T222549_20200712T222545_T60GUV,2020-07-12 22:27:27,hutt_20200713_backgroundTrain_0,0,train,https://doi.org/10.1080/00288330.2022.2088569,"Gall et al. 2022, Figure 10A",v1,S2_SR_HARMONIZED_SCL_v1,174.87213676939513,-41.27172138626089,0.0404,0.0322,0.0075,0.0045,7.0E-4,0.0026,0.0023,0.0013,0.0014,0.0021
hutt_20200713,COPERNICUS/S2_SR_HARMONIZED/20200712T222549_20200712T222545_T60GUV,2020-07-12 22:27:27,hutt_20200713_backgroundTrain_0,0,train,https://doi.org/10.1080/00288330.2022.2088569,"Gall et al. 2022, Figure 10A",v1,S2_SR_HARMONIZED_SCL_v1,174.87273333491794,-41.27173241564754,0.0409,0.036,0.0071,0.004,0.0028,0.0022,0.0035,1.0E-4,1.0E-4,0.0025
hutt_20200713,COPERNICUS/S2_SR_HARMONIZED/20200712T222549_20200712T222545_T60GUV,2020-07-12 22:27:27,hutt_20200713_backgroundTrain_0,0,train,https://doi.org/10.1080/00288330.2022.2088569,"Gall et al. 2022, Figure 10A",v1,S2_SR_HARMONIZED_SCL_v1,174.874284406829,-41.271761077597155,0.0339,0.032,0.0078,0.0047,0.0045,0.0033,0.0054,0.001,0.0034,0.0031
hutt_20200713,COPERNICUS/S2_SR_HARMONIZED/20200712T222549_20200712T222545_T60GUV,2020-07-12 22:27:27,hutt_20200713_backgroundTrain_0,0,train,https://doi.org/10.1080/00288330.2022.2088569,"Gall et al. 2022, Figure 10A",v1,S2_SR_HARMONIZED_SCL_v1,174.87869900836944,-41.27184253962846,0.0374,0.0328,0.0063,0.0061,0.0045,0.0026,1.0E-4,0.0037,0.0016,0.0024
hutt_20200713,COPERNICUS/S2_SR_HARMONIZED/20200712T222549_20200712T222545_T60GUV,2020-07-12 22:27:27,hutt_20200713_backgroundTrain_0,0,train,https://doi.org/10.1080/00288330.2022.2088569,"Gall et al. 2022, Figure 10A",v1,S2_SR_HARMONIZED_SCL_v1,174.88013077492192,-41.27186892342179,0.0384,0.0331,0.0078,0.0065,0.0024,0.004,0.0041,0.0032,0.0023,0.0017
hutt_20200713,COPERNICUS/S2_SR_HARMONIZED/20200712T222549_20200712T222545_T60GUV,2020-07-12 22:27:27,hutt_20200713_backgroundTrain_0,0,train,https://doi.org/10.1080/00288330.2022.2088569,"Gall et al. 2022, Figure 10A",v1,S2_SR_HARMONIZED_SCL_v1,174.88072734488063,-41.27187991141793,0.0374,0.0338,0.006,0.006,0.0046,0.0039,0.0019,0.0012,0.0021,0.0035
hutt_20200713,COPERNICUS/S2_SR_HARMONIZED/20200712T222549_20200712T222545_T60GUV,2020-07-12 22:27:27,hutt_20200713_backgroundTrain_0,0,train,https://doi.org/10.1080/00288330.2022.2088569,"Gall et al. 2022, Figure 10A",v1,S2_SR_HARMONIZED_SCL_v1,174.88239774252233,-41.27191066137428,0.033,0.0344,0.007,0.0046,0.006,0.0046,0.0042,0.0033,0.0013,0.0027
hutt_20200713,COPERNICUS/S2_SR_HARMONIZED/20200712T222549_20200712T222545_T60GUV,2020-07-12 22:27:27,hutt_20200713_backgroundTrain_0,0,train,https://doi.org/10.1080/00288330.2022.2088569,"Gall et al. 2022, Figure 10A",v1,S2_SR_HARMONIZED_SCL_v1,174.88454540043566,-41.27195016144837,0.0336,0.0336,0.0066,0.0054,0.0024,0.0022,0.0024,0.0015,0.0022,0.0022
hutt_20200713,COPERNICUS/S2_SR_HARMONIZED/20200712T222549_20200712T222545_T60GUV,2020-07-12 22:27:27,hutt_20200713_backgroundTrain_0,0,train,https://doi.org/10.1080/00288330.2022.2088569,"Gall et al. 2022, Figure 10A",v1,S2_SR_HARMONIZED_SCL_v1,174.88478402935658,-41.27195454787437,0.0368,0.0335,0.0078,0.0047,0.0026,0.0035,0.0018,0.0011,0.0017,0.0021
hutt_20200713,COPERNICUS/S2_SR_HARMONIZED/20200712T222549_20200712T222545_T60GUV,2020-07-12 22:27:27,hutt_20200713_backgroundTrain_0,0,train,https://doi.org/10.1080/00288330.2022.2088569,"Gall et al. 2022, Figure 10A",v1,S2_SR_HARMONIZED_SCL_v1,174.88502265833026,-41.271958933806154,0.0349,0.0352,0.0055,0.0046,0.0026,0.0029,0.0028,0.0014,0.001,0.002
hutt_20200713,COPERNICUS/S2_SR_HARMONIZED/20200712T222549_20200712T222545_T60GUV,2020-07-12 22:27:27,hutt_20200713_backgroundTrain_0,0,train,https://doi.org/10.1080/00288330.2022.2088569,"Gall et al. 2022, Figure 10A",v1,S2_SR_HARMONIZED_SCL_v1,174.8856192309953,-41.27196989647334,0.0343,0.0349,0.0071,0.0046,0.0026,0.0036,8.0E-4,0.0013,0.003,1.0E-4
hutt_20200713,COPERNICUS/S2_SR_HARMONIZED/20200712T222549_20200712T222545_T60GUV,2020-07-12 22:27:27,hutt_20200713_backgroundTrain_0,0,train,https://doi.org/10.1080/00288330.2022.2088569,"Gall et al. 2022, Figure 10A",v1,S2_SR_HARMONIZED_SCL_v1,174.8858578601536,-41.271974280675316,0.0377,0.0349,0.0071,0.0046,0.0027,0.0069,0.0043,0.0012,0.0022,1.0E-4
hutt_20200713,COPERNICUS/S2_SR_HARMONIZED/20200712T222549_20200712T222545_T60GUV,2020-07-12 22:27:27,hutt_20200713_backgroundTrain_0,0,train,https://doi.org/10.1080/00288330.2022.2088569,"Gall et al. 2022, Figure 10A",v1,S2_SR_HARMONIZED_SCL_v1,174.88896004400797,-41.272031230326235,0.0361,0.0331,0.0066,0.0031,0.0024,0.0039,0.0038,7.0E-4,0.0017,0.0027
hutt_20200713,COPERNICUS/S2_SR_HARMONIZED/20200712T222549_20200712T222545_T60GUV,2020-07-12 22:27:27,hutt_20200713_backgroundTrain_0,0,train,https://doi.org/10.1080/00288330.2022.2088569,"Gall et al. 2022, Figure 10A",v1,S2_SR_HARMONIZED_SCL_v1,174.88967593385394,-41.272044360691844,0.0375,0.0342,0.0076,0.0051,9.0E-4,0.0014,0.0021,0.003,0.0019,0.0026
hutt_20200713,COPERNICUS/S2_SR_HARMONIZED/20200712T222549_20200712T222545_T60GUV,2020-07-12 22:27:27,hutt_20200713_backgroundTrain_0,0,train,https://doi.org/10.1080/00288330.2022.2088569,"Gall et al. 2022, Figure 10A",v1,S2_SR_HARMONIZED_SCL_v1,174.8716565923276,-41.27180257638098,0.039,0.036,0.0084,0.0065,0.0025,0.007,0.0017,0.0023,7.0E-4,0.003
hutt_20200713,COPERNICUS/S2_SR_HARMONIZED/20200712T222549_20200712T222545_T60GUV,2020-07-12 22:27:27,hutt_20200713_backgroundTrain_0,0,train,https://doi.org/10.1080/00288330.2022.2088569,"Gall et al. 2022, Figure 10A",v1,S2_SR_HARMONIZED_SCL_v1,174.8733269781756,-41.27183345789592,0.0354,0.0342,0.0076,0.0041,0.0042,0.0023,0.005,0.0013,9.0E-4,0.0031
hutt_20200713,COPERNICUS/S2_SR_HARMONIZED/20200712T222549_20200712T222545_T60GUV,2020-07-12 22:27:27,hutt_20200713_backgroundTrain_0,0,train,https://doi.org/10.1080/00288330.2022.2088569,"Gall et al. 2022, Figure 10A",v1,S2_SR_HARMONIZED_SCL_v1,174.8736849183384,-41.27184007221282,0.0415,0.0304,0.0094,0.0053,0.0031,0.0045,0.0026,7.0E-4,0.0017,7.0E-4
hutt_20200713,COPERNICUS/S2_SR_HARMONIZED/20200712T222549_20200712T222545_T60GUV,2020-07-12 22:27:27,hutt_20200713_backgroundTrain_0,0,train,https://doi.org/10.1080/00288330.2022.2088569,"Gall et al. 2022, Figure 10A",v1,S2_SR_HARMONIZED_SCL_v1,174.87392354517988,-41.27184448113964,0.0339,0.0343,0.008,0.0049,0.0047,0.0022,0.002,0.0025,0.0018,0.0035
hutt_20200713,COPERNICUS/S2_SR_HARMONIZED/20200712T222549_20200712T222545_T60GUV,2020-07-12 22:27:27,hutt_20200713_backgroundTrain_0,0,train,https://doi.org/10.1080/00288330.2022.2088569,"Gall et al. 2022, Figure 10A",v1,S2_SR_HARMONIZED_SCL_v1,174.87452011251557,-41.271855501294525,0.0354,0.0329,0.0044,0.003,0.0044,0.0035,0.0033,1.0E-4,0.0018,0.0011
hutt_20200713,COPERNICUS/S2_SR_HARMONIZED/20200712T222549_20200712T222545_T60GUV,2020-07-12 22:27:27,hutt_20200713_backgroundTrain_0,0,train,https://doi.org/10.1080/00288330.2022.2088569,"Gall et al. 2022, Figure 10A",v1,S2_SR_HARMONIZED_SCL_v1,174.87475873954264,-41.27185990849161,0.0409,0.0314,0.0079,0.0055,0.0042,0.0044,0.0022,0.0026,4.0E-4,0.0015
hutt_20200713,COPERNICUS/S2_SR_HARMONIZED/20200712T222549_20200712T222545_T60GUV,2020-07-12 22:27:27,hutt_20200713_backgroundTrain_0,0,train,https://doi.org/10.1080/00288330.2022.2088569,"Gall et al. 2022, Figure 10A",v1,S2_SR_HARMONIZED_SCL_v1,174.87547462094184,-41.27187312711755,0.0354,0.0325,0.0062,0.0067,0.0026,0.0038,7.0E-4,0.0016,9.0E-4,2.0E-4
hutt_20200713,COPERNICUS/S2_SR_HARMONIZED/20200712T222549_20200712T222545_T60GUV,2020-07-12 22:27:27,hutt_20200713_backgroundTrain_0,0,train,https://doi.org/10.1080/00288330.2022.2088569,"Gall et al. 2022, Figure 10A",v1,S2_SR_HARMONIZED_SCL_v1,174.87654844393484,-41.27189294671659,0.0369,0.0343,0.0065,0.003,0.0033,0.0032,1.0E-4,0.0015,0.0022,0.0022
hutt_20200713,COPERNICUS/S2_SR_HARMONIZED/20200712T222549_20200712T222545_T60GUV,2020-07-12 22:27:27,hutt_20200713_backgroundTrain_0,0,train,https://doi.org/10.1080/00288330.2022.2088569,"Gall et al. 2022, Figure 10A",v1,S2_SR_HARMONIZED_SCL_v1,174.87774158185152,-41.27191495675565,0.0381,0.0345,0.0057,0.0049,0.0031,0.0032,0.0036,0.003,0.0029,0.0021
hutt_20200713,COPERNICUS/S2_SR_HARMONIZED/20200712T222549_20200712T222545_T60GUV,2020-07-12 22:27:27,hutt_20200713_backgroundTrain_0,0,train,https://doi.org/10.1080/00288330.2022.2088569,"Gall et al. 2022, Figure 10A",v1,S2_SR_HARMONIZED_SCL_v1,174.88060511824943,-41.271967730439066,0.0362,0.0336,0.0062,0.006,0.0046,0.0039,0.0019,0.0012,0.0021,0.0035
hutt_20200713,COPERNICUS/S2_SR_HARMONIZED/20200712T222549_20200712T222545_T60GUV,2020-07-12 22:27:27,hutt_20200713_backgroundTrain_0,0,train,https://doi.org/10.1080/00288330.2022.2088569,"Gall et al. 2022, Figure 10A",v1,S2_SR_HARMONIZED_SCL_v1,174.88299140439636,-41.27201165414417,0.0355,0.0361,0.0076,0.0046,0.0028,0.0033,0.0045,0.0012,0.0019,6.0E-4
hutt_20200713,COPERNICUS/S2_SR_HARMONIZED/20200712T222549_20200712T222545_T60GUV,2020-07-12 22:27:27,hutt_20200713_backgroundTrain_0,0,train,https://doi.org/10.1080/00288330.2022.2088569,"Gall et al. 2022, Figure 10A",v1,S2_SR_HARMONIZED_SCL_v1,174.884900437116,-41.27204675752407,0.0364,0.0345,0.0051,0.0046,0.0026,0.0029,0.0017,0.0014,0.001,0.002
hutt_20200713,COPERNICUS/S2_SR_HARMONIZED/20200712T222549_20200712T222545_T60GUV,2020-07-12 22:27:27,hutt_20200713_backgroundTrain_0,0,train,https://doi.org/10.1080/00288330.2022.2088569,"Gall et al. 2022, Figure 10A",v1,S2_SR_HARMONIZED_SCL_v1,174.88979234886412,-41.272136565558405,0.0363,0.036,0.0078,0.0051,9.0E-4,0.0014,0.0028,0.003,0.0019,0.0026
hutt_20200713,COPERNICUS/S2_SR_HARMONIZED/20200712T222549_20200712T222545_T60GUV,2020-07-12 22:27:27,hutt_20200713_backgroundTrain_0,0,train,https://doi.org/10.1080/00288330.2022.2088569,"Gall et al. 2022, Figure 10A",v1,S2_SR_HARMONIZED_SCL_v1,174.89003097927176,-41.27214094112513,0.0349,0.0344,0.0078,0.0043,9.0E-4,0.0048,0.0035,0.0014,0.002,0.0015
hutt_20200713,COPERNICUS/S2_SR_HARMONIZED/20200712T222549_20200712T222545_T60GUV,2020-07-12 22:27:27,hutt_20200713_backgroundTrain_0,0,train,https://doi.org/10.1080/00288330.2022.2088569,"Gall et al. 2022, Figure 10A",v1,S2_SR_HARMONIZED_SCL_v1,174.86974465559516,-41.271857269308974,0.0362,0.0361,0.0061,0.0061,0.0051,0.0043,0.0035,0.0021,0.0038,0.0014
hutt_20200713,COPERNICUS/S2_SR_HARMONIZED/20200712T222549_20200712T222545_T60GUV,2020-07-12 22:27:27,hutt_20200713_backgroundTrain_0,0,train,https://doi.org/10.1080/00288330.2022.2088569,"Gall et al. 2022, Figure 10A",v1,S2_SR_HARMONIZED_SCL_v1,174.86986396873502,-41.271859477918355,0.0423,0.0346,0.0066,0.0047,0.0049,0.0032,0.0037,7.0E-4,0.0029,7.0E-4
hutt_20200713,COPERNICUS/S2_SR_HARMONIZED/20200712T222549_20200712T222545_T60GUV,2020-07-12 22:27:27,hutt_20200713_backgroundTrain_0,0,train,https://doi.org/10.1080/00288330.2022.2088569,"Gall et al. 2022, Figure 10A",v1,S2_SR_HARMONIZED_SCL_v1,174.87105710086396,-41.27188155721675,0.0383,0.0371,0.0087,0.0041,0.0023,0.0059,0.0027,0.0016,0.002,0.0022
hutt_20200713,COPERNICUS/S2_SR_HARMONIZED/20200712T222549_20200712T222545_T60GUV,2020-07-12 22:27:27,hutt_20200713_backgroundTrain_0,0,train,https://doi.org/10.1080/00288330.2022.2088569,"Gall et al. 2022, Figure 10A",v1,S2_SR_HARMONIZED_SCL_v1,174.8711764141499,-41.271883764467056,0.0395,0.0315,0.0063,0.0041,0.0023,0.0059,0.0025,0.0016,0.002,0.0022
hutt_20200713,COPERNICUS/S2_SR_HARMONIZED/20200712T222549_20200712T222545_T60GUV,2020-07-12 22:27:27,hutt_20200713_backgroundTrain_0,0,train,https://doi.org/10.1080/00288330.2022.2088569,"Gall et al. 2022, Figure 10A",v1,S2_SR_HARMONIZED_SCL_v1,174.87129572744905,-41.2718859715938,0.0404,0.0333,0.0077,0.0048,0.0042,0.0041,0.0014,1.0E-4,0.002,0.0027
hutt_20200713,COPERNICUS/S2_SR_HARMONIZED/20200712T222549_20200712T222545_T60GUV,2020-07-12 22:27:27,hutt_20200713_backgroundTrain_0,0,train,https://doi.org/10.1080/00288330.2022.2088569,"Gall et al. 2022, Figure 10A",v1,S2_SR_HARMONIZED_SCL_v1,174.87296611503115,-41.2719168583952,0.0369,0.0343,0.0083,0.0039,0.0023,0.0031,0.0025,0.0015,0.0011,7.0E-4
hutt_20200713,COPERNICUS/S2_SR_HARMONIZED/20200712T222549_20200712T222545_T60GUV,2020-07-12 22:27:27,hutt_20200713_backgroundTrain_0,0,train,https://doi.org/10.1080/00288330.2022.2088569,"Gall et al. 2022, Figure 10A",v1,S2_SR_HARMONIZED_SCL_v1,174.87427856424085,-41.27194110960772,0.0303,0.0332,0.0065,0.0043,0.0056,0.001,0.0037,1.0E-4,2.0E-4,0.0029
hutt_20200713,COPERNICUS/S2_SR_HARMONIZED/20200712T222549_20200712T222545_T60GUV,2020-07-12 22:27:27,hutt_20200713_backgroundTrain_0,0,train,https://doi.org/10.1080/00288330.2022.2088569,"Gall et al. 2022, Figure 10A",v1,S2_SR_HARMONIZED_SCL_v1,174.87559101505443,-41.27196534587022,0.0379,0.0336,0.006,0.0041,0.0027,0.0027,0.0024,0.0037,0.0018,0.002
hutt_20200713,COPERNICUS/S2_SR_HARMONIZED/20200712T222549_20200712T222545_T60GUV,2020-07-12 22:27:27,hutt_20200713_backgroundTrain_0,0,train,https://doi.org/10.1080/00288330.2022.2088569,"Gall et al. 2022, Figure 10A",v1,S2_SR_HARMONIZED_SCL_v1,174.87571032884424,-41.271967548425486,0.0397,0.0325,0.0065,0.0041,0.0027,0.0027,0.0036,0.0037,0.0018,0.002
hutt_20200713,COPERNICUS/S2_SR_HARMONIZED/20200712T222549_20200712T222545_T60GUV,2020-07-12 22:27:27,hutt_20200713_backgroundTrain_0,0,train,https://doi.org/10.1080/00288330.2022.2088569,"Gall et al. 2022, Figure 10A",v1,S2_SR_HARMONIZED_SCL_v1,174.87606827029316,-41.27197415534996,0.0363,0.0339,0.0076,0.0041,1.0E-4,0.0035,0.0019,0.0013,0.0019,0.0026
hutt_20200713,COPERNICUS/S2_SR_HARMONIZED/20200712T222549_20200712T222545_T60GUV,2020-07-12 22:27:27,hutt_20200713_backgroundTrain_0,0,train,https://doi.org/10.1080/00288330.2022.2088569,"Gall et al. 2022, Figure 10A",v1,S2_SR_HARMONIZED_SCL_v1,174.87702278140634,-41.271991768378825,0.0354,0.0371,0.0074,0.0046,0.003,0.0027,0.0035,0.0013,0.0013,0.002
hutt_20200713,COPERNICUS/S2_SR_HARMONIZED/20200712T222549_20200712T222545_T60GUV,2020-07-12 22:27:27,hutt_20200713_backgroundTrain_0,0,train,https://doi.org/10.1080/00288330.2022.2088569,"Gall et al. 2022, Figure 10A",v1,S2_SR_HARMONIZED_SCL_v1,174.87750003728067,-41.272000571927954,0.0404,0.0296,0.009,0.0049,0.0026,0.0033,0.0031,0.0017,0.0023,5.0E-4
hutt_20200713,COPERNICUS/S2_SR_HARMONIZED/20200712T222549_20200712T222545_T60GUV,2020-07-12 22:27:27,hutt_20200713_backgroundTrain_0,0,train,https://doi.org/10.1080/00288330.2022.2088569,"Gall et al. 2022, Figure 10A",v1,S2_SR_HARMONIZED_SCL_v1,174.87785797932537,-41.272007173292465,0.0379,0.0332,0.0081,0.0044,0.003,0.0033,0.0025,0.0029,0.0025,2.0E-4
hutt_20200713,COPERNICUS/S2_SR_HARMONIZED/20200712T222549_20200712T222545_T60GUV,2020-07-12 22:27:27,hutt_20200713_backgroundTrain_0,0,train,https://doi.org/10.1080/00288330.2022.2088569,"Gall et al. 2022, Figure 10A",v1,S2_SR_HARMONIZED_SCL_v1,174.87964769133492,-41.27204016343509,0.0362,0.0336,0.008,0.0042,0.0028,0.0026,0.001,0.0023,8.0E-4,0.0058
hutt_20200713,COPERNICUS/S2_SR_HARMONIZED/20200712T222549_20200712T222545_T60GUV,2020-07-12 22:27:27,hutt_20200713_backgroundTrain_0,0,train,https://doi.org/10.1080/00288330.2022.2088569,"Gall et al. 2022, Figure 10A",v1,S2_SR_HARMONIZED_SCL_v1,174.88203397864146,-41.27208410704746,0.041,0.0324,0.006,0.0046,0.0059,0.0053,0.0028,0.0026,0.0018,0.0015
hutt_20200713,COPERNICUS/S2_SR_HARMONIZED/20200712T222549_20200712T222545_T60GUV,2020-07-12 22:27:27,hutt_20200713_backgroundTrain_0,0,train,https://doi.org/10.1080/00288330.2022.2088569,"Gall et al. 2022, Figure 10A",v1,S2_SR_HARMONIZED_SCL_v1,174.88298849504355,-41.272101670654116,0.0355,0.0332,0.0076,0.0049,0.0031,0.0035,0.0026,0.0016,8.0E-4,8.0E-4
hutt_20200713,COPERNICUS/S2_SR_HARMONIZED/20200712T222549_20200712T222545_T60GUV,2020-07-12 22:27:27,hutt_20200713_backgroundTrain_0,0,train,https://doi.org/10.1080/00288330.2022.2088569,"Gall et al. 2022, Figure 10A",v1,S2_SR_HARMONIZED_SCL_v1,174.88549410461778,-41.272147737498514,0.0374,0.0321,0.0075,0.0046,0.0028,0.0028,0.0015,0.003,0.0019,5.0E-4
hutt_20200713,COPERNICUS/S2_SR_HARMONIZED/20200712T222549_20200712T222545_T60GUV,2020-07-12 22:27:27,hutt_20200713_backgroundTrain_0,0,train,https://doi.org/10.1080/00288330.2022.2088569,"Gall et al. 2022, Figure 10A",v1,S2_SR_HARMONIZED_SCL_v1,174.8863293091017,-41.27216308100469,0.0356,0.0342,0.006,0.0048,0.0013,0.0036,0.0018,0.0014,4.0E-4,0.0011
hutt_20200713,COPERNICUS/S2_SR_HARMONIZED/20200712T222549_20200712T222545_T60GUV,2020-07-12 22:27:27,hutt_20200713_backgroundTrain_0,0,train,https://doi.org/10.1080/00288330.2022.2088569,"Gall et al. 2022, Figure 10A",v1,S2_SR_HARMONIZED_SCL_v1,174.8864486240807,-41.27216527243991,0.035,0.0332,0.0058,0.0048,0.0013,0.0036,0.0019,0.0014,4.0E-4,0.0011
hutt_20200713,COPERNICUS/S2_SR_HARMONIZED/20200712T222549_20200712T222545_T60GUV,2020-07-12 22:27:27,hutt_20200713_backgroundTrain_0,0,train,https://doi.org/10.1080/00288330.2022.2088569,"Gall et al. 2022, Figure 10A",v1,S2_SR_HARMONIZED_SCL_v1,174.88668725407825,-41.27216965493969,0.0355,0.0366,0.0075,0.0045,0.0038,0.0023,0.0031,1.0E-4,8.0E-4,0.0024
hutt_20200713,COPERNICUS/S2_SR_HARMONIZED/20200712T222549_20200712T222545_T60GUV,2020-07-12 22:27:27,hutt_20200713_backgroundTrain_0,0,train,https://doi.org/10.1080/00288330.2022.2088569,"Gall et al. 2022, Figure 10A",v1,S2_SR_HARMONIZED_SCL_v1,174.88788040485647,-41.27219156002508,0.037,0.0314,0.0052,0.0074,0.0036,0.0048,0.0021,0.0038,0.0016,0.0021
hutt_20200713,COPERNICUS/S2_SR_HARMONIZED/20200712T222549_20200712T222545_T60GUV,2020-07-12 22:27:27,hutt_20200713_backgroundTrain_0,0,train,https://doi.org/10.1080/00288330.2022.2088569,"Gall et al. 2022, Figure 10A",v1,S2_SR_HARMONIZED_SCL_v1,174.88907355695176,-41.27221345275464,0.0355,0.0338,0.007,0.0045,0.0026,0.005,0.0031,0.0016,0.0019,0.0024
hutt_20200713,COPERNICUS/S2_SR_HARMONIZED/20200712T222549_20200712T222545_T60GUV,2020-07-12 22:27:27,hutt_20200713_backgroundTrain_0,0,train,https://doi.org/10.1080/00288330.2022.2088569,"Gall et al. 2022, Figure 10A",v1,S2_SR_HARMONIZED_SCL_v1,174.86842928260003,-41.27192298211383,0.0361,0.0336,0.0089,0.006,0.0041,0.0042,0.0014,0.0012,0.0029,0.0024
hutt_20200713,COPERNICUS/S2_SR_HARMONIZED/20200712T222549_20200712T222545_T60GUV,2020-07-12 22:27:27,hutt_20200713_backgroundTrain_0,0,train,https://doi.org/10.1080/00288330.2022.2088569,"Gall et al. 2022, Figure 10A",v1,S2_SR_HARMONIZED_SCL_v1,174.86902584851975,-41.271934030755354,0.0416,0.0332,0.0066,0.0061,0.0036,0.0027,0.0033,1.0E-4,0.0017,0.0021
hutt_20200713,COPERNICUS/S2_SR_HARMONIZED/20200712T222549_20200712T222545_T60GUV,2020-07-12 22:27:27,hutt_20200713_backgroundTrain_0,0,train,https://doi.org/10.1080/00288330.2022.2088569,"Gall et al. 2022, Figure 10A",v1,S2_SR_HARMONIZED_SCL_v1,174.86938378823103,-41.27194065845763,0.0383,0.0358,0.0081,0.0083,0.006,0.0036,0.0045,0.0011,0.0026,0.0021
hutt_20200713,COPERNICUS/S2_SR_HARMONIZED/20200712T222549_20200712T222545_T60GUV,2020-07-12 22:27:27,hutt_20200713_backgroundTrain_0,0,train,https://doi.org/10.1080/00288330.2022.2088569,"Gall et al. 2022, Figure 10A",v1,S2_SR_HARMONIZED_SCL_v1,174.8706962348619,-41.27196495051911,0.0374,0.0368,0.0077,0.0066,0.003,0.0027,0.0023,0.0018,0.002,0.0019
hutt_20200713,COPERNICUS/S2_SR_HARMONIZED/20200712T222549_20200712T222545_T60GUV,2020-07-12 22:27:27,hutt_20200713_backgroundTrain_0,0,train,https://doi.org/10.1080/00288330.2022.2088569,"Gall et al. 2022, Figure 10A",v1,S2_SR_HARMONIZED_SCL_v1,174.87308250557874,-41.27200907960215,0.0376,0.034,0.0094,0.0039,0.0023,0.0031,8.0E-4,0.0015,0.0011,7.0E-4
hutt_20200713,COPERNICUS/S2_SR_HARMONIZED/20200712T222549_20200712T222545_T60GUV,2020-07-12 22:27:27,hutt_20200713_backgroundTrain_0,0,train,https://doi.org/10.1080/00288330.2022.2088569,"Gall et al. 2022, Figure 10A",v1,S2_SR_HARMONIZED_SCL_v1,174.87332113294232,-41.27201348979227,0.0379,0.0361,0.0084,0.0051,0.0026,0.0019,0.0057,0.0011,9.0E-4,0.0021
hutt_20200713,COPERNICUS/S2_SR_HARMONIZED/20200712T222549_20200712T222545_T60GUV,2020-07-12 22:27:27,hutt_20200713_backgroundTrain_0,0,train,https://doi.org/10.1080/00288330.2022.2088569,"Gall et al. 2022, Figure 10A",v1,S2_SR_HARMONIZED_SCL_v1,174.87391770158328,-41.27202451310539,0.037,0.0343,0.0101,0.0048,0.004,0.0039,0.0012,0.0014,1.0E-4,0.0034
hutt_20200713,COPERNICUS/S2_SR_HARMONIZED/20200712T222549_20200712T222545_T60GUV,2020-07-12 22:27:27,hutt_20200713_backgroundTrain_0,0,train,https://doi.org/10.1080/00288330.2022.2088569,"Gall et al. 2022, Figure 10A",v1,S2_SR_HARMONIZED_SCL_v1,174.87475289823738,-41.272039940554485,0.0358,0.0343,0.0076,0.0076,0.0036,0.0019,8.0E-4,0.0024,0.001,7.0E-4
hutt_20200713,COPERNICUS/S2_SR_HARMONIZED/20200712T222549_20200712T222545_T60GUV,2020-07-12 22:27:27,hutt_20200713_backgroundTrain_0,0,train,https://doi.org/10.1080/00288330.2022.2088569,"Gall et al. 2022, Figure 10A",v1,S2_SR_HARMONIZED_SCL_v1,174.87594603744105,-41.27206196926535,0.0371,0.0339,0.0081,0.0034,0.0032,0.0014,0.002,0.0033,9.0E-4,0.002
hutt_20200713,COPERNICUS/S2_SR_HARMONIZED/20200712T222549_20200712T222545_T60GUV,2020-07-12 22:27:27,hutt_20200713_backgroundTrain_0,0,train,https://doi.org/10.1080/00288330.2022.2088569,"Gall et al. 2022, Figure 10A",v1,S2_SR_HARMONIZED_SCL_v1,174.87606535143428,-41.27206417145689,0.0375,0.0321,0.0046,0.0041,1.0E-4,0.0035,0.0036,0.0013,0.0019,0.0026
hutt_20200713,COPERNICUS/S2_SR_HARMONIZED/20200712T222549_20200712T222545_T60GUV,2020-07-12 22:27:27,hutt_20200713_backgroundTrain_0,0,train,https://doi.org/10.1080/00288330.2022.2088569,"Gall et al. 2022, Figure 10A",v1,S2_SR_HARMONIZED_SCL_v1,174.87833231982103,-41.27210598962063,0.0363,0.0329,0.0094,0.0042,0.0045,0.0033,0.0036,8.0E-4,9.0E-4,0.0015
hutt_20200713,COPERNICUS/S2_SR_HARMONIZED/20200712T222549_20200712T222545_T60GUV,2020-07-12 22:27:27,hutt_20200713_backgroundTrain_0,0,train,https://doi.org/10.1080/00288330.2022.2088569,"Gall et al. 2022, Figure 10A",v1,S2_SR_HARMONIZED_SCL_v1,174.88334353003722,-41.272198271497004,0.038,0.0342,0.0047,0.0045,0.0042,0.0033,1.0E-4,0.0022,8.0E-4,0.0027
hutt_20200713,COPERNICUS/S2_SR_HARMONIZED/20200712T222549_20200712T222545_T60GUV,2020-07-12 22:27:27,hutt_20200713_backgroundTrain_0,0,train,https://doi.org/10.1080/00288330.2022.2088569,"Gall et al. 2022, Figure 10A",v1,S2_SR_HARMONIZED_SCL_v1,174.88346284485016,-41.27220046602807,0.0374,0.034,0.0054,0.0045,0.0024,0.0036,0.0026,0.0015,0.002,0.0027
hutt_20200713,COPERNICUS/S2_SR_HARMONIZED/20200712T222549_20200712T222545_T60GUV,2020-07-12 22:27:27,hutt_20200713_backgroundTrain_0,0,train,https://doi.org/10.1080/00288330.2022.2088569,"Gall et al. 2022, Figure 10A",v1,S2_SR_HARMONIZED_SCL_v1,174.88453667876053,-41.27222021124757,0.0382,0.0304,0.0054,0.0066,0.0026,0.0036,0.0032,0.001,0.0013,0.0032
hutt_20200713,COPERNICUS/S2_SR_HARMONIZED/20200712T222549_20200712T222545_T60GUV,2020-07-12 22:27:27,hutt_20200713_backgroundTrain_0,0,train,https://doi.org/10.1080/00288330.2022.2088569,"Gall et al. 2022, Figure 10A",v1,S2_SR_HARMONIZED_SCL_v1,174.8858491438797,-41.2722443307023,0.037,0.0343,0.0066,0.0046,0.0027,0.0044,0.0032,0.0012,0.0019,7.0E-4
hutt_20200713,COPERNICUS/S2_SR_HARMONIZED/20200712T222549_20200712T222545_T60GUV,2020-07-12 22:27:27,hutt_20200713_backgroundTrain_0,0,train,https://doi.org/10.1080/00288330.2022.2088569,"Gall et al. 2022, Figure 10A",v1,S2_SR_HARMONIZED_SCL_v1,174.88907065593318,-41.27230346961489,0.0349,0.0317,0.0062,0.0045,0.0026,0.005,0.0026,0.0016,0.0019,0.0024
hutt_20200713,COPERNICUS/S2_SR_HARMONIZED/20200712T222549_20200712T222545_T60GUV,2020-07-12 22:27:27,hutt_20200713_backgroundTrain_0,0,train,https://doi.org/10.1080/00288330.2022.2088569,"Gall et al. 2022, Figure 10A",v1,S2_SR_HARMONIZED_SCL_v1,174.88918997137878,-41.27230565821517,0.0376,0.0304,0.0078,0.0045,0.0028,0.0036,0.0017,2.0E-4,0.0014,0.0022
hutt_20200713,COPERNICUS/S2_SR_HARMONIZED/20200712T222549_20200712T222545_T60GUV,2020-07-12 22:27:27,hutt_20200713_backgroundTrain_0,0,train,https://doi.org/10.1080/00288330.2022.2088569,"Gall et al. 2022, Figure 10A",v1,S2_SR_HARMONIZED_SCL_v1,174.8895479177946,-41.27231222327464,0.0385,0.0309,0.0086,0.0045,0.0027,0.0053,0.0028,2.0E-4,0.0016,0.0042
hutt_20200713,COPERNICUS/S2_SR_HARMONIZED/20200712T222549_20200712T222545_T60GUV,2020-07-12 22:27:27,hutt_20200713_backgroundTrain_0,0,train,https://doi.org/10.1080/00288330.2022.2088569,"Gall et al. 2022, Figure 10A",v1,S2_SR_HARMONIZED_SCL_v1,174.8908603889991,-41.27233628564528,0.0362,0.035,0.0067,0.0034,0.0038,0.0017,0.0029,0.0013,0.0018,1.0E-4
hutt_20200713,COPERNICUS/S2_SR_HARMONIZED/20200712T222549_20200712T222545_T60GUV,2020-07-12 22:27:27,hutt_20200713_backgroundTrain_0,0,train,https://doi.org/10.1080/00288330.2022.2088569,"Gall et al. 2022, Figure 10A",v1,S2_SR_HARMONIZED_SCL_v1,174.86842635325317,-41.27201299777471,0.0388,0.0353,0.0086,0.006,0.0011,0.0067,6.0E-4,0.0027,0.0019,0.003
hutt_20200713,COPERNICUS/S2_SR_HARMONIZED/20200712T222549_20200712T222545_T60GUV,2020-07-12 22:27:27,hutt_20200713_backgroundTrain_0,0,train,https://doi.org/10.1080/00288330.2022.2088569,"Gall et al. 2022, Figure 10A",v1,S2_SR_HARMONIZED_SCL_v1,174.87069330862468,-41.27205496631211,0.0388,0.0358,0.0073,0.0065,0.0032,0.0051,0.0037,4.0E-4,0.002,0.0024
hutt_20200713,COPERNICUS/S2_SR_HARMONIZED/20200712T222549_20200712T222545_T60GUV,2020-07-12 22:27:27,hutt_20200713_backgroundTrain_0,0,train,https://doi.org/10.1080/00288330.2022.2088569,"Gall et al. 2022, Figure 10A",v1,S2_SR_HARMONIZED_SCL_v1,174.87427272159974,-41.27212114161193,0.0362,0.0314,0.0064,0.0065,0.0026,0.0019,0.002,1.0E-4,1.0E-4,0.003
hutt_20200713,COPERNICUS/S2_SR_HARMONIZED/20200712T222549_20200712T222545_T60GUV,2020-07-12 22:27:27,hutt_20200713_backgroundTrain_0,0,train,https://doi.org/10.1080/00288330.2022.2088569,"Gall et al. 2022, Figure 10A",v1,S2_SR_HARMONIZED_SCL_v1,174.87498860562692,-41.272134363328036,0.0394,0.0322,0.0064,0.0051,0.0035,0.002,0.0019,0.0021,9.0E-4,0.001
hutt_20200713,COPERNICUS/S2_SR_HARMONIZED/20200712T222549_20200712T222545_T60GUV,2020-07-12 22:27:27,hutt_20200713_backgroundTrain_0,0,train,https://doi.org/10.1080/00288330.2022.2088569,"Gall et al. 2022, Figure 10A",v1,S2_SR_HARMONIZED_SCL_v1,174.87606243256212,-41.272154187562236,0.0409,0.0322,0.0083,0.0063,0.0059,0.0049,0.0033,0.0011,0.002,0.003
hutt_20200713,COPERNICUS/S2_SR_HARMONIZED/20200712T222549_20200712T222545_T60GUV,2020-07-12 22:27:27,hutt_20200713_backgroundTrain_0,0,train,https://doi.org/10.1080/00288330.2022.2088569,"Gall et al. 2022, Figure 10A",v1,S2_SR_HARMONIZED_SCL_v1,174.87713626057007,-41.27217400178847,0.0361,0.0342,0.0073,0.0047,0.0031,0.0045,0.0022,6.0E-4,0.0013,0.0021
hutt_20200713,COPERNICUS/S2_SR_HARMONIZED/20200712T222549_20200712T222545_T60GUV,2020-07-12 22:27:27,hutt_20200713_backgroundTrain_0,0,train,https://doi.org/10.1080/00288330.2022.2088569,"Gall et al. 2022, Figure 10A",v1,S2_SR_HARMONIZED_SCL_v1,174.87856803291513,-41.27220040518878,0.0389,0.036,0.0043,0.0067,0.0054,0.0029,0.0023,0.0024,0.0021,0.0021
hutt_20200713,COPERNICUS/S2_SR_HARMONIZED/20200712T222549_20200712T222545_T60GUV,2020-07-12 22:27:27,hutt_20200713_backgroundTrain_0,0,train,https://doi.org/10.1080/00288330.2022.2088569,"Gall et al. 2022, Figure 10A",v1,S2_SR_HARMONIZED_SCL_v1,174.8789259762991,-41.27220700325884,0.0439,0.0322,0.0076,0.0041,0.0026,0.0033,0.0035,0.0012,0.0019,0.001
hutt_20200713,COPERNICUS/S2_SR_HARMONIZED/20200712T222549_20200712T222545_T60GUV,2020-07-12 22:27:27,hutt_20200713_backgroundTrain_0,0,train,https://doi.org/10.1080/00288330.2022.2088569,"Gall et al. 2022, Figure 10A",v1,S2_SR_HARMONIZED_SCL_v1,174.87916460528785,-41.27221140135444,0.0359,0.0343,0.0046,0.0048,9.0E-4,0.0035,0.002,0.0016,0.002,0.0012
hutt_20200713,COPERNICUS/S2_SR_HARMONIZED/20200712T222549_20200712T222545_T60GUV,2020-07-12 22:27:27,hutt_20200713_backgroundTrain_0,0,train,https://doi.org/10.1080/00288330.2022.2088569,"Gall et al. 2022, Figure 10A",v1,S2_SR_HARMONIZED_SCL_v1,174.88035775102506,-41.27223338441906,0.0355,0.0324,0.0043,0.0052,0.0036,0.0028,0.0036,0.0015,0.0016,0.0012
hutt_20200713,COPERNICUS/S2_SR_HARMONIZED/20200712T222549_20200712T222545_T60GUV,2020-07-12 22:27:27,hutt_20200713_backgroundTrain_0,0,train,https://doi.org/10.1080/00288330.2022.2088569,"Gall et al. 2022, Figure 10A",v1,S2_SR_HARMONIZED_SCL_v1,174.88155089808401,-41.27225535512802,0.0411,0.0315,0.007,0.0053,0.0056,0.0025,0.0022,0.0015,8.0E-4,0.0026
hutt_20200713,COPERNICUS/S2_SR_HARMONIZED/20200712T222549_20200712T222545_T60GUV,2020-07-12 22:27:27,hutt_20200713_backgroundTrain_0,0,train,https://doi.org/10.1080/00288330.2022.2088569,"Gall et al. 2022, Figure 10A",v1,S2_SR_HARMONIZED_SCL_v1,174.88274404646396,-41.272277313481275,0.0362,0.0343,0.008,0.0048,0.0022,0.0014,0.0036,0.0016,0.0013,7.0E-4
hutt_20200713,COPERNICUS/S2_SR_HARMONIZED/20200712T222549_20200712T222545_T60GUV,2020-07-12 22:27:27,hutt_20200713_backgroundTrain_0,0,train,https://doi.org/10.1080/00288330.2022.2088569,"Gall et al. 2022, Figure 10A",v1,S2_SR_HARMONIZED_SCL_v1,174.88334062114907,-41.272288288024505,0.0361,0.034,0.0078,0.0013,0.0036,0.004,0.0012,0.0029,0.0017,0.0022
hutt_20200713,COPERNICUS/S2_SR_HARMONIZED/20200712T222549_20200712T222545_T60GUV,2020-07-12 22:27:27,hutt_20200713_backgroundTrain_0,0,train,https://doi.org/10.1080/00288330.2022.2088569,"Gall et al. 2022, Figure 10A",v1,S2_SR_HARMONIZED_SCL_v1,174.88393719616414,-41.27229925947879,0.0378,0.0327,0.0065,0.0058,0.0044,0.0033,0.0015,0.0016,1.0E-4,0.0015
hutt_20200713,COPERNICUS/S2_SR_HARMONIZED/20200712T222549_20200712T222545_T60GUV,2020-07-12 22:27:27,hutt_20200713_backgroundTrain_0,0,train,https://doi.org/10.1080/00288330.2022.2088569,"Gall et al. 2022, Figure 10A",v1,S2_SR_HARMONIZED_SCL_v1,174.88524966235835,-41.272323385805144,0.0385,0.034,0.0076,0.0047,0.0021,0.0039,0.0019,0.0024,0.0022,0.0011
hutt_20200713,COPERNICUS/S2_SR_HARMONIZED/20200712T222549_20200712T222545_T60GUV,2020-07-12 22:27:27,hutt_20200713_backgroundTrain_0,0,train,https://doi.org/10.1080/00288330.2022.2088569,"Gall et al. 2022, Figure 10A",v1,S2_SR_HARMONIZED_SCL_v1,174.88572692318826,-41.27233215530798,0.034,0.0342,0.006,0.0044,0.0035,0.0029,0.0029,0.0025,0.0023,0.0017
hutt_20200713,COPERNICUS/S2_SR_HARMONIZED/20200712T222549_20200712T222545_T60GUV,2020-07-12 22:27:27,hutt_20200713_backgroundTrain_0,0,train,https://doi.org/10.1080/00288330.2022.2088569,"Gall et al. 2022, Figure 10A",v1,S2_SR_HARMONIZED_SCL_v1,174.8863234995223,-41.27234311440647,0.0332,0.0335,0.0065,0.0051,0.0016,0.0046,1.0E-4,8.0E-4,0.0019,6.0E-4
hutt_20200713,COPERNICUS/S2_SR_HARMONIZED/20200712T222549_20200712T222545_T60GUV,2020-07-12 22:27:27,hutt_20200713_backgroundTrain_0,0,train,https://doi.org/10.1080/00288330.2022.2088569,"Gall et al. 2022, Figure 10A",v1,S2_SR_HARMONIZED_SCL_v1,174.8872780223421,-41.27236064253899,0.0389,0.0327,0.0044,0.0055,0.0046,8.0E-4,0.0032,0.0033,0.0012,1.0E-4
hutt_20200713,COPERNICUS/S2_SR_HARMONIZED/20200712T222549_20200712T222545_T60GUV,2020-07-12 22:27:27,hutt_20200713_backgroundTrain_0,0,train,https://doi.org/10.1080/00288330.2022.2088569,"Gall et al. 2022, Figure 10A",v1,S2_SR_HARMONIZED_SCL_v1,174.8877552840682,-41.27236940363984,0.0355,0.0339,0.0048,0.0027,0.0033,0.0039,3.0E-4,8.0E-4,0.0013,0.0014
hutt_20200713,COPERNICUS/S2_SR_HARMONIZED/20200712T222549_20200712T222545_T60GUV,2020-07-12 22:27:27,hutt_20200713_backgroundTrain_0,0,train,https://doi.org/10.1080/00288330.2022.2088569,"Gall et al. 2022, Figure 10A",v1,S2_SR_HARMONIZED_SCL_v1,174.88847117705245,-41.272382541584356,0.033,0.0349,0.007,0.004,0.0032,0.005,0.0011,0.0012,1.0E-4,7.0E-4
hutt_20200713,COPERNICUS/S2_SR_HARMONIZED/20200712T222549_20200712T222545_T60GUV,2020-07-12 22:27:27,hutt_20200713_backgroundTrain_0,0,train,https://doi.org/10.1080/00288330.2022.2088569,"Gall et al. 2022, Figure 10A",v1,S2_SR_HARMONIZED_SCL_v1,174.88918707051073,-41.27239567508073,0.034,0.0355,0.0082,0.0055,0.0026,0.0044,0.0037,0.0038,0.0013,0.0014
hutt_20200713,COPERNICUS/S2_SR_HARMONIZED/20200712T222549_20200712T222545_T60GUV,2020-07-12 22:27:27,hutt_20200713_backgroundTrain_0,0,train,https://doi.org/10.1080/00288330.2022.2088569,"Gall et al. 2022, Figure 10A",v1,S2_SR_HARMONIZED_SCL_v1,174.89014159585884,-41.272413179489895,0.034,0.0318,0.0062,0.0045,0.0044,0.0071,0.0019,0.0034,0.0013,0.0019
hutt_20200713,COPERNICUS/S2_SR_HARMONIZED/20200712T222549_20200712T222545_T60GUV,2020-07-12 22:27:27,hutt_20200713_backgroundTrain_0,0,train,https://doi.org/10.1080/00288330.2022.2088569,"Gall et al. 2022, Figure 10A",v1,S2_SR_HARMONIZED_SCL_v1,174.89026091158655,-41.272415366985015,0.0336,0.0327,0.0073,0.0045,0.0044,0.0071,0.0019,0.0034,0.0013,0.0019
hutt_20200713,COPERNICUS/S2_SR_HARMONIZED/20200712T222549_20200712T222545_T60GUV,2020-07-12 22:27:27,hutt_20200713_backgroundTrain_0,0,train,https://doi.org/10.1080/00288330.2022.2088569,"Gall et al. 2022, Figure 10A",v1,S2_SR_HARMONIZED_SCL_v1,174.89038022732743,-41.272417554356586,0.035,0.0342,0.0081,0.0063,0.0046,0.0016,0.0017,0.0025,0.0013,0.0032
hutt_20200713,COPERNICUS/S2_SR_HARMONIZED/20200712T222549_20200712T222545_T60GUV,2020-07-12 22:27:27,hutt_20200713_backgroundTrain_0,0,train,https://doi.org/10.1080/00288330.2022.2088569,"Gall et al. 2022, Figure 10A",v1,S2_SR_HARMONIZED_SCL_v1,174.89085749042252,-41.27242630260726,0.0356,0.035,0.008,0.0044,0.0046,0.0032,0.0024,0.0012,0.0019,0.0012
hutt_20200713,COPERNICUS/S2_SR_HARMONIZED/20200712T222549_20200712T222545_T60GUV,2020-07-12 22:27:27,hutt_20200713_backgroundTrain_0,0,train,https://doi.org/10.1080/00288330.2022.2088569,"Gall et al. 2022, Figure 10A",v1,S2_SR_HARMONIZED_SCL_v1,174.89133475372802,-41.272435048880965,0.0389,0.0328,0.0069,0.0045,0.0024,0.0057,0.0026,0.003,0.002,0.0011
hutt_20200713,COPERNICUS/S2_SR_HARMONIZED/20200712T222549_20200712T222545_T60GUV,2020-07-12 22:27:27,hutt_20200713_backgroundTrain_0,0,train,https://doi.org/10.1080/00288330.2022.2088569,"Gall et al. 2022, Figure 10A",v1,S2_SR_HARMONIZED_SCL_v1,174.86878136438693,-41.27210964303132,0.0361,0.0356,0.0094,0.0064,0.0035,0.0052,0.0023,0.0018,0.0016,0.0026
hutt_20200713,COPERNICUS/S2_SR_HARMONIZED/20200712T222549_20200712T222545_T60GUV,2020-07-12 22:27:27,hutt_20200713_backgroundTrain_0,0,train,https://doi.org/10.1080/00288330.2022.2088569,"Gall et al. 2022, Figure 10A",v1,S2_SR_HARMONIZED_SCL_v1,174.8692586185649,-41.27211848076466,0.0431,0.0378,0.0079,0.0072,0.0044,0.0037,0.0033,0.003,0.0019,0.0021
hutt_20200713,COPERNICUS/S2_SR_HARMONIZED/20200712T222549_20200712T222545_T60GUV,2020-07-12 22:27:27,hutt_20200713_backgroundTrain_0,0,train,https://doi.org/10.1080/00288330.2022.2088569,"Gall et al. 2022, Figure 10A",v1,S2_SR_HARMONIZED_SCL_v1,174.86997450023048,-41.27213173365806,0.0397,0.037,0.0074,0.0047,0.0039,0.0033,0.0046,1.0E-4,0.0018,0.0011
hutt_20200713,COPERNICUS/S2_SR_HARMONIZED/20200712T222549_20200712T222545_T60GUV,2020-07-12 22:27:27,hutt_20200713_backgroundTrain_0,0,train,https://doi.org/10.1080/00288330.2022.2088569,"Gall et al. 2022, Figure 10A",v1,S2_SR_HARMONIZED_SCL_v1,174.87069038237416,-41.27214498210353,0.0407,0.036,0.0091,0.0065,0.0032,0.0051,0.0035,4.0E-4,0.002,0.0024
hutt_20200713,COPERNICUS/S2_SR_HARMONIZED/20200712T222549_20200712T222545_T60GUV,2020-07-12 22:27:27,hutt_20200713_backgroundTrain_0,0,train,https://doi.org/10.1080/00288330.2022.2088569,"Gall et al. 2022, Figure 10A",v1,S2_SR_HARMONIZED_SCL_v1,174.87140626499584,-41.27215822610107,0.0376,0.0325,0.007,0.0043,0.0028,0.0033,0.0037,9.0E-4,0.002,0.0015
hutt_20200713,COPERNICUS/S2_SR_HARMONIZED/20200712T222549_20200712T222545_T60GUV,2020-07-12 22:27:27,hutt_20200713_backgroundTrain_0,0,train,https://doi.org/10.1080/00288330.2022.2088569,"Gall et al. 2022, Figure 10A",v1,S2_SR_HARMONIZED_SCL_v1,174.87164489264262,-41.272162639778486,0.0383,0.0308,0.0077,0.0077,0.0041,0.002,0.0019,7.0E-4,0.002,0.0016
hutt_20200713,COPERNICUS/S2_SR_HARMONIZED/20200712T222549_20200712T222545_T60GUV,2020-07-12 22:27:27,hutt_20200713_backgroundTrain_0,0,train,https://doi.org/10.1080/00288330.2022.2088569,"Gall et al. 2022, Figure 10A",v1,S2_SR_HARMONIZED_SCL_v1,174.87283803167256,-41.2721847007523,0.036,0.0336,0.0077,0.0039,0.003,0.0014,0.0033,6.0E-4,0.0019,8.0E-4
hutt_20200713,COPERNICUS/S2_SR_HARMONIZED/20200712T222549_20200712T222545_T60GUV,2020-07-12 22:27:27,hutt_20200713_backgroundTrain_0,0,train,https://doi.org/10.1080/00288330.2022.2088569,"Gall et al. 2022, Figure 10A",v1,S2_SR_HARMONIZED_SCL_v1,174.87367322978278,-41.27220013608248,0.0397,0.0343,0.0066,0.0048,0.0031,0.0033,0.0015,0.0013,7.0E-4,0.0022
hutt_20200713,COPERNICUS/S2_SR_HARMONIZED/20200712T222549_20200712T222545_T60GUV,2020-07-12 22:27:27,hutt_20200713_backgroundTrain_0,0,train,https://doi.org/10.1080/00288330.2022.2088569,"Gall et al. 2022, Figure 10A",v1,S2_SR_HARMONIZED_SCL_v1,174.87379254385155,-41.27220234063543,0.0354,0.0345,0.0076,0.0048,0.0031,0.0033,1.0E-4,0.0013,7.0E-4,0.0022
hutt_20200713,COPERNICUS/S2_SR_HARMONIZED/20200712T222549_20200712T222545_T60GUV,2020-07-12 22:27:27,hutt_20200713_backgroundTrain_0,0,train,https://doi.org/10.1080/00288330.2022.2088569,"Gall et al. 2022, Figure 10A",v1,S2_SR_HARMONIZED_SCL_v1,174.87510499948309,-41.27222658256325,0.0397,0.0337,0.0076,0.0062,0.0058,0.0034,0.0017,0.0034,8.0E-4,0.0024
hutt_20200713,COPERNICUS/S2_SR_HARMONIZED/20200712T222549_20200712T222545_T60GUV,2020-07-12 22:27:27,hutt_20200713_backgroundTrain_0,0,train,https://doi.org/10.1080/00288330.2022.2088569,"Gall et al. 2022, Figure 10A",v1,S2_SR_HARMONIZED_SCL_v1,174.8760595136767,-41.27224420366601,0.0396,0.0325,0.0067,0.0063,0.0059,0.0049,0.0031,0.0011,0.002,0.003
hutt_20200713,COPERNICUS/S2_SR_HARMONIZED/20200712T222549_20200712T222545_T60GUV,2020-07-12 22:27:27,hutt_20200713_backgroundTrain_0,0,train,https://doi.org/10.1080/00288330.2022.2088569,"Gall et al. 2022, Figure 10A",v1,S2_SR_HARMONIZED_SCL_v1,174.87892306134182,-41.272297019528885,0.0424,0.0332,0.005,0.0041,0.0026,0.0033,0.0037,0.0012,0.0019,0.001
hutt_20200713,COPERNICUS/S2_SR_HARMONIZED/20200712T222549_20200712T222545_T60GUV,2020-07-12 22:27:27,hutt_20200713_backgroundTrain_0,0,train,https://doi.org/10.1080/00288330.2022.2088569,"Gall et al. 2022, Figure 10A",v1,S2_SR_HARMONIZED_SCL_v1,174.87963894944883,-41.272310212374535,0.0356,0.034,0.009,0.0051,0.0024,0.0039,0.0036,0.0031,0.0018,0.0025
hutt_20200713,COPERNICUS/S2_SR_HARMONIZED/20200712T222549_20200712T222545_T60GUV,2020-07-12 22:27:27,hutt_20200713_backgroundTrain_0,0,train,https://doi.org/10.1080/00288330.2022.2088569,"Gall et al. 2022, Figure 10A",v1,S2_SR_HARMONIZED_SCL_v1,174.87999689368084,-41.27231680712935,0.0395,0.0353,0.0058,0.0045,0.0023,0.0018,0.0028,0.002,0.0028,0.002
hutt_20200713,COPERNICUS/S2_SR_HARMONIZED/20200712T222549_20200712T222545_T60GUV,2020-07-12 22:27:27,hutt_20200713_backgroundTrain_0,0,train,https://doi.org/10.1080/00288330.2022.2088569,"Gall et al. 2022, Figure 10A",v1,S2_SR_HARMONIZED_SCL_v1,174.88047415284197,-41.27232559840597,0.039,0.0369,0.0051,0.0052,0.0036,0.0028,0.0022,0.0015,0.0016,0.0012
hutt_20200713,COPERNICUS/S2_SR_HARMONIZED/20200712T222549_20200712T222545_T60GUV,2020-07-12 22:27:27,hutt_20200713_backgroundTrain_0,0,train,https://doi.org/10.1080/00288330.2022.2088569,"Gall et al. 2022, Figure 10A",v1,S2_SR_HARMONIZED_SCL_v1,174.88238319160055,-41.27236074374329,0.0376,0.0373,0.0076,0.0047,0.0061,0.0053,0.0011,7.0E-4,0.0022,7.0E-4
hutt_20200713,COPERNICUS/S2_SR_HARMONIZED/20200712T222549_20200712T222545_T60GUV,2020-07-12 22:27:27,hutt_20200713_backgroundTrain_0,0,train,https://doi.org/10.1080/00288330.2022.2088569,"Gall et al. 2022, Figure 10A",v1,S2_SR_HARMONIZED_SCL_v1,174.88286045181852,-41.272369525135325,0.0336,0.0355,0.0094,0.0048,0.0022,0.0014,0.0035,0.0016,0.0013,7.0E-4
hutt_20200713,COPERNICUS/S2_SR_HARMONIZED/20200712T222549_20200712T222545_T60GUV,2020-07-12 22:27:27,hutt_20200713_backgroundTrain_0,0,train,https://doi.org/10.1080/00288330.2022.2088569,"Gall et al. 2022, Figure 10A",v1,S2_SR_HARMONIZED_SCL_v1,174.88381497288808,-41.27238708198861,0.038,0.036,0.0067,0.0062,0.0028,0.0026,0.0014,0.003,8.0E-4,0.0022
hutt_20200713,COPERNICUS/S2_SR_HARMONIZED/20200712T222549_20200712T222545_T60GUV,2020-07-12 22:27:27,hutt_20200713_backgroundTrain_0,0,train,https://doi.org/10.1080/00288330.2022.2088569,"Gall et al. 2022, Figure 10A",v1,S2_SR_HARMONIZED_SCL_v1,174.88739443441744,-41.27245284976015,0.034,0.0332,0.0071,0.0055,0.0046,8.0E-4,0.0031,0.0033,0.0012,1.0E-4
hutt_20200713,COPERNICUS/S2_SR_HARMONIZED/20200712T222549_20200712T222545_T60GUV,2020-07-12 22:27:27,hutt_20200713_backgroundTrain_0,0,train,https://doi.org/10.1080/00288330.2022.2088569,"Gall et al. 2022, Figure 10A",v1,S2_SR_HARMONIZED_SCL_v1,174.8877523812228,-41.27245942042113,0.035,0.032,0.0043,0.0027,0.0033,0.0039,1.0E-4,8.0E-4,0.0013,0.0014
hutt_20200713,COPERNICUS/S2_SR_HARMONIZED/20200712T222549_20200712T222545_T60GUV,2020-07-12 22:27:27,hutt_20200713_backgroundTrain_0,0,train,https://doi.org/10.1080/00288330.2022.2088569,"Gall et al. 2022, Figure 10A",v1,S2_SR_HARMONIZED_SCL_v1,174.88799101249225,-41.27246380024399,0.0391,0.0314,0.0043,0.0069,0.0028,0.0035,0.0018,0.0012,0.0019,0.0026
hutt_20200713,COPERNICUS/S2_SR_HARMONIZED/20200712T222549_20200712T222545_T60GUV,2020-07-12 22:27:27,hutt_20200713_backgroundTrain_0,0,train,https://doi.org/10.1080/00288330.2022.2088569,"Gall et al. 2022, Figure 10A",v1,S2_SR_HARMONIZED_SCL_v1,174.88870690661662,-41.27247693674714,0.0382,0.0348,0.0086,0.0034,0.0024,0.0039,2.0E-4,0.0013,0.0011,2.0E-4
hutt_20200713,COPERNICUS/S2_SR_HARMONIZED/20200712T222549_20200712T222545_T60GUV,2020-07-12 22:27:27,hutt_20200713_backgroundTrain_0,0,train,https://doi.org/10.1080/00288330.2022.2088569,"Gall et al. 2022, Figure 10A",v1,S2_SR_HARMONIZED_SCL_v1,174.88942280121492,-41.27249006880214,0.0326,0.0336,0.0077,0.0048,0.0026,0.0054,0.0012,0.0015,9.0E-4,0.0025
hutt_20200713,COPERNICUS/S2_SR_HARMONIZED/20200712T222549_20200712T222545_T60GUV,2020-07-12 22:27:27,hutt_20200713_backgroundTrain_0,0,train,https://doi.org/10.1080/00288330.2022.2088569,"Gall et al. 2022, Figure 10A",v1,S2_SR_HARMONIZED_SCL_v1,174.8906159599316,-41.27251194567568,0.0372,0.0359,0.0073,0.0051,0.0042,0.0023,0.0024,0.0015,0.0021,8.0E-4
hutt_20200713,COPERNICUS/S2_SR_HARMONIZED/20200712T222549_20200712T222545_T60GUV,2020-07-12 22:27:27,hutt_20200713_backgroundTrain_0,0,train,https://doi.org/10.1080/00288330.2022.2088569,"Gall et al. 2022, Figure 10A",v1,S2_SR_HARMONIZED_SCL_v1,174.89085459183278,-41.27251631956766,0.0355,0.0354,0.0083,0.0044,0.0046,0.0032,0.0028,0.0012,0.0019,0.0012
hutt_20200713,COPERNICUS/S2_SR_HARMONIZED/20200712T222549_20200712T222545_T60GUV,2020-07-12 22:27:27,hutt_20200713_backgroundTrain_0,0,train,https://doi.org/10.1080/00288330.2022.2088569,"Gall et al. 2022, Figure 10A",v1,S2_SR_HARMONIZED_SCL_v1,174.89097390780313,-41.27251850632831,0.0336,0.0347,0.0069,0.0044,0.0046,0.0032,0.0033,0.0012,0.0019,0.0012
hutt_20200713,COPERNICUS/S2_SR_HARMONIZED/20200712T222549_20200712T222545_T60GUV,2020-07-12 22:27:27,hutt_20200713_backgroundTrain_0,0,train,https://doi.org/10.1080/00288330.2022.2088569,"Gall et al. 2022, Figure 10A",v1,S2_SR_HARMONIZED_SCL_v1,174.89145117181596,-41.27252725213531,0.0339,0.035,0.0076,0.0045,0.0024,0.0057,0.0018,0.003,0.002,0.0011
hutt_20200713,COPERNICUS/S2_SR_HARMONIZED/20200712T222549_20200712T222545_T60GUV,2020-07-12 22:27:27,hutt_20200713_backgroundTrain_0,0,train,https://doi.org/10.1080/00288330.2022.2088569,"Gall et al. 2022, Figure 10A",v1,S2_SR_HARMONIZED_SCL_v1,174.86925569033713,-41.272208496471066,0.0438,0.0384,0.0074,0.0039,0.0043,0.0058,0.0036,0.0031,0.0021,0.0012
hutt_20200713,COPERNICUS/S2_SR_HARMONIZED/20200712T222549_20200712T222545_T60GUV,2020-07-12 22:27:27,hutt_20200713_backgroundTrain_0,0,train,https://doi.org/10.1080/00288330.2022.2088569,"Gall et al. 2022, Figure 10A",v1,S2_SR_HARMONIZED_SCL_v1,174.8710453978525,-41.272241620468975,0.0373,0.0336,0.0095,0.0066,0.0041,0.0052,0.0029,0.0032,0.0011,3.0E-4
hutt_20200713,COPERNICUS/S2_SR_HARMONIZED/20200712T222549_20200712T222545_T60GUV,2020-07-12 22:27:27,hutt_20200713_backgroundTrain_0,0,train,https://doi.org/10.1080/00288330.2022.2088569,"Gall et al. 2022, Figure 10A",v1,S2_SR_HARMONIZED_SCL_v1,174.87164196768816,-41.27225265562391,0.0358,0.0321,0.0077,0.0084,0.0035,0.0027,0.0035,0.0024,0.0017,0.0021
hutt_20200713,COPERNICUS/S2_SR_HARMONIZED/20200712T222549_20200712T222545_T60GUV,2020-07-12 22:27:27,hutt_20200713_backgroundTrain_0,0,train,https://doi.org/10.1080/00288330.2022.2088569,"Gall et al. 2022, Figure 10A",v1,S2_SR_HARMONIZED_SCL_v1,174.87199990974884,-41.27225927523421,0.0403,0.0358,0.0081,0.0057,0.0028,0.0061,0.0025,0.0032,9.0E-4,0.0021
hutt_20200713,COPERNICUS/S2_SR_HARMONIZED/20200712T222549_20200712T222545_T60GUV,2020-07-12 22:27:27,hutt_20200713_backgroundTrain_0,0,train,https://doi.org/10.1080/00288330.2022.2088569,"Gall et al. 2022, Figure 10A",v1,S2_SR_HARMONIZED_SCL_v1,174.87259648011536,-41.27227030544696,0.0394,0.0348,0.007,0.0044,0.0012,0.0018,0.0032,0.0013,0.0017,0.0011
hutt_20200713,COPERNICUS/S2_SR_HARMONIZED/20200712T222549_20200712T222545_T60GUV,2020-07-12 22:27:27,hutt_20200713_backgroundTrain_0,0,train,https://doi.org/10.1080/00288330.2022.2088569,"Gall et al. 2022, Figure 10A",v1,S2_SR_HARMONIZED_SCL_v1,174.87271579422847,-41.27227251111884,0.0361,0.0333,0.0079,0.0051,0.0021,0.0019,0.0013,0.0013,9.0E-4,0.001
hutt_20200713,COPERNICUS/S2_SR_HARMONIZED/20200712T222549_20200712T222545_T60GUV,2020-07-12 22:27:27,hutt_20200713_backgroundTrain_0,0,train,https://doi.org/10.1080/00288330.2022.2088569,"Gall et al. 2022, Figure 10A",v1,S2_SR_HARMONIZED_SCL_v1,174.87378962184317,-41.27229235660583,0.0355,0.0357,0.0065,0.0052,0.0036,0.0028,0.0018,0.0014,0.0017,8.0E-4
hutt_20200713,COPERNICUS/S2_SR_HARMONIZED/20200712T222549_20200712T222545_T60GUV,2020-07-12 22:27:27,hutt_20200713_backgroundTrain_0,0,train,https://doi.org/10.1080/00288330.2022.2088569,"Gall et al. 2022, Figure 10A",v1,S2_SR_HARMONIZED_SCL_v1,174.87450550751632,-41.27230558137051,0.0394,0.0357,0.0063,0.0054,0.0037,0.0025,6.0E-4,0.0034,0.0016,0.0017
hutt_20200713,COPERNICUS/S2_SR_HARMONIZED/20200712T222549_20200712T222545_T60GUV,2020-07-12 22:27:27,hutt_20200713_backgroundTrain_0,0,train,https://doi.org/10.1080/00288330.2022.2088569,"Gall et al. 2022, Figure 10A",v1,S2_SR_HARMONIZED_SCL_v1,174.87486345053182,-41.272312192084854,0.0384,0.0328,0.0065,0.0054,0.0046,0.0034,9.0E-4,0.0019,0.001,6.0E-4
hutt_20200713,COPERNICUS/S2_SR_HARMONIZED/20200712T222549_20200712T222545_T60GUV,2020-07-12 22:27:27,hutt_20200713_backgroundTrain_0,0,train,https://doi.org/10.1080/00288330.2022.2088569,"Gall et al. 2022, Figure 10A",v1,S2_SR_HARMONIZED_SCL_v1,174.87498276489683,-41.27231439540918,0.0384,0.0345,0.0057,0.0054,0.0046,0.0034,0.0029,0.0019,0.001,6.0E-4
hutt_20200713,COPERNICUS/S2_SR_HARMONIZED/20200712T222549_20200712T222545_T60GUV,2020-07-12 22:27:27,hutt_20200713_backgroundTrain_0,0,train,https://doi.org/10.1080/00288330.2022.2088569,"Gall et al. 2022, Figure 10A",v1,S2_SR_HARMONIZED_SCL_v1,174.87605659477808,-41.2723342197682,0.0348,0.0336,0.0071,0.0045,0.0042,0.0052,0.002,0.0013,0.0018,0.0024
hutt_20200713,COPERNICUS/S2_SR_HARMONIZED/20200712T222549_20200712T222545_T60GUV,2020-07-12 22:27:27,hutt_20200713_backgroundTrain_0,0,train,https://doi.org/10.1080/00288330.2022.2088569,"Gall et al. 2022, Figure 10A",v1,S2_SR_HARMONIZED_SCL_v1,174.8788008315694,-41.27238483655036,0.0414,0.0339,0.0045,0.0044,0.0046,0.0053,0.0024,0.0028,0.0016,0.0021
hutt_20200713,COPERNICUS/S2_SR_HARMONIZED/20200712T222549_20200712T222545_T60GUV,2020-07-12 22:27:27,hutt_20200713_backgroundTrain_0,0,train,https://doi.org/10.1080/00288330.2022.2088569,"Gall et al. 2022, Figure 10A",v1,S2_SR_HARMONIZED_SCL_v1,174.87951672057912,-41.27239803017889,0.0361,0.0324,0.0084,0.0061,0.0033,0.0016,0.0022,3.0E-4,8.0E-4,7.0E-4
hutt_20200713,COPERNICUS/S2_SR_HARMONIZED/20200712T222549_20200712T222545_T60GUV,2020-07-12 22:27:27,hutt_20200713_backgroundTrain_0,0,train,https://doi.org/10.1080/00288330.2022.2088569,"Gall et al. 2022, Figure 10A",v1,S2_SR_HARMONIZED_SCL_v1,174.87963603546035,-41.272400228684525,0.0405,0.0332,0.0096,0.0052,0.0012,0.0021,0.0033,0.0031,0.0019,1.0E-4
hutt_20200713,COPERNICUS/S2_SR_HARMONIZED/20200712T222549_20200712T222545_T60GUV,2020-07-12 22:27:27,hutt_20200713_backgroundTrain_0,0,train,https://doi.org/10.1080/00288330.2022.2088569,"Gall et al. 2022, Figure 10A",v1,S2_SR_HARMONIZED_SCL_v1,174.88023261006487,-41.272411219359356,0.0361,0.0304,0.0069,0.0061,0.001,0.0046,0.0033,0.0014,0.0038,0.0015
hutt_20200713,COPERNICUS/S2_SR_HARMONIZED/20200712T222549_20200712T222545_T60GUV,2020-07-12 22:27:27,hutt_20200713_backgroundTrain_0,0,train,https://doi.org/10.1080/00288330.2022.2088569,"Gall et al. 2022, Figure 10A",v1,S2_SR_HARMONIZED_SCL_v1,174.88094850002648,-41.27242440409177,0.0362,0.0346,0.0067,0.0029,0.0035,0.0033,0.0018,0.0012,0.0016,5.0E-4
hutt_20200713,COPERNICUS/S2_SR_HARMONIZED/20200712T222549_20200712T222545_T60GUV,2020-07-12 22:27:27,hutt_20200713_backgroundTrain_0,0,train,https://doi.org/10.1080/00288330.2022.2088569,"Gall et al. 2022, Figure 10A",v1,S2_SR_HARMONIZED_SCL_v1,174.8819030207152,-41.27244197681575,0.034,0.0321,0.0058,0.0047,0.0023,0.0026,0.0019,0.0014,0.0019,0.0025
hutt_20200713,COPERNICUS/S2_SR_HARMONIZED/20200712T222549_20200712T222545_T60GUV,2020-07-12 22:27:27,hutt_20200713_backgroundTrain_0,0,train,https://doi.org/10.1080/00288330.2022.2088569,"Gall et al. 2022, Figure 10A",v1,S2_SR_HARMONIZED_SCL_v1,174.88261891178652,-41.27245515116931,0.0343,0.0346,0.0066,0.0047,0.0031,0.0043,0.0037,1.0E-4,0.002,0.0021
hutt_20200713,COPERNICUS/S2_SR_HARMONIZED/20200712T222549_20200712T222545_T60GUV,2020-07-12 22:27:27,hutt_20200713_backgroundTrain_0,0,train,https://doi.org/10.1080/00288330.2022.2088569,"Gall et al. 2022, Figure 10A",v1,S2_SR_HARMONIZED_SCL_v1,174.8829768575004,-41.27246173667805,0.0361,0.0343,0.0062,0.0061,0.003,0.002,0.0037,3.0E-4,0.0019,0.0015
hutt_20200713,COPERNICUS/S2_SR_HARMONIZED/20200712T222549_20200712T222545_T60GUV,2020-07-12 22:27:27,hutt_20200713_backgroundTrain_0,0,train,https://doi.org/10.1080/00288330.2022.2088569,"Gall et al. 2022, Figure 10A",v1,S2_SR_HARMONIZED_SCL_v1,174.8830961727648,-41.27246393160053,0.0322,0.0364,0.0089,0.0061,0.003,0.002,0.0036,3.0E-4,0.0019,0.0015
hutt_20200713,COPERNICUS/S2_SR_HARMONIZED/20200712T222549_20200712T222545_T60GUV,2020-07-12 22:27:27,hutt_20200713_backgroundTrain_0,0,train,https://doi.org/10.1080/00288330.2022.2088569,"Gall et al. 2022, Figure 10A",v1,S2_SR_HARMONIZED_SCL_v1,174.88428932613442,-41.272485874029464,0.0397,0.0343,0.0065,0.0045,0.0018,0.0039,0.005,0.0012,0.0018,0.0024
hutt_20200713,COPERNICUS/S2_SR_HARMONIZED/20200712T222549_20200712T222545_T60GUV,2020-07-12 22:27:27,hutt_20200713_backgroundTrain_0,0,train,https://doi.org/10.1080/00288330.2022.2088569,"Gall et al. 2022, Figure 10A",v1,S2_SR_HARMONIZED_SCL_v1,174.88440864154396,-41.27248806759278,0.0372,0.0324,0.0073,0.0045,0.0022,0.0034,0.0024,0.0012,0.0025,0.0015
hutt_20200713,COPERNICUS/S2_SR_HARMONIZED/20200712T222549_20200712T222545_T60GUV,2020-07-12 22:27:27,hutt_20200713_backgroundTrain_0,0,train,https://doi.org/10.1080/00288330.2022.2088569,"Gall et al. 2022, Figure 10A",v1,S2_SR_HARMONIZED_SCL_v1,174.88512453427816,-41.27250122637798,0.0346,0.0346,0.0077,0.0045,0.0033,0.0052,0.0027,8.0E-4,0.0012,0.004
hutt_20200713,COPERNICUS/S2_SR_HARMONIZED/20200712T222549_20200712T222545_T60GUV,2020-07-12 22:27:27,hutt_20200713_backgroundTrain_0,0,train,https://doi.org/10.1080/00288330.2022.2088569,"Gall et al. 2022, Figure 10A",v1,S2_SR_HARMONIZED_SCL_v1,174.88798810996107,-41.272553817037476,0.0364,0.0338,0.0081,0.0076,0.0027,0.0029,0.002,1.0E-4,0.0011,0.0029
hutt_20200713,COPERNICUS/S2_SR_HARMONIZED/20200712T222549_20200712T222545_T60GUV,2020-07-12 22:27:27,hutt_20200713_backgroundTrain_0,0,train,https://doi.org/10.1080/00288330.2022.2088569,"Gall et al. 2022, Figure 10A",v1,S2_SR_HARMONIZED_SCL_v1,174.88918126873511,-41.27257570880712,0.0415,0.0335,0.0064,0.0066,0.0026,0.0057,0.0025,0.0026,0.0017,0.003
hutt_20200713,COPERNICUS/S2_SR_HARMONIZED/20200712T222549_20200712T222545_T60GUV,2020-07-12 22:27:27,hutt_20200713_backgroundTrain_0,0,train,https://doi.org/10.1080/00288330.2022.2088569,"Gall et al. 2022, Figure 10A",v1,S2_SR_HARMONIZED_SCL_v1,174.88953921662403,-41.27258227392859,0.0359,0.0318,0.0077,0.0067,0.0026,0.0038,0.0014,0.0013,0.0019,0.0012
hutt_20200713,COPERNICUS/S2_SR_HARMONIZED/20200712T222549_20200712T222545_T60GUV,2020-07-12 22:27:27,hutt_20200713_backgroundTrain_0,0,train,https://doi.org/10.1080/00288330.2022.2088569,"Gall et al. 2022, Figure 10A",v1,S2_SR_HARMONIZED_SCL_v1,174.89013579670208,-41.272593213326495,0.0389,0.0289,0.0094,0.0054,0.0031,0.0044,0.0038,0.0028,4.0E-4,0.002
hutt_20200713,COPERNICUS/S2_SR_HARMONIZED/20200712T222549_20200712T222545_T60GUV,2020-07-12 22:27:27,hutt_20200713_backgroundTrain_0,0,train,https://doi.org/10.1080/00288330.2022.2088569,"Gall et al. 2022, Figure 10A",v1,S2_SR_HARMONIZED_SCL_v1,174.8690141343258,-41.272294093528515,0.0407,0.0355,0.0082,0.0032,0.0037,0.0068,0.0022,0.0018,0.0016,0.0015
hutt_20200713,COPERNICUS/S2_SR_HARMONIZED/20200712T222549_20200712T222545_T60GUV,2020-07-12 22:27:27,hutt_20200713_backgroundTrain_0,0,train,https://doi.org/10.1080/00288330.2022.2088569,"Gall et al. 2022, Figure 10A",v1,S2_SR_HARMONIZED_SCL_v1,174.8693720760011,-41.27230072131425,0.0379,0.0336,0.0074,0.0042,0.0043,0.0051,0.0033,0.0029,0.0018,0.0025
hutt_20200713,COPERNICUS/S2_SR_HARMONIZED/20200712T222549_20200712T222545_T60GUV,2020-07-12 22:27:27,hutt_20200713_backgroundTrain_0,0,train,https://doi.org/10.1080/00288330.2022.2088569,"Gall et al. 2022, Figure 10A",v1,S2_SR_HARMONIZED_SCL_v1,174.8699686457256,-41.272311765152736,0.0389,0.0336,0.0047,0.0049,0.003,0.0033,0.0032,1.0E-4,0.002,0.0017
hutt_20200713,COPERNICUS/S2_SR_HARMONIZED/20200712T222549_20200712T222545_T60GUV,2020-07-12 22:27:27,hutt_20200713_backgroundTrain_0,0,train,https://doi.org/10.1080/00288330.2022.2088569,"Gall et al. 2022, Figure 10A",v1,S2_SR_HARMONIZED_SCL_v1,174.87008795971036,-41.27231397354977,0.0361,0.0351,0.0068,0.0062,0.0041,0.0033,0.002,4.0E-4,0.0017,0.0012
hutt_20200713,COPERNICUS/S2_SR_HARMONIZED/20200712T222549_20200712T222545_T60GUV,2020-07-12 22:27:27,hutt_20200713_backgroundTrain_0,0,train,https://doi.org/10.1080/00288330.2022.2088569,"Gall et al. 2022, Figure 10A",v1,S2_SR_HARMONIZED_SCL_v1,174.8721162994826,-41.27235149739549,0.0379,0.0336,0.0079,0.0057,0.0028,0.0061,0.0017,0.0032,9.0E-4,0.0021
hutt_20200713,COPERNICUS/S2_SR_HARMONIZED/20200712T222549_20200712T222545_T60GUV,2020-07-12 22:27:27,hutt_20200713_backgroundTrain_0,0,train,https://doi.org/10.1080/00288330.2022.2088569,"Gall et al. 2022, Figure 10A",v1,S2_SR_HARMONIZED_SCL_v1,174.8736673854254,-41.27238016800782,0.0368,0.0329,0.0056,0.0052,0.0036,0.0028,9.0E-4,0.0014,0.0017,8.0E-4
hutt_20200713,COPERNICUS/S2_SR_HARMONIZED/20200712T222549_20200712T222545_T60GUV,2020-07-12 22:27:27,hutt_20200713_backgroundTrain_0,0,train,https://doi.org/10.1080/00288330.2022.2088569,"Gall et al. 2022, Figure 10A",v1,S2_SR_HARMONIZED_SCL_v1,174.87402532865357,-41.272386781337644,0.0361,0.0346,0.0081,0.0044,0.0059,0.0031,0.0033,0.0012,0.0018,0.002
hutt_20200713,COPERNICUS/S2_SR_HARMONIZED/20200712T222549_20200712T222545_T60GUV,2020-07-12 22:27:27,hutt_20200713_backgroundTrain_0,0,train,https://doi.org/10.1080/00288330.2022.2088569,"Gall et al. 2022, Figure 10A",v1,S2_SR_HARMONIZED_SCL_v1,174.87533778817743,-41.27241102069986,0.0369,0.034,0.0072,0.0063,0.0017,0.001,0.0038,0.0013,0.0014,0.0022
hutt_20200713,COPERNICUS/S2_SR_HARMONIZED/20200712T222549_20200712T222545_T60GUV,2020-07-12 22:27:27,hutt_20200713_backgroundTrain_0,0,train,https://doi.org/10.1080/00288330.2022.2088569,"Gall et al. 2022, Figure 10A",v1,S2_SR_HARMONIZED_SCL_v1,174.87557641735404,-41.272415426250404,0.0361,0.0356,0.0071,0.0047,0.0041,0.0014,0.0028,9.0E-4,0.001,0.0019
hutt_20200713,COPERNICUS/S2_SR_HARMONIZED/20200712T222549_20200712T222545_T60GUV,2020-07-12 22:27:27,hutt_20200713_backgroundTrain_0,0,train,https://doi.org/10.1080/00288330.2022.2088569,"Gall et al. 2022, Figure 10A",v1,S2_SR_HARMONIZED_SCL_v1,174.8760536758662,-41.272424235868804,0.0369,0.0339,0.0094,0.0045,0.0042,0.0052,0.0017,0.0013,0.0018,0.0024
hutt_20200713,COPERNICUS/S2_SR_HARMONIZED/20200712T222549_20200712T222545_T60GUV,2020-07-12 22:27:27,hutt_20200713_backgroundTrain_0,0,train,https://doi.org/10.1080/00288330.2022.2088569,"Gall et al. 2022, Figure 10A",v1,S2_SR_HARMONIZED_SCL_v1,174.87641161988938,-41.27243084178527,0.0361,0.0343,0.0065,0.0062,0.004,0.0045,0.0017,0.0013,0.0011,0.0024
hutt_20200713,COPERNICUS/S2_SR_HARMONIZED/20200712T222549_20200712T222545_T60GUV,2020-07-12 22:27:27,hutt_20200713_backgroundTrain_0,0,train,https://doi.org/10.1080/00288330.2022.2088569,"Gall et al. 2022, Figure 10A",v1,S2_SR_HARMONIZED_SCL_v1,174.878320656692,-41.272466054559125,0.0381,0.0322,0.0064,0.0043,0.0027,0.0034,0.0033,9.0E-4,0.0021,6.0E-4
hutt_20200713,COPERNICUS/S2_SR_HARMONIZED/20200712T222549_20200712T222545_T60GUV,2020-07-12 22:27:27,hutt_20200713_backgroundTrain_0,0,train,https://doi.org/10.1080/00288330.2022.2088569,"Gall et al. 2022, Figure 10A",v1,S2_SR_HARMONIZED_SCL_v1,174.87951380641377,-41.27248804648036,0.0326,0.0328,0.0077,0.0061,0.0033,0.0016,0.0019,3.0E-4,8.0E-4,7.0E-4
hutt_20200713,COPERNICUS/S2_SR_HARMONIZED/20200712T222549_20200712T222545_T60GUV,2020-07-12 22:27:27,hutt_20200713_backgroundTrain_0,0,train,https://doi.org/10.1080/00288330.2022.2088569,"Gall et al. 2022, Figure 10A",v1,S2_SR_HARMONIZED_SCL_v1,174.8797524365168,-41.27249244338193,0.0384,0.0322,0.0076,0.0052,0.0012,0.0021,0.0033,0.0031,0.0019,1.0E-4
hutt_20200713,COPERNICUS/S2_SR_HARMONIZED/20200712T222549_20200712T222545_T60GUV,2020-07-12 22:27:27,hutt_20200713_backgroundTrain_0,0,train,https://doi.org/10.1080/00288330.2022.2088569,"Gall et al. 2022, Figure 10A",v1,S2_SR_HARMONIZED_SCL_v1,174.88046832714323,-41.27250563112123,0.038,0.0324,0.0075,0.0056,0.0032,0.005,0.0033,0.0013,0.0019,0.0032
hutt_20200713,COPERNICUS/S2_SR_HARMONIZED/20200712T222549_20200712T222545_T60GUV,2020-07-12 22:27:27,hutt_20200713_backgroundTrain_0,0,train,https://doi.org/10.1080/00288330.2022.2088569,"Gall et al. 2022, Figure 10A",v1,S2_SR_HARMONIZED_SCL_v1,174.88249668650144,-41.272542972227,0.038,0.0313,0.0066,0.0047,0.0031,0.0043,0.0036,1.0E-4,0.002,0.0021
hutt_20200713,COPERNICUS/S2_SR_HARMONIZED/20200712T222549_20200712T222545_T60GUV,2020-07-12 22:27:27,hutt_20200713_backgroundTrain_0,0,train,https://doi.org/10.1080/00288330.2022.2088569,"Gall et al. 2022, Figure 10A",v1,S2_SR_HARMONIZED_SCL_v1,174.88273531726512,-41.27254736295066,0.0378,0.0343,0.0084,0.0047,0.0023,6.0E-4,0.0017,3.0E-4,9.0E-4,7.0E-4
hutt_20200713,COPERNICUS/S2_SR_HARMONIZED/20200712T222549_20200712T222545_T60GUV,2020-07-12 22:27:27,hutt_20200713_backgroundTrain_0,0,train,https://doi.org/10.1080/00288330.2022.2088569,"Gall et al. 2022, Figure 10A",v1,S2_SR_HARMONIZED_SCL_v1,174.88428641851607,-41.27257589060748,0.037,0.0314,0.0075,0.0045,0.0018,0.0039,0.0023,0.0012,0.0018,0.0024
hutt_20200713,COPERNICUS/S2_SR_HARMONIZED/20200712T222549_20200712T222545_T60GUV,2020-07-12 22:27:27,hutt_20200713_backgroundTrain_0,0,train,https://doi.org/10.1080/00288330.2022.2088569,"Gall et al. 2022, Figure 10A",v1,S2_SR_HARMONIZED_SCL_v1,174.88488299651405,-41.272586857223025,0.0355,0.0368,0.0081,0.0062,0.0044,0.0039,0.0022,8.0E-4,0.0018,0.0025
hutt_20200713,COPERNICUS/S2_SR_HARMONIZED/20200712T222549_20200712T222545_T60GUV,2020-07-12 22:27:27,hutt_20200713_backgroundTrain_0,0,train,https://doi.org/10.1080/00288330.2022.2088569,"Gall et al. 2022, Figure 10A",v1,S2_SR_HARMONIZED_SCL_v1,174.8852409434711,-41.272593435709645,0.0349,0.0314,0.0072,0.0045,0.0033,0.0052,0.0025,8.0E-4,0.0012,0.004
hutt_20200713,COPERNICUS/S2_SR_HARMONIZED/20200712T222549_20200712T222545_T60GUV,2020-07-12 22:27:27,hutt_20200713_backgroundTrain_0,0,train,https://doi.org/10.1080/00288330.2022.2088569,"Gall et al. 2022, Figure 10A",v1,S2_SR_HARMONIZED_SCL_v1,174.88643410085172,-41.272615355967005,0.0372,0.035,0.0077,0.0052,0.0037,0.0045,0.0015,1.0E-4,0.0028,1.0E-4
hutt_20200713,COPERNICUS/S2_SR_HARMONIZED/20200712T222549_20200712T222545_T60GUV,2020-07-12 22:27:27,hutt_20200713_backgroundTrain_0,0,train,https://doi.org/10.1080/00288330.2022.2088569,"Gall et al. 2022, Figure 10A",v1,S2_SR_HARMONIZED_SCL_v1,174.88858178745758,-41.27265478129317,0.035,0.0361,0.0045,0.0049,0.0063,0.0037,0.0017,1.0E-4,0.0022,0.0017
hutt_20200713,COPERNICUS/S2_SR_HARMONIZED/20200712T222549_20200712T222545_T60GUV,2020-07-12 22:27:27,hutt_20200713_backgroundTrain_0,0,train,https://doi.org/10.1080/00288330.2022.2088569,"Gall et al. 2022, Figure 10A",v1,S2_SR_HARMONIZED_SCL_v1,174.88941700006774,-41.27267010255293,0.0291,0.0361,0.008,0.0067,0.0026,0.0038,0.0018,0.0013,0.0019,0.0012
hutt_20200713,COPERNICUS/S2_SR_HARMONIZED/20200712T222549_20200712T222545_T60GUV,2020-07-12 22:27:27,hutt_20200713_backgroundTrain_0,0,train,https://doi.org/10.1080/00288330.2022.2088569,"Gall et al. 2022, Figure 10A",v1,S2_SR_HARMONIZED_SCL_v1,174.8895363162075,-41.27267229081008,0.0362,0.0336,0.0063,0.0067,0.0026,0.0038,0.0019,0.0013,0.0019,0.0012
hutt_20200713,COPERNICUS/S2_SR_HARMONIZED/20200712T222549_20200712T222545_T60GUV,2020-07-12 22:27:27,hutt_20200713_backgroundTrain_0,0,train,https://doi.org/10.1080/00288330.2022.2088569,"Gall et al. 2022, Figure 10A",v1,S2_SR_HARMONIZED_SCL_v1,174.8686532636974,-41.27237748029925,0.0344,0.0373,0.0089,0.0049,0.0022,0.0021,0.0035,0.0016,0.0014,0.002
hutt_20200713,COPERNICUS/S2_SR_HARMONIZED/20200712T222549_20200712T222545_T60GUV,2020-07-12 22:27:27,hutt_20200713_backgroundTrain_0,0,train,https://doi.org/10.1080/00288330.2022.2088569,"Gall et al. 2022, Figure 10A",v1,S2_SR_HARMONIZED_SCL_v1,174.87103954626713,-41.27242165208559,0.04,0.0356,0.0075,0.0046,0.0043,0.0032,0.0035,0.0021,0.0021,0.002
hutt_20200713,COPERNICUS/S2_SR_HARMONIZED/20200712T222549_20200712T222545_T60GUV,2020-07-12 22:27:27,hutt_20200713_backgroundTrain_0,0,train,https://doi.org/10.1080/00288330.2022.2088569,"Gall et al. 2022, Figure 10A",v1,S2_SR_HARMONIZED_SCL_v1,174.87127817481627,-41.27242606654602,0.0361,0.0368,0.0071,0.0043,0.0034,0.0038,0.0028,0.0013,0.002,0.0014
hutt_20200713,COPERNICUS/S2_SR_HARMONIZED/20200712T222549_20200712T222545_T60GUV,2020-07-12 22:27:27,hutt_20200713_backgroundTrain_0,0,train,https://doi.org/10.1080/00288330.2022.2088569,"Gall et al. 2022, Figure 10A",v1,S2_SR_HARMONIZED_SCL_v1,174.87223268954367,-41.27244371944552,0.0379,0.034,0.0079,0.0054,0.0027,0.005,0.0017,0.0014,8.0E-4,0.0015
hutt_20200713,COPERNICUS/S2_SR_HARMONIZED/20200712T222549_20200712T222545_T60GUV,2020-07-12 22:27:27,hutt_20200713_backgroundTrain_0,0,train,https://doi.org/10.1080/00288330.2022.2088569,"Gall et al. 2022, Figure 10A",v1,S2_SR_HARMONIZED_SCL_v1,174.8725906327854,-41.27245033724417,0.0339,0.0345,0.0047,0.0042,0.003,0.0016,0.0019,0.0012,0.0014,0.0017
hutt_20200713,COPERNICUS/S2_SR_HARMONIZED/20200712T222549_20200712T222545_T60GUV,2020-07-12 22:27:27,hutt_20200713_backgroundTrain_0,0,train,https://doi.org/10.1080/00288330.2022.2088569,"Gall et al. 2022, Figure 10A",v1,S2_SR_HARMONIZED_SCL_v1,174.87449966542383,-41.27248561338982,0.0355,0.0322,0.0092,0.0053,0.0037,0.0021,0.0032,0.0044,0.002,0.0011
hutt_20200713,COPERNICUS/S2_SR_HARMONIZED/20200712T222549_20200712T222545_T60GUV,2020-07-12 22:27:27,hutt_20200713_backgroundTrain_0,0,train,https://doi.org/10.1080/00288330.2022.2088569,"Gall et al. 2022, Figure 10A",v1,S2_SR_HARMONIZED_SCL_v1,174.87533486827027,-41.272501036757276,0.039,0.0337,0.0057,0.005,0.0037,0.0018,0.0036,0.0022,0.001,0.0015
hutt_20200713,COPERNICUS/S2_SR_HARMONIZED/20200712T222549_20200712T222545_T60GUV,2020-07-12 22:27:27,hutt_20200713_backgroundTrain_0,0,train,https://doi.org/10.1080/00288330.2022.2088569,"Gall et al. 2022, Figure 10A",v1,S2_SR_HARMONIZED_SCL_v1,174.8761700717659,-41.27251645407047,0.0375,0.0343,0.0071,0.0063,0.0016,0.0052,0.0013,0.0014,0.0014,0.0022
hutt_20200713,COPERNICUS/S2_SR_HARMONIZED/20200712T222549_20200712T222545_T60GUV,2020-07-12 22:27:27,hutt_20200713_backgroundTrain_0,0,train,https://doi.org/10.1080/00288330.2022.2088569,"Gall et al. 2022, Figure 10A",v1,S2_SR_HARMONIZED_SCL_v1,174.87688596099292,-41.27252966409163,0.0394,0.0345,0.0064,0.0052,0.0039,0.0051,0.002,0.0012,0.0018,0.0027
hutt_20200713,COPERNICUS/S2_SR_HARMONIZED/20200712T222549_20200712T222545_T60GUV,2020-07-12 22:27:27,hutt_20200713_backgroundTrain_0,0,train,https://doi.org/10.1080/00288330.2022.2088569,"Gall et al. 2022, Figure 10A",v1,S2_SR_HARMONIZED_SCL_v1,174.8777211656935,-41.27254507016114,0.0384,0.0348,0.0051,0.004,0.0046,0.0033,0.0023,0.0015,1.0E-4,5.0E-4
hutt_20200713,COPERNICUS/S2_SR_HARMONIZED/20200712T222549_20200712T222545_T60GUV,2020-07-12 22:27:27,hutt_20200713_backgroundTrain_0,0,train,https://doi.org/10.1080/00288330.2022.2088569,"Gall et al. 2022, Figure 10A",v1,S2_SR_HARMONIZED_SCL_v1,174.8781984258136,-41.27255387091117,0.037,0.0319,0.0081,0.0074,0.0025,0.0036,0.0035,0.0011,0.0017,0.0021
hutt_20200713,COPERNICUS/S2_SR_HARMONIZED/20200712T222549_20200712T222545_T60GUV,2020-07-12 22:27:27,hutt_20200713_backgroundTrain_0,0,train,https://doi.org/10.1080/00288330.2022.2088569,"Gall et al. 2022, Figure 10A",v1,S2_SR_HARMONIZED_SCL_v1,174.88213582987723,-41.272626401666884,0.0375,0.0364,0.0061,0.0047,0.006,0.003,0.0019,0.0012,8.0E-4,0.0029
hutt_20200713,COPERNICUS/S2_SR_HARMONIZED/20200712T222549_20200712T222545_T60GUV,2020-07-12 22:27:27,hutt_20200713_backgroundTrain_0,0,train,https://doi.org/10.1080/00288330.2022.2088569,"Gall et al. 2022, Figure 10A",v1,S2_SR_HARMONIZED_SCL_v1,174.88237446088905,-41.27263079314572,0.037,0.0321,0.0068,0.0044,0.0059,0.0028,0.0038,0.0011,0.0012,0.0036
hutt_20200713,COPERNICUS/S2_SR_HARMONIZED/20200712T222549_20200712T222545_T60GUV,2020-07-12 22:27:27,hutt_20200713_backgroundTrain_0,0,train,https://doi.org/10.1080/00288330.2022.2088569,"Gall et al. 2022, Figure 10A",v1,S2_SR_HARMONIZED_SCL_v1,174.88273240750578,-41.272637379437285,0.036,0.0327,0.0088,0.0033,0.0026,0.0031,6.0E-4,0.0032,9.0E-4,0.0015
hutt_20200713,COPERNICUS/S2_SR_HARMONIZED/20200712T222549_20200712T222545_T60GUV,2020-07-12 22:27:27,hutt_20200713_backgroundTrain_0,0,train,https://doi.org/10.1080/00288330.2022.2088569,"Gall et al. 2022, Figure 10A",v1,S2_SR_HARMONIZED_SCL_v1,174.88344830109574,-41.27265054868432,0.0362,0.0333,0.0055,0.0041,0.0054,0.0026,0.0015,0.0033,0.0012,0.002
hutt_20200713,COPERNICUS/S2_SR_HARMONIZED/20200712T222549_20200712T222545_T60GUV,2020-07-12 22:27:27,hutt_20200713_backgroundTrain_0,0,train,https://doi.org/10.1080/00288330.2022.2088569,"Gall et al. 2022, Figure 10A",v1,S2_SR_HARMONIZED_SCL_v1,174.88464145813478,-41.27267248754463,0.0395,0.0322,0.0075,0.0057,0.0025,0.0046,0.0036,0.003,8.0E-4,0.0022
hutt_20200713,COPERNICUS/S2_SR_HARMONIZED/20200712T222549_20200712T222545_T60GUV,2020-07-12 22:27:27,hutt_20200713_backgroundTrain_0,0,train,https://doi.org/10.1080/00288330.2022.2088569,"Gall et al. 2022, Figure 10A",v1,S2_SR_HARMONIZED_SCL_v1,174.8847607739112,-41.27267468075109,0.0349,0.0364,0.0061,0.0057,0.0025,0.0046,0.0018,0.003,8.0E-4,0.0022
hutt_20200713,COPERNICUS/S2_SR_HARMONIZED/20200712T222549_20200712T222545_T60GUV,2020-07-12 22:27:27,hutt_20200713_backgroundTrain_0,0,train,https://doi.org/10.1080/00288330.2022.2088569,"Gall et al. 2022, Figure 10A",v1,S2_SR_HARMONIZED_SCL_v1,174.88869820192983,-41.27274698724692,0.0422,0.0336,0.0091,0.0034,0.0021,0.004,0.0043,0.0028,0.0019,0.003
hutt_20200713,COPERNICUS/S2_SR_HARMONIZED/20200712T222549_20200712T222545_T60GUV,2020-07-12 22:27:27,hutt_20200713_backgroundTrain_0,0,train,https://doi.org/10.1080/00288330.2022.2088569,"Gall et al. 2022, Figure 10A",v1,S2_SR_HARMONIZED_SCL_v1,174.88929478318406,-41.27275793103834,0.0382,0.0327,0.0087,0.0073,0.0026,0.0047,0.0033,0.0011,7.0E-4,0.0021
hutt_20200713,COPERNICUS/S2_SR_HARMONIZED/20200712T222549_20200712T222545_T60GUV,2020-07-12 22:27:27,hutt_20200713_backgroundTrain_0,0,train,https://doi.org/10.1080/00288330.2022.2088569,"Gall et al. 2022, Figure 10A",v1,S2_SR_HARMONIZED_SCL_v1,174.8902493138752,-41.27277543467943,0.0346,0.0338,0.0043,0.0061,0.0031,0.0035,0.0041,0.001,1.0E-4,0.0058
hutt_20200713,COPERNICUS/S2_SR_HARMONIZED/20200712T222549_20200712T222545_T60GUV,2020-07-12 22:27:27,hutt_20200713_backgroundTrain_0,0,train,https://doi.org/10.1080/00288330.2022.2088569,"Gall et al. 2022, Figure 10A",v1,S2_SR_HARMONIZED_SCL_v1,174.89144247842307,-41.27279730311028,0.0364,0.0354,0.0081,0.0047,0.0046,0.0031,0.0033,0.0016,0.0021,0.004
hutt_20200713,COPERNICUS/S2_SR_HARMONIZED/20200712T222549_20200712T222545_T60GUV,2020-07-12 22:27:27,hutt_20200713_backgroundTrain_0,0,train,https://doi.org/10.1080/00288330.2022.2088569,"Gall et al. 2022, Figure 10A",v1,S2_SR_HARMONIZED_SCL_v1,174.86912759135492,-41.27247633430497,0.0388,0.035,0.0077,0.0062,0.0031,0.0036,0.0024,0.0012,0.0034,0.0026
hutt_20200713,COPERNICUS/S2_SR_HARMONIZED/20200712T222549_20200712T222545_T60GUV,2020-07-12 22:27:27,hutt_20200713_backgroundTrain_0,0,train,https://doi.org/10.1080/00288330.2022.2088569,"Gall et al. 2022, Figure 10A",v1,S2_SR_HARMONIZED_SCL_v1,174.86936621980644,-41.27248075273306,0.0396,0.0305,0.0097,0.0062,0.0044,0.0038,0.0023,0.0022,0.0027,0.0034
hutt_20200713,COPERNICUS/S2_SR_HARMONIZED/20200712T222549_20200712T222545_T60GUV,2020-07-12 22:27:27,hutt_20200713_backgroundTrain_0,0,train,https://doi.org/10.1080/00288330.2022.2088569,"Gall et al. 2022, Figure 10A",v1,S2_SR_HARMONIZED_SCL_v1,174.87032073414375,-41.27249842150322,0.0413,0.0353,0.0081,0.0068,0.0041,0.0037,0.0036,0.003,8.0E-4,0.0019
hutt_20200713,COPERNICUS/S2_SR_HARMONIZED/20200712T222549_20200712T222545_T60GUV,2020-07-12 22:27:27,hutt_20200713_backgroundTrain_0,0,train,https://doi.org/10.1080/00288330.2022.2088569,"Gall et al. 2022, Figure 10A",v1,S2_SR_HARMONIZED_SCL_v1,174.871275249331,-41.272516082365854,0.0397,0.0332,0.0077,0.0043,0.0034,0.0038,0.0024,0.0013,0.002,0.0014
hutt_20200713,COPERNICUS/S2_SR_HARMONIZED/20200712T222549_20200712T222545_T60GUV,2020-07-12 22:27:27,hutt_20200713_backgroundTrain_0,0,train,https://doi.org/10.1080/00288330.2022.2088569,"Gall et al. 2022, Figure 10A",v1,S2_SR_HARMONIZED_SCL_v1,174.87139456378915,-41.27251828941768,0.0394,0.0343,0.0061,0.0043,0.0034,0.0038,0.0017,0.0013,0.002,0.0014
hutt_20200713,COPERNICUS/S2_SR_HARMONIZED/20200712T222549_20200712T222545_T60GUV,2020-07-12 22:27:27,hutt_20200713_backgroundTrain_0,0,train,https://doi.org/10.1080/00288330.2022.2088569,"Gall et al. 2022, Figure 10A",v1,S2_SR_HARMONIZED_SCL_v1,174.87211045081673,-41.272531529133985,0.0403,0.0339,0.007,0.0033,0.0041,0.0048,0.0032,0.003,9.0E-4,0.0012
hutt_20200713,COPERNICUS/S2_SR_HARMONIZED/20200712T222549_20200712T222545_T60GUV,2020-07-12 22:27:27,hutt_20200713_backgroundTrain_0,0,train,https://doi.org/10.1080/00288330.2022.2088569,"Gall et al. 2022, Figure 10A",v1,S2_SR_HARMONIZED_SCL_v1,174.872826338322,-41.27254476440228,0.0408,0.034,0.009,0.0053,0.0031,0.0021,0.0032,0.0012,1.0E-4,0.001
hutt_20200713,COPERNICUS/S2_SR_HARMONIZED/20200712T222549_20200712T222545_T60GUV,2020-07-12 22:27:27,hutt_20200713_backgroundTrain_0,0,train,https://doi.org/10.1080/00288330.2022.2088569,"Gall et al. 2022, Figure 10A",v1,S2_SR_HARMONIZED_SCL_v1,174.87497400370228,-41.27258444351903,0.0417,0.0351,0.0079,0.0057,0.0065,0.003,0.0022,0.0013,0.0022,0.0012
hutt_20200713,COPERNICUS/S2_SR_HARMONIZED/20200712T222549_20200712T222545_T60GUV,2020-07-12 22:27:27,hutt_20200713_backgroundTrain_0,0,train,https://doi.org/10.1080/00288330.2022.2088569,"Gall et al. 2022, Figure 10A",v1,S2_SR_HARMONIZED_SCL_v1,174.87533194834987,-41.27259105281312,0.0403,0.0325,0.0095,0.005,0.0037,0.0018,0.0017,0.0022,0.001,0.0015
hutt_20200713,COPERNICUS/S2_SR_HARMONIZED/20200712T222549_20200712T222545_T60GUV,2020-07-12 22:27:27,hutt_20200713_backgroundTrain_0,0,train,https://doi.org/10.1080/00288330.2022.2088569,"Gall et al. 2022, Figure 10A",v1,S2_SR_HARMONIZED_SCL_v1,174.87676372813235,-41.27261747886936,0.0369,0.0318,0.0076,0.0052,0.0039,0.0051,0.0036,0.0012,0.0018,0.0027
hutt_20200713,COPERNICUS/S2_SR_HARMONIZED/20200712T222549_20200712T222545_T60GUV,2020-07-12 22:27:27,hutt_20200713_backgroundTrain_0,0,train,https://doi.org/10.1080/00288330.2022.2088569,"Gall et al. 2022, Figure 10A",v1,S2_SR_HARMONIZED_SCL_v1,174.88225223494928,-41.27271861392549,0.033,0.0349,0.0067,0.0044,0.0059,0.0028,0.002,0.0011,0.0012,0.0036
hutt_20200713,COPERNICUS/S2_SR_HARMONIZED/20200712T222549_20200712T222545_T60GUV,2020-07-12 22:27:27,hutt_20200713_backgroundTrain_0,0,train,https://doi.org/10.1080/00288330.2022.2088569,"Gall et al. 2022, Figure 10A",v1,S2_SR_HARMONIZED_SCL_v1,174.8855930788715,-41.272780046387396,0.0327,0.0353,0.0068,0.0047,0.0045,0.0057,0.0031,0.0021,0.0034,0.0015
hutt_20200713,COPERNICUS/S2_SR_HARMONIZED/20200712T222549_20200712T222545_T60GUV,2020-07-12 22:27:27,hutt_20200713_backgroundTrain_0,0,train,https://doi.org/10.1080/00288330.2022.2088569,"Gall et al. 2022, Figure 10A",v1,S2_SR_HARMONIZED_SCL_v1,174.88571239491714,-41.27278223861227,0.0343,0.034,0.0065,0.0047,0.0045,0.0057,0.0028,0.0021,0.0034,0.0015
hutt_20200713,COPERNICUS/S2_SR_HARMONIZED/20200712T222549_20200712T222545_T60GUV,2020-07-12 22:27:27,hutt_20200713_backgroundTrain_0,0,train,https://doi.org/10.1080/00288330.2022.2088569,"Gall et al. 2022, Figure 10A",v1,S2_SR_HARMONIZED_SCL_v1,174.8869055560986,-41.272804154065234,0.0362,0.0339,0.0056,0.0032,0.0031,0.0037,0.0022,0.0014,0.0025,0.0027
hutt_20200713,COPERNICUS/S2_SR_HARMONIZED/20200712T222549_20200712T222545_T60GUV,2020-07-12 22:27:27,hutt_20200713_backgroundTrain_0,0,train,https://doi.org/10.1080/00288330.2022.2088569,"Gall et al. 2022, Figure 10A",v1,S2_SR_HARMONIZED_SCL_v1,174.88702487228923,-41.27280634493094,0.0364,0.0313,0.0076,0.0043,0.0064,0.0037,0.0019,1.0E-4,0.0014,0.0026
hutt_20200713,COPERNICUS/S2_SR_HARMONIZED/20200712T222549_20200712T222545_T60GUV,2020-07-12 22:27:27,hutt_20200713_backgroundTrain_0,0,train,https://doi.org/10.1080/00288330.2022.2088569,"Gall et al. 2022, Figure 10A",v1,S2_SR_HARMONIZED_SCL_v1,174.8882180349201,-41.272828246792216,0.0369,0.031,0.0064,0.005,0.0036,0.005,0.0047,0.0033,0.0016,0.0022
hutt_20200713,COPERNICUS/S2_SR_HARMONIZED/20200712T222549_20200712T222545_T60GUV,2020-07-12 22:27:27,hutt_20200713_backgroundTrain_0,0,train,https://doi.org/10.1080/00288330.2022.2088569,"Gall et al. 2022, Figure 10A",v1,S2_SR_HARMONIZED_SCL_v1,174.89060436413175,-41.272872013446396,0.0355,0.0336,0.0058,0.0047,0.0021,0.0045,0.0019,0.0026,0.0014,2.0E-4
hutt_20200713,COPERNICUS/S2_SR_HARMONIZED/20200712T222549_20200712T222545_T60GUV,2020-07-12 22:27:27,hutt_20200713_backgroundTrain_0,0,train,https://doi.org/10.1080/00288330.2022.2088569,"Gall et al. 2022, Figure 10A",v1,S2_SR_HARMONIZED_SCL_v1,174.86924397729308,-41.27256855928086,0.042,0.031,0.0075,0.0065,0.0036,0.0032,8.0E-4,1.0E-4,0.0012,0.0022
hutt_20200713,COPERNICUS/S2_SR_HARMONIZED/20200712T222549_20200712T222545_T60GUV,2020-07-12 22:27:27,hutt_20200713_backgroundTrain_0,0,train,https://doi.org/10.1080/00288330.2022.2088569,"Gall et al. 2022, Figure 10A",v1,S2_SR_HARMONIZED_SCL_v1,174.8700791783445,-41.272584020800764,0.0337,0.0346,0.0081,0.0078,0.0058,0.0033,0.0018,0.0012,0.0029,0.0027
hutt_20200713,COPERNICUS/S2_SR_HARMONIZED/20200712T222549_20200712T222545_T60GUV,2020-07-12 22:27:27,hutt_20200713_backgroundTrain_0,0,train,https://doi.org/10.1080/00288330.2022.2088569,"Gall et al. 2022, Figure 10A",v1,S2_SR_HARMONIZED_SCL_v1,174.87186889707428,-41.272617132242424,0.0403,0.034,0.0075,0.0051,0.0034,0.0037,0.0032,0.0027,0.0014,0.0021
hutt_20200713,COPERNICUS/S2_SR_HARMONIZED/20200712T222549_20200712T222545_T60GUV,2020-07-12 22:27:27,hutt_20200713_backgroundTrain_0,0,train,https://doi.org/10.1080/00288330.2022.2088569,"Gall et al. 2022, Figure 10A",v1,S2_SR_HARMONIZED_SCL_v1,174.87246547064785,-41.27262816321184,0.0391,0.0346,0.0068,0.0049,0.005,0.0025,0.002,0.0014,7.0E-4,0.0015
hutt_20200713,COPERNICUS/S2_SR_HARMONIZED/20200712T222549_20200712T222545_T60GUV,2020-07-12 22:27:27,hutt_20200713_backgroundTrain_0,0,train,https://doi.org/10.1080/00288330.2022.2088569,"Gall et al. 2022, Figure 10A",v1,S2_SR_HARMONIZED_SCL_v1,174.87258478540238,-41.27263036903506,0.0361,0.0332,0.0098,0.0049,0.005,0.0025,0.0018,0.0014,7.0E-4,0.0015
hutt_20200713,COPERNICUS/S2_SR_HARMONIZED/20200712T222549_20200712T222545_T60GUV,2020-07-12 22:27:27,hutt_20200713_backgroundTrain_0,0,train,https://doi.org/10.1080/00288330.2022.2088569,"Gall et al. 2022, Figure 10A",v1,S2_SR_HARMONIZED_SCL_v1,174.87401656349112,-41.27265682927624,0.0443,0.0325,0.007,0.0047,0.0045,0.0031,0.005,7.0E-4,0.0018,0.0034
hutt_20200713,COPERNICUS/S2_SR_HARMONIZED/20200712T222549_20200712T222545_T60GUV,2020-07-12 22:27:27,hutt_20200713_backgroundTrain_0,0,train,https://doi.org/10.1080/00288330.2022.2088569,"Gall et al. 2022, Figure 10A",v1,S2_SR_HARMONIZED_SCL_v1,174.87628354936865,-41.27269868827058,0.0408,0.0324,0.0064,0.0044,0.0037,0.0024,0.002,0.001,7.0E-4,0.0022
hutt_20200713,COPERNICUS/S2_SR_HARMONIZED/20200712T222549_20200712T222545_T60GUV,2020-07-12 22:27:27,hutt_20200713_backgroundTrain_0,0,train,https://doi.org/10.1080/00288330.2022.2088569,"Gall et al. 2022, Figure 10A",v1,S2_SR_HARMONIZED_SCL_v1,174.87843122461,-41.27273830301529,0.0368,0.0324,0.0083,0.0029,0.0027,0.003,0.0037,0.0028,0.0023,0.0029
hutt_20200713,COPERNICUS/S2_SR_HARMONIZED/20200712T222549_20200712T222545_T60GUV,2020-07-12 22:27:27,hutt_20200713_backgroundTrain_0,0,train,https://doi.org/10.1080/00288330.2022.2088569,"Gall et al. 2022, Figure 10A",v1,S2_SR_HARMONIZED_SCL_v1,174.87855054002688,-41.27274050266063,0.0374,0.0325,0.0086,0.0029,0.0027,0.003,0.0025,0.0028,0.0023,0.0029
hutt_20200713,COPERNICUS/S2_SR_HARMONIZED/20200712T222549_20200712T222545_T60GUV,2020-07-12 22:27:27,hutt_20200713_backgroundTrain_0,0,train,https://doi.org/10.1080/00288330.2022.2088569,"Gall et al. 2022, Figure 10A",v1,S2_SR_HARMONIZED_SCL_v1,174.8790278018268,-41.272749300006446,0.0349,0.0364,0.0061,0.0048,0.0016,0.0027,0.0036,0.0012,5.0E-4,1.0E-4
hutt_20200713,COPERNICUS/S2_SR_HARMONIZED/20200712T222549_20200712T222545_T60GUV,2020-07-12 22:27:27,hutt_20200713_backgroundTrain_0,0,train,https://doi.org/10.1080/00288330.2022.2088569,"Gall et al. 2022, Figure 10A",v1,S2_SR_HARMONIZED_SCL_v1,174.87986301048582,-41.27276469060461,0.0368,0.0343,0.009,0.005,0.0027,0.0034,0.0018,0.0028,0.0018,0.0012
hutt_20200713,COPERNICUS/S2_SR_HARMONIZED/20200712T222549_20200712T222545_T60GUV,2020-07-12 22:27:27,hutt_20200713_backgroundTrain_0,0,train,https://doi.org/10.1080/00288330.2022.2088569,"Gall et al. 2022, Figure 10A",v1,S2_SR_HARMONIZED_SCL_v1,174.88045958849602,-41.27277568018225,0.035,0.0343,0.0072,0.0059,0.0034,0.003,0.0033,0.0015,0.0017,0.0024
hutt_20200713,COPERNICUS/S2_SR_HARMONIZED/20200712T222549_20200712T222545_T60GUV,2020-07-12 22:27:27,hutt_20200713_backgroundTrain_0,0,train,https://doi.org/10.1080/00288330.2022.2088569,"Gall et al. 2022, Figure 10A",v1,S2_SR_HARMONIZED_SCL_v1,174.8806982197926,-41.2727800751484,0.0355,0.0346,0.0091,0.0039,4.0E-4,0.0033,0.0015,0.0013,0.002,0.0021
hutt_20200713,COPERNICUS/S2_SR_HARMONIZED/20200712T222549_20200712T222545_T60GUV,2020-07-12 22:27:27,hutt_20200713_backgroundTrain_0,0,train,https://doi.org/10.1080/00288330.2022.2088569,"Gall et al. 2022, Figure 10A",v1,S2_SR_HARMONIZED_SCL_v1,174.8814141139996,-41.27279325708142,0.0418,0.0358,0.0064,0.0043,0.0045,0.003,0.0017,0.0013,0.0017,0.0034
hutt_20200713,COPERNICUS/S2_SR_HARMONIZED/20200712T222549_20200712T222545_T60GUV,2020-07-12 22:27:27,hutt_20200713_backgroundTrain_0,0,train,https://doi.org/10.1080/00288330.2022.2088569,"Gall et al. 2022, Figure 10A",v1,S2_SR_HARMONIZED_SCL_v1,174.88236864034866,-41.27281082607278,0.038,0.0315,0.007,0.0042,0.0046,0.0036,0.002,0.0015,0.0012,0.0026
hutt_20200713,COPERNICUS/S2_SR_HARMONIZED/20200712T222549_20200712T222545_T60GUV,2020-07-12 22:27:27,hutt_20200713_backgroundTrain_0,0,train,https://doi.org/10.1080/00288330.2022.2088569,"Gall et al. 2022, Figure 10A",v1,S2_SR_HARMONIZED_SCL_v1,174.88368111545853,-41.272834970523924,0.0393,0.0356,0.0082,0.005,4.0E-4,0.0025,0.0037,0.0011,2.0E-4,0.0017
hutt_20200713,COPERNICUS/S2_SR_HARMONIZED/20200712T222549_20200712T222545_T60GUV,2020-07-12 22:27:27,hutt_20200713_backgroundTrain_0,0,train,https://doi.org/10.1080/00288330.2022.2088569,"Gall et al. 2022, Figure 10A",v1,S2_SR_HARMONIZED_SCL_v1,174.8851129083086,-41.272861292873884,0.0385,0.0315,0.0063,0.0046,0.0021,0.0038,2.0E-4,0.0028,0.0026,0.003
hutt_20200713,COPERNICUS/S2_SR_HARMONIZED/20200712T222549_20200712T222545_T60GUV,2020-07-12 22:27:27,hutt_20200713_backgroundTrain_0,0,train,https://doi.org/10.1080/00288330.2022.2088569,"Gall et al. 2022, Figure 10A",v1,S2_SR_HARMONIZED_SCL_v1,174.88559017301404,-41.27287006303661,0.0339,0.036,0.0074,0.006,0.0044,0.0053,0.0018,0.0011,0.0011,0.0015
hutt_20200713,COPERNICUS/S2_SR_HARMONIZED/20200712T222549_20200712T222545_T60GUV,2020-07-12 22:27:27,hutt_20200713_backgroundTrain_0,0,train,https://doi.org/10.1080/00288330.2022.2088569,"Gall et al. 2022, Figure 10A",v1,S2_SR_HARMONIZED_SCL_v1,174.8869026520416,-41.27289417079034,0.0393,0.0351,0.009,0.0047,0.0039,0.0046,0.0029,5.0E-4,0.0018,0.0032
hutt_20200713,COPERNICUS/S2_SR_HARMONIZED/20200712T222549_20200712T222545_T60GUV,2020-07-12 22:27:27,hutt_20200713_backgroundTrain_0,0,train,https://doi.org/10.1080/00288330.2022.2088569,"Gall et al. 2022, Figure 10A",v1,S2_SR_HARMONIZED_SCL_v1,174.88714128476343,-41.272898552411995,0.0314,0.0328,0.0064,0.0046,0.005,0.0016,0.0028,1.0E-4,0.0027,0.0025
hutt_20200713,COPERNICUS/S2_SR_HARMONIZED/20200712T222549_20200712T222545_T60GUV,2020-07-12 22:27:27,hutt_20200713_backgroundTrain_0,0,train,https://doi.org/10.1080/00288330.2022.2088569,"Gall et al. 2022, Figure 10A",v1,S2_SR_HARMONIZED_SCL_v1,174.88845376567522,-41.272922642496475,0.0339,0.0327,0.0063,0.0046,0.0032,0.0053,0.002,0.0016,0.0016,7.0E-4
hutt_20200713,COPERNICUS/S2_SR_HARMONIZED/20200712T222549_20200712T222545_T60GUV,2020-07-12 22:27:27,hutt_20200713_backgroundTrain_0,0,train,https://doi.org/10.1080/00288330.2022.2088569,"Gall et al. 2022, Figure 10A",v1,S2_SR_HARMONIZED_SCL_v1,174.88869239873947,-41.272927020905534,0.034,0.034,0.0077,0.0042,8.0E-4,0.0036,0.0028,0.0023,0.0023,0.0017
hutt_20200713,COPERNICUS/S2_SR_HARMONIZED/20200712T222549_20200712T222545_T60GUV,2020-07-12 22:27:27,hutt_20200713_backgroundTrain_0,0,train,https://doi.org/10.1080/00288330.2022.2088569,"Gall et al. 2022, Figure 10A",v1,S2_SR_HARMONIZED_SCL_v1,174.8894082982482,-41.27294015316724,0.0355,0.034,0.0083,0.0068,0.0023,0.0067,0.0036,0.0011,0.0021,0.0021
hutt_20200713,COPERNICUS/S2_SR_HARMONIZED/20200712T222549_20200712T222545_T60GUV,2020-07-12 22:27:27,hutt_20200713_backgroundTrain_0,0,train,https://doi.org/10.1080/00288330.2022.2088569,"Gall et al. 2022, Figure 10A",v1,S2_SR_HARMONIZED_SCL_v1,174.88988556485057,-41.27294890553714,0.0321,0.0353,0.0084,0.0039,0.0036,0.0056,0.0038,0.0014,0.0022,0.0012
hutt_20200713,COPERNICUS/S2_SR_HARMONIZED/20200712T222549_20200712T222545_T60GUV,2020-07-12 22:27:27,hutt_20200713_backgroundTrain_0,0,train,https://doi.org/10.1080/00288330.2022.2088569,"Gall et al. 2022, Figure 10A",v1,S2_SR_HARMONIZED_SCL_v1,174.8694796781316,-41.27266299318815,0.0379,0.0361,0.0062,0.0051,0.0046,0.0034,0.0032,1.0E-4,0.0016,0.0036
hutt_20200713,COPERNICUS/S2_SR_HARMONIZED/20200712T222549_20200712T222545_T60GUV,2020-07-12 22:27:27,hutt_20200713_backgroundTrain_0,0,train,https://doi.org/10.1080/00288330.2022.2088569,"Gall et al. 2022, Figure 10A",v1,S2_SR_HARMONIZED_SCL_v1,174.8697183073175,-41.27266741090273,0.0374,0.0386,0.0095,0.0058,0.005,0.0034,0.0029,0.0016,0.0018,0.0031
hutt_20200713,COPERNICUS/S2_SR_HARMONIZED/20200712T222549_20200712T222545_T60GUV,2020-07-12 22:27:27,hutt_20200713_backgroundTrain_0,0,train,https://doi.org/10.1080/00288330.2022.2088569,"Gall et al. 2022, Figure 10A",v1,S2_SR_HARMONIZED_SCL_v1,174.87174665754225,-41.27270494152232,0.0383,0.0343,0.0081,0.0051,0.0034,0.0037,0.0029,0.0027,0.0014,0.0021
hutt_20200713,COPERNICUS/S2_SR_HARMONIZED/20200712T222549_20200712T222545_T60GUV,2020-07-12 22:27:27,hutt_20200713_backgroundTrain_0,0,train,https://doi.org/10.1080/00288330.2022.2088569,"Gall et al. 2022, Figure 10A",v1,S2_SR_HARMONIZED_SCL_v1,174.87353638151401,-41.27273802712135,0.0369,0.0303,0.0068,0.0043,0.0037,0.0042,0.0023,0.0025,8.0E-4,0.0019
hutt_20200713,COPERNICUS/S2_SR_HARMONIZED/20200712T222549_20200712T222545_T60GUV,2020-07-12 22:27:27,hutt_20200713_backgroundTrain_0,0,train,https://doi.org/10.1080/00288330.2022.2088569,"Gall et al. 2022, Figure 10A",v1,S2_SR_HARMONIZED_SCL_v1,174.8802180440161,-41.27286130105855,0.0401,0.0346,0.0094,0.0072,0.0028,0.0036,0.0018,0.0014,0.0012,0.0016
hutt_20200713,COPERNICUS/S2_SR_HARMONIZED/20200712T222549_20200712T222545_T60GUV,2020-07-12 22:27:27,hutt_20200713_backgroundTrain_0,0,train,https://doi.org/10.1080/00288330.2022.2088569,"Gall et al. 2022, Figure 10A",v1,S2_SR_HARMONIZED_SCL_v1,174.88069530721114,-41.27287009151274,0.034,0.0346,0.0098,0.0039,4.0E-4,0.0033,0.0031,0.0013,0.002,0.0021
hutt_20200713,COPERNICUS/S2_SR_HARMONIZED/20200712T222549_20200712T222545_T60GUV,2020-07-12 22:27:27,hutt_20200713_backgroundTrain_0,0,train,https://doi.org/10.1080/00288330.2022.2088569,"Gall et al. 2022, Figure 10A",v1,S2_SR_HARMONIZED_SCL_v1,174.8810532547462,-41.27287668305601,0.0378,0.0337,0.0083,0.005,0.0017,0.0034,0.0036,0.001,4.0E-4,1.0E-4
hutt_20200713,COPERNICUS/S2_SR_HARMONIZED/20200712T222549_20200712T222545_T60GUV,2020-07-12 22:27:27,hutt_20200713_backgroundTrain_0,0,train,https://doi.org/10.1080/00288330.2022.2088569,"Gall et al. 2022, Figure 10A",v1,S2_SR_HARMONIZED_SCL_v1,174.88129188650228,-41.272881076800395,0.0391,0.0356,0.0072,0.0043,0.0045,0.003,0.0038,0.0013,0.0017,0.0034
hutt_20200713,COPERNICUS/S2_SR_HARMONIZED/20200712T222549_20200712T222545_T60GUV,2020-07-12 22:27:27,hutt_20200713_backgroundTrain_0,0,train,https://doi.org/10.1080/00288330.2022.2088569,"Gall et al. 2022, Figure 10A",v1,S2_SR_HARMONIZED_SCL_v1,174.8834395746847,-41.27292059825909,0.036,0.0364,0.0083,0.0036,0.004,8.0E-4,4.0E-4,0.0018,0.0025,0.0012
hutt_20200713,COPERNICUS/S2_SR_HARMONIZED/20200712T222549_20200712T222545_T60GUV,2020-07-12 22:27:27,hutt_20200713_backgroundTrain_0,0,train,https://doi.org/10.1080/00288330.2022.2088569,"Gall et al. 2022, Figure 10A",v1,S2_SR_HARMONIZED_SCL_v1,174.88475205290158,-41.27294473055377,0.0351,0.0356,0.0082,0.0054,0.0026,0.0016,0.0013,0.0015,9.0E-4,0.0017
hutt_20200713,COPERNICUS/S2_SR_HARMONIZED/20200712T222549_20200712T222545_T60GUV,2020-07-12 22:27:27,hutt_20200713_backgroundTrain_0,0,train,https://doi.org/10.1080/00288330.2022.2088569,"Gall et al. 2022, Figure 10A",v1,S2_SR_HARMONIZED_SCL_v1,174.88654179849658,-41.272977614133964,0.0327,0.035,0.0081,0.0031,0.0032,0.0027,0.002,2.0E-4,2.0E-4,0.0021
hutt_20200713,COPERNICUS/S2_SR_HARMONIZED/20200712T222549_20200712T222545_T60GUV,2020-07-12 22:27:27,hutt_20200713_backgroundTrain_0,0,train,https://doi.org/10.1080/00288330.2022.2088569,"Gall et al. 2022, Figure 10A",v1,S2_SR_HARMONIZED_SCL_v1,174.88713838102063,-41.272988569149305,0.0357,0.034,0.0072,0.0046,0.005,0.0016,0.0023,1.0E-4,0.0027,0.0025
hutt_20200713,COPERNICUS/S2_SR_HARMONIZED/20200712T222549_20200712T222545_T60GUV,2020-07-12 22:27:27,hutt_20200713_backgroundTrain_0,0,train,https://doi.org/10.1080/00288330.2022.2088569,"Gall et al. 2022, Figure 10A",v1,S2_SR_HARMONIZED_SCL_v1,174.8877349638741,-41.272999521075604,0.0376,0.0311,0.0032,0.0061,0.004,0.0024,0.0031,0.0012,0.0023,0.0035
hutt_20200713,COPERNICUS/S2_SR_HARMONIZED/20200712T222549_20200712T222545_T60GUV,2020-07-12 22:27:27,hutt_20200713_backgroundTrain_0,0,train,https://doi.org/10.1080/00288330.2022.2088569,"Gall et al. 2022, Figure 10A",v1,S2_SR_HARMONIZED_SCL_v1,174.88904744731073,-41.27302360444003,0.0397,0.036,0.0099,0.0026,0.0016,0.0016,0.0012,0.002,0.0012,0.0045
hutt_20200713,COPERNICUS/S2_SR_HARMONIZED/20200712T222549_20200712T222545_T60GUV,2020-07-12 22:27:27,hutt_20200713_backgroundTrain_0,0,train,https://doi.org/10.1080/00288330.2022.2088569,"Gall et al. 2022, Figure 10A",v1,S2_SR_HARMONIZED_SCL_v1,174.8895247144099,-41.27303235832023,0.0355,0.0327,0.0075,0.0068,0.0023,0.0067,0.0019,0.0011,0.0021,0.0021
hutt_20200713,COPERNICUS/S2_SR_HARMONIZED/20200712T222549_20200712T222545_T60GUV,2020-07-12 22:27:27,hutt_20200713_backgroundTrain_0,0,train,https://doi.org/10.1080/00288330.2022.2088569,"Gall et al. 2022, Figure 10A",v1,S2_SR_HARMONIZED_SCL_v1,174.86923812069134,-41.27274859067627,0.038,0.0343,0.0102,0.0065,0.0045,0.0024,0.0015,0.0014,0.0018,0.0027
hutt_20200713,COPERNICUS/S2_SR_HARMONIZED/20200712T222549_20200712T222545_T60GUV,2020-07-12 22:27:27,hutt_20200713_backgroundTrain_0,0,train,https://doi.org/10.1080/00288330.2022.2088569,"Gall et al. 2022, Figure 10A",v1,S2_SR_HARMONIZED_SCL_v1,174.86935743541474,-41.272750799849405,0.0435,0.0358,0.0089,0.0057,0.0035,0.002,0.0035,0.0013,0.0019,0.0022
hutt_20200713,COPERNICUS/S2_SR_HARMONIZED/20200712T222549_20200712T222545_T60GUV,2020-07-12 22:27:27,hutt_20200713_backgroundTrain_0,0,train,https://doi.org/10.1080/00288330.2022.2088569,"Gall et al. 2022, Figure 10A",v1,S2_SR_HARMONIZED_SCL_v1,174.87043126852316,-41.27277067684755,0.0416,0.036,0.0108,0.0056,0.0049,0.003,0.0036,0.0028,0.0021,0.0037
hutt_20200713,COPERNICUS/S2_SR_HARMONIZED/20200712T222549_20200712T222545_T60GUV,2020-07-12 22:27:27,hutt_20200713_backgroundTrain_0,0,train,https://doi.org/10.1080/00288330.2022.2088569,"Gall et al. 2022, Figure 10A",v1,S2_SR_HARMONIZED_SCL_v1,174.87150510270718,-41.27279054383764,0.0379,0.0343,0.0066,0.008,0.0048,0.0054,0.002,0.0027,0.0014,8.0E-4
hutt_20200713,COPERNICUS/S2_SR_HARMONIZED/20200712T222549_20200712T222545_T60GUV,2020-07-12 22:27:27,hutt_20200713_backgroundTrain_0,0,train,https://doi.org/10.1080/00288330.2022.2088569,"Gall et al. 2022, Figure 10A",v1,S2_SR_HARMONIZED_SCL_v1,174.87174373267186,-41.2727949573652,0.0416,0.0356,0.007,0.0049,0.003,0.0044,0.0019,0.002,0.0013,0.0012
hutt_20200713,COPERNICUS/S2_SR_HARMONIZED/20200712T222549_20200712T222545_T60GUV,2020-07-12 22:27:27,hutt_20200713_backgroundTrain_0,0,train,https://doi.org/10.1080/00288330.2022.2088569,"Gall et al. 2022, Figure 10A",v1,S2_SR_HARMONIZED_SCL_v1,174.87317551357458,-41.27282142815178,0.0342,0.0319,0.0061,0.0055,0.0048,0.0055,0.0035,0.002,0.0012,0.0026
hutt_20200713,COPERNICUS/S2_SR_HARMONIZED/20200712T222549_20200712T222545_T60GUV,2020-07-12 22:27:27,hutt_20200713_backgroundTrain_0,0,train,https://doi.org/10.1080/00288330.2022.2088569,"Gall et al. 2022, Figure 10A",v1,S2_SR_HARMONIZED_SCL_v1,174.87413003523747,-41.27283906545824,0.04,0.0374,0.0061,0.0029,0.0045,0.0036,0.0022,0.0013,7.0E-4,8.0E-4
hutt_20200713,COPERNICUS/S2_SR_HARMONIZED/20200712T222549_20200712T222545_T60GUV,2020-07-12 22:27:27,hutt_20200713_backgroundTrain_0,0,train,https://doi.org/10.1080/00288330.2022.2088569,"Gall et al. 2022, Figure 10A",v1,S2_SR_HARMONIZED_SCL_v1,174.874249350505,-41.272841269565546,0.0397,0.0315,0.0082,0.0029,0.0045,0.0036,0.004,0.0013,7.0E-4,8.0E-4
hutt_20200713,COPERNICUS/S2_SR_HARMONIZED/20200712T222549_20200712T222545_T60GUV,2020-07-12 22:27:27,hutt_20200713_backgroundTrain_0,0,train,https://doi.org/10.1080/00288330.2022.2088569,"Gall et al. 2022, Figure 10A",v1,S2_SR_HARMONIZED_SCL_v1,174.8760390811081,-41.272874316348094,0.0415,0.0336,0.0083,0.0047,0.0032,0.0031,0.0013,0.0031,1.0E-4,6.0E-4
hutt_20200713,COPERNICUS/S2_SR_HARMONIZED/20200712T222549_20200712T222545_T60GUV,2020-07-12 22:27:27,hutt_20200713_backgroundTrain_0,0,train,https://doi.org/10.1080/00288330.2022.2088569,"Gall et al. 2022, Figure 10A",v1,S2_SR_HARMONIZED_SCL_v1,174.87723223649922,-41.27289633209168,0.0414,0.0353,0.0061,0.0047,0.0012,0.0033,0.0019,0.0025,8.0E-4,0.002
hutt_20200713,COPERNICUS/S2_SR_HARMONIZED/20200712T222549_20200712T222545_T60GUV,2020-07-12 22:27:27,hutt_20200713_backgroundTrain_0,0,train,https://doi.org/10.1080/00288330.2022.2088569,"Gall et al. 2022, Figure 10A",v1,S2_SR_HARMONIZED_SCL_v1,174.8778288146912,-41.27290733533003,0.0355,0.0356,0.0094,0.0044,0.0029,0.0033,0.0024,6.0E-4,3.0E-4,0.0015
hutt_20200713,COPERNICUS/S2_SR_HARMONIZED/20200712T222549_20200712T222545_T60GUV,2020-07-12 22:27:27,hutt_20200713_backgroundTrain_0,0,train,https://doi.org/10.1080/00288330.2022.2088569,"Gall et al. 2022, Figure 10A",v1,S2_SR_HARMONIZED_SCL_v1,174.87794813036933,-41.27290953560702,0.0362,0.034,0.0098,0.0055,0.0044,0.0019,0.0045,1.0E-4,1.0E-4,0.0016
hutt_20200713,COPERNICUS/S2_SR_HARMONIZED/20200712T222549_20200712T222545_T60GUV,2020-07-12 22:27:27,hutt_20200713_backgroundTrain_0,0,train,https://doi.org/10.1080/00288330.2022.2088569,"Gall et al. 2022, Figure 10A",v1,S2_SR_HARMONIZED_SCL_v1,174.87985718301812,-41.272944723234865,0.038,0.0344,0.0077,0.0061,0.0034,0.0034,0.0043,3.0E-4,0.0029,0.0015
hutt_20200713,COPERNICUS/S2_SR_HARMONIZED/20200712T222549_20200712T222545_T60GUV,2020-07-12 22:27:27,hutt_20200713_backgroundTrain_0,0,train,https://doi.org/10.1080/00288330.2022.2088569,"Gall et al. 2022, Figure 10A",v1,S2_SR_HARMONIZED_SCL_v1,174.8800958148373,-41.272949119464286,0.0378,0.0349,0.0087,0.006,0.0031,0.0032,0.0018,0.0021,0.0019,0.0019
hutt_20200713,COPERNICUS/S2_SR_HARMONIZED/20200712T222549_20200712T222545_T60GUV,2020-07-12 22:27:27,hutt_20200713_backgroundTrain_0,0,train,https://doi.org/10.1080/00288330.2022.2088569,"Gall et al. 2022, Figure 10A",v1,S2_SR_HARMONIZED_SCL_v1,174.88057307863417,-41.27295791044039,0.0418,0.0351,0.0066,0.0047,1.0E-4,0.0027,0.0035,0.0031,0.0018,8.0E-4
hutt_20200713,COPERNICUS/S2_SR_HARMONIZED/20200712T222549_20200712T222545_T60GUV,2020-07-12 22:27:27,hutt_20200713_backgroundTrain_0,0,train,https://doi.org/10.1080/00288330.2022.2088569,"Gall et al. 2022, Figure 10A",v1,S2_SR_HARMONIZED_SCL_v1,174.88248213593593,-41.27299305457523,0.0343,0.0332,0.0068,0.0033,0.0023,0.0033,0.0019,1.0E-4,0.0011,0.0031
hutt_20200713,COPERNICUS/S2_SR_HARMONIZED/20200712T222549_20200712T222545_T60GUV,2020-07-12 22:27:27,hutt_20200713_backgroundTrain_0,0,train,https://doi.org/10.1080/00288330.2022.2088569,"Gall et al. 2022, Figure 10A",v1,S2_SR_HARMONIZED_SCL_v1,174.88331734956859,-41.27300842018762,0.0375,0.0333,0.0062,0.0039,0.0036,0.0023,0.002,0.0028,0.001,0.0017
hutt_20200713,COPERNICUS/S2_SR_HARMONIZED/20200712T222549_20200712T222545_T60GUV,2020-07-12 22:27:27,hutt_20200713_backgroundTrain_0,0,train,https://doi.org/10.1080/00288330.2022.2088569,"Gall et al. 2022, Figure 10A",v1,S2_SR_HARMONIZED_SCL_v1,174.88343666585462,-41.273010614780866,0.037,0.0336,0.0059,0.0061,7.0E-4,0.0027,0.0022,0.0012,0.003,2.0E-4
hutt_20200713,COPERNICUS/S2_SR_HARMONIZED/20200712T222549_20200712T222545_T60GUV,2020-07-12 22:27:27,hutt_20200713_backgroundTrain_0,0,train,https://doi.org/10.1080/00288330.2022.2088569,"Gall et al. 2022, Figure 10A",v1,S2_SR_HARMONIZED_SCL_v1,174.88773206093654,-41.273089537845834,0.041,0.0319,0.0062,0.0069,0.0027,0.0019,0.0012,0.0013,0.0025,0.0021
hutt_20200713,COPERNICUS/S2_SR_HARMONIZED/20200712T222549_20200712T222545_T60GUV,2020-07-12 22:27:27,hutt_20200713_backgroundTrain_0,0,train,https://doi.org/10.1080/00288330.2022.2088569,"Gall et al. 2022, Figure 10A",v1,S2_SR_HARMONIZED_SCL_v1,174.8879706944975,-41.27309391776521,0.038,0.0314,0.0085,0.0053,0.0029,0.0046,0.0035,0.0013,0.0018,0.0015
hutt_20200713,COPERNICUS/S2_SR_HARMONIZED/20200712T222549_20200712T222545_T60GUV,2020-07-12 22:27:27,hutt_20200713_backgroundTrain_0,0,train,https://doi.org/10.1080/00288330.2022.2088569,"Gall et al. 2022, Figure 10A",v1,S2_SR_HARMONIZED_SCL_v1,174.88820932811115,-41.27309829719034,0.0333,0.034,0.0079,0.0068,0.006,0.0042,0.0033,0.0012,0.0022,6.0E-4
hutt_20200713,COPERNICUS/S2_SR_HARMONIZED/20200712T222549_20200712T222545_T60GUV,2020-07-12 22:27:27,hutt_20200713_backgroundTrain_0,0,train,https://doi.org/10.1080/00288330.2022.2088569,"Gall et al. 2022, Figure 10A",v1,S2_SR_HARMONIZED_SCL_v1,174.88856727863038,-41.27310486540131,0.0385,0.0325,0.007,0.0057,0.0027,0.0049,0.0017,0.0011,0.0021,8.0E-4
hutt_20200713,COPERNICUS/S2_SR_HARMONIZED/20200712T222549_20200712T222545_T60GUV,2020-07-12 22:27:27,hutt_20200713_backgroundTrain_0,0,train,https://doi.org/10.1080/00288330.2022.2088569,"Gall et al. 2022, Figure 10A",v1,S2_SR_HARMONIZED_SCL_v1,174.8889252292681,-41.27311143250022,0.0376,0.0343,0.0081,0.004,0.0021,0.0013,0.002,0.001,0.0012,0.0021
hutt_20200713,COPERNICUS/S2_SR_HARMONIZED/20200712T222549_20200712T222545_T60GUV,2020-07-12 22:27:27,hutt_20200713_backgroundTrain_0,0,train,https://doi.org/10.1080/00288330.2022.2088569,"Gall et al. 2022, Figure 10A",v1,S2_SR_HARMONIZED_SCL_v1,174.88940249696935,-41.273120186902226,0.0339,0.0296,0.0077,0.0047,0.0045,0.0045,0.0035,0.0023,0.0021,0.0014
hutt_20200713,COPERNICUS/S2_SR_HARMONIZED/20200712T222549_20200712T222545_T60GUV,2020-07-12 22:27:27,hutt_20200713_backgroundTrain_0,0,train,https://doi.org/10.1080/00288330.2022.2088569,"Gall et al. 2022, Figure 10A",v1,S2_SR_HARMONIZED_SCL_v1,174.8895218139276,-41.27312237519383,0.0336,0.0343,0.0081,0.0047,0.0045,0.0045,0.0014,0.0023,0.0021,0.0014
hutt_20200713,COPERNICUS/S2_SR_HARMONIZED/20200712T222549_20200712T222545_T60GUV,2020-07-12 22:27:27,hutt_20200713_backgroundTrain_0,0,train,https://doi.org/10.1080/00288330.2022.2088569,"Gall et al. 2022, Figure 10A",v1,S2_SR_HARMONIZED_SCL_v1,174.88964113089898,-41.273124563361854,0.039,0.034,0.0094,0.0065,0.0035,0.003,0.0031,0.001,0.0019,0.0019
hutt_20200713,COPERNICUS/S2_SR_HARMONIZED/20200712T222549_20200712T222545_T60GUV,2020-07-12 22:27:27,hutt_20200713_backgroundTrain_0,0,train,https://doi.org/10.1080/00288330.2022.2088569,"Gall et al. 2022, Figure 10A",v1,S2_SR_HARMONIZED_SCL_v1,174.8904763500671,-41.27313987707832,0.0346,0.035,0.0059,0.0051,0.0034,0.0038,0.0032,0.0011,0.0016,0.002
hutt_20200713,COPERNICUS/S2_SR_HARMONIZED/20200712T222549_20200712T222545_T60GUV,2020-07-12 22:27:27,hutt_20200713_backgroundTrain_0,0,train,https://doi.org/10.1080/00288330.2022.2088569,"Gall et al. 2022, Figure 10A",v1,S2_SR_HARMONIZED_SCL_v1,174.8913115698798,-41.273155184740205,0.0336,0.0324,0.0068,0.0032,0.0041,0.0051,0.0013,3.0E-4,7.0E-4,0.0025
hutt_20200713,COPERNICUS/S2_SR_HARMONIZED/20200712T222549_20200712T222545_T60GUV,2020-07-12 22:27:27,hutt_20200713_backgroundTrain_0,0,train,https://doi.org/10.1080/00288330.2022.2088569,"Gall et al. 2022, Figure 10A",v1,S2_SR_HARMONIZED_SCL_v1,174.86935450725764,-41.27284081555168,0.0423,0.0364,0.0085,0.0057,0.0035,0.002,0.0022,0.0013,0.0019,0.0022
hutt_20200713,COPERNICUS/S2_SR_HARMONIZED/20200712T222549_20200712T222545_T60GUV,2020-07-12 22:27:27,hutt_20200713_backgroundTrain_0,0,train,https://doi.org/10.1080/00288330.2022.2088569,"Gall et al. 2022, Figure 10A",v1,S2_SR_HARMONIZED_SCL_v1,174.86971245199857,-41.272847442350596,0.0389,0.0379,0.0075,0.006,0.003,0.0032,0.0035,1.0E-4,0.0013,0.001
hutt_20200713,COPERNICUS/S2_SR_HARMONIZED/20200712T222549_20200712T222545_T60GUV,2020-07-12 22:27:27,hutt_20200713_backgroundTrain_0,0,train,https://doi.org/10.1080/00288330.2022.2088569,"Gall et al. 2022, Figure 10A",v1,S2_SR_HARMONIZED_SCL_v1,174.87078628693862,-41.2728673160753,0.0397,0.0343,0.01,0.0058,0.0027,0.0036,0.0037,0.0014,0.0017,1.0E-4
hutt_20200713,COPERNICUS/S2_SR_HARMONIZED/20200712T222549_20200712T222545_T60GUV,2020-07-12 22:27:27,hutt_20200713_backgroundTrain_0,0,train,https://doi.org/10.1080/00288330.2022.2088569,"Gall et al. 2022, Figure 10A",v1,S2_SR_HARMONIZED_SCL_v1,174.87102491707137,-41.272871731099436,0.0438,0.0391,0.0072,0.0043,0.0043,0.0024,0.0028,0.0047,1.0E-4,6.0E-4
hutt_20200713,COPERNICUS/S2_SR_HARMONIZED/20200712T222549_20200712T222545_T60GUV,2020-07-12 22:27:27,hutt_20200713_backgroundTrain_0,0,train,https://doi.org/10.1080/00288330.2022.2088569,"Gall et al. 2022, Figure 10A",v1,S2_SR_HARMONIZED_SCL_v1,174.87329190598015,-41.272913649179095,0.0416,0.0364,0.0066,0.0055,0.0048,0.0055,0.0022,0.002,0.0012,0.0026
hutt_20200713,COPERNICUS/S2_SR_HARMONIZED/20200712T222549_20200712T222545_T60GUV,2020-07-12 22:27:27,hutt_20200713_backgroundTrain_0,0,train,https://doi.org/10.1080/00288330.2022.2088569,"Gall et al. 2022, Figure 10A",v1,S2_SR_HARMONIZED_SCL_v1,174.8735305366702,-41.272918059013826,0.0349,0.0356,0.0081,0.0055,0.0044,0.0024,0.002,0.001,0.0016,0.0029
hutt_20200713,COPERNICUS/S2_SR_HARMONIZED/20200712T222549_20200712T222545_T60GUV,2020-07-12 22:27:27,hutt_20200713_backgroundTrain_0,0,train,https://doi.org/10.1080/00288330.2022.2088569,"Gall et al. 2022, Figure 10A",v1,S2_SR_HARMONIZED_SCL_v1,174.87651342476903,-41.27297314024707,0.0377,0.0356,0.0092,0.0042,0.0041,0.0038,0.0012,6.0E-4,0.0018,0.002
hutt_20200713,COPERNICUS/S2_SR_HARMONIZED/20200712T222549_20200712T222545_T60GUV,2020-07-12 22:27:27,hutt_20200713_backgroundTrain_0,0,train,https://doi.org/10.1080/00288330.2022.2088569,"Gall et al. 2022, Figure 10A",v1,S2_SR_HARMONIZED_SCL_v1,174.87675205617458,-41.27297754340965,0.0346,0.0346,0.0056,0.0031,0.0032,0.0028,0.0038,0.0015,0.0021,0.0019
hutt_20200713,COPERNICUS/S2_SR_HARMONIZED/20200712T222549_20200712T222545_T60GUV,2020-07-12 22:27:27,hutt_20200713_backgroundTrain_0,0,train,https://doi.org/10.1080/00288330.2022.2088569,"Gall et al. 2022, Figure 10A",v1,S2_SR_HARMONIZED_SCL_v1,174.87806452985183,-41.27300175196937,0.0336,0.033,0.0067,0.0055,0.0044,0.0019,0.0023,1.0E-4,1.0E-4,0.0016
hutt_20200713,COPERNICUS/S2_SR_HARMONIZED/20200712T222549_20200712T222545_T60GUV,2020-07-12 22:27:27,hutt_20200713_backgroundTrain_0,0,train,https://doi.org/10.1080/00288330.2022.2088569,"Gall et al. 2022, Figure 10A",v1,S2_SR_HARMONIZED_SCL_v1,174.88021221750404,-41.27304133372716,0.0398,0.0362,0.0087,0.006,0.0031,0.0032,0.0019,0.0021,0.0019,0.0019
hutt_20200713,COPERNICUS/S2_SR_HARMONIZED/20200712T222549_20200712T222545_T60GUV,2020-07-12 22:27:27,hutt_20200713_backgroundTrain_0,0,train,https://doi.org/10.1080/00288330.2022.2088569,"Gall et al. 2022, Figure 10A",v1,S2_SR_HARMONIZED_SCL_v1,174.8822405931082,-41.2730786797393,0.0362,0.0319,0.0066,0.0051,0.0029,0.0033,0.0037,0.0021,0.0014,0.003
hutt_20200713,COPERNICUS/S2_SR_HARMONIZED/20200712T222549_20200712T222545_T60GUV,2020-07-12 22:27:27,hutt_20200713_backgroundTrain_0,0,train,https://doi.org/10.1080/00288330.2022.2088569,"Gall et al. 2022, Figure 10A",v1,S2_SR_HARMONIZED_SCL_v1,174.88355307347427,-41.27310282577764,0.039,0.035,0.0084,0.0061,7.0E-4,0.0027,0.0019,0.0012,0.003,2.0E-4
hutt_20200713,COPERNICUS/S2_SR_HARMONIZED/20200712T222549_20200712T222545_T60GUV,2020-07-12 22:27:27,hutt_20200713_backgroundTrain_0,0,train,https://doi.org/10.1080/00288330.2022.2088569,"Gall et al. 2022, Figure 10A",v1,S2_SR_HARMONIZED_SCL_v1,174.8836723899504,-41.27310502013067,0.0393,0.0336,0.0082,0.0025,3.0E-4,0.0013,0.0013,0.0027,8.0E-4,0.0011
hutt_20200713,COPERNICUS/S2_SR_HARMONIZED/20200712T222549_20200712T222545_T60GUV,2020-07-12 22:27:27,hutt_20200713_backgroundTrain_0,0,train,https://doi.org/10.1080/00288330.2022.2088569,"Gall et al. 2022, Figure 10A",v1,S2_SR_HARMONIZED_SCL_v1,174.8843882890842,-41.273118183654056,0.039,0.0346,0.0065,0.0046,0.0026,0.0033,2.0E-4,0.0022,0.002,0.0026
hutt_20200713,COPERNICUS/S2_SR_HARMONIZED/20200712T222549_20200712T222545_T60GUV,2020-07-12 22:27:27,hutt_20200713_backgroundTrain_0,0,train,https://doi.org/10.1080/00288330.2022.2088569,"Gall et al. 2022, Figure 10A",v1,S2_SR_HARMONIZED_SCL_v1,174.88462692223436,-41.273122570506686,0.0385,0.0333,0.0038,0.0065,0.0025,0.0023,0.0024,0.0021,0.0018,0.0016
hutt_20200713,COPERNICUS/S2_SR_HARMONIZED/20200712T222549_20200712T222545_T60GUV,2020-07-12 22:27:27,hutt_20200713_backgroundTrain_0,0,train,https://doi.org/10.1080/00288330.2022.2088569,"Gall et al. 2022, Figure 10A",v1,S2_SR_HARMONIZED_SCL_v1,174.88486555543727,-41.27312695686508,0.0371,0.0339,0.0048,0.005,0.0032,0.0051,0.0032,9.0E-4,0.0023,0.0032
hutt_20200713,COPERNICUS/S2_SR_HARMONIZED/20200712T222549_20200712T222545_T60GUV,2020-07-12 22:27:27,hutt_20200713_backgroundTrain_0,0,train,https://doi.org/10.1080/00288330.2022.2088569,"Gall et al. 2022, Figure 10A",v1,S2_SR_HARMONIZED_SCL_v1,174.88558145536254,-41.27314011297477,0.032,0.0362,0.0068,0.006,0.0041,0.0058,0.0037,1.0E-4,0.002,7.0E-4
hutt_20200713,COPERNICUS/S2_SR_HARMONIZED/20200712T222549_20200712T222545_T60GUV,2020-07-12 22:27:27,hutt_20200713_backgroundTrain_0,0,train,https://doi.org/10.1080/00288330.2022.2088569,"Gall et al. 2022, Figure 10A",v1,S2_SR_HARMONIZED_SCL_v1,174.88832574280542,-41.27319050352066,0.033,0.0343,0.0062,0.0068,0.006,0.0042,0.0017,0.0012,0.0022,6.0E-4
hutt_20200713,COPERNICUS/S2_SR_HARMONIZED/20200712T222549_20200712T222545_T60GUV,2020-07-12 22:27:27,hutt_20200713_backgroundTrain_0,0,train,https://doi.org/10.1080/00288330.2022.2088569,"Gall et al. 2022, Figure 10A",v1,S2_SR_HARMONIZED_SCL_v1,174.88892232795422,-41.27320144933778,0.0364,0.0337,0.0067,0.004,0.0021,0.0013,8.0E-4,0.001,0.0012,0.0021
hutt_20200713,COPERNICUS/S2_SR_HARMONIZED/20200712T222549_20200712T222545_T60GUV,2020-07-12 22:27:27,hutt_20200713_backgroundTrain_0,0,train,https://doi.org/10.1080/00288330.2022.2088569,"Gall et al. 2022, Figure 10A",v1,S2_SR_HARMONIZED_SCL_v1,174.89071208537493,-41.2732342682547,0.0346,0.0357,0.0091,0.0046,0.0051,0.0062,0.0036,0.001,5.0E-4,0.0014
hutt_20200713,COPERNICUS/S2_SR_HARMONIZED/20200712T222549_20200712T222545_T60GUV,2020-07-12 22:27:27,hutt_20200713_backgroundTrain_0,0,train,https://doi.org/10.1080/00288330.2022.2088569,"Gall et al. 2022, Figure 10A",v1,S2_SR_HARMONIZED_SCL_v1,174.86923226403647,-41.27292862206533,0.0407,0.035,0.0097,0.0067,0.0043,0.0046,0.0041,1.0E-4,0.003,0.0024
hutt_20200713,COPERNICUS/S2_SR_HARMONIZED/20200712T222549_20200712T222545_T60GUV,2020-07-12 22:27:27,hutt_20200713_backgroundTrain_0,0,train,https://doi.org/10.1080/00288330.2022.2088569,"Gall et al. 2022, Figure 10A",v1,S2_SR_HARMONIZED_SCL_v1,174.87042541514174,-41.272950708375674,0.0389,0.0364,0.0098,0.0072,0.0027,0.0043,0.0035,0.0025,0.0023,0.0019
hutt_20200713,COPERNICUS/S2_SR_HARMONIZED/20200712T222549_20200712T222545_T60GUV,2020-07-12 22:27:27,hutt_20200713_backgroundTrain_0,0,train,https://doi.org/10.1080/00288330.2022.2088569,"Gall et al. 2022, Figure 10A",v1,S2_SR_HARMONIZED_SCL_v1,174.8722151442893,-41.2729838146742,0.0379,0.0379,0.0059,0.0058,0.0022,0.004,0.0036,0.0018,8.0E-4,0.0024
hutt_20200713,COPERNICUS/S2_SR_HARMONIZED/20200712T222549_20200712T222545_T60GUV,2020-07-12 22:27:27,hutt_20200713_backgroundTrain_0,0,train,https://doi.org/10.1080/00288330.2022.2088569,"Gall et al. 2022, Figure 10A",v1,S2_SR_HARMONIZED_SCL_v1,174.8729310367844,-41.27299704940947,0.0349,0.0351,0.0061,0.0058,0.003,0.0014,0.0027,0.0012,0.0014,7.0E-4
hutt_20200713,COPERNICUS/S2_SR_HARMONIZED/20200712T222549_20200712T222545_T60GUV,2020-07-12 22:27:27,hutt_20200713_backgroundTrain_0,0,train,https://doi.org/10.1080/00288330.2022.2088569,"Gall et al. 2022, Figure 10A",v1,S2_SR_HARMONIZED_SCL_v1,174.87495940144635,-41.27303452367045,0.0361,0.0318,0.0074,0.0064,0.0026,0.0034,5.0E-4,0.0019,0.0011,0.0021
hutt_20200713,COPERNICUS/S2_SR_HARMONIZED/20200712T222549_20200712T222545_T60GUV,2020-07-12 22:27:27,hutt_20200713_backgroundTrain_0,0,train,https://doi.org/10.1080/00288330.2022.2088569,"Gall et al. 2022, Figure 10A",v1,S2_SR_HARMONIZED_SCL_v1,174.8757946115381,-41.27304994386959,0.0324,0.0372,0.0061,0.004,0.0026,0.0033,0.0027,1.0E-4,0.0025,0.0035
hutt_20200713,COPERNICUS/S2_SR_HARMONIZED/20200712T222549_20200712T222545_T60GUV,2020-07-12 22:27:27,hutt_20200713_backgroundTrain_0,0,train,https://doi.org/10.1080/00288330.2022.2088569,"Gall et al. 2022, Figure 10A",v1,S2_SR_HARMONIZED_SCL_v1,174.87639119057252,-41.27306095459076,0.0392,0.0328,0.0081,0.0036,0.0036,0.0048,0.0036,1.0E-4,0.0017,0.0012
hutt_20200713,COPERNICUS/S2_SR_HARMONIZED/20200712T222549_20200712T222545_T60GUV,2020-07-12 22:27:27,hutt_20200713_backgroundTrain_0,0,train,https://doi.org/10.1080/00288330.2022.2088569,"Gall et al. 2022, Figure 10A",v1,S2_SR_HARMONIZED_SCL_v1,174.8775843496344,-41.27308296676618,0.0346,0.0319,0.0079,0.0047,0.0018,0.0037,0.0019,0.0012,7.0E-4,0.0021
hutt_20200713,COPERNICUS/S2_SR_HARMONIZED/20200712T222549_20200712T222545_T60GUV,2020-07-12 22:27:27,hutt_20200713_backgroundTrain_0,0,train,https://doi.org/10.1080/00288330.2022.2088569,"Gall et al. 2022, Figure 10A",v1,S2_SR_HARMONIZED_SCL_v1,174.87949340688596,-41.27311816054645,0.0398,0.0311,0.0068,0.0053,0.0031,0.0033,0.0042,0.0013,0.0032,0.0035
hutt_20200713,COPERNICUS/S2_SR_HARMONIZED/20200712T222549_20200712T222545_T60GUV,2020-07-12 22:27:27,hutt_20200713_backgroundTrain_0,0,train,https://doi.org/10.1080/00288330.2022.2088569,"Gall et al. 2022, Figure 10A",v1,S2_SR_HARMONIZED_SCL_v1,174.8806865693874,-41.2731401405963,0.0357,0.0357,0.007,0.0045,0.0016,0.0018,0.0023,0.0013,9.0E-4,0.0015
hutt_20200713,COPERNICUS/S2_SR_HARMONIZED/20200712T222549_20200712T222545_T60GUV,2020-07-12 22:27:27,hutt_20200713_backgroundTrain_0,0,train,https://doi.org/10.1080/00288330.2022.2088569,"Gall et al. 2022, Figure 10A",v1,S2_SR_HARMONIZED_SCL_v1,174.88092520204628,-41.27314453512355,0.0355,0.0398,0.0063,0.004,0.0045,0.0029,0.0018,0.0021,2.0E-4,0.0014
hutt_20200713,COPERNICUS/S2_SR_HARMONIZED/20200712T222549_20200712T222545_T60GUV,2020-07-12 22:27:27,hutt_20200713_backgroundTrain_0,0,train,https://doi.org/10.1080/00288330.2022.2088569,"Gall et al. 2022, Figure 10A",v1,S2_SR_HARMONIZED_SCL_v1,174.88140246752263,-41.27315332269531,0.0404,0.0346,0.0077,0.0038,0.0041,0.0033,0.0042,1.0E-4,0.0023,6.0E-4
hutt_20200713,COPERNICUS/S2_SR_HARMONIZED/20200712T222549_20200712T222545_T60GUV,2020-07-12 22:27:27,hutt_20200713_backgroundTrain_0,0,train,https://doi.org/10.1080/00288330.2022.2088569,"Gall et al. 2022, Figure 10A",v1,S2_SR_HARMONIZED_SCL_v1,174.8816411003401,-41.27315771573982,0.037,0.0361,0.0077,0.0065,0.0044,0.0034,0.0019,0.0025,0.0019,0.0016
hutt_20200713,COPERNICUS/S2_SR_HARMONIZED/20200712T222549_20200712T222545_T60GUV,2020-07-12 22:27:27,hutt_20200713_backgroundTrain_0,0,train,https://doi.org/10.1080/00288330.2022.2088569,"Gall et al. 2022, Figure 10A",v1,S2_SR_HARMONIZED_SCL_v1,174.88283426521986,-41.27317967354873,0.034,0.0361,0.0085,0.0046,0.0054,0.0017,0.0019,0.0019,0.0018,0.0014
hutt_20200713,COPERNICUS/S2_SR_HARMONIZED/20200712T222549_20200712T222545_T60GUV,2020-07-12 22:27:27,hutt_20200713_backgroundTrain_0,0,train,https://doi.org/10.1080/00288330.2022.2088569,"Gall et al. 2022, Figure 10A",v1,S2_SR_HARMONIZED_SCL_v1,174.88295358178047,-41.27318186865004,0.0349,0.0346,0.0066,0.0043,0.0053,0.0043,0.0019,0.001,0.0014,0.002
hutt_20200713,COPERNICUS/S2_SR_HARMONIZED/20200712T222549_20200712T222545_T60GUV,2020-07-12 22:27:27,hutt_20200713_backgroundTrain_0,0,train,https://doi.org/10.1080/00288330.2022.2088569,"Gall et al. 2022, Figure 10A",v1,S2_SR_HARMONIZED_SCL_v1,174.88378879807425,-41.273197230899456,0.0361,0.0323,0.0061,0.004,0.0025,0.0021,0.003,5.0E-4,0.0019,0.001
hutt_20200713,COPERNICUS/S2_SR_HARMONIZED/20200712T222549_20200712T222545_T60GUV,2020-07-12 22:27:27,hutt_20200713_backgroundTrain_0,0,train,https://doi.org/10.1080/00288330.2022.2088569,"Gall et al. 2022, Figure 10A",v1,S2_SR_HARMONIZED_SCL_v1,174.88390811474045,-41.273199425012265,0.036,0.0339,0.0077,0.0054,0.0032,0.0037,0.0017,6.0E-4,0.0016,0.0029
hutt_20200713,COPERNICUS/S2_SR_HARMONIZED/20200712T222549_20200712T222545_T60GUV,2020-07-12 22:27:27,hutt_20200713_backgroundTrain_0,0,train,https://doi.org/10.1080/00288330.2022.2088569,"Gall et al. 2022, Figure 10A",v1,S2_SR_HARMONIZED_SCL_v1,174.88462401501468,-41.27321258709435,0.0381,0.0351,0.0063,0.0034,0.0026,0.0052,0.0019,0.0022,0.002,5.0E-4
hutt_20200713,COPERNICUS/S2_SR_HARMONIZED/20200712T222549_20200712T222545_T60GUV,2020-07-12 22:27:27,hutt_20200713_backgroundTrain_0,0,train,https://doi.org/10.1080/00288330.2022.2088569,"Gall et al. 2022, Figure 10A",v1,S2_SR_HARMONIZED_SCL_v1,174.8853399157638,-41.2732257447282,0.0363,0.0319,0.0042,0.0047,0.0044,0.0051,0.0018,7.0E-4,0.0016,0.0017
hutt_20200713,COPERNICUS/S2_SR_HARMONIZED/20200712T222549_20200712T222545_T60GUV,2020-07-12 22:27:27,hutt_20200713_backgroundTrain_0,0,train,https://doi.org/10.1080/00288330.2022.2088569,"Gall et al. 2022, Figure 10A",v1,S2_SR_HARMONIZED_SCL_v1,174.8873683037972,-41.27326300053437,0.0343,0.0336,0.0074,0.0035,0.0031,0.0034,0.0018,0.0022,0.0021,0.0016
hutt_20200713,COPERNICUS/S2_SR_HARMONIZED/20200712T222549_20200712T222545_T60GUV,2020-07-12 22:27:27,hutt_20200713_backgroundTrain_0,0,train,https://doi.org/10.1080/00288330.2022.2088569,"Gall et al. 2022, Figure 10A",v1,S2_SR_HARMONIZED_SCL_v1,174.88784557212318,-41.27327176141678,0.0385,0.0315,0.0044,0.0068,0.0027,0.0036,0.0037,0.0013,0.002,0.0022
hutt_20200713,COPERNICUS/S2_SR_HARMONIZED/20200712T222549_20200712T222545_T60GUV,2020-07-12 22:27:27,hutt_20200713_backgroundTrain_0,0,train,https://doi.org/10.1080/00288330.2022.2088569,"Gall et al. 2022, Figure 10A",v1,S2_SR_HARMONIZED_SCL_v1,174.88808420636522,-41.273276141116604,0.0349,0.0339,0.0059,0.0042,0.0038,0.005,0.004,0.0012,0.0025,0.002
hutt_20200713,COPERNICUS/S2_SR_HARMONIZED/20200712T222549_20200712T222545_T60GUV,2020-07-12 22:27:27,hutt_20200713_backgroundTrain_0,0,train,https://doi.org/10.1080/00288330.2022.2088569,"Gall et al. 2022, Figure 10A",v1,S2_SR_HARMONIZED_SCL_v1,174.88832284065992,-41.273280520322174,0.0351,0.0339,0.0079,0.0056,0.0041,0.0036,0.0019,0.0012,0.0022,0.0016
hutt_20200713,COPERNICUS/S2_SR_HARMONIZED/20200712T222549_20200712T222545_T60GUV,2020-07-12 22:27:27,hutt_20200713_backgroundTrain_0,0,train,https://doi.org/10.1080/00288330.2022.2088569,"Gall et al. 2022, Figure 10A",v1,S2_SR_HARMONIZED_SCL_v1,174.8893966956379,-41.27330022063089,0.0357,0.0328,0.0077,0.0061,0.0048,0.0034,0.0023,0.0014,0.002,0.0011
hutt_20200713,COPERNICUS/S2_SR_HARMONIZED/20200712T222549_20200712T222545_T60GUV,2020-07-12 22:27:27,hutt_20200713_backgroundTrain_0,0,train,https://doi.org/10.1080/00288330.2022.2088569,"Gall et al. 2022, Figure 10A",v1,S2_SR_HARMONIZED_SCL_v1,174.8902319169134,-41.27331553617366,0.039,0.0356,0.0063,0.006,0.0039,0.0033,0.0048,0.0012,0.0021,0.0044
hutt_20200713,COPERNICUS/S2_SR_HARMONIZED/20200712T222549_20200712T222545_T60GUV,2020-07-12 22:27:27,hutt_20200713_backgroundTrain_0,0,train,https://doi.org/10.1080/00288330.2022.2088569,"Gall et al. 2022, Figure 10A",v1,S2_SR_HARMONIZED_SCL_v1,174.86982591189405,-41.273029682491895,0.0415,0.0368,0.0072,0.005,0.0037,0.0032,0.0046,0.0021,0.0028,0.0022
hutt_20200713,COPERNICUS/S2_SR_HARMONIZED/20200712T222549_20200712T222545_T60GUV,2020-07-12 22:27:27,hutt_20200713_backgroundTrain_0,0,train,https://doi.org/10.1080/00288330.2022.2088569,"Gall et al. 2022, Figure 10A",v1,S2_SR_HARMONIZED_SCL_v1,174.8704224884311,-41.27304072413736,0.0408,0.0343,0.0082,0.0072,0.0027,0.0043,0.0042,0.0025,0.0023,0.0019
hutt_20200713,COPERNICUS/S2_SR_HARMONIZED/20200712T222549_20200712T222545_T60GUV,2020-07-12 22:27:27,hutt_20200713_backgroundTrain_0,0,train,https://doi.org/10.1080/00288330.2022.2088569,"Gall et al. 2022, Figure 10A",v1,S2_SR_HARMONIZED_SCL_v1,174.8720929045007,-41.27307162431149,0.0388,0.034,0.0062,0.0067,0.0023,0.0028,0.002,0.002,0.001,8.0E-4
hutt_20200713,COPERNICUS/S2_SR_HARMONIZED/20200712T222549_20200712T222545_T60GUV,2020-07-12 22:27:27,hutt_20200713_backgroundTrain_0,0,train,https://doi.org/10.1080/00288330.2022.2088569,"Gall et al. 2022, Figure 10A",v1,S2_SR_HARMONIZED_SCL_v1,174.87280879789824,-41.27308485982978,0.0375,0.0364,0.0081,0.0079,0.0037,0.0013,0.0031,0.0013,0.0016,0.0029
hutt_20200713,COPERNICUS/S2_SR_HARMONIZED/20200712T222549_20200712T222545_T60GUV,2020-07-12 22:27:27,hutt_20200713_backgroundTrain_0,0,train,https://doi.org/10.1080/00288330.2022.2088569,"Gall et al. 2022, Figure 10A",v1,S2_SR_HARMONIZED_SCL_v1,174.8730474291369,-41.27308927068074,0.037,0.0336,0.0077,0.0058,0.003,0.0014,0.0035,0.0012,0.0014,7.0E-4
hutt_20200713,COPERNICUS/S2_SR_HARMONIZED/20200712T222549_20200712T222545_T60GUV,2020-07-12 22:27:27,hutt_20200713_backgroundTrain_0,0,train,https://doi.org/10.1080/00288330.2022.2088569,"Gall et al. 2022, Figure 10A",v1,S2_SR_HARMONIZED_SCL_v1,174.8760303240943,-41.27314436461669,0.0403,0.0322,0.0079,0.0038,0.0023,0.0034,9.0E-4,0.002,1.0E-4,0.0011
hutt_20200713,COPERNICUS/S2_SR_HARMONIZED/20200712T222549_20200712T222545_T60GUV,2020-07-12 22:27:27,hutt_20200713_backgroundTrain_0,0,train,https://doi.org/10.1080/00288330.2022.2088569,"Gall et al. 2022, Figure 10A",v1,S2_SR_HARMONIZED_SCL_v1,174.87710416830603,-41.27316417952906,0.0374,0.0356,0.0072,0.0049,0.0022,0.0027,0.0033,5.0E-4,0.0016,0.0031
hutt_20200713,COPERNICUS/S2_SR_HARMONIZED/20200712T222549_20200712T222545_T60GUV,2020-07-12 22:27:27,hutt_20200713_backgroundTrain_0,0,train,https://doi.org/10.1080/00288330.2022.2088569,"Gall et al. 2022, Figure 10A",v1,S2_SR_HARMONIZED_SCL_v1,174.87805869739444,-41.27318178438244,0.0377,0.031,0.0094,0.0061,0.0029,0.0037,0.003,6.0E-4,0.0016,0.0031
hutt_20200713,COPERNICUS/S2_SR_HARMONIZED/20200712T222549_20200712T222545_T60GUV,2020-07-12 22:27:27,hutt_20200713_backgroundTrain_0,0,train,https://doi.org/10.1080/00288330.2022.2088569,"Gall et al. 2022, Figure 10A",v1,S2_SR_HARMONIZED_SCL_v1,174.8794904926148,-41.27320817683529,0.0389,0.0328,0.0086,0.0053,0.0031,0.0033,0.0018,0.0013,0.0032,0.0035
hutt_20200713,COPERNICUS/S2_SR_HARMONIZED/20200712T222549_20200712T222545_T60GUV,2020-07-12 22:27:27,hutt_20200713_backgroundTrain_0,0,train,https://doi.org/10.1080/00288330.2022.2088569,"Gall et al. 2022, Figure 10A",v1,S2_SR_HARMONIZED_SCL_v1,174.87960980896915,-41.27321037540322,0.0374,0.0346,0.0066,0.0065,0.0039,0.0033,0.0025,5.0E-4,0.0025,0.0031
hutt_20200713,COPERNICUS/S2_SR_HARMONIZED/20200712T222549_20200712T222545_T60GUV,2020-07-12 22:27:27,hutt_20200713_backgroundTrain_0,0,train,https://doi.org/10.1080/00288330.2022.2088569,"Gall et al. 2022, Figure 10A",v1,S2_SR_HARMONIZED_SCL_v1,174.8797291253367,-41.27321257384758,0.0364,0.0364,0.009,0.0065,0.0039,0.0033,0.0035,5.0E-4,0.0025,0.0031
hutt_20200713,COPERNICUS/S2_SR_HARMONIZED/20200712T222549_20200712T222545_T60GUV,2020-07-12 22:27:27,hutt_20200713_backgroundTrain_0,0,train,https://doi.org/10.1080/00288330.2022.2088569,"Gall et al. 2022, Figure 10A",v1,S2_SR_HARMONIZED_SCL_v1,174.88032570737278,-41.273223564216,0.0364,0.0375,0.0071,0.0036,0.0036,0.0051,0.001,0.0012,0.0016,0.0024
hutt_20200713,COPERNICUS/S2_SR_HARMONIZED/20200712T222549_20200712T222545_T60GUV,2020-07-12 22:27:27,hutt_20200713_backgroundTrain_0,0,train,https://doi.org/10.1080/00288330.2022.2088569,"Gall et al. 2022, Figure 10A",v1,S2_SR_HARMONIZED_SCL_v1,174.88056434027973,-41.27322795949845,0.0349,0.0354,0.007,0.0045,0.0016,0.0018,0.0051,0.0013,9.0E-4,0.0015
hutt_20200713,COPERNICUS/S2_SR_HARMONIZED/20200712T222549_20200712T222545_T60GUV,2020-07-12 22:27:27,hutt_20200713_backgroundTrain_0,0,train,https://doi.org/10.1080/00288330.2022.2088569,"Gall et al. 2022, Figure 10A",v1,S2_SR_HARMONIZED_SCL_v1,174.88068365675304,-41.273230156954334,0.0361,0.0367,0.007,0.0045,0.0016,0.0018,0.0046,0.0013,9.0E-4,0.0015
hutt_20200713,COPERNICUS/S2_SR_HARMONIZED/20200712T222549_20200712T222545_T60GUV,2020-07-12 22:27:27,hutt_20200713_backgroundTrain_0,0,train,https://doi.org/10.1080/00288330.2022.2088569,"Gall et al. 2022, Figure 10A",v1,S2_SR_HARMONIZED_SCL_v1,174.88080297323955,-41.27323235428665,0.037,0.0361,0.0067,0.004,0.0045,0.0029,0.0028,0.0021,2.0E-4,0.0014
hutt_20200713,COPERNICUS/S2_SR_HARMONIZED/20200712T222549_20200712T222545_T60GUV,2020-07-12 22:27:27,hutt_20200713_backgroundTrain_0,0,train,https://doi.org/10.1080/00288330.2022.2088569,"Gall et al. 2022, Figure 10A",v1,S2_SR_HARMONIZED_SCL_v1,174.8812802393178,-41.273241142380314,0.0409,0.0339,0.0072,0.0038,0.0041,0.0033,0.003,1.0E-4,0.0023,6.0E-4
hutt_20200713,COPERNICUS/S2_SR_HARMONIZED/20200712T222549_20200712T222545_T60GUV,2020-07-12 22:27:27,hutt_20200713_backgroundTrain_0,0,train,https://doi.org/10.1080/00288330.2022.2088569,"Gall et al. 2022, Figure 10A",v1,S2_SR_HARMONIZED_SCL_v1,174.8819961388315,-41.27325432081398,0.0346,0.035,0.0074,0.0049,0.0034,0.0045,0.0025,0.0018,0.0017,0.0024
hutt_20200713,COPERNICUS/S2_SR_HARMONIZED/20200712T222549_20200712T222545_T60GUV,2020-07-12 22:27:27,hutt_20200713_backgroundTrain_0,0,train,https://doi.org/10.1080/00288330.2022.2088569,"Gall et al. 2022, Figure 10A",v1,S2_SR_HARMONIZED_SCL_v1,174.8848597416395,-41.273306990066445,0.0347,0.0362,0.0051,0.0047,0.0022,0.0051,5.0E-4,0.001,0.0019,0.002
hutt_20200713,COPERNICUS/S2_SR_HARMONIZED/20200712T222549_20200712T222545_T60GUV,2020-07-12 22:27:27,hutt_20200713_backgroundTrain_0,0,train,https://doi.org/10.1080/00288330.2022.2088569,"Gall et al. 2022, Figure 10A",v1,S2_SR_HARMONIZED_SCL_v1,174.8850983755499,-41.27331137595821,0.0382,0.0295,0.0078,0.006,0.0032,0.0034,6.0E-4,0.0014,0.0022,0.0011
hutt_20200713,COPERNICUS/S2_SR_HARMONIZED/20200712T222549_20200712T222545_T60GUV,2020-07-12 22:27:27,hutt_20200713_backgroundTrain_0,0,train,https://doi.org/10.1080/00288330.2022.2088569,"Gall et al. 2022, Figure 10A",v1,S2_SR_HARMONIZED_SCL_v1,174.88593359465173,-41.273326722687145,0.0363,0.0364,0.0082,0.0052,0.0017,0.002,0.0051,1.0E-4,0.0013,0.0015
hutt_20200713,COPERNICUS/S2_SR_HARMONIZED/20200712T222549_20200712T222545_T60GUV,2020-07-12 22:27:27,hutt_20200713_backgroundTrain_0,0,train,https://doi.org/10.1080/00288330.2022.2088569,"Gall et al. 2022, Figure 10A",v1,S2_SR_HARMONIZED_SCL_v1,174.8866494972532,-41.27333987220729,0.0369,0.0362,0.0036,0.0043,0.0022,0.0033,0.0036,1.0E-4,0.0034,0.0012
hutt_20200713,COPERNICUS/S2_SR_HARMONIZED/20200712T222549_20200712T222545_T60GUV,2020-07-12 22:27:27,hutt_20200713_backgroundTrain_0,0,train,https://doi.org/10.1080/00288330.2022.2088569,"Gall et al. 2022, Figure 10A",v1,S2_SR_HARMONIZED_SCL_v1,174.88724608311682,-41.27335082674276,0.036,0.034,0.0087,0.0035,0.0031,0.0034,0.003,0.0022,0.0021,0.0016
hutt_20200713,COPERNICUS/S2_SR_HARMONIZED/20200712T222549_20200712T222545_T60GUV,2020-07-12 22:27:27,hutt_20200713_backgroundTrain_0,0,train,https://doi.org/10.1080/00288330.2022.2088569,"Gall et al. 2022, Figure 10A",v1,S2_SR_HARMONIZED_SCL_v1,174.88843925583208,-41.27337272654646,0.0325,0.0343,0.0065,0.006,0.0021,0.0048,0.0018,0.0011,1.0E-4,0.0015
hutt_20200713,COPERNICUS/S2_SR_HARMONIZED/20200712T222549_20200712T222545_T60GUV,2020-07-12 22:27:27,hutt_20200713_backgroundTrain_0,0,train,https://doi.org/10.1080/00288330.2022.2088569,"Gall et al. 2022, Figure 10A",v1,S2_SR_HARMONIZED_SCL_v1,174.8902290173737,-41.27340555308384,0.038,0.0343,0.0075,0.006,0.0039,0.0033,0.0019,0.0012,0.0021,0.0044
hutt_20200713,COPERNICUS/S2_SR_HARMONIZED/20200712T222549_20200712T222545_T60GUV,2020-07-12 22:27:27,hutt_20200713_backgroundTrain_0,0,train,https://doi.org/10.1080/00288330.2022.2088569,"Gall et al. 2022, Figure 10A",v1,S2_SR_HARMONIZED_SCL_v1,174.8907062876182,-41.27341430213171,0.0385,0.0343,0.0074,0.0034,0.0023,0.0057,0.0029,0.0012,0.0012,0.0021
hutt_20200713,COPERNICUS/S2_SR_HARMONIZED/20200712T222549_20200712T222545_T60GUV,2020-07-12 22:27:27,hutt_20200713_backgroundTrain_0,0,train,https://doi.org/10.1080/00288330.2022.2088569,"Gall et al. 2022, Figure 10A",v1,S2_SR_HARMONIZED_SCL_v1,174.87364108516093,-41.27319031159352,0.0388,0.0364,0.0072,0.004,0.0059,0.0054,0.002,0.0012,0.0027,0.001
hutt_20200713,COPERNICUS/S2_SR_HARMONIZED/20200712T222549_20200712T222545_T60GUV,2020-07-12 22:27:27,hutt_20200713_backgroundTrain_0,0,train,https://doi.org/10.1080/00288330.2022.2088569,"Gall et al. 2022, Figure 10A",v1,S2_SR_HARMONIZED_SCL_v1,174.875311508536,-41.2732211651597,0.0384,0.0367,0.0055,0.0069,0.0049,0.0033,0.0024,0.0011,4.0E-4,0.0032
hutt_20200713,COPERNICUS/S2_SR_HARMONIZED/20200712T222549_20200712T222545_T60GUV,2020-07-12 22:27:27,hutt_20200713_backgroundTrain_0,0,train,https://doi.org/10.1080/00288330.2022.2088569,"Gall et al. 2022, Figure 10A",v1,S2_SR_HARMONIZED_SCL_v1,174.87614672119744,-41.27323658286116,0.0397,0.0325,0.0075,0.0064,0.0038,0.0023,0.0028,0.0011,1.0E-4,8.0E-4
hutt_20200713,COPERNICUS/S2_SR_HARMONIZED/20200712T222549_20200712T222545_T60GUV,2020-07-12 22:27:27,hutt_20200713_backgroundTrain_0,0,train,https://doi.org/10.1080/00288330.2022.2088569,"Gall et al. 2022, Figure 10A",v1,S2_SR_HARMONIZED_SCL_v1,174.87626603734495,-41.2732387848957,0.0379,0.0336,0.0083,0.0054,0.0034,0.0048,0.0035,1.0E-4,9.0E-4,1.0E-4
hutt_20200713,COPERNICUS/S2_SR_HARMONIZED/20200712T222549_20200712T222545_T60GUV,2020-07-12 22:27:27,hutt_20200713_backgroundTrain_0,0,train,https://doi.org/10.1080/00288330.2022.2088569,"Gall et al. 2022, Figure 10A",v1,S2_SR_HARMONIZED_SCL_v1,174.87757851584112,-41.273262999120696,0.0404,0.0349,0.007,0.0047,0.003,0.0045,0.0012,0.0012,7.0E-4,0.0022
hutt_20200713,COPERNICUS/S2_SR_HARMONIZED/20200712T222549_20200712T222545_T60GUV,2020-07-12 22:27:27,hutt_20200713_backgroundTrain_0,0,train,https://doi.org/10.1080/00288330.2022.2088569,"Gall et al. 2022, Figure 10A",v1,S2_SR_HARMONIZED_SCL_v1,174.87781714846705,-41.27326740010077,0.0374,0.0375,0.0074,0.0049,0.0026,0.0074,0.0038,0.001,2.0E-4,0.0021
hutt_20200713,COPERNICUS/S2_SR_HARMONIZED/20200712T222549_20200712T222545_T60GUV,2020-07-12 22:27:27,hutt_20200713_backgroundTrain_0,0,train,https://doi.org/10.1080/00288330.2022.2088569,"Gall et al. 2022, Figure 10A",v1,S2_SR_HARMONIZED_SCL_v1,174.87805578114592,-41.273271800586606,0.0359,0.0316,0.0095,0.0065,0.0024,0.0044,0.0028,0.0011,0.0019,0.002
hutt_20200713,COPERNICUS/S2_SR_HARMONIZED/20200712T222549_20200712T222545_T60GUV,2020-07-12 22:27:27,hutt_20200713_backgroundTrain_0,0,train,https://doi.org/10.1080/00288330.2022.2088569,"Gall et al. 2022, Figure 10A",v1,S2_SR_HARMONIZED_SCL_v1,174.87984552792412,-41.2733047884764,0.0391,0.0318,0.0081,0.0061,0.0018,0.0037,0.0017,0.0039,8.0E-4,0.0029
hutt_20200713,COPERNICUS/S2_SR_HARMONIZED/20200712T222549_20200712T222545_T60GUV,2020-07-12 22:27:27,hutt_20200713_backgroundTrain_0,0,train,https://doi.org/10.1080/00288330.2022.2088569,"Gall et al. 2022, Figure 10A",v1,S2_SR_HARMONIZED_SCL_v1,174.88032279423416,-41.2733135805517,0.033,0.0333,0.0093,0.0068,0.0048,0.0015,0.0038,0.0011,0.0025,0.0019
hutt_20200713,COPERNICUS/S2_SR_HARMONIZED/20200712T222549_20200712T222545_T60GUV,2020-07-12 22:27:27,hutt_20200713_backgroundTrain_0,0,train,https://doi.org/10.1080/00288330.2022.2088569,"Gall et al. 2022, Figure 10A",v1,S2_SR_HARMONIZED_SCL_v1,174.8804421108447,-41.273315778261626,0.0336,0.0343,0.0078,0.0068,0.0048,0.0015,0.002,0.0011,0.0025,0.0019
hutt_20200713,COPERNICUS/S2_SR_HARMONIZED/20200712T222549_20200712T222545_T60GUV,2020-07-12 22:27:27,hutt_20200713_backgroundTrain_0,0,train,https://doi.org/10.1080/00288330.2022.2088569,"Gall et al. 2022, Figure 10A",v1,S2_SR_HARMONIZED_SCL_v1,174.8834250304023,-41.27337068085212,0.0363,0.0344,0.0046,0.0034,0.0044,0.0033,0.0013,0.002,0.002,0.0035
hutt_20200713,COPERNICUS/S2_SR_HARMONIZED/20200712T222549_20200712T222545_T60GUV,2020-07-12 22:27:27,hutt_20200713_backgroundTrain_0,0,train,https://doi.org/10.1080/00288330.2022.2088569,"Gall et al. 2022, Figure 10A",v1,S2_SR_HARMONIZED_SCL_v1,174.88497615183311,-41.27339919967933,0.0357,0.0351,0.0077,0.005,0.0025,0.0052,0.0013,0.001,0.0014,0.0021
hutt_20200713,COPERNICUS/S2_SR_HARMONIZED/20200712T222549_20200712T222545_T60GUV,2020-07-12 22:27:27,hutt_20200713_backgroundTrain_0,0,train,https://doi.org/10.1080/00288330.2022.2088569,"Gall et al. 2022, Figure 10A",v1,S2_SR_HARMONIZED_SCL_v1,174.88521478609727,-41.273403585337775,0.0381,0.0308,0.0074,0.0072,0.001,0.0054,0.0033,0.0012,0.0019,6.0E-4
hutt_20200713,COPERNICUS/S2_SR_HARMONIZED/20200712T222549_20200712T222545_T60GUV,2020-07-12 22:27:27,hutt_20200713_backgroundTrain_0,0,train,https://doi.org/10.1080/00288330.2022.2088569,"Gall et al. 2022, Figure 10A",v1,S2_SR_HARMONIZED_SCL_v1,174.88569205478385,-41.2734123551719,0.0385,0.0346,0.0058,0.0058,0.0017,0.0032,0.0022,5.0E-4,0.0027,0.0029
hutt_20200713,COPERNICUS/S2_SR_HARMONIZED/20200712T222549_20200712T222545_T60GUV,2020-07-12 22:27:27,hutt_20200713_backgroundTrain_0,0,train,https://doi.org/10.1080/00288330.2022.2088569,"Gall et al. 2022, Figure 10A",v1,S2_SR_HARMONIZED_SCL_v1,174.88593068920622,-41.27341673934759,0.0325,0.0346,0.0065,0.0061,0.0018,0.0036,4.0E-4,6.0E-4,0.0022,0.0024
hutt_20200713,COPERNICUS/S2_SR_HARMONIZED/20200712T222549_20200712T222545_T60GUV,2020-07-12 22:27:27,hutt_20200713_backgroundTrain_0,0,train,https://doi.org/10.1080/00288330.2022.2088569,"Gall et al. 2022, Figure 10A",v1,S2_SR_HARMONIZED_SCL_v1,174.8864079582092,-41.27342550621619,0.0364,0.0341,0.0077,0.0034,0.005,0.0036,0.0031,0.0029,0.0016,0.0031
hutt_20200713,COPERNICUS/S2_SR_HARMONIZED/20200712T222549_20200712T222545_T60GUV,2020-07-12 22:27:27,hutt_20200713_backgroundTrain_0,0,train,https://doi.org/10.1080/00288330.2022.2088569,"Gall et al. 2022, Figure 10A",v1,S2_SR_HARMONIZED_SCL_v1,174.8865272754929,-41.27342769762444,0.0341,0.033,0.0089,0.0041,0.0013,0.0032,0.0027,1.0E-4,3.0E-4,0.0019
hutt_20200713,COPERNICUS/S2_SR_HARMONIZED/20200712T222549_20200712T222545_T60GUV,2020-07-12 22:27:27,hutt_20200713_backgroundTrain_0,0,train,https://doi.org/10.1080/00288330.2022.2088569,"Gall et al. 2022, Figure 10A",v1,S2_SR_HARMONIZED_SCL_v1,174.88724317947182,-41.27344084347908,0.0351,0.0328,0.0074,0.0065,0.0041,0.0028,0.0033,0.0028,0.0031,0.0022
hutt_20200713,COPERNICUS/S2_SR_HARMONIZED/20200712T222549_20200712T222545_T60GUV,2020-07-12 22:27:27,hutt_20200713_backgroundTrain_0,0,train,https://doi.org/10.1080/00288330.2022.2088569,"Gall et al. 2022, Figure 10A",v1,S2_SR_HARMONIZED_SCL_v1,174.8877204490546,-41.2734496049109,0.0364,0.0336,0.0051,0.0065,0.003,0.003,1.0E-4,0.0012,0.0013,0.001
hutt_20200713,COPERNICUS/S2_SR_HARMONIZED/20200712T222549_20200712T222545_T60GUV,2020-07-12 22:27:27,hutt_20200713_backgroundTrain_0,0,train,https://doi.org/10.1080/00288330.2022.2088569,"Gall et al. 2022, Figure 10A",v1,S2_SR_HARMONIZED_SCL_v1,174.8885556713316,-41.27346493265938,0.0385,0.0311,0.0063,0.0052,0.0024,0.0042,0.003,0.0022,1.0E-4,0.0022
hutt_20200713,COPERNICUS/S2_SR_HARMONIZED/20200712T222549_20200712T222545_T60GUV,2020-07-12 22:27:27,hutt_20200713_backgroundTrain_0,0,train,https://doi.org/10.1080/00288330.2022.2088569,"Gall et al. 2022, Figure 10A",v1,S2_SR_HARMONIZED_SCL_v1,174.88891362393355,-41.273471499840994,0.0346,0.0319,0.0054,0.0039,0.0026,0.005,6.0E-4,1.0E-4,0.0018,0.0015
hutt_20200713,COPERNICUS/S2_SR_HARMONIZED/20200712T222549_20200712T222545_T60GUV,2020-07-12 22:27:27,hutt_20200713_backgroundTrain_0,0,train,https://doi.org/10.1080/00288330.2022.2088569,"Gall et al. 2022, Figure 10A",v1,S2_SR_HARMONIZED_SCL_v1,174.88927157665398,-41.273478065910524,0.0361,0.0343,0.0084,0.0058,0.0026,0.0031,0.002,0.0042,9.0E-4,0.0022
hutt_20200713,COPERNICUS/S2_SR_HARMONIZED/20200712T222549_20200712T222545_T60GUV,2020-07-12 22:27:27,hutt_20200713_backgroundTrain_0,0,train,https://doi.org/10.1080/00288330.2022.2088569,"Gall et al. 2022, Figure 10A",v1,S2_SR_HARMONIZED_SCL_v1,174.88962952949285,-41.273484630867976,0.0361,0.0356,0.0077,0.0042,0.0036,0.0056,0.0045,0.003,7.0E-4,0.0025
hutt_20200713,COPERNICUS/S2_SR_HARMONIZED/20200712T222549_20200712T222545_T60GUV,2020-07-12 22:27:27,hutt_20200713_backgroundTrain_0,0,train,https://doi.org/10.1080/00288330.2022.2088569,"Gall et al. 2022, Figure 10A",v1,S2_SR_HARMONIZED_SCL_v1,174.88986816478462,-41.273489006888454,0.0364,0.0327,0.0062,0.0031,0.0039,0.0042,0.0049,0.0021,0.0016,0.0031
hutt_20200713,COPERNICUS/S2_SR_HARMONIZED/20200712T222549_20200712T222545_T60GUV,2020-07-12 22:27:27,hutt_20200713_backgroundTrain_0,0,train,https://doi.org/10.1080/00288330.2022.2088569,"Gall et al. 2022, Figure 10A",v1,S2_SR_HARMONIZED_SCL_v1,174.8911806598298,-41.27351306616623,0.0406,0.0345,0.0055,0.0056,7.0E-4,0.003,0.0037,0.0029,8.0E-4,0.0016
hutt_20200713,COPERNICUS/S2_SR_HARMONIZED/20200712T222549_20200712T222545_T60GUV,2020-07-12 22:27:27,hutt_20200713_backgroundTrain_0,0,train,https://doi.org/10.1080/00288330.2022.2088569,"Gall et al. 2022, Figure 10A",v1,S2_SR_HARMONIZED_SCL_v1,174.89129997764013,-41.27351525263192,0.039,0.0332,0.0079,0.0042,0.0012,0.0014,0.0037,6.0E-4,9.0E-4,0.0016
hutt_20200713,COPERNICUS/S2_SR_HARMONIZED/20200712T222549_20200712T222545_T60GUV,2020-07-12 22:27:27,hutt_20200713_backgroundTrain_0,0,train,https://doi.org/10.1080/00288330.2022.2088569,"Gall et al. 2022, Figure 10A",v1,S2_SR_HARMONIZED_SCL_v1,174.89141929546358,-41.27351743897403,0.034,0.031,0.0068,0.0042,0.0012,0.0014,0.0029,6.0E-4,9.0E-4,0.0016
hutt_20200713,COPERNICUS/S2_SR_HARMONIZED/20200712T222549_20200712T222545_T60GUV,2020-07-12 22:27:27,hutt_20200713_backgroundTrain_0,0,train,https://doi.org/10.1080/00288330.2022.2088569,"Gall et al. 2022, Figure 10A",v1,S2_SR_HARMONIZED_SCL_v1,174.89153861330016,-41.273519625192584,0.0346,0.0324,0.0097,0.0057,0.0048,0.0021,0.0015,0.0029,0.0012,0.0035
hutt_20200713,COPERNICUS/S2_SR_HARMONIZED/20200712T222549_20200712T222545_T60GUV,2020-07-12 22:27:27,hutt_20200713_backgroundTrain_0,0,train,https://doi.org/10.1080/00288330.2022.2088569,"Gall et al. 2022, Figure 10A",v1,S2_SR_HARMONIZED_SCL_v1,174.86934279449625,-41.273200878344966,0.038,0.034,0.0071,0.006,0.0046,0.0048,0.0035,0.0012,0.0012,0.0031
hutt_20200713,COPERNICUS/S2_SR_HARMONIZED/20200712T222549_20200712T222545_T60GUV,2020-07-12 22:27:27,hutt_20200713_backgroundTrain_0,0,train,https://doi.org/10.1080/00288330.2022.2088569,"Gall et al. 2022, Figure 10A",v1,S2_SR_HARMONIZED_SCL_v1,174.86958142561966,-41.27320529639011,0.0368,0.034,0.007,0.0051,0.0043,0.0052,0.0033,0.0031,0.0025,0.0035
hutt_20200713,COPERNICUS/S2_SR_HARMONIZED/20200712T222549_20200712T222545_T60GUV,2020-07-12 22:27:27,hutt_20200713_backgroundTrain_0,0,train,https://doi.org/10.1080/00288330.2022.2088569,"Gall et al. 2022, Figure 10A",v1,S2_SR_HARMONIZED_SCL_v1,174.8714904765194,-41.27324062295879,0.0361,0.0346,0.0052,0.0061,0.0039,0.0034,0.0022,0.0032,0.0017,0.0014
hutt_20200713,COPERNICUS/S2_SR_HARMONIZED/20200712T222549_20200712T222545_T60GUV,2020-07-12 22:27:27,hutt_20200713_backgroundTrain_0,0,train,https://doi.org/10.1080/00288330.2022.2088569,"Gall et al. 2022, Figure 10A",v1,S2_SR_HARMONIZED_SCL_v1,174.87184842394146,-41.27324724316899,0.0383,0.035,0.0077,0.0054,0.0044,0.0032,0.0017,0.003,0.0019,0.002
hutt_20200713,COPERNICUS/S2_SR_HARMONIZED/20200712T222549_20200712T222545_T60GUV,2020-07-12 22:27:27,hutt_20200713_backgroundTrain_0,0,train,https://doi.org/10.1080/00288330.2022.2088569,"Gall et al. 2022, Figure 10A",v1,S2_SR_HARMONIZED_SCL_v1,174.87196773977536,-41.27324944965861,0.0339,0.0327,0.0081,0.0053,0.0058,0.0034,0.0036,0.0012,0.0018,0.0017
hutt_20200713,COPERNICUS/S2_SR_HARMONIZED/20200712T222549_20200712T222545_T60GUV,2020-07-12 22:27:27,hutt_20200713_backgroundTrain_0,0,train,https://doi.org/10.1080/00288330.2022.2088569,"Gall et al. 2022, Figure 10A",v1,S2_SR_HARMONIZED_SCL_v1,174.87208705562256,-41.27325165602467,0.0379,0.0337,0.0061,0.0053,0.0058,0.0034,0.0051,0.0012,0.0018,0.0017
hutt_20200713,COPERNICUS/S2_SR_HARMONIZED/20200712T222549_20200712T222545_T60GUV,2020-07-12 22:27:27,hutt_20200713_backgroundTrain_0,0,train,https://doi.org/10.1080/00288330.2022.2088569,"Gall et al. 2022, Figure 10A",v1,S2_SR_HARMONIZED_SCL_v1,174.87244500324368,-41.2732582743815,0.0349,0.0313,0.009,0.0022,0.0035,0.0023,0.002,0.0013,0.0012,0.002
hutt_20200713,COPERNICUS/S2_SR_HARMONIZED/20200712T222549_20200712T222545_T60GUV,2020-07-12 22:27:27,hutt_20200713_backgroundTrain_0,0,train,https://doi.org/10.1080/00288330.2022.2088569,"Gall et al. 2022, Figure 10A",v1,S2_SR_HARMONIZED_SCL_v1,174.87447337535158,-41.27329575739843,0.0377,0.0325,0.0074,0.0046,0.0032,0.004,0.0024,0.0032,0.0019,0.0022
hutt_20200713,COPERNICUS/S2_SR_HARMONIZED/20200712T222549_20200712T222545_T60GUV,2020-07-12 22:27:27,hutt_20200713_backgroundTrain_0,0,train,https://doi.org/10.1080/00288330.2022.2088569,"Gall et al. 2022, Figure 10A",v1,S2_SR_HARMONIZED_SCL_v1,174.8759051697342,-41.273322194499244,0.0377,0.0344,0.0074,0.0043,0.0023,0.0034,0.003,1.0E-4,0.0026,0.0037
hutt_20200713,COPERNICUS/S2_SR_HARMONIZED/20200712T222549_20200712T222545_T60GUV,2020-07-12 22:27:27,hutt_20200713_backgroundTrain_0,0,train,https://doi.org/10.1080/00288330.2022.2088569,"Gall et al. 2022, Figure 10A",v1,S2_SR_HARMONIZED_SCL_v1,174.87709833317686,-41.27334421182497,0.0392,0.0346,0.01,0.0047,0.0027,0.0031,0.0019,0.0011,0.0016,0.003
hutt_20200713,COPERNICUS/S2_SR_HARMONIZED/20200712T222549_20200712T222545_T60GUV,2020-07-12 22:27:27,hutt_20200713_backgroundTrain_0,0,train,https://doi.org/10.1080/00288330.2022.2088569,"Gall et al. 2022, Figure 10A",v1,S2_SR_HARMONIZED_SCL_v1,174.8786494476313,-41.273372815876094,0.0364,0.0343,0.0055,0.004,0.003,0.0039,0.0023,0.0011,0.0011,0.0019
hutt_20200713,COPERNICUS/S2_SR_HARMONIZED/20200712T222549_20200712T222545_T60GUV,2020-07-12 22:27:27,hutt_20200713_backgroundTrain_0,0,train,https://doi.org/10.1080/00288330.2022.2088569,"Gall et al. 2022, Figure 10A",v1,S2_SR_HARMONIZED_SCL_v1,174.8791267140671,-41.273381612921526,0.0361,0.0339,0.0082,0.0053,0.0035,0.0039,0.0031,0.0028,0.0026,0.001
hutt_20200713,COPERNICUS/S2_SR_HARMONIZED/20200712T222549_20200712T222545_T60GUV,2020-07-12 22:27:27,hutt_20200713_backgroundTrain_0,0,train,https://doi.org/10.1080/00288330.2022.2088569,"Gall et al. 2022, Figure 10A",v1,S2_SR_HARMONIZED_SCL_v1,174.88031988108233,-41.2734035968858,0.037,0.0305,0.0075,0.0068,0.0048,0.0015,0.0017,0.0011,0.0025,0.0019
hutt_20200713,COPERNICUS/S2_SR_HARMONIZED/20200712T222549_20200712T222545_T60GUV,2020-07-12 22:27:27,hutt_20200713_backgroundTrain_0,0,train,https://doi.org/10.1080/00288330.2022.2088569,"Gall et al. 2022, Figure 10A",v1,S2_SR_HARMONIZED_SCL_v1,174.88127441564626,-41.273421175160784,0.0385,0.0328,0.0068,0.0049,0.0029,0.0031,0.0022,0.003,0.003,0.0019
hutt_20200713,COPERNICUS/S2_SR_HARMONIZED/20200712T222549_20200712T222545_T60GUV,2020-07-12 22:27:27,hutt_20200713_backgroundTrain_0,0,train,https://doi.org/10.1080/00288330.2022.2088569,"Gall et al. 2022, Figure 10A",v1,S2_SR_HARMONIZED_SCL_v1,174.88175168324537,-41.27342996133279,0.038,0.0337,0.0068,0.0056,0.0035,0.0036,0.0019,0.0013,9.0E-4,0.0021
hutt_20200713,COPERNICUS/S2_SR_HARMONIZED/20200712T222549_20200712T222545_T60GUV,2020-07-12 22:27:27,hutt_20200713_backgroundTrain_0,0,train,https://doi.org/10.1080/00288330.2022.2088569,"Gall et al. 2022, Figure 10A",v1,S2_SR_HARMONIZED_SCL_v1,174.88342212150621,-41.27346069736597,0.0371,0.0346,0.0051,0.0034,0.0044,0.0033,0.0017,0.002,0.002,0.0035
hutt_20200713,COPERNICUS/S2_SR_HARMONIZED/20200712T222549_20200712T222545_T60GUV,2020-07-12 22:27:27,hutt_20200713_backgroundTrain_0,0,train,https://doi.org/10.1080/00288330.2022.2088569,"Gall et al. 2022, Figure 10A",v1,S2_SR_HARMONIZED_SCL_v1,174.88521187965648,-41.27349360195521,0.0376,0.0339,0.007,0.0072,0.001,0.0054,0.0025,0.0012,0.0019,6.0E-4
hutt_20200713,COPERNICUS/S2_SR_HARMONIZED/20200712T222549_20200712T222545_T60GUV,2020-07-12 22:27:27,hutt_20200713_backgroundTrain_0,0,train,https://doi.org/10.1080/00288330.2022.2088569,"Gall et al. 2022, Figure 10A",v1,S2_SR_HARMONIZED_SCL_v1,174.88568914899776,-41.273502371816946,0.0361,0.0339,0.008,0.0058,0.0017,0.0032,0.0022,5.0E-4,0.0027,0.0029
hutt_20200713,COPERNICUS/S2_SR_HARMONIZED/20200712T222549_20200712T222545_T60GUV,2020-07-12 22:27:27,hutt_20200713_backgroundTrain_0,0,train,https://doi.org/10.1080/00288330.2022.2088569,"Gall et al. 2022, Figure 10A",v1,S2_SR_HARMONIZED_SCL_v1,174.88640505340524,-41.27351552290264,0.0371,0.0341,0.0059,0.0034,0.005,0.0036,0.0051,0.0029,0.0016,0.0031
hutt_20200713,COPERNICUS/S2_SR_HARMONIZED/20200712T222549_20200712T222545_T60GUV,2020-07-12 22:27:27,hutt_20200713_backgroundTrain_0,0,train,https://doi.org/10.1080/00288330.2022.2088569,"Gall et al. 2022, Figure 10A",v1,S2_SR_HARMONIZED_SCL_v1,174.8878368636435,-41.27354181172915,0.0363,0.0349,0.007,0.0065,0.003,0.003,1.0E-4,0.0012,0.0013,0.001
hutt_20200713,COPERNICUS/S2_SR_HARMONIZED/20200712T222549_20200712T222545_T60GUV,2020-07-12 22:27:27,hutt_20200713_backgroundTrain_0,0,train,https://doi.org/10.1080/00288330.2022.2088569,"Gall et al. 2022, Figure 10A",v1,S2_SR_HARMONIZED_SCL_v1,174.8881948164995,-41.27354838115559,0.0339,0.0343,0.0081,0.0043,0.0035,0.0034,0.0019,0.0019,1.0E-4,0.0022
hutt_20200713,COPERNICUS/S2_SR_HARMONIZED/20200712T222549_20200712T222545_T60GUV,2020-07-12 22:27:27,hutt_20200713_backgroundTrain_0,0,train,https://doi.org/10.1080/00288330.2022.2088569,"Gall et al. 2022, Figure 10A",v1,S2_SR_HARMONIZED_SCL_v1,174.88950731131865,-41.27357245953807,0.0339,0.034,0.0062,0.0063,0.0041,0.0027,0.0015,2.0E-4,0.0021,0.0021
hutt_20200713,COPERNICUS/S2_SR_HARMONIZED/20200712T222549_20200712T222545_T60GUV,2020-07-12 22:27:27,hutt_20200713_backgroundTrain_0,0,train,https://doi.org/10.1080/00288330.2022.2088569,"Gall et al. 2022, Figure 10A",v1,S2_SR_HARMONIZED_SCL_v1,174.88974594691143,-41.27357683581946,0.0361,0.0339,0.0067,0.0042,0.0036,0.0056,0.0023,0.003,7.0E-4,0.0025
hutt_20200713,COPERNICUS/S2_SR_HARMONIZED/20200712T222549_20200712T222545_T60GUV,2020-07-12 22:27:27,hutt_20200713_backgroundTrain_0,0,train,https://doi.org/10.1080/00288330.2022.2088569,"Gall et al. 2022, Figure 10A",v1,S2_SR_HARMONIZED_SCL_v1,174.8909391256648,-41.2735987098125,0.036,0.0364,0.0065,0.006,9.0E-4,0.0036,0.0028,0.0016,0.0016,0.0035
hutt_20200713,COPERNICUS/S2_SR_HARMONIZED/20200712T222549_20200712T222545_T60GUV,2020-07-12 22:27:27,hutt_20200713_backgroundTrain_0,0,train,https://doi.org/10.1080/00288330.2022.2088569,"Gall et al. 2022, Figure 10A",v1,S2_SR_HARMONIZED_SCL_v1,174.86922055056726,-41.27328868482448,0.042,0.035,0.0087,0.0057,0.0044,0.0031,0.0036,0.0018,0.0023,0.0022
hutt_20200713,COPERNICUS/S2_SR_HARMONIZED/20200712T222549_20200712T222545_T60GUV,2020-07-12 22:27:27,hutt_20200713_backgroundTrain_0,0,train,https://doi.org/10.1080/00288330.2022.2088569,"Gall et al. 2022, Figure 10A",v1,S2_SR_HARMONIZED_SCL_v1,174.86957849772344,-41.273295312098384,0.0396,0.0364,0.0089,0.0065,0.0025,0.0045,0.0036,0.0012,9.0E-4,0.0016
hutt_20200713,COPERNICUS/S2_SR_HARMONIZED/20200712T222549_20200712T222545_T60GUV,2020-07-12 22:27:27,hutt_20200713_backgroundTrain_0,0,train,https://doi.org/10.1080/00288330.2022.2088569,"Gall et al. 2022, Figure 10A",v1,S2_SR_HARMONIZED_SCL_v1,174.87005576078437,-41.273304146733764,0.0423,0.0371,0.0095,0.0046,0.0032,0.0046,0.0046,0.0015,0.0018,0.0015
hutt_20200713,COPERNICUS/S2_SR_HARMONIZED/20200712T222549_20200712T222545_T60GUV,2020-07-12 22:27:27,hutt_20200713_backgroundTrain_0,0,train,https://doi.org/10.1080/00288330.2022.2088569,"Gall et al. 2022, Figure 10A",v1,S2_SR_HARMONIZED_SCL_v1,174.87626019989773,-41.27341881709141,0.0381,0.0362,0.0078,0.0067,0.0016,0.0049,0.0049,0.0013,8.0E-4,0.003
hutt_20200713,COPERNICUS/S2_SR_HARMONIZED/20200712T222549_20200712T222545_T60GUV,2020-07-12 22:27:27,hutt_20200713_backgroundTrain_0,0,train,https://doi.org/10.1080/00288330.2022.2088569,"Gall et al. 2022, Figure 10A",v1,S2_SR_HARMONIZED_SCL_v1,174.8784078987088,-41.2734584328338,0.0361,0.0339,0.0044,0.0049,0.0057,0.0018,0.0019,0.0021,4.0E-4,0.0024
hutt_20200713,COPERNICUS/S2_SR_HARMONIZED/20200712T222549_20200712T222545_T60GUV,2020-07-12 22:27:27,hutt_20200713_backgroundTrain_0,0,train,https://doi.org/10.1080/00288330.2022.2088569,"Gall et al. 2022, Figure 10A",v1,S2_SR_HARMONIZED_SCL_v1,174.87852721543513,-41.273460632534544,0.0385,0.0336,0.0066,0.0049,0.0057,0.0018,0.0019,0.0021,4.0E-4,0.0024
hutt_20200713,COPERNICUS/S2_SR_HARMONIZED/20200712T222549_20200712T222545_T60GUV,2020-07-12 22:27:27,hutt_20200713_backgroundTrain_0,0,train,https://doi.org/10.1080/00288330.2022.2088569,"Gall et al. 2022, Figure 10A",v1,S2_SR_HARMONIZED_SCL_v1,174.87924311607094,-41.273473828144226,0.0374,0.0344,0.0072,0.0047,0.0029,0.0012,0.0018,0.0019,0.0019,0.0019
hutt_20200713,COPERNICUS/S2_SR_HARMONIZED/20200712T222549_20200712T222545_T60GUV,2020-07-12 22:27:27,hutt_20200713_backgroundTrain_0,0,train,https://doi.org/10.1080/00288330.2022.2088569,"Gall et al. 2022, Figure 10A",v1,S2_SR_HARMONIZED_SCL_v1,174.8819874062507,-41.27352437010678,0.0382,0.0333,0.0086,0.0052,0.0043,0.0013,8.0E-4,0.003,0.0021,0.0022
hutt_20200713,COPERNICUS/S2_SR_HARMONIZED/20200712T222549_20200712T222545_T60GUV,2020-07-12 22:27:27,hutt_20200713_backgroundTrain_0,0,train,https://doi.org/10.1080/00288330.2022.2088569,"Gall et al. 2022, Figure 10A",v1,S2_SR_HARMONIZED_SCL_v1,174.8848510208439,-41.273577039856654,0.0336,0.0339,0.0055,0.0035,0.0049,0.0052,0.0018,0.0016,8.0E-4,0.0019
hutt_20200713,COPERNICUS/S2_SR_HARMONIZED/20200712T222549_20200712T222545_T60GUV,2020-07-12 22:27:27,hutt_20200713_backgroundTrain_0,0,train,https://doi.org/10.1080/00288330.2022.2088569,"Gall et al. 2022, Figure 10A",v1,S2_SR_HARMONIZED_SCL_v1,174.8855669256797,-41.27359019617343,0.035,0.0321,0.0081,0.0053,0.003,0.003,0.0018,2.0E-4,0.0025,7.0E-4
hutt_20200713,COPERNICUS/S2_SR_HARMONIZED/20200712T222549_20200712T222545_T60GUV,2020-07-12 22:27:27,hutt_20200713_backgroundTrain_0,0,train,https://doi.org/10.1080/00288330.2022.2088569,"Gall et al. 2022, Figure 10A",v1,S2_SR_HARMONIZED_SCL_v1,174.88592487827566,-41.27359677266371,0.0363,0.0337,0.0072,0.0038,0.0027,0.0036,0.0038,0.0015,0.0018,0.002
hutt_20200713,COPERNICUS/S2_SR_HARMONIZED/20200712T222549_20200712T222545_T60GUV,2020-07-12 22:27:27,hutt_20200713_backgroundTrain_0,0,train,https://doi.org/10.1080/00288330.2022.2088569,"Gall et al. 2022, Figure 10A",v1,S2_SR_HARMONIZED_SCL_v1,174.88676010146085,-41.273612113482955,0.0372,0.0325,0.0065,0.0048,0.0029,0.0037,1.0E-4,1.0E-4,0.0021,0.0026
hutt_20200713,COPERNICUS/S2_SR_HARMONIZED/20200712T222549_20200712T222545_T60GUV,2020-07-12 22:27:27,hutt_20200713_backgroundTrain_0,0,train,https://doi.org/10.1080/00288330.2022.2088569,"Gall et al. 2022, Figure 10A",v1,S2_SR_HARMONIZED_SCL_v1,174.88831123194635,-41.27364058751248,0.0398,0.033,0.0078,0.0064,0.0034,0.0028,0.0019,0.0012,0.0019,0.002
hutt_20200713,COPERNICUS/S2_SR_HARMONIZED/20200712T222549_20200712T222545_T60GUV,2020-07-12 22:27:27,hutt_20200713_backgroundTrain_0,0,train,https://doi.org/10.1080/00288330.2022.2088569,"Gall et al. 2022, Figure 10A",v1,S2_SR_HARMONIZED_SCL_v1,174.88926577488985,-41.27365809961277,0.0346,0.0328,0.008,0.0056,0.003,0.0034,0.0018,0.0039,0.0017,0.0025
hutt_20200713,COPERNICUS/S2_SR_HARMONIZED/20200712T222549_20200712T222545_T60GUV,2020-07-12 22:27:27,hutt_20200713_backgroundTrain_0,0,train,https://doi.org/10.1080/00288330.2022.2088569,"Gall et al. 2022, Figure 10A",v1,S2_SR_HARMONIZED_SCL_v1,174.88998168265033,-41.27367122849825,0.0346,0.034,0.0074,0.0053,0.0047,0.002,0.003,0.0018,0.0019,0.0036
hutt_20200713,COPERNICUS/S2_SR_HARMONIZED/20200712T222549_20200712T222545_T60GUV,2020-07-12 22:27:27,hutt_20200713_backgroundTrain_0,0,train,https://doi.org/10.1080/00288330.2022.2088569,"Gall et al. 2022, Figure 10A",v1,S2_SR_HARMONIZED_SCL_v1,174.89010100065644,-41.273673416213356,0.0323,0.0353,0.0072,0.0046,0.0043,0.0021,0.0028,7.0E-4,0.001,0.0017
hutt_20200713,COPERNICUS/S2_SR_HARMONIZED/20200712T222549_20200712T222545_T60GUV,2020-07-12 22:27:27,hutt_20200713_backgroundTrain_0,0,train,https://doi.org/10.1080/00288330.2022.2088569,"Gall et al. 2022, Figure 10A",v1,S2_SR_HARMONIZED_SCL_v1,174.89105554517917,-41.27369091348582,0.0346,0.0325,0.0077,0.0067,0.0022,0.0036,0.0035,0.0021,0.002,0.002
hutt_20200713,COPERNICUS/S2_SR_HARMONIZED/20200712T222549_20200712T222545_T60GUV,2020-07-12 22:27:27,hutt_20200713_backgroundTrain_0,0,train,https://doi.org/10.1080/00288330.2022.2088569,"Gall et al. 2022, Figure 10A",v1,S2_SR_HARMONIZED_SCL_v1,174.8911748633037,-41.27369310008884,0.0339,0.0321,0.007,0.0067,0.0022,0.0036,0.0023,0.0021,0.002,0.002
hutt_20200713,COPERNICUS/S2_SR_HARMONIZED/20200712T222549_20200712T222545_T60GUV,2020-07-12 22:27:27,hutt_20200713_backgroundTrain_0,0,train,https://doi.org/10.1080/00288330.2022.2088569,"Gall et al. 2022, Figure 10A",v1,S2_SR_HARMONIZED_SCL_v1,174.8724391552945,-41.27343830613001,0.0379,0.0322,0.0061,0.0025,0.0044,0.0021,0.0036,0.0012,0.0019,0.0016
hutt_20200713,COPERNICUS/S2_SR_HARMONIZED/20200712T222549_20200712T222545_T60GUV,2020-07-12 22:27:27,hutt_20200713_backgroundTrain_0,0,train,https://doi.org/10.1080/00288330.2022.2088569,"Gall et al. 2022, Figure 10A",v1,S2_SR_HARMONIZED_SCL_v1,174.87351300182047,-41.273458154653255,0.038,0.034,0.0068,0.0046,0.0043,0.0032,3.0E-4,0.0011,9.0E-4,8.0E-4
hutt_20200713,COPERNICUS/S2_SR_HARMONIZED/20200712T222549_20200712T222545_T60GUV,2020-07-12 22:27:27,hutt_20200713_backgroundTrain_0,0,train,https://doi.org/10.1080/00288330.2022.2088569,"Gall et al. 2022, Figure 10A",v1,S2_SR_HARMONIZED_SCL_v1,174.8754220649628,-41.27349341620476,0.0348,0.0364,0.0074,0.0045,0.0027,0.0036,0.0038,0.0011,0.0013,0.0036
hutt_20200713,COPERNICUS/S2_SR_HARMONIZED/20200712T222549_20200712T222545_T60GUV,2020-07-12 22:27:27,hutt_20200713_backgroundTrain_0,0,train,https://doi.org/10.1080/00288330.2022.2088569,"Gall et al. 2022, Figure 10A",v1,S2_SR_HARMONIZED_SCL_v1,174.8757800146797,-41.27350002422418,0.0359,0.035,0.0081,0.0047,0.0018,0.0031,0.0015,9.0E-4,0.0016,0.0021
hutt_20200713,COPERNICUS/S2_SR_HARMONIZED/20200712T222549_20200712T222545_T60GUV,2020-07-12 22:27:27,hutt_20200713_backgroundTrain_0,0,train,https://doi.org/10.1080/00288330.2022.2088569,"Gall et al. 2022, Figure 10A",v1,S2_SR_HARMONIZED_SCL_v1,174.8762572811543,-41.2735088331869,0.0397,0.0358,0.0078,0.0067,0.0016,0.0049,0.0033,0.0013,8.0E-4,0.003
hutt_20200713,COPERNICUS/S2_SR_HARMONIZED/20200712T222549_20200712T222545_T60GUV,2020-07-12 22:27:27,hutt_20200713_backgroundTrain_0,0,train,https://doi.org/10.1080/00288330.2022.2088569,"Gall et al. 2022, Figure 10A",v1,S2_SR_HARMONIZED_SCL_v1,174.8767345478408,-41.273517640172635,0.0339,0.0333,0.0062,0.0046,0.004,0.0037,0.0012,0.0013,0.0017,7.0E-4
hutt_20200713,COPERNICUS/S2_SR_HARMONIZED/20200712T222549_20200712T222545_T60GUV,2020-07-12 22:27:27,hutt_20200713_backgroundTrain_0,0,train,https://doi.org/10.1080/00288330.2022.2088569,"Gall et al. 2022, Figure 10A",v1,S2_SR_HARMONIZED_SCL_v1,174.8779277154838,-41.27353964898769,0.0371,0.0341,0.0049,0.0054,0.0026,0.0026,0.003,0.0021,0.0017,0.0017
hutt_20200713,COPERNICUS/S2_SR_HARMONIZED/20200712T222549_20200712T222545_T60GUV,2020-07-12 22:27:27,hutt_20200713_backgroundTrain_0,0,train,https://doi.org/10.1080/00288330.2022.2088569,"Gall et al. 2022, Figure 10A",v1,S2_SR_HARMONIZED_SCL_v1,174.8780470323209,-41.27354184918961,0.0422,0.0341,0.0072,0.0054,0.0026,0.0026,0.0018,0.0021,0.0017,0.0017
hutt_20200713,COPERNICUS/S2_SR_HARMONIZED/20200712T222549_20200712T222545_T60GUV,2020-07-12 22:27:27,hutt_20200713_backgroundTrain_0,0,train,https://doi.org/10.1080/00288330.2022.2088569,"Gall et al. 2022, Figure 10A",v1,S2_SR_HARMONIZED_SCL_v1,174.88031405473905,-41.27358362954927,0.0405,0.0349,0.0063,0.0067,0.0032,0.0061,0.0022,0.0023,0.002,0.003
hutt_20200713,COPERNICUS/S2_SR_HARMONIZED/20200712T222549_20200712T222545_T60GUV,2020-07-12 22:27:27,hutt_20200713_backgroundTrain_0,0,train,https://doi.org/10.1080/00288330.2022.2088569,"Gall et al. 2022, Figure 10A",v1,S2_SR_HARMONIZED_SCL_v1,174.88246176458958,-41.27362316979636,0.039,0.035,0.0078,0.0043,0.0026,0.0038,0.0018,6.0E-4,9.0E-4,0.0011
hutt_20200713,COPERNICUS/S2_SR_HARMONIZED/20200712T222549_20200712T222545_T60GUV,2020-07-12 22:27:27,hutt_20200713_backgroundTrain_0,0,train,https://doi.org/10.1080/00288330.2022.2088569,"Gall et al. 2022, Figure 10A",v1,S2_SR_HARMONIZED_SCL_v1,174.88425152606678,-41.2736560894204,0.0343,0.0365,0.004,0.006,0.0027,0.0017,0.0031,0.0013,0.0016,0.002
hutt_20200713,COPERNICUS/S2_SR_HARMONIZED/20200712T222549_20200712T222545_T60GUV,2020-07-12 22:27:27,hutt_20200713_backgroundTrain_0,0,train,https://doi.org/10.1080/00288330.2022.2088569,"Gall et al. 2022, Figure 10A",v1,S2_SR_HARMONIZED_SCL_v1,174.88484811388565,-41.273667056450236,0.0347,0.0344,0.0085,0.0035,0.0049,0.0052,0.0018,0.0016,8.0E-4,0.0019
hutt_20200713,COPERNICUS/S2_SR_HARMONIZED/20200712T222549_20200712T222545_T60GUV,2020-07-12 22:27:27,hutt_20200713_backgroundTrain_0,0,train,https://doi.org/10.1080/00288330.2022.2088569,"Gall et al. 2022, Figure 10A",v1,S2_SR_HARMONIZED_SCL_v1,174.88496743148903,-41.27366924948551,0.0361,0.0318,0.0072,0.0035,0.0049,0.0052,0.0014,0.0016,8.0E-4,0.0019
hutt_20200713,COPERNICUS/S2_SR_HARMONIZED/20200712T222549_20200712T222545_T60GUV,2020-07-12 22:27:27,hutt_20200713_backgroundTrain_0,0,train,https://doi.org/10.1080/00288330.2022.2088569,"Gall et al. 2022, Figure 10A",v1,S2_SR_HARMONIZED_SCL_v1,174.88508674910557,-41.27367144239722,0.0356,0.0318,0.0081,0.0031,0.0027,0.0054,0.002,1.0E-4,0.0019,0.0017
hutt_20200713,COPERNICUS/S2_SR_HARMONIZED/20200712T222549_20200712T222545_T60GUV,2020-07-12 22:27:27,hutt_20200713_backgroundTrain_0,0,train,https://doi.org/10.1080/00288330.2022.2088569,"Gall et al. 2022, Figure 10A",v1,S2_SR_HARMONIZED_SCL_v1,174.88675719712157,-41.27370213018694,0.039,0.0311,0.0078,0.0048,0.0029,0.0037,0.0033,1.0E-4,0.0021,0.0026
hutt_20200713,COPERNICUS/S2_SR_HARMONIZED/20200712T222549_20200712T222545_T60GUV,2020-07-12 22:27:27,hutt_20200713_backgroundTrain_0,0,train,https://doi.org/10.1080/00288330.2022.2088569,"Gall et al. 2022, Figure 10A",v1,S2_SR_HARMONIZED_SCL_v1,174.88759242209835,-41.27371746499981,0.036,0.0297,0.0062,0.0049,0.004,0.0027,8.0E-4,0.0015,0.0016,0.0016
hutt_20200713,COPERNICUS/S2_SR_HARMONIZED/20200712T222549_20200712T222545_T60GUV,2020-07-12 22:27:27,hutt_20200713_backgroundTrain_0,0,train,https://doi.org/10.1080/00288330.2022.2088569,"Gall et al. 2022, Figure 10A",v1,S2_SR_HARMONIZED_SCL_v1,174.88926287398803,-41.27374811646152,0.0336,0.0329,0.008,0.0056,0.003,0.0034,0.0019,0.0039,0.0017,0.0025
hutt_20200713,COPERNICUS/S2_SR_HARMONIZED/20200712T222549_20200712T222545_T60GUV,2020-07-12 22:27:27,hutt_20200713_backgroundTrain_0,0,train,https://doi.org/10.1080/00288330.2022.2088569,"Gall et al. 2022, Figure 10A",v1,S2_SR_HARMONIZED_SCL_v1,174.8893821920789,-41.2737503049249,0.0325,0.0325,0.0067,0.0049,0.0049,0.0024,0.0023,1.0E-4,9.0E-4,0.0025
hutt_20200713,COPERNICUS/S2_SR_HARMONIZED/20200712T222549_20200712T222545_T60GUV,2020-07-12 22:27:27,hutt_20200713_backgroundTrain_0,0,train,https://doi.org/10.1080/00288330.2022.2088569,"Gall et al. 2022, Figure 10A",v1,S2_SR_HARMONIZED_SCL_v1,174.86921469375292,-41.27346871619456,0.0406,0.0353,0.0061,0.0053,0.0026,0.0034,0.0047,0.0024,0.0013,0.0031
hutt_20200713,COPERNICUS/S2_SR_HARMONIZED/20200712T222549_20200712T222545_T60GUV,2020-07-12 22:27:27,hutt_20200713_backgroundTrain_0,0,train,https://doi.org/10.1080/00288330.2022.2088569,"Gall et al. 2022, Figure 10A",v1,S2_SR_HARMONIZED_SCL_v1,174.8698112740498,-41.2734797611028,0.0423,0.0333,0.0077,0.0057,0.0043,0.0054,0.0037,0.0034,0.0029,0.0025
hutt_20200713,COPERNICUS/S2_SR_HARMONIZED/20200712T222549_20200712T222545_T60GUV,2020-07-12 22:27:27,hutt_20200713_backgroundTrain_0,0,train,https://doi.org/10.1080/00288330.2022.2088569,"Gall et al. 2022, Figure 10A",v1,S2_SR_HARMONIZED_SCL_v1,174.87124306811705,-41.273506256279525,0.0379,0.0348,0.0067,0.0064,0.0043,0.0038,0.0024,0.0038,0.001,1.0E-4
hutt_20200713,COPERNICUS/S2_SR_HARMONIZED/20200712T222549_20200712T222545_T60GUV,2020-07-12 22:27:27,hutt_20200713_backgroundTrain_0,0,train,https://doi.org/10.1080/00288330.2022.2088569,"Gall et al. 2022, Figure 10A",v1,S2_SR_HARMONIZED_SCL_v1,174.87219759855725,-41.273523909845906,0.0361,0.034,0.0081,0.0057,0.0025,0.0037,0.0036,0.0013,0.0018,0.0037
hutt_20200713,COPERNICUS/S2_SR_HARMONIZED/20200712T222549_20200712T222545_T60GUV,2020-07-12 22:27:27,hutt_20200713_backgroundTrain_0,0,train,https://doi.org/10.1080/00288330.2022.2088569,"Gall et al. 2022, Figure 10A",v1,S2_SR_HARMONIZED_SCL_v1,174.8730328133891,-41.27353935022957,0.0383,0.0315,0.0081,0.0046,0.0013,0.0044,0.0035,0.0012,0.0018,0.003
hutt_20200713,COPERNICUS/S2_SR_HARMONIZED/20200712T222549_20200712T222545_T60GUV,2020-07-12 22:27:27,hutt_20200713_backgroundTrain_0,0,train,https://doi.org/10.1080/00288330.2022.2088569,"Gall et al. 2022, Figure 10A",v1,S2_SR_HARMONIZED_SCL_v1,174.87362939580976,-41.27355037536824,0.0348,0.0349,0.009,0.0049,0.0052,0.0031,0.0012,3.0E-4,0.0017,0.0029
hutt_20200713,COPERNICUS/S2_SR_HARMONIZED/20200712T222549_20200712T222545_T60GUV,2020-07-12 22:27:27,hutt_20200713_backgroundTrain_0,0,train,https://doi.org/10.1080/00288330.2022.2088569,"Gall et al. 2022, Figure 10A",v1,S2_SR_HARMONIZED_SCL_v1,174.87374871233368,-41.27355258002529,0.0404,0.0311,0.0086,0.0049,0.0052,0.0031,0.001,3.0E-4,0.0017,0.0029
hutt_20200713,COPERNICUS/S2_SR_HARMONIZED/20200712T222549_20200712T222545_T60GUV,2020-07-12 22:27:27,hutt_20200713_backgroundTrain_0,0,train,https://doi.org/10.1080/00288330.2022.2088569,"Gall et al. 2022, Figure 10A",v1,S2_SR_HARMONIZED_SCL_v1,174.87541914506033,-41.27358343225013,0.0356,0.0346,0.0095,0.0047,0.003,0.0034,0.0051,0.0011,0.0019,0.0016
hutt_20200713,COPERNICUS/S2_SR_HARMONIZED/20200712T222549_20200712T222545_T60GUV,2020-07-12 22:27:27,hutt_20200713_backgroundTrain_0,0,train,https://doi.org/10.1080/00288330.2022.2088569,"Gall et al. 2022, Figure 10A",v1,S2_SR_HARMONIZED_SCL_v1,174.87887933539534,-41.27364726338962,0.035,0.0343,0.0062,0.0045,0.0025,0.0056,0.0022,0.0037,0.0014,7.0E-4
hutt_20200713,COPERNICUS/S2_SR_HARMONIZED/20200712T222549_20200712T222545_T60GUV,2020-07-12 22:27:27,hutt_20200713_backgroundTrain_0,0,train,https://doi.org/10.1080/00288330.2022.2088569,"Gall et al. 2022, Figure 10A",v1,S2_SR_HARMONIZED_SCL_v1,174.8794759210607,-41.273658258255715,0.0376,0.0323,0.0095,0.0052,0.0047,0.0033,0.0024,0.0022,0.0026,0.0031
hutt_20200713,COPERNICUS/S2_SR_HARMONIZED/20200712T222549_20200712T222545_T60GUV,2020-07-12 22:27:27,hutt_20200713_backgroundTrain_0,0,train,https://doi.org/10.1080/00288330.2022.2088569,"Gall et al. 2022, Figure 10A",v1,S2_SR_HARMONIZED_SCL_v1,174.88043045881284,-41.27367584361623,0.037,0.0386,0.0072,0.0041,0.0044,0.0037,0.0038,0.0012,0.002,0.0029
hutt_20200713,COPERNICUS/S2_SR_HARMONIZED/20200712T222549_20200712T222545_T60GUV,2020-07-12 22:27:27,hutt_20200713_backgroundTrain_0,0,train,https://doi.org/10.1080/00288330.2022.2088569,"Gall et al. 2022, Figure 10A",v1,S2_SR_HARMONIZED_SCL_v1,174.8811463626821,-41.273689027446984,0.0369,0.0341,0.0085,0.005,0.002,0.0021,9.0E-4,0.0012,0.0017,0.0011
hutt_20200713,COPERNICUS/S2_SR_HARMONIZED/20200712T222549_20200712T222545_T60GUV,2020-07-12 22:27:27,hutt_20200713_backgroundTrain_0,0,train,https://doi.org/10.1080/00288330.2022.2088569,"Gall et al. 2022, Figure 10A",v1,S2_SR_HARMONIZED_SCL_v1,174.88162363219257,-41.27369781419622,0.0398,0.0346,0.008,0.0046,0.0039,0.0052,0.0019,0.0014,1.0E-4,0.0019
hutt_20200713,COPERNICUS/S2_SR_HARMONIZED/20200712T222549_20200712T222545_T60GUV,2020-07-12 22:27:27,hutt_20200713_backgroundTrain_0,0,train,https://doi.org/10.1080/00288330.2022.2088569,"Gall et al. 2022, Figure 10A",v1,S2_SR_HARMONIZED_SCL_v1,174.88245885434443,-41.2737131862502,0.0382,0.0339,0.0074,0.0038,0.003,0.003,0.0014,0.0014,7.0E-4,0.0012
hutt_20200713,COPERNICUS/S2_SR_HARMONIZED/20200712T222549_20200712T222545_T60GUV,2020-07-12 22:27:27,hutt_20200713_backgroundTrain_0,0,train,https://doi.org/10.1080/00288330.2022.2088569,"Gall et al. 2022, Figure 10A",v1,S2_SR_HARMONIZED_SCL_v1,174.883174759561,-41.273726357477486,0.036,0.0344,0.0063,0.0068,0.003,0.0036,0.002,0.0031,0.001,0.0011
hutt_20200713,COPERNICUS/S2_SR_HARMONIZED/20200712T222549_20200712T222545_T60GUV,2020-07-12 22:27:27,hutt_20200713_backgroundTrain_0,0,train,https://doi.org/10.1080/00288330.2022.2088569,"Gall et al. 2022, Figure 10A",v1,S2_SR_HARMONIZED_SCL_v1,174.8863963389143,-41.27378557295252,0.0376,0.0328,0.0072,0.0048,0.0035,0.0012,0.0025,0.0031,0.0023,0.0016
hutt_20200713,COPERNICUS/S2_SR_HARMONIZED/20200712T222549_20200712T222545_T60GUV,2020-07-12 22:27:27,hutt_20200713_backgroundTrain_0,0,train,https://doi.org/10.1080/00288330.2022.2088569,"Gall et al. 2022, Figure 10A",v1,S2_SR_HARMONIZED_SCL_v1,174.88699292873827,-41.27379652889607,0.039,0.0353,0.009,0.0046,0.0026,0.003,0.002,0.0013,0.0025,0.0014
hutt_20200713,COPERNICUS/S2_SR_HARMONIZED/20200712T222549_20200712T222545_T60GUV,2020-07-12 22:27:27,hutt_20200713_backgroundTrain_0,0,train,https://doi.org/10.1080/00288330.2022.2088569,"Gall et al. 2022, Figure 10A",v1,S2_SR_HARMONIZED_SCL_v1,174.88830542751055,-41.27382062109815,0.0333,0.034,0.008,0.0032,0.0031,0.0058,0.0019,0.0023,1.0E-4,0.0024
hutt_20200713,COPERNICUS/S2_SR_HARMONIZED/20200712T222549_20200712T222545_T60GUV,2020-07-12 22:27:27,hutt_20200713_backgroundTrain_0,0,train,https://doi.org/10.1080/00288330.2022.2088569,"Gall et al. 2022, Figure 10A",v1,S2_SR_HARMONIZED_SCL_v1,174.88890201838836,-41.27383156715648,0.0351,0.031,0.0077,0.0063,0.0039,0.0052,0.0014,0.0012,0.001,0.002
hutt_20200713,COPERNICUS/S2_SR_HARMONIZED/20200712T222549_20200712T222545_T60GUV,2020-07-12 22:27:27,hutt_20200713_backgroundTrain_0,0,train,https://doi.org/10.1080/00288330.2022.2088569,"Gall et al. 2022, Figure 10A",v1,S2_SR_HARMONIZED_SCL_v1,174.88949860959534,-41.27384251012567,0.037,0.0349,0.007,0.0046,0.0026,0.0042,0.0025,0.0011,0.0022,0.0021
hutt_20200713,COPERNICUS/S2_SR_HARMONIZED/20200712T222549_20200712T222545_T60GUV,2020-07-12 22:27:27,hutt_20200713_backgroundTrain_0,0,train,https://doi.org/10.1080/00288330.2022.2088569,"Gall et al. 2022, Figure 10A",v1,S2_SR_HARMONIZED_SCL_v1,174.89021451947798,-41.27385563761102,0.0395,0.0356,0.0058,0.0049,0.0059,0.0043,0.0027,0.0024,8.0E-4,0.0027
hutt_20200713,COPERNICUS/S2_SR_HARMONIZED/20200712T222549_20200712T222545_T60GUV,2020-07-12 22:27:27,hutt_20200713_backgroundTrain_0,0,train,https://doi.org/10.1080/00288330.2022.2088569,"Gall et al. 2022, Figure 10A",v1,S2_SR_HARMONIZED_SCL_v1,174.89116906672496,-41.273873134005136,0.0362,0.0368,0.0078,0.0049,0.0053,0.003,0.0019,8.0E-4,0.0021,0.0024
hutt_20200713,COPERNICUS/S2_SR_HARMONIZED/20200712T222549_20200712T222545_T60GUV,2020-07-12 22:27:27,hutt_20200713_backgroundTrain_0,0,train,https://doi.org/10.1080/00288330.2022.2088569,"Gall et al. 2022, Figure 10A",v1,S2_SR_HARMONIZED_SCL_v1,174.87028561157243,-41.273578610550565,0.0376,0.0387,0.0098,0.006,0.0034,0.0044,0.0025,0.0036,0.0017,0.0021
hutt_20200713,COPERNICUS/S2_SR_HARMONIZED/20200712T222549_20200712T222545_T60GUV,2020-07-12 22:27:27,hutt_20200713_backgroundTrain_0,0,train,https://doi.org/10.1080/00288330.2022.2088569,"Gall et al. 2022, Figure 10A",v1,S2_SR_HARMONIZED_SCL_v1,174.87314920682104,-41.27363157141638,0.0379,0.0324,0.0082,0.0056,0.0035,0.0036,0.0031,0.0012,8.0E-4,0.003
hutt_20200713,COPERNICUS/S2_SR_HARMONIZED/20200712T222549_20200712T222545_T60GUV,2020-07-12 22:27:27,hutt_20200713_backgroundTrain_0,0,train,https://doi.org/10.1080/00288330.2022.2088569,"Gall et al. 2022, Figure 10A",v1,S2_SR_HARMONIZED_SCL_v1,174.87386510682725,-41.27364480051238,0.037,0.0343,0.0094,0.0031,0.003,0.0037,1.0E-4,0.0011,0.0014,0.0011
hutt_20200713,COPERNICUS/S2_SR_HARMONIZED/20200712T222549_20200712T222545_T60GUV,2020-07-12 22:27:27,hutt_20200713_backgroundTrain_0,0,train,https://doi.org/10.1080/00288330.2022.2088569,"Gall et al. 2022, Figure 10A",v1,S2_SR_HARMONIZED_SCL_v1,174.87481964091134,-41.27366243238763,0.0373,0.0319,0.0059,0.0057,0.0043,0.0029,0.0033,0.002,0.0031,0.0019
hutt_20200713,COPERNICUS/S2_SR_HARMONIZED/20200712T222549_20200712T222545_T60GUV,2020-07-12 22:27:27,hutt_20200713_backgroundTrain_0,0,train,https://doi.org/10.1080/00288330.2022.2088569,"Gall et al. 2022, Figure 10A",v1,S2_SR_HARMONIZED_SCL_v1,174.8750582745649,-41.27366683912083,0.0381,0.0336,0.0068,0.0053,0.0044,0.003,0.0042,0.0016,0.0023,0.0025
hutt_20200713,COPERNICUS/S2_SR_HARMONIZED/20200712T222549_20200712T222545_T60GUV,2020-07-12 22:27:27,hutt_20200713_backgroundTrain_0,0,train,https://doi.org/10.1080/00288330.2022.2088569,"Gall et al. 2022, Figure 10A",v1,S2_SR_HARMONIZED_SCL_v1,174.87553554203103,-41.27367565110448,0.0404,0.0321,0.0061,0.0047,0.0027,0.0034,0.0042,0.0015,0.002,0.0019
hutt_20200713,COPERNICUS/S2_SR_HARMONIZED/20200712T222549_20200712T222545_T60GUV,2020-07-12 22:27:27,hutt_20200713_backgroundTrain_0,0,train,https://doi.org/10.1080/00288330.2022.2088569,"Gall et al. 2022, Figure 10A",v1,S2_SR_HARMONIZED_SCL_v1,174.87649007759916,-41.27369326914084,0.0443,0.0332,0.0066,0.0049,0.0026,0.0052,0.0023,0.0012,0.0017,0.0022
hutt_20200713,COPERNICUS/S2_SR_HARMONIZED/20200712T222549_20200712T222545_T60GUV,2020-07-12 22:27:27,hutt_20200713_backgroundTrain_0,0,train,https://doi.org/10.1080/00288330.2022.2088569,"Gall et al. 2022, Figure 10A",v1,S2_SR_HARMONIZED_SCL_v1,174.87768324825106,-41.27371528056571,0.0349,0.0343,0.0097,0.0053,0.0049,0.0026,0.004,9.0E-4,9.0E-4,0.0017
hutt_20200713,COPERNICUS/S2_SR_HARMONIZED/20200712T222549_20200712T222545_T60GUV,2020-07-12 22:27:27,hutt_20200713_backgroundTrain_0,0,train,https://doi.org/10.1080/00288330.2022.2088569,"Gall et al. 2022, Figure 10A",v1,S2_SR_HARMONIZED_SCL_v1,174.87827983407337,-41.27372628164456,0.0336,0.0341,0.0091,0.0063,0.003,0.0051,0.0019,0.0034,0.0012,0.0024
hutt_20200713,COPERNICUS/S2_SR_HARMONIZED/20200712T222549_20200712T222545_T60GUV,2020-07-12 22:27:27,hutt_20200713_backgroundTrain_0,0,train,https://doi.org/10.1080/00288330.2022.2088569,"Gall et al. 2022, Figure 10A",v1,S2_SR_HARMONIZED_SCL_v1,174.87887642022642,-41.27373727963434,0.038,0.0354,0.0062,0.0045,0.0025,0.0056,3.0E-4,0.0037,0.0014,7.0E-4
hutt_20200713,COPERNICUS/S2_SR_HARMONIZED/20200712T222549_20200712T222545_T60GUV,2020-07-12 22:27:27,hutt_20200713_backgroundTrain_0,0,train,https://doi.org/10.1080/00288330.2022.2088569,"Gall et al. 2022, Figure 10A",v1,S2_SR_HARMONIZED_SCL_v1,174.87923437207704,-41.27374387694546,0.0343,0.0325,0.0078,0.0065,0.0034,0.0036,0.0023,0.0034,0.0013,0.0031
hutt_20200713,COPERNICUS/S2_SR_HARMONIZED/20200712T222549_20200712T222545_T60GUV,2020-07-12 22:27:27,hutt_20200713_backgroundTrain_0,0,train,https://doi.org/10.1080/00288330.2022.2088569,"Gall et al. 2022, Figure 10A",v1,S2_SR_HARMONIZED_SCL_v1,174.87995027613525,-41.2737570682315,0.0372,0.0356,0.0065,0.0036,0.0021,0.0031,0.0022,1.0E-4,0.002,3.0E-4
hutt_20200713,COPERNICUS/S2_SR_HARMONIZED/20200712T222549_20200712T222545_T60GUV,2020-07-12 22:27:27,hutt_20200713_backgroundTrain_0,0,train,https://doi.org/10.1080/00288330.2022.2088569,"Gall et al. 2022, Figure 10A",v1,S2_SR_HARMONIZED_SCL_v1,174.88078549813807,-41.27377245244309,0.037,0.0333,0.01,0.0064,0.0016,0.0018,0.0036,0.0012,8.0E-4,0.001
hutt_20200713,COPERNICUS/S2_SR_HARMONIZED/20200712T222549_20200712T222545_T60GUV,2020-07-12 22:27:27,hutt_20200713_backgroundTrain_0,0,train,https://doi.org/10.1080/00288330.2022.2088569,"Gall et al. 2022, Figure 10A",v1,S2_SR_HARMONIZED_SCL_v1,174.88364912134796,-41.27382515234576,0.0357,0.0354,0.0072,0.0039,0.0029,0.0036,0.0023,0.0032,0.0017,0.0021
hutt_20200713,COPERNICUS/S2_SR_HARMONIZED/20200712T222549_20200712T222545_T60GUV,2020-07-12 22:27:27,hutt_20200713_backgroundTrain_0,0,train,https://doi.org/10.1080/00288330.2022.2088569,"Gall et al. 2022, Figure 10A",v1,S2_SR_HARMONIZED_SCL_v1,174.88388775695873,-41.27382954079165,0.0321,0.0316,0.0055,0.0046,0.0015,0.0052,0.0013,0.0036,0.0012,0.002
hutt_20200713,COPERNICUS/S2_SR_HARMONIZED/20200712T222549_20200712T222545_T60GUV,2020-07-12 22:27:27,hutt_20200713_backgroundTrain_0,0,train,https://doi.org/10.1080/00288330.2022.2088569,"Gall et al. 2022, Figure 10A",v1,S2_SR_HARMONIZED_SCL_v1,174.8840070747839,-41.273831734829244,0.0382,0.0321,0.0058,0.0046,0.0015,0.0052,0.0014,0.0036,0.0012,0.002
hutt_20200713,COPERNICUS/S2_SR_HARMONIZED/20200712T222549_20200712T222545_T60GUV,2020-07-12 22:27:27,hutt_20200713_backgroundTrain_0,0,train,https://doi.org/10.1080/00288330.2022.2088569,"Gall et al. 2022, Figure 10A",v1,S2_SR_HARMONIZED_SCL_v1,174.8863934340576,-41.27387558963265,0.0325,0.0333,0.0058,0.0048,0.0035,0.0012,0.0041,0.0031,0.0023,0.0016
hutt_20200713,COPERNICUS/S2_SR_HARMONIZED/20200712T222549_20200712T222545_T60GUV,2020-07-12 22:27:27,hutt_20200713_backgroundTrain_0,0,train,https://doi.org/10.1080/00288330.2022.2088569,"Gall et al. 2022, Figure 10A",v1,S2_SR_HARMONIZED_SCL_v1,174.8868707065452,-41.273884354662215,0.0381,0.0339,0.0065,0.0039,0.0045,0.0033,0.0018,1.0E-4,5.0E-4,0.0015
hutt_20200713,COPERNICUS/S2_SR_HARMONIZED/20200712T222549_20200712T222545_T60GUV,2020-07-12 22:27:27,hutt_20200713_backgroundTrain_0,0,train,https://doi.org/10.1080/00288330.2022.2088569,"Gall et al. 2022, Figure 10A",v1,S2_SR_HARMONIZED_SCL_v1,174.88925707214491,-41.273928150154276,0.0343,0.0322,0.0067,0.0052,0.0016,0.0036,4.0E-4,0.0014,0.0019,0.0036
hutt_20200713,COPERNICUS/S2_SR_HARMONIZED/20200712T222549_20200712T222545_T60GUV,2020-07-12 22:27:27,hutt_20200713_backgroundTrain_0,0,train,https://doi.org/10.1080/00288330.2022.2088569,"Gall et al. 2022, Figure 10A",v1,S2_SR_HARMONIZED_SCL_v1,174.88949570899456,-41.27393252698504,0.0363,0.0336,0.008,0.0046,0.0026,0.0042,0.0031,0.0011,0.0022,0.0021
hutt_20200713,COPERNICUS/S2_SR_HARMONIZED/20200712T222549_20200712T222545_T60GUV,2020-07-12 22:27:27,hutt_20200713_backgroundTrain_0,0,train,https://doi.org/10.1080/00288330.2022.2088569,"Gall et al. 2022, Figure 10A",v1,S2_SR_HARMONIZED_SCL_v1,174.8693281532456,-41.27365095680097,0.036,0.036,0.0066,0.0064,0.0027,0.0032,0.0041,0.002,0.0019,0.0021
hutt_20200713,COPERNICUS/S2_SR_HARMONIZED/20200712T222549_20200712T222545_T60GUV,2020-07-12 22:27:27,hutt_20200713_backgroundTrain_0,0,train,https://doi.org/10.1080/00288330.2022.2088569,"Gall et al. 2022, Figure 10A",v1,S2_SR_HARMONIZED_SCL_v1,174.86944746961905,-41.273653165920095,0.0357,0.0357,0.0081,0.0064,0.0027,0.0032,0.0048,0.002,0.0019,0.0021
hutt_20200713,COPERNICUS/S2_SR_HARMONIZED/20200712T222549_20200712T222545_T60GUV,2020-07-12 22:27:27,hutt_20200713_backgroundTrain_0,0,train,https://doi.org/10.1080/00288330.2022.2088569,"Gall et al. 2022, Figure 10A",v1,S2_SR_HARMONIZED_SCL_v1,174.87207243319494,-41.27370173527992,0.0408,0.0378,0.007,0.0062,0.0036,0.0029,0.0025,0.0011,4.0E-4,0.0019
hutt_20200713,COPERNICUS/S2_SR_HARMONIZED/20200712T222549_20200712T222545_T60GUV,2020-07-12 22:27:27,hutt_20200713_backgroundTrain_0,0,train,https://doi.org/10.1080/00288330.2022.2088569,"Gall et al. 2022, Figure 10A",v1,S2_SR_HARMONIZED_SCL_v1,174.87326560058034,-41.27372379249194,0.0325,0.0339,0.0082,0.0049,0.003,0.0042,1.0E-4,0.0012,0.0016,0.0026
hutt_20200713,COPERNICUS/S2_SR_HARMONIZED/20200712T222549_20200712T222545_T60GUV,2020-07-12 22:27:27,hutt_20200713_backgroundTrain_0,0,train,https://doi.org/10.1080/00288330.2022.2088569,"Gall et al. 2022, Figure 10A",v1,S2_SR_HARMONIZED_SCL_v1,174.87386218477042,-41.27373481646441,0.0383,0.0308,0.0075,0.0053,0.004,0.002,0.0023,0.0013,0.0019,6.0E-4
hutt_20200713,COPERNICUS/S2_SR_HARMONIZED/20200712T222549_20200712T222545_T60GUV,2020-07-12 22:27:27,hutt_20200713_backgroundTrain_0,0,train,https://doi.org/10.1080/00288330.2022.2088569,"Gall et al. 2022, Figure 10A",v1,S2_SR_HARMONIZED_SCL_v1,174.87481672016395,-41.273752448395165,0.0345,0.0339,0.0051,0.0054,0.0035,0.0018,0.0028,0.002,0.0021,0.0027
hutt_20200713,COPERNICUS/S2_SR_HARMONIZED/20200712T222549_20200712T222545_T60GUV,2020-07-12 22:27:27,hutt_20200713_backgroundTrain_0,0,train,https://doi.org/10.1080/00288330.2022.2088569,"Gall et al. 2022, Figure 10A",v1,S2_SR_HARMONIZED_SCL_v1,174.87768033143206,-41.2738052967396,0.0389,0.035,0.0075,0.0054,0.0015,0.0037,0.0027,1.0E-4,0.001,0.002
hutt_20200713,COPERNICUS/S2_SR_HARMONIZED/20200712T222549_20200712T222545_T60GUV,2020-07-12 22:27:27,hutt_20200713_backgroundTrain_0,0,train,https://doi.org/10.1080/00288330.2022.2088569,"Gall et al. 2022, Figure 10A",v1,S2_SR_HARMONIZED_SCL_v1,174.87791896604864,-41.273809697555684,0.0397,0.0353,0.008,0.0064,0.003,0.0024,0.0049,0.001,0.0021,0.0026
hutt_20200713,COPERNICUS/S2_SR_HARMONIZED/20200712T222549_20200712T222545_T60GUV,2020-07-12 22:27:27,hutt_20200713_backgroundTrain_0,0,train,https://doi.org/10.1080/00288330.2022.2088569,"Gall et al. 2022, Figure 10A",v1,S2_SR_HARMONIZED_SCL_v1,174.87947009234648,-41.27383829081282,0.0362,0.0361,0.0085,0.0031,0.0029,0.0033,0.0049,8.0E-4,0.0012,0.0019
hutt_20200713,COPERNICUS/S2_SR_HARMONIZED/20200712T222549_20200712T222545_T60GUV,2020-07-12 22:27:27,hutt_20200713_backgroundTrain_0,0,train,https://doi.org/10.1080/00288330.2022.2088569,"Gall et al. 2022, Figure 10A",v1,S2_SR_HARMONIZED_SCL_v1,174.88018599754548,-41.27385148065763,0.037,0.0382,0.0078,0.0065,0.0041,0.003,0.0018,0.0012,0.0017,0.0025
hutt_20200713,COPERNICUS/S2_SR_HARMONIZED/20200712T222549_20200712T222545_T60GUV,2020-07-12 22:27:27,hutt_20200713_backgroundTrain_0,0,train,https://doi.org/10.1080/00288330.2022.2088569,"Gall et al. 2022, Figure 10A",v1,S2_SR_HARMONIZED_SCL_v1,174.88173712710903,-41.2738800433946,0.039,0.0339,0.0077,0.0036,0.0038,0.005,0.0018,0.001,0.002,0.0021
hutt_20200713,COPERNICUS/S2_SR_HARMONIZED/20200712T222549_20200712T222545_T60GUV,2020-07-12 22:27:27,hutt_20200713_backgroundTrain_0,0,train,https://doi.org/10.1080/00288330.2022.2088569,"Gall et al. 2022, Figure 10A",v1,S2_SR_HARMONIZED_SCL_v1,174.88221439819316,-41.27388882772787,0.038,0.0354,0.0063,0.0045,0.0024,0.0031,0.0043,0.0028,7.0E-4,0.0012
hutt_20200713,COPERNICUS/S2_SR_HARMONIZED/20200712T222549_20200712T222545_T60GUV,2020-07-12 22:27:27,hutt_20200713_backgroundTrain_0,0,train,https://doi.org/10.1080/00288330.2022.2088569,"Gall et al. 2022, Figure 10A",v1,S2_SR_HARMONIZED_SCL_v1,174.8834075768279,-41.273910779911574,0.0391,0.0341,0.0093,0.005,0.0011,0.0027,0.0019,0.0038,0.0011,0.0024
hutt_20200713,COPERNICUS/S2_SR_HARMONIZED/20200712T222549_20200712T222545_T60GUV,2020-07-12 22:27:27,hutt_20200713_backgroundTrain_0,0,train,https://doi.org/10.1080/00288330.2022.2088569,"Gall et al. 2022, Figure 10A",v1,S2_SR_HARMONIZED_SCL_v1,174.8851973472546,-41.273943685018736,0.0341,0.0333,0.0078,0.0056,0.0013,0.0046,0.0027,6.0E-4,0.0019,0.0012
hutt_20200713,COPERNICUS/S2_SR_HARMONIZED/20200712T222549_20200712T222545_T60GUV,2020-07-12 22:27:27,hutt_20200713_backgroundTrain_0,0,train,https://doi.org/10.1080/00288330.2022.2088569,"Gall et al. 2022, Figure 10A",v1,S2_SR_HARMONIZED_SCL_v1,174.88650984745354,-41.27396779776084,0.0361,0.0343,0.0068,0.0032,0.0035,0.003,0.001,0.0022,4.0E-4,0.0044
hutt_20200713,COPERNICUS/S2_SR_HARMONIZED/20200712T222549_20200712T222545_T60GUV,2020-07-12 22:27:27,hutt_20200713_backgroundTrain_0,0,train,https://doi.org/10.1080/00288330.2022.2088569,"Gall et al. 2022, Figure 10A",v1,S2_SR_HARMONIZED_SCL_v1,174.88853825998845,-41.274005033499094,0.0372,0.0356,0.0063,0.0034,0.0025,0.0036,0.0031,0.0012,0.0022,0.0021
hutt_20200713,COPERNICUS/S2_SR_HARMONIZED/20200712T222549_20200712T222545_T60GUV,2020-07-12 22:27:27,hutt_20200713_backgroundTrain_0,0,train,https://doi.org/10.1080/00288330.2022.2088569,"Gall et al. 2022, Figure 10A",v1,S2_SR_HARMONIZED_SCL_v1,174.8886575784914,-41.27400722272454,0.0357,0.0332,0.007,0.0041,0.0044,0.0033,0.0027,0.0011,0.0012,0.0017
hutt_20200713,COPERNICUS/S2_SR_HARMONIZED/20200712T222549_20200712T222545_T60GUV,2020-07-12 22:27:27,hutt_20200713_backgroundTrain_0,0,train,https://doi.org/10.1080/00288330.2022.2088569,"Gall et al. 2022, Figure 10A",v1,S2_SR_HARMONIZED_SCL_v1,174.8896121269889,-41.27402473207975,0.0351,0.0336,0.0084,0.005,0.004,0.0054,0.0038,0.0029,0.0012,0.0026
hutt_20200713,COPERNICUS/S2_SR_HARMONIZED/20200712T222549_20200712T222545_T60GUV,2020-07-12 22:27:27,hutt_20200713_backgroundTrain_0,0,train,https://doi.org/10.1080/00288330.2022.2088569,"Gall et al. 2022, Figure 10A",v1,S2_SR_HARMONIZED_SCL_v1,174.87004112437765,-41.27375422539045,0.0402,0.0357,0.0049,0.0068,0.0032,0.0049,0.0035,0.0023,0.0013,0.0014
hutt_20200713,COPERNICUS/S2_SR_HARMONIZED/20200712T222549_20200712T222545_T60GUV,2020-07-12 22:27:27,hutt_20200713_backgroundTrain_0,0,train,https://doi.org/10.1080/00288330.2022.2088569,"Gall et al. 2022, Figure 10A",v1,S2_SR_HARMONIZED_SCL_v1,174.87111497440722,-41.27377409640464,0.04,0.0325,0.0068,0.0057,0.0034,0.0021,0.0022,0.0034,0.0014,0.0025
hutt_20200713,COPERNICUS/S2_SR_HARMONIZED/20200712T222549_20200712T222545_T60GUV,2020-07-12 22:27:27,hutt_20200713_backgroundTrain_0,0,train,https://doi.org/10.1080/00288330.2022.2088569,"Gall et al. 2022, Figure 10A",v1,S2_SR_HARMONIZED_SCL_v1,174.87171155822165,-41.273785131532335,0.0396,0.0351,0.0081,0.0064,0.0035,0.0033,0.0035,0.0016,7.0E-4,0.0014
hutt_20200713,COPERNICUS/S2_SR_HARMONIZED/20200712T222549_20200712T222545_T60GUV,2020-07-12 22:27:27,hutt_20200713_backgroundTrain_0,0,train,https://doi.org/10.1080/00288330.2022.2088569,"Gall et al. 2022, Figure 10A",v1,S2_SR_HARMONIZED_SCL_v1,174.87218882551213,-41.27379395741039,0.0361,0.0343,0.0077,0.0047,0.0046,0.0033,0.0015,0.0013,0.0016,0.0032
hutt_20200713,COPERNICUS/S2_SR_HARMONIZED/20200712T222549_20200712T222545_T60GUV,2020-07-12 22:27:27,hutt_20200713_backgroundTrain_0,0,train,https://doi.org/10.1080/00288330.2022.2088569,"Gall et al. 2022, Figure 10A",v1,S2_SR_HARMONIZED_SCL_v1,174.87230814236793,-41.273796163571006,0.0368,0.0321,0.0079,0.0047,0.0046,0.0033,0.0036,0.0013,0.0016,0.0032
hutt_20200713,COPERNICUS/S2_SR_HARMONIZED/20200712T222549_20200712T222545_T60GUV,2020-07-12 22:27:27,hutt_20200713_backgroundTrain_0,0,train,https://doi.org/10.1080/00288330.2022.2088569,"Gall et al. 2022, Figure 10A",v1,S2_SR_HARMONIZED_SCL_v1,174.87278540992375,-41.27380498697784,0.0361,0.0305,0.0081,0.0047,0.0032,0.0034,0.0025,0.0013,0.0017,0.0016
hutt_20200713,COPERNICUS/S2_SR_HARMONIZED/20200712T222549_20200712T222545_T60GUV,2020-07-12 22:27:27,hutt_20200713_backgroundTrain_0,0,train,https://doi.org/10.1080/00288330.2022.2088569,"Gall et al. 2022, Figure 10A",v1,S2_SR_HARMONIZED_SCL_v1,174.87397857974182,-41.2738270368456,0.0383,0.035,0.0077,0.0053,0.004,0.002,0.0032,0.0013,0.0019,6.0E-4
hutt_20200713,COPERNICUS/S2_SR_HARMONIZED/20200712T222549_20200712T222545_T60GUV,2020-07-12 22:27:27,hutt_20200713_backgroundTrain_0,0,train,https://doi.org/10.1080/00288330.2022.2088569,"Gall et al. 2022, Figure 10A",v1,S2_SR_HARMONIZED_SCL_v1,174.875887654208,-41.273862290933145,0.0397,0.0328,0.0074,0.0047,0.0035,0.0027,0.0019,1.0E-4,9.0E-4,0.003
hutt_20200713,COPERNICUS/S2_SR_HARMONIZED/20200712T222549_20200712T222545_T60GUV,2020-07-12 22:27:27,hutt_20200713_backgroundTrain_0,0,train,https://doi.org/10.1080/00288330.2022.2088569,"Gall et al. 2022, Figure 10A",v1,S2_SR_HARMONIZED_SCL_v1,174.87600697147477,-41.273864493263325,0.0424,0.0325,0.004,0.0049,0.0029,0.0025,0.0015,0.0012,8.0E-4,0.0017
hutt_20200713,COPERNICUS/S2_SR_HARMONIZED/20200712T222549_20200712T222545_T60GUV,2020-07-12 22:27:27,hutt_20200713_backgroundTrain_0,0,train,https://doi.org/10.1080/00288330.2022.2088569,"Gall et al. 2022, Figure 10A",v1,S2_SR_HARMONIZED_SCL_v1,174.87731946228317,-41.2738887107403,0.0346,0.0328,0.0093,0.0052,0.003,0.0014,0.0036,1.0E-4,0.0018,0.0022
hutt_20200713,COPERNICUS/S2_SR_HARMONIZED/20200712T222549_20200712T222545_T60GUV,2020-07-12 22:27:27,hutt_20200713_backgroundTrain_0,0,train,https://doi.org/10.1080/00288330.2022.2088569,"Gall et al. 2022, Figure 10A",v1,S2_SR_HARMONIZED_SCL_v1,174.87755809714773,-41.27389311231161,0.037,0.0333,0.008,0.0031,0.0022,0.0043,0.0013,1.0E-4,5.0E-4,0.0016
hutt_20200713,COPERNICUS/S2_SR_HARMONIZED/20200712T222549_20200712T222545_T60GUV,2020-07-12 22:27:27,hutt_20200713_backgroundTrain_0,0,train,https://doi.org/10.1080/00288330.2022.2088569,"Gall et al. 2022, Figure 10A",v1,S2_SR_HARMONIZED_SCL_v1,174.87958649563333,-41.2739305057123,0.0375,0.0323,0.0074,0.0056,0.0027,0.0046,0.0025,1.0E-4,9.0E-4,0.0014
hutt_20200713,COPERNICUS/S2_SR_HARMONIZED/20200712T222549_20200712T222545_T60GUV,2020-07-12 22:27:27,hutt_20200713_backgroundTrain_0,0,train,https://doi.org/10.1080/00288330.2022.2088569,"Gall et al. 2022, Figure 10A",v1,S2_SR_HARMONIZED_SCL_v1,174.8820921696265,-41.27397664825826,0.0409,0.0341,0.0044,0.0031,0.0034,0.0033,0.0035,0.0021,0.0018,8.0E-4
hutt_20200713,COPERNICUS/S2_SR_HARMONIZED/20200712T222549_20200712T222545_T60GUV,2020-07-12 22:27:27,hutt_20200713_backgroundTrain_0,0,train,https://doi.org/10.1080/00288330.2022.2088569,"Gall et al. 2022, Figure 10A",v1,S2_SR_HARMONIZED_SCL_v1,174.8831660316927,-41.273996406953906,0.037,0.0351,0.0075,0.0048,0.0026,0.0021,0.002,0.0013,0.0019,0.0011
hutt_20200713,COPERNICUS/S2_SR_HARMONIZED/20200712T222549_20200712T222545_T60GUV,2020-07-12 22:27:27,hutt_20200713_backgroundTrain_0,0,train,https://doi.org/10.1080/00288330.2022.2088569,"Gall et al. 2022, Figure 10A",v1,S2_SR_HARMONIZED_SCL_v1,174.88614898748523,-41.274051239704406,0.037,0.0369,0.0062,0.0063,0.004,0.0031,0.0032,0.0034,0.002,0.0019
hutt_20200713,COPERNICUS/S2_SR_HARMONIZED/20200712T222549_20200712T222545_T60GUV,2020-07-12 22:27:27,hutt_20200713_backgroundTrain_0,0,train,https://doi.org/10.1080/00288330.2022.2088569,"Gall et al. 2022, Figure 10A",v1,S2_SR_HARMONIZED_SCL_v1,174.88626830588836,-41.27405343140808,0.0355,0.0336,0.0068,0.0045,0.0035,0.003,0.0022,0.0043,0.0021,0.0035
hutt_20200713,COPERNICUS/S2_SR_HARMONIZED/20200712T222549_20200712T222545_T60GUV,2020-07-12 22:27:27,hutt_20200713_backgroundTrain_0,0,train,https://doi.org/10.1080/00288330.2022.2088569,"Gall et al. 2022, Figure 10A",v1,S2_SR_HARMONIZED_SCL_v1,174.88698421658404,-41.27406657903519,0.0361,0.0325,0.0081,0.0043,0.0047,0.0033,0.0033,0.0014,0.0021,0.0029
hutt_20200713,COPERNICUS/S2_SR_HARMONIZED/20200712T222549_20200712T222545_T60GUV,2020-07-12 22:27:27,hutt_20200713_backgroundTrain_0,0,train,https://doi.org/10.1080/00288330.2022.2088569,"Gall et al. 2022, Figure 10A",v1,S2_SR_HARMONIZED_SCL_v1,174.887222853588,-41.27407096058904,0.0393,0.0311,0.0052,0.0075,0.0036,0.0044,0.0017,0.001,0.0023,0.0016
hutt_20200713,COPERNICUS/S2_SR_HARMONIZED/20200712T222549_20200712T222545_T60GUV,2020-07-12 22:27:27,hutt_20200713_backgroundTrain_0,0,train,https://doi.org/10.1080/00288330.2022.2088569,"Gall et al. 2022, Figure 10A",v1,S2_SR_HARMONIZED_SCL_v1,174.88734217210978,-41.274073151180616,0.0398,0.0322,0.0078,0.0075,0.0036,0.0044,0.0018,0.001,0.0023,0.0016
hutt_20200713,COPERNICUS/S2_SR_HARMONIZED/20200712T222549_20200712T222545_T60GUV,2020-07-12 22:27:27,hutt_20200713_backgroundTrain_0,0,train,https://doi.org/10.1080/00288330.2022.2088569,"Gall et al. 2022, Figure 10A",v1,S2_SR_HARMONIZED_SCL_v1,174.88829672075806,-41.274090671464805,0.0398,0.0321,0.0063,0.002,0.0026,0.004,0.0022,0.0019,0.0013,0.0016
hutt_20200713,COPERNICUS/S2_SR_HARMONIZED/20200712T222549_20200712T222545_T60GUV,2020-07-12 22:27:27,hutt_20200713_backgroundTrain_0,0,train,https://doi.org/10.1080/00288330.2022.2088569,"Gall et al. 2022, Figure 10A",v1,S2_SR_HARMONIZED_SCL_v1,174.88853535805183,-41.27409505030018,0.0369,0.0322,0.0068,0.0034,0.0025,0.0036,6.0E-4,0.0012,0.0022,0.0021
hutt_20200713,COPERNICUS/S2_SR_HARMONIZED/20200712T222549_20200712T222545_T60GUV,2020-07-12 22:27:27,hutt_20200713_backgroundTrain_0,0,train,https://doi.org/10.1080/00288330.2022.2088569,"Gall et al. 2022, Figure 10A",v1,S2_SR_HARMONIZED_SCL_v1,174.88889331409126,-41.27410161762651,0.037,0.0332,0.0067,0.0064,0.0017,0.0037,0.0017,0.0011,0.0027,0.0015
hutt_20200713,COPERNICUS/S2_SR_HARMONIZED/20200712T222549_20200712T222545_T60GUV,2020-07-12 22:27:27,hutt_20200713_backgroundTrain_0,0,train,https://doi.org/10.1080/00288330.2022.2088569,"Gall et al. 2022, Figure 10A",v1,S2_SR_HARMONIZED_SCL_v1,174.88901263279737,-41.27410380648816,0.0323,0.0358,0.0081,0.0064,0.0017,0.0037,0.004,0.0011,0.0027,0.0015
hutt_20200713,COPERNICUS/S2_SR_HARMONIZED/20200712T222549_20200712T222545_T60GUV,2020-07-12 22:27:27,hutt_20200713_backgroundTrain_0,0,train,https://doi.org/10.1080/00288330.2022.2088569,"Gall et al. 2022, Figure 10A",v1,S2_SR_HARMONIZED_SCL_v1,174.88972854531065,-41.27411693706309,0.0349,0.0339,0.0057,0.005,0.004,0.0054,0.002,0.0029,0.0012,0.0026
hutt_20200713,COPERNICUS/S2_SR_HARMONIZED/20200712T222549_20200712T222545_T60GUV,2020-07-12 22:27:27,hutt_20200713_backgroundTrain_0,0,train,https://doi.org/10.1080/00288330.2022.2088569,"Gall et al. 2022, Figure 10A",v1,S2_SR_HARMONIZED_SCL_v1,174.89068309606523,-41.27413443757659,0.0346,0.0358,0.0081,0.0065,0.0026,0.003,0.002,0.0012,5.0E-4,0.0021
hutt_20200713,COPERNICUS/S2_SR_HARMONIZED/20200712T222549_20200712T222545_T60GUV,2020-07-12 22:27:27,hutt_20200713_backgroundTrain_0,0,train,https://doi.org/10.1080/00288330.2022.2088569,"Gall et al. 2022, Figure 10A",v1,S2_SR_HARMONIZED_SCL_v1,174.89080241496876,-41.27413662458473,0.0312,0.0343,0.0078,0.0045,0.0026,0.0042,0.0013,0.0015,0.0019,0.0021
hutt_20200713,COPERNICUS/S2_SR_HARMONIZED/20200712T222549_20200712T222545_T60GUV,2020-07-12 22:27:27,hutt_20200713_backgroundTrain_0,0,train,https://doi.org/10.1080/00288330.2022.2088569,"Gall et al. 2022, Figure 10A",v1,S2_SR_HARMONIZED_SCL_v1,174.86991888028925,-41.273842032601806,0.042,0.0343,0.0095,0.0064,0.003,0.0039,0.004,0.0027,0.0014,0.0019
hutt_20200713,COPERNICUS/S2_SR_HARMONIZED/20200712T222549_20200712T222545_T60GUV,2020-07-12 22:27:27,hutt_20200713_backgroundTrain_0,0,train,https://doi.org/10.1080/00288330.2022.2088569,"Gall et al. 2022, Figure 10A",v1,S2_SR_HARMONIZED_SCL_v1,174.87135068237248,-41.273868526629435,0.0415,0.0361,0.0077,0.0067,0.0045,0.0046,0.0019,0.0012,0.0022,0.0022
hutt_20200713,COPERNICUS/S2_SR_HARMONIZED/20200712T222549_20200712T222545_T60GUV,2020-07-12 22:27:27,hutt_20200713_backgroundTrain_0,0,train,https://doi.org/10.1080/00288330.2022.2088569,"Gall et al. 2022, Figure 10A",v1,S2_SR_HARMONIZED_SCL_v1,174.8718279501584,-41.27387735401801,0.0361,0.0376,0.0067,0.0061,0.0027,0.0038,0.0036,0.0014,0.0016,0.0014
hutt_20200713,COPERNICUS/S2_SR_HARMONIZED/20200712T222549_20200712T222545_T60GUV,2020-07-12 22:27:27,hutt_20200713_backgroundTrain_0,0,train,https://doi.org/10.1080/00288330.2022.2088569,"Gall et al. 2022, Figure 10A",v1,S2_SR_HARMONIZED_SCL_v1,174.8770779098077,-41.273974324810816,0.0374,0.0374,0.007,0.0054,0.004,0.0039,0.0019,0.0022,0.0018,0.0022
hutt_20200713,COPERNICUS/S2_SR_HARMONIZED/20200712T222549_20200712T222545_T60GUV,2020-07-12 22:27:27,hutt_20200713_backgroundTrain_0,0,train,https://doi.org/10.1080/00288330.2022.2088569,"Gall et al. 2022, Figure 10A",v1,S2_SR_HARMONIZED_SCL_v1,174.87731654494667,-41.27397872689024,0.0332,0.035,0.0085,0.0065,0.0035,0.003,0.0037,0.0033,0.0013,0.002
hutt_20200713,COPERNICUS/S2_SR_HARMONIZED/20200712T222549_20200712T222545_T60GUV,2020-07-12 22:27:27,hutt_20200713_backgroundTrain_0,0,train,https://doi.org/10.1080/00288330.2022.2088569,"Gall et al. 2022, Figure 10A",v1,S2_SR_HARMONIZED_SCL_v1,174.8775551801386,-41.27398312847541,0.0342,0.0337,0.008,0.0045,0.0021,0.0027,0.0023,0.0022,7.0E-4,8.0E-4
hutt_20200713,COPERNICUS/S2_SR_HARMONIZED/20200712T222549_20200712T222545_T60GUV,2020-07-12 22:27:27,hutt_20200713_backgroundTrain_0,0,train,https://doi.org/10.1080/00288330.2022.2088569,"Gall et al. 2022, Figure 10A",v1,S2_SR_HARMONIZED_SCL_v1,174.87815176835,-41.27399413027597,0.0368,0.0346,0.0056,0.0047,0.003,0.0029,6.0E-4,0.0012,0.0017,0.0026
hutt_20200713,COPERNICUS/S2_SR_HARMONIZED/20200712T222549_20200712T222545_T60GUV,2020-07-12 22:27:27,hutt_20200713_backgroundTrain_0,0,train,https://doi.org/10.1080/00288330.2022.2088569,"Gall et al. 2022, Figure 10A",v1,S2_SR_HARMONIZED_SCL_v1,174.8794642635794,-41.2740183233636,0.0346,0.0364,0.0089,0.0046,0.0022,0.0054,0.0018,0.0014,0.0023,0.0027
hutt_20200713,COPERNICUS/S2_SR_HARMONIZED/20200712T222549_20200712T222545_T60GUV,2020-07-12 22:27:27,hutt_20200713_backgroundTrain_0,0,train,https://doi.org/10.1080/00288330.2022.2088569,"Gall et al. 2022, Figure 10A",v1,S2_SR_HARMONIZED_SCL_v1,174.88029948864946,-41.27403371118028,0.038,0.0337,0.0058,0.003,0.0024,0.0036,0.0022,0.0011,0.0011,0.001
hutt_20200713,COPERNICUS/S2_SR_HARMONIZED/20200712T222549_20200712T222545_T60GUV,2020-07-12 22:27:27,hutt_20200713_backgroundTrain_0,0,train,https://doi.org/10.1080/00288330.2022.2088569,"Gall et al. 2022, Figure 10A",v1,S2_SR_HARMONIZED_SCL_v1,174.88125403237976,-41.27405128984263,0.037,0.03,0.007,0.0048,0.0029,0.0037,0.0025,0.001,0.0019,0.0025
hutt_20200713,COPERNICUS/S2_SR_HARMONIZED/20200712T222549_20200712T222545_T60GUV,2020-07-12 22:27:27,hutt_20200713_backgroundTrain_0,0,train,https://doi.org/10.1080/00288330.2022.2088569,"Gall et al. 2022, Figure 10A",v1,S2_SR_HARMONIZED_SCL_v1,174.88232789508712,-41.27407105638507,0.0409,0.0333,0.0091,0.0048,0.0024,0.0035,0.0019,0.0024,1.0E-4,0.0017
hutt_20200713,COPERNICUS/S2_SR_HARMONIZED/20200712T222549_20200712T222545_T60GUV,2020-07-12 22:27:27,hutt_20200713_backgroundTrain_0,0,train,https://doi.org/10.1080/00288330.2022.2088569,"Gall et al. 2022, Figure 10A",v1,S2_SR_HARMONIZED_SCL_v1,174.88256653138959,-41.27407544759084,0.037,0.0374,0.0063,0.0052,0.0034,0.0048,0.0046,0.0011,5.0E-4,0.0021
hutt_20200713,COPERNICUS/S2_SR_HARMONIZED/20200712T222549_20200712T222545_T60GUV,2020-07-12 22:27:27,hutt_20200713_backgroundTrain_0,0,train,https://doi.org/10.1080/00288330.2022.2088569,"Gall et al. 2022, Figure 10A",v1,S2_SR_HARMONIZED_SCL_v1,174.8832824406139,-41.274088618242594,0.0363,0.0351,0.0075,0.0061,0.0025,0.0019,0.0022,0.0012,0.0011,0.0014
hutt_20200713,COPERNICUS/S2_SR_HARMONIZED/20200712T222549_20200712T222545_T60GUV,2020-07-12 22:27:27,hutt_20200713_backgroundTrain_0,0,train,https://doi.org/10.1080/00288330.2022.2088569,"Gall et al. 2022, Figure 10A",v1,S2_SR_HARMONIZED_SCL_v1,174.88352107712763,-41.27409300747132,0.0364,0.0339,0.0058,0.0054,0.0012,0.0023,0.0018,0.0021,0.0016,0.002
hutt_20200713,COPERNICUS/S2_SR_HARMONIZED/20200712T222549_20200712T222545_T60GUV,2020-07-12 22:27:27,hutt_20200713_backgroundTrain_0,0,train,https://doi.org/10.1080/00288330.2022.2088569,"Gall et al. 2022, Figure 10A",v1,S2_SR_HARMONIZED_SCL_v1,174.88507221575338,-41.274121525410415,0.0398,0.0293,0.0059,0.0063,0.0035,0.0051,0.0032,0.0016,0.0027,0.002
hutt_20200713,COPERNICUS/S2_SR_HARMONIZED/20200712T222549_20200712T222545_T60GUV,2020-07-12 22:27:27,hutt_20200713_backgroundTrain_0,0,train,https://doi.org/10.1080/00288330.2022.2088569,"Gall et al. 2022, Figure 10A",v1,S2_SR_HARMONIZED_SCL_v1,174.8856688081261,-41.27413248828807,0.0346,0.0349,0.0066,0.0046,0.0029,0.0035,0.0037,6.0E-4,0.001,0.0014
hutt_20200713,COPERNICUS/S2_SR_HARMONIZED/20200712T222549_20200712T222545_T60GUV,2020-07-12 22:27:27,hutt_20200713_backgroundTrain_0,0,train,https://doi.org/10.1080/00288330.2022.2088569,"Gall et al. 2022, Figure 10A",v1,S2_SR_HARMONIZED_SCL_v1,174.8859074451675,-41.27413687257417,0.0357,0.0323,0.0063,0.0066,0.0013,0.0049,0.0022,1.0E-4,0.002,0.003
hutt_20200713,COPERNICUS/S2_SR_HARMONIZED/20200712T222549_20200712T222545_T60GUV,2020-07-12 22:27:27,hutt_20200713_backgroundTrain_0,0,train,https://doi.org/10.1080/00288330.2022.2088569,"Gall et al. 2022, Figure 10A",v1,S2_SR_HARMONIZED_SCL_v1,174.88662335660806,-41.27415002246686,0.0363,0.0333,0.0088,0.0032,0.0022,0.0035,0.0028,0.001,0.0016,0.0029
hutt_20200713,COPERNICUS/S2_SR_HARMONIZED/20200712T222549_20200712T222545_T60GUV,2020-07-12 22:27:27,hutt_20200713_backgroundTrain_0,0,train,https://doi.org/10.1080/00288330.2022.2088569,"Gall et al. 2022, Figure 10A",v1,S2_SR_HARMONIZED_SCL_v1,174.88769722465847,-41.27416973896519,0.033,0.0325,0.0074,0.0042,0.0039,0.0052,0.0032,1.0E-4,4.0E-4,0.0029
hutt_20200713,COPERNICUS/S2_SR_HARMONIZED/20200712T222549_20200712T222545_T60GUV,2020-07-12 22:27:27,hutt_20200713_backgroundTrain_0,0,train,https://doi.org/10.1080/00288330.2022.2088569,"Gall et al. 2022, Figure 10A",v1,S2_SR_HARMONIZED_SCL_v1,174.8882938184809,-41.274180688250524,0.0363,0.0318,0.0078,0.0046,0.0026,0.0045,0.0043,0.0022,0.0023,3.0E-4
hutt_20200713,COPERNICUS/S2_SR_HARMONIZED/20200712T222549_20200712T222545_T60GUV,2020-07-12 22:27:27,hutt_20200713_backgroundTrain_0,0,train,https://doi.org/10.1080/00288330.2022.2088569,"Gall et al. 2022, Figure 10A",v1,S2_SR_HARMONIZED_SCL_v1,174.88889041263255,-41.27419163444669,0.0382,0.0319,0.0084,0.0048,0.0011,0.0021,0.0019,0.001,1.0E-4,7.0E-4
hutt_20200713,COPERNICUS/S2_SR_HARMONIZED/20200712T222549_20200712T222545_T60GUV,2020-07-12 22:27:27,hutt_20200713_backgroundTrain_0,0,train,https://doi.org/10.1080/00288330.2022.2088569,"Gall et al. 2022, Figure 10A",v1,S2_SR_HARMONIZED_SCL_v1,174.88984496395975,-41.27420914193506,0.0364,0.034,0.0062,0.0032,0.0027,0.0031,0.0036,0.0014,1.0E-4,0.003
hutt_20200713,COPERNICUS/S2_SR_HARMONIZED/20200712T222549_20200712T222545_T60GUV,2020-07-12 22:27:27,hutt_20200713_backgroundTrain_0,0,train,https://doi.org/10.1080/00288330.2022.2088569,"Gall et al. 2022, Figure 10A",v1,S2_SR_HARMONIZED_SCL_v1,174.88996428293487,-41.27421132981505,0.0325,0.0358,0.0066,0.0032,0.0027,0.0031,0.0036,0.0014,1.0E-4,0.003
hutt_20200713,COPERNICUS/S2_SR_HARMONIZED/20200712T222549_20200712T222545_T60GUV,2020-07-12 22:27:27,hutt_20200713_backgroundTrain_0,0,train,https://doi.org/10.1080/00288330.2022.2088569,"Gall et al. 2022, Figure 10A",v1,S2_SR_HARMONIZED_SCL_v1,174.89056087800782,-41.2742222673615,0.0349,0.0351,0.0055,0.0053,0.0027,0.0025,0.0013,0.0013,1.0E-4,0.0026
hutt_20200713,COPERNICUS/S2_SR_HARMONIZED/20200712T222549_20200712T222545_T60GUV,2020-07-12 22:27:27,hutt_20200713_backgroundTrain_0,0,train,https://doi.org/10.1080/00288330.2022.2088569,"Gall et al. 2022, Figure 10A",v1,S2_SR_HARMONIZED_SCL_v1,174.89103815430303,-41.27423101517445,0.034,0.0353,0.0078,0.0049,0.0025,0.0044,0.0035,0.0014,8.0E-4,0.0045
hutt_20200713,COPERNICUS/S2_SR_HARMONIZED/20200712T222549_20200712T222545_T60GUV,2020-07-12 22:27:27,hutt_20200713_backgroundTrain_0,0,train,https://doi.org/10.1080/00288330.2022.2088569,"Gall et al. 2022, Figure 10A",v1,S2_SR_HARMONIZED_SCL_v1,174.87027390362366,-41.2739386735157,0.0387,0.0357,0.0112,0.0051,0.0032,0.005,0.0033,0.0018,0.0021,0.001
hutt_20200713,COPERNICUS/S2_SR_HARMONIZED/20200712T222549_20200712T222545_T60GUV,2020-07-12 22:27:27,hutt_20200713_backgroundTrain_0,0,train,https://doi.org/10.1080/00288330.2022.2088569,"Gall et al. 2022, Figure 10A",v1,S2_SR_HARMONIZED_SCL_v1,174.8713477568385,-41.27395854243089,0.0383,0.034,0.0081,0.0067,0.0045,0.0046,0.0038,0.0012,0.0022,0.0022
hutt_20200713,COPERNICUS/S2_SR_HARMONIZED/20200712T222549_20200712T222545_T60GUV,2020-07-12 22:27:27,hutt_20200713_backgroundTrain_0,0,train,https://doi.org/10.1080/00288330.2022.2088569,"Gall et al. 2022, Figure 10A",v1,S2_SR_HARMONIZED_SCL_v1,174.87146707392878,-41.27396074947033,0.0399,0.036,0.0081,0.0065,0.0045,0.0042,0.0031,0.0031,9.0E-4,0.0024
hutt_20200713,COPERNICUS/S2_SR_HARMONIZED/20200712T222549_20200712T222545_T60GUV,2020-07-12 22:27:27,hutt_20200713_backgroundTrain_0,0,train,https://doi.org/10.1080/00288330.2022.2088569,"Gall et al. 2022, Figure 10A",v1,S2_SR_HARMONIZED_SCL_v1,174.87230229393217,-41.273976195286636,0.0396,0.036,0.0072,0.0039,0.0036,0.0033,0.0035,0.0028,0.0018,0.0022
hutt_20200713,COPERNICUS/S2_SR_HARMONIZED/20200712T222549_20200712T222545_T60GUV,2020-07-12 22:27:27,hutt_20200713_backgroundTrain_0,0,train,https://doi.org/10.1080/00288330.2022.2088569,"Gall et al. 2022, Figure 10A",v1,S2_SR_HARMONIZED_SCL_v1,174.87349546649338,-41.27399825023572,0.0307,0.0355,0.0085,0.0058,0.0045,0.0034,0.001,0.0012,8.0E-4,0.0035
hutt_20200713,COPERNICUS/S2_SR_HARMONIZED/20200712T222549_20200712T222545_T60GUV,2020-07-12 22:27:27,hutt_20200713_backgroundTrain_0,0,train,https://doi.org/10.1080/00288330.2022.2088569,"Gall et al. 2022, Figure 10A",v1,S2_SR_HARMONIZED_SCL_v1,174.87373410116476,-41.2740026597428,0.0395,0.0356,0.0066,0.0057,0.0044,0.0031,0.0037,0.0014,0.0021,0.0022
hutt_20200713,COPERNICUS/S2_SR_HARMONIZED/20200712T222549_20200712T222545_T60GUV,2020-07-12 22:27:27,hutt_20200713_backgroundTrain_0,0,train,https://doi.org/10.1080/00288330.2022.2088569,"Gall et al. 2022, Figure 10A",v1,S2_SR_HARMONIZED_SCL_v1,174.87385341852035,-41.27400486431098,0.0337,0.0346,0.0081,0.0063,0.0048,0.0013,0.0023,0.0024,0.0021,0.001
hutt_20200713,COPERNICUS/S2_SR_HARMONIZED/20200712T222549_20200712T222545_T60GUV,2020-07-12 22:27:27,hutt_20200713_backgroundTrain_0,0,train,https://doi.org/10.1080/00288330.2022.2088569,"Gall et al. 2022, Figure 10A",v1,S2_SR_HARMONIZED_SCL_v1,174.87492727531716,-41.27402469986438,0.0361,0.0343,0.0062,0.0032,0.0041,1.0E-4,0.0017,0.0021,9.0E-4,0.0022
hutt_20200713,COPERNICUS/S2_SR_HARMONIZED/20200712T222549_20200712T222545_T60GUV,2020-07-12 22:27:27,hutt_20200713_backgroundTrain_0,0,train,https://doi.org/10.1080/00288330.2022.2088569,"Gall et al. 2022, Figure 10A",v1,S2_SR_HARMONIZED_SCL_v1,174.8755238628904,-41.274035715291554,0.035,0.0351,0.0078,0.0045,0.0025,0.0023,0.0013,0.0022,0.0018,0.0021
hutt_20200713,COPERNICUS/S2_SR_HARMONIZED/20200712T222549_20200712T222545_T60GUV,2020-07-12 22:27:27,hutt_20200713_backgroundTrain_0,0,train,https://doi.org/10.1080/00288330.2022.2088569,"Gall et al. 2022, Figure 10A",v1,S2_SR_HARMONIZED_SCL_v1,174.8764784036964,-41.27405333354976,0.0368,0.0353,0.0089,0.0061,0.0029,0.0026,8.0E-4,0.0012,0.0016,0.0019
hutt_20200713,COPERNICUS/S2_SR_HARMONIZED/20200712T222549_20200712T222545_T60GUV,2020-07-12 22:27:27,hutt_20200713_backgroundTrain_0,0,train,https://doi.org/10.1080/00288330.2022.2088569,"Gall et al. 2022, Figure 10A",v1,S2_SR_HARMONIZED_SCL_v1,174.87707499213056,-41.27406434094532,0.0361,0.0344,0.0068,0.0054,0.004,0.0039,0.0018,0.0022,0.0018,0.0022
hutt_20200713,COPERNICUS/S2_SR_HARMONIZED/20200712T222549_20200712T222545_T60GUV,2020-07-12 22:27:27,hutt_20200713_backgroundTrain_0,0,train,https://doi.org/10.1080/00288330.2022.2088569,"Gall et al. 2022, Figure 10A",v1,S2_SR_HARMONIZED_SCL_v1,174.8776715808957,-41.274075345251795,0.0356,0.033,0.008,0.0063,0.0021,0.0035,0.0035,0.0017,0.0014,0.0019
hutt_20200713,COPERNICUS/S2_SR_HARMONIZED/20200712T222549_20200712T222545_T60GUV,2020-07-12 22:27:27,hutt_20200713_backgroundTrain_0,0,train,https://doi.org/10.1080/00288330.2022.2088569,"Gall et al. 2022, Figure 10A",v1,S2_SR_HARMONIZED_SCL_v1,174.87862612360811,-41.27409294571683,0.0368,0.0339,0.008,0.0043,0.0039,0.005,0.0035,0.0012,0.0013,0.0015
hutt_20200713,COPERNICUS/S2_SR_HARMONIZED/20200712T222549_20200712T222545_T60GUV,2020-07-12 22:27:27,hutt_20200713_backgroundTrain_0,0,train,https://doi.org/10.1080/00288330.2022.2088569,"Gall et al. 2022, Figure 10A",v1,S2_SR_HARMONIZED_SCL_v1,174.88017725732138,-41.274121529605985,0.0381,0.0362,0.0075,0.0047,0.0036,0.0052,0.0049,9.0E-4,0.0014,0.0011
hutt_20200713,COPERNICUS/S2_SR_HARMONIZED/20200712T222549_20200712T222545_T60GUV,2020-07-12 22:27:27,hutt_20200713_backgroundTrain_0,0,train,https://doi.org/10.1080/00288330.2022.2088569,"Gall et al. 2022, Figure 10A",v1,S2_SR_HARMONIZED_SCL_v1,174.88208634803522,-41.27415668111023,0.0362,0.0341,0.0072,0.0049,0.0027,0.0032,0.0033,0.0025,0.0017,0.0016
hutt_20200713,COPERNICUS/S2_SR_HARMONIZED/20200712T222549_20200712T222545_T60GUV,2020-07-12 22:27:27,hutt_20200713_backgroundTrain_0,0,train,https://doi.org/10.1080/00288330.2022.2088569,"Gall et al. 2022, Figure 10A",v1,S2_SR_HARMONIZED_SCL_v1,174.8829215762859,-41.27417204994634,0.0375,0.0323,0.0049,0.0037,0.0011,0.0052,0.0022,0.0012,0.0013,0.0015
hutt_20200713,COPERNICUS/S2_SR_HARMONIZED/20200712T222549_20200712T222545_T60GUV,2020-07-12 22:27:27,hutt_20200713_backgroundTrain_0,0,train,https://doi.org/10.1080/00288330.2022.2088569,"Gall et al. 2022, Figure 10A",v1,S2_SR_HARMONIZED_SCL_v1,174.88363748672998,-41.27418521841537,0.0398,0.035,0.0068,0.0046,0.0044,0.0041,0.0037,1.0E-4,9.0E-4,0.0015
hutt_20200713,COPERNICUS/S2_SR_HARMONIZED/20200712T222549_20200712T222545_T60GUV,2020-07-12 22:27:27,hutt_20200713_backgroundTrain_0,0,train,https://doi.org/10.1080/00288330.2022.2088569,"Gall et al. 2022, Figure 10A",v1,S2_SR_HARMONIZED_SCL_v1,174.88494999044468,-41.274209349055184,0.035,0.0339,0.0063,0.0028,0.0048,0.0035,0.002,0.0024,0.0027,0.0012
hutt_20200713,COPERNICUS/S2_SR_HARMONIZED/20200712T222549_20200712T222545_T60GUV,2020-07-12 22:27:27,hutt_20200713_backgroundTrain_0,0,train,https://doi.org/10.1080/00288330.2022.2088569,"Gall et al. 2022, Figure 10A",v1,S2_SR_HARMONIZED_SCL_v1,174.88614317702485,-41.27423127302601,0.034,0.0333,0.0061,0.0059,0.001,0.0036,0.0017,0.0034,0.0019,0.0022
hutt_20200713,COPERNICUS/S2_SR_HARMONIZED/20200712T222549_20200712T222545_T60GUV,2020-07-12 22:27:27,hutt_20200713_backgroundTrain_0,0,train,https://doi.org/10.1080/00288330.2022.2088569,"Gall et al. 2022, Figure 10A",v1,S2_SR_HARMONIZED_SCL_v1,174.8867397708093,-41.27424223037767,0.0363,0.0318,0.0086,0.005,0.0025,0.0033,0.002,0.0012,0.0017,0.0012
hutt_20200713,COPERNICUS/S2_SR_HARMONIZED/20200712T222549_20200712T222545_T60GUV,2020-07-12 22:27:27,hutt_20200713_backgroundTrain_0,0,train,https://doi.org/10.1080/00288330.2022.2088569,"Gall et al. 2022, Figure 10A",v1,S2_SR_HARMONIZED_SCL_v1,174.88697840841533,-41.27424661245337,0.0349,0.0353,0.0088,0.0049,0.0026,0.0032,0.0024,0.0014,0.002,0.0027
hutt_20200713,COPERNICUS/S2_SR_HARMONIZED/20200712T222549_20200712T222545_T60GUV,2020-07-12 22:27:27,hutt_20200713_backgroundTrain_0,0,train,https://doi.org/10.1080/00288330.2022.2088569,"Gall et al. 2022, Figure 10A",v1,S2_SR_HARMONIZED_SCL_v1,174.8885295541391,-41.27427508389762,0.0378,0.0349,0.0063,0.0034,0.0029,0.0049,6.0E-4,0.0013,0.0025,0.0022
hutt_20200713,COPERNICUS/S2_SR_HARMONIZED/20200712T222549_20200712T222545_T60GUV,2020-07-12 22:27:27,hutt_20200713_backgroundTrain_0,0,train,https://doi.org/10.1080/00288330.2022.2088569,"Gall et al. 2022, Figure 10A",v1,S2_SR_HARMONIZED_SCL_v1,174.88912614924087,-41.27428602889257,0.0346,0.0343,0.0078,0.0048,0.0024,0.0036,0.0015,0.0025,0.001,0.0022
hutt_20200713,COPERNICUS/S2_SR_HARMONIZED/20200712T222549_20200712T222545_T60GUV,2020-07-12 22:27:27,hutt_20200713_backgroundTrain_0,0,train,https://doi.org/10.1080/00288330.2022.2088569,"Gall et al. 2022, Figure 10A",v1,S2_SR_HARMONIZED_SCL_v1,174.89067729804543,-41.27431447142201,0.0333,0.0327,0.0072,0.0053,0.0027,0.0025,0.0027,0.0013,1.0E-4,0.0026
hutt_20200713,COPERNICUS/S2_SR_HARMONIZED/20200712T222549_20200712T222545_T60GUV,2020-07-12 22:27:27,hutt_20200713_backgroundTrain_0,0,train,https://doi.org/10.1080/00288330.2022.2088569,"Gall et al. 2022, Figure 10A",v1,S2_SR_HARMONIZED_SCL_v1,174.89091593652043,-41.27431884534225,0.034,0.0337,0.0062,0.0045,0.0026,0.005,1.0E-4,0.001,0.002,0.0027
hutt_20200713,COPERNICUS/S2_SR_HARMONIZED/20200712T222549_20200712T222545_T60GUV,2020-07-12 22:27:27,hutt_20200713_backgroundTrain_0,0,train,https://doi.org/10.1080/00288330.2022.2088569,"Gall et al. 2022, Figure 10A",v1,S2_SR_HARMONIZED_SCL_v1,174.87003234237423,-41.274024272565455,0.0379,0.0376,0.0082,0.0056,0.0032,0.0038,0.0013,0.0027,0.0014,0.001
hutt_20200713,COPERNICUS/S2_SR_HARMONIZED/20200712T222549_20200712T222545_T60GUV,2020-07-12 22:27:27,hutt_20200713_backgroundTrain_0,0,train,https://doi.org/10.1080/00288330.2022.2088569,"Gall et al. 2022, Figure 10A",v1,S2_SR_HARMONIZED_SCL_v1,174.87158346581242,-41.27405297219997,0.0396,0.036,0.0074,0.0065,0.0043,0.0049,0.0045,0.003,0.0018,0.001
hutt_20200713,COPERNICUS/S2_SR_HARMONIZED/20200712T222549_20200712T222545_T60GUV,2020-07-12 22:27:27,hutt_20200713_backgroundTrain_0,0,train,https://doi.org/10.1080/00288330.2022.2088569,"Gall et al. 2022, Figure 10A",v1,S2_SR_HARMONIZED_SCL_v1,174.87289595662762,-41.27407724019587,0.0388,0.0345,0.0087,0.0045,0.0041,0.0046,0.0031,0.0013,0.0019,0.0021
hutt_20200713,COPERNICUS/S2_SR_HARMONIZED/20200712T222549_20200712T222545_T60GUV,2020-07-12 22:27:27,hutt_20200713_backgroundTrain_0,0,train,https://doi.org/10.1080/00288330.2022.2088569,"Gall et al. 2022, Figure 10A",v1,S2_SR_HARMONIZED_SCL_v1,174.87337322641295,-41.274086061214774,0.0369,0.0325,0.0067,0.0058,0.0058,0.0029,0.0012,0.0012,7.0E-4,0.0031
hutt_20200713,COPERNICUS/S2_SR_HARMONIZED/20200712T222549_20200712T222545_T60GUV,2020-07-12 22:27:27,hutt_20200713_backgroundTrain_0,0,train,https://doi.org/10.1080/00288330.2022.2088569,"Gall et al. 2022, Figure 10A",v1,S2_SR_HARMONIZED_SCL_v1,174.87492435468047,-41.274114715872514,0.038,0.0327,0.0051,0.0046,0.0039,0.0026,0.0031,0.0011,1.0E-4,0.0034
hutt_20200713,COPERNICUS/S2_SR_HARMONIZED/20200712T222549_20200712T222545_T60GUV,2020-07-12 22:27:27,hutt_20200713_backgroundTrain_0,0,train,https://doi.org/10.1080/00288330.2022.2088569,"Gall et al. 2022, Figure 10A",v1,S2_SR_HARMONIZED_SCL_v1,174.8759982140239,-41.27413454147972,0.0375,0.0336,0.0078,0.0068,0.0032,0.0051,0.0036,0.0013,9.0E-4,0.0017
hutt_20200713,COPERNICUS/S2_SR_HARMONIZED/20200712T222549_20200712T222545_T60GUV,2020-07-12 22:27:27,hutt_20200713_backgroundTrain_0,0,train,https://doi.org/10.1080/00288330.2022.2088569,"Gall et al. 2022, Figure 10A",v1,S2_SR_HARMONIZED_SCL_v1,174.87623684957927,-41.274138945811,0.0317,0.033,0.0055,0.0054,0.0044,0.0042,0.0019,0.0012,9.0E-4,0.0019
hutt_20200713,COPERNICUS/S2_SR_HARMONIZED/20200712T222549_20200712T222545_T60GUV,2020-07-12 22:27:27,hutt_20200713_backgroundTrain_0,0,train,https://doi.org/10.1080/00288330.2022.2088569,"Gall et al. 2022, Figure 10A",v1,S2_SR_HARMONIZED_SCL_v1,174.87683343869944,-41.27414995447686,0.0374,0.0368,0.0058,0.006,0.0015,0.0048,0.0013,0.0013,1.0E-4,0.0025
hutt_20200713,COPERNICUS/S2_SR_HARMONIZED/20200712T222549_20200712T222545_T60GUV,2020-07-12 22:27:27,hutt_20200713_backgroundTrain_0,0,train,https://doi.org/10.1080/00288330.2022.2088569,"Gall et al. 2022, Figure 10A",v1,S2_SR_HARMONIZED_SCL_v1,174.8777879819802,-41.2741675619169,0.0359,0.0328,0.0091,0.0056,0.0049,0.0035,0.0037,6.0E-4,0.0016,0.0021
hutt_20200713,COPERNICUS/S2_SR_HARMONIZED/20200712T222549_20200712T222545_T60GUV,2020-07-12 22:27:27,hutt_20200713_backgroundTrain_0,0,train,https://doi.org/10.1080/00288330.2022.2088569,"Gall et al. 2022, Figure 10A",v1,S2_SR_HARMONIZED_SCL_v1,174.87874252610797,-41.27418516144882,0.0405,0.0336,0.0072,0.0057,0.0034,0.0046,0.001,0.0013,0.0013,0.0029
hutt_20200713,COPERNICUS/S2_SR_HARMONIZED/20200712T222549_20200712T222545_T60GUV,2020-07-12 22:27:27,hutt_20200713_backgroundTrain_0,0,train,https://doi.org/10.1080/00288330.2022.2088569,"Gall et al. 2022, Figure 10A",v1,S2_SR_HARMONIZED_SCL_v1,174.88017434388686,-41.274211545918945,0.038,0.0358,0.008,0.0032,0.0025,0.0037,0.0024,0.003,0.001,0.0022
hutt_20200713,COPERNICUS/S2_SR_HARMONIZED/20200712T222549_20200712T222545_T60GUV,2020-07-12 22:27:27,hutt_20200713_backgroundTrain_0,0,train,https://doi.org/10.1080/00288330.2022.2088569,"Gall et al. 2022, Figure 10A",v1,S2_SR_HARMONIZED_SCL_v1,174.8810095718038,-41.274226928642776,0.0362,0.0328,0.0078,0.0034,0.0029,0.005,0.0032,0.0016,0.0025,0.0025
hutt_20200713,COPERNICUS/S2_SR_HARMONIZED/20200712T222549_20200712T222545_T60GUV,2020-07-12 22:27:27,hutt_20200713_backgroundTrain_0,0,train,https://doi.org/10.1080/00288330.2022.2088569,"Gall et al. 2022, Figure 10A",v1,S2_SR_HARMONIZED_SCL_v1,174.8811288901305,-41.274229125680485,0.0321,0.0356,0.0075,0.0034,0.0029,0.005,0.0018,0.0016,0.0025,0.0025
hutt_20200713,COPERNICUS/S2_SR_HARMONIZED/20200712T222549_20200712T222545_T60GUV,2020-07-12 22:27:27,hutt_20200713_backgroundTrain_0,0,train,https://doi.org/10.1080/00288330.2022.2088569,"Gall et al. 2022, Figure 10A",v1,S2_SR_HARMONIZED_SCL_v1,174.88160616356944,-41.27423791259569,0.034,0.0346,0.0063,0.0045,0.0018,0.005,0.0022,2.0E-4,7.0E-4,2.0E-4
hutt_20200713,COPERNICUS/S2_SR_HARMONIZED/20200712T222549_20200712T222545_T60GUV,2020-07-12 22:27:27,hutt_20200713_backgroundTrain_0,0,train,https://doi.org/10.1080/00288330.2022.2088569,"Gall et al. 2022, Figure 10A",v1,S2_SR_HARMONIZED_SCL_v1,174.88220275566536,-41.27424889345947,0.0392,0.0361,0.0072,0.0048,0.0024,0.0031,0.0015,0.0014,5.0E-4,7.0E-4
hutt_20200713,COPERNICUS/S2_SR_HARMONIZED/20200712T222549_20200712T222545_T60GUV,2020-07-12 22:27:27,hutt_20200713_backgroundTrain_0,0,train,https://doi.org/10.1080/00288330.2022.2088569,"Gall et al. 2022, Figure 10A",v1,S2_SR_HARMONIZED_SCL_v1,174.88303798515432,-41.274264261479,0.0357,0.035,0.0077,0.0027,8.0E-4,0.0018,0.0032,0.0013,9.0E-4,0.003
hutt_20200713,COPERNICUS/S2_SR_HARMONIZED/20200712T222549_20200712T222545_T60GUV,2020-07-12 22:27:27,hutt_20200713_backgroundTrain_0,0,train,https://doi.org/10.1080/00288330.2022.2088569,"Gall et al. 2022, Figure 10A",v1,S2_SR_HARMONIZED_SCL_v1,174.88315730370556,-41.27426645641609,0.036,0.0349,0.0089,0.0049,2.0E-4,0.0041,1.0E-4,0.0012,9.0E-4,0.0017
hutt_20200713,COPERNICUS/S2_SR_HARMONIZED/20200712T222549_20200712T222545_T60GUV,2020-07-12 22:27:27,hutt_20200713_backgroundTrain_0,0,train,https://doi.org/10.1080/00288330.2022.2088569,"Gall et al. 2022, Figure 10A",v1,S2_SR_HARMONIZED_SCL_v1,174.88435048994384,-41.27428839899092,0.039,0.0332,0.0054,0.0034,0.0045,0.0061,0.0023,0.0031,0.0034,8.0E-4
hutt_20200713,COPERNICUS/S2_SR_HARMONIZED/20200712T222549_20200712T222545_T60GUV,2020-07-12 22:27:27,hutt_20200713_backgroundTrain_0,0,train,https://doi.org/10.1080/00288330.2022.2088569,"Gall et al. 2022, Figure 10A",v1,S2_SR_HARMONIZED_SCL_v1,174.8854243586864,-41.274308136743336,0.0376,0.0346,0.0063,0.0049,0.001,0.0051,0.0017,0.0021,0.0011,0.0019
hutt_20200713,COPERNICUS/S2_SR_HARMONIZED/20200712T222549_20200712T222545_T60GUV,2020-07-12 22:27:27,hutt_20200713_backgroundTrain_0,0,train,https://doi.org/10.1080/00288330.2022.2088569,"Gall et al. 2022, Figure 10A",v1,S2_SR_HARMONIZED_SCL_v1,174.88602095289383,-41.27431909783651,0.0355,0.0333,0.0078,0.0048,0.0044,0.002,0.0032,0.003,0.003,0.0024
hutt_20200713,COPERNICUS/S2_SR_HARMONIZED/20200712T222549_20200712T222545_T60GUV,2020-07-12 22:27:27,hutt_20200713_backgroundTrain_0,0,train,https://doi.org/10.1080/00288330.2022.2088569,"Gall et al. 2022, Figure 10A",v1,S2_SR_HARMONIZED_SCL_v1,174.88757209937538,-41.274347582221395,0.038,0.0337,0.0049,0.0056,0.0022,0.003,0.0027,0.0022,0.0022,0.002
hutt_20200713,COPERNICUS/S2_SR_HARMONIZED/20200712T222549_20200712T222545_T60GUV,2020-07-12 22:27:27,hutt_20200713_backgroundTrain_0,0,train,https://doi.org/10.1080/00288330.2022.2088569,"Gall et al. 2022, Figure 10A",v1,S2_SR_HARMONIZED_SCL_v1,174.87098395355753,-41.274131952127696,0.0387,0.0351,0.0051,0.0054,0.003,0.0034,0.0029,0.0021,0.001,0.0017
hutt_20200713,COPERNICUS/S2_SR_HARMONIZED/20200712T222549_20200712T222545_T60GUV,2020-07-12 22:27:27,hutt_20200713_backgroundTrain_0,0,train,https://doi.org/10.1080/00288330.2022.2088569,"Gall et al. 2022, Figure 10A",v1,S2_SR_HARMONIZED_SCL_v1,174.8720578104356,-41.2741518144956,0.0388,0.0387,0.0081,0.0025,0.0045,0.0032,0.0035,0.0028,1.0E-4,0.0016
hutt_20200713,COPERNICUS/S2_SR_HARMONIZED/20200712T222549_20200712T222545_T60GUV,2020-07-12 22:27:27,hutt_20200713_backgroundTrain_0,0,train,https://doi.org/10.1080/00288330.2022.2088569,"Gall et al. 2022, Figure 10A",v1,S2_SR_HARMONIZED_SCL_v1,174.87217712793284,-41.27415402080756,0.0407,0.0356,0.0094,0.0022,0.0045,0.0018,0.0041,0.003,0.0026,0.0012
hutt_20200713,COPERNICUS/S2_SR_HARMONIZED/20200712T222549_20200712T222545_T60GUV,2020-07-12 22:27:27,hutt_20200713_backgroundTrain_0,0,train,https://doi.org/10.1080/00288330.2022.2088569,"Gall et al. 2022, Figure 10A",v1,S2_SR_HARMONIZED_SCL_v1,174.87265439805452,-41.27416284481975,0.0373,0.0339,0.0077,0.0057,0.0031,0.002,0.0035,0.0018,0.0014,0.0022
hutt_20200713,COPERNICUS/S2_SR_HARMONIZED/20200712T222549_20200712T222545_T60GUV,2020-07-12 22:27:27,hutt_20200713_backgroundTrain_0,0,train,https://doi.org/10.1080/00288330.2022.2088569,"Gall et al. 2022, Figure 10A",v1,S2_SR_HARMONIZED_SCL_v1,174.87337030363506,-41.27417607713114,0.0342,0.0329,0.0062,0.0058,0.0058,0.0029,9.0E-4,0.0012,7.0E-4,0.0031
hutt_20200713,COPERNICUS/S2_SR_HARMONIZED/20200712T222549_20200712T222545_T60GUV,2020-07-12 22:27:27,hutt_20200713_backgroundTrain_0,0,train,https://doi.org/10.1080/00288330.2022.2088569,"Gall et al. 2022, Figure 10A",v1,S2_SR_HARMONIZED_SCL_v1,174.87348962127825,-41.2741782820839,0.0374,0.0336,0.0079,0.0058,0.0058,0.0029,0.001,0.0012,7.0E-4,0.0031
hutt_20200713,COPERNICUS/S2_SR_HARMONIZED/20200712T222549_20200712T222545_T60GUV,2020-07-12 22:27:27,hutt_20200713_backgroundTrain_0,0,train,https://doi.org/10.1080/00288330.2022.2088569,"Gall et al. 2022, Figure 10A",v1,S2_SR_HARMONIZED_SCL_v1,174.8773077928577,-41.274248775330605,0.039,0.0325,0.0084,0.0065,0.0031,0.003,0.0013,1.0E-4,0.0012,0.0019
hutt_20200713,COPERNICUS/S2_SR_HARMONIZED/20200712T222549_20200712T222545_T60GUV,2020-07-12 22:27:27,hutt_20200713_backgroundTrain_0,0,train,https://doi.org/10.1080/00288330.2022.2088569,"Gall et al. 2022, Figure 10A",v1,S2_SR_HARMONIZED_SCL_v1,174.87909756545326,-41.27428177548357,0.0343,0.0341,0.0077,0.0053,0.0044,0.0021,0.0035,0.0014,9.0E-4,0.0029
hutt_20200713,COPERNICUS/S2_SR_HARMONIZED/20200712T222549_20200712T222545_T60GUV,2020-07-12 22:27:27,hutt_20200713_backgroundTrain_0,0,train,https://doi.org/10.1080/00288330.2022.2088569,"Gall et al. 2022, Figure 10A",v1,S2_SR_HARMONIZED_SCL_v1,174.88029074883707,-41.274303760139915,0.038,0.0333,0.0063,0.0045,0.0026,0.0033,0.0024,0.002,0.0014,8.0E-4
hutt_20200713,COPERNICUS/S2_SR_HARMONIZED/20200712T222549_20200712T222545_T60GUV,2020-07-12 22:27:27,hutt_20200713_backgroundTrain_0,0,train,https://doi.org/10.1080/00288330.2022.2088569,"Gall et al. 2022, Figure 10A",v1,S2_SR_HARMONIZED_SCL_v1,174.8812452964959,-41.27432133896828,0.0397,0.0364,0.007,0.0042,0.0024,0.0051,0.0033,0.0024,0.0027,7.0E-4
hutt_20200713,COPERNICUS/S2_SR_HARMONIZED/20200712T222549_20200712T222545_T60GUV,2020-07-12 22:27:27,hutt_20200713_backgroundTrain_0,0,train,https://doi.org/10.1080/00288330.2022.2088569,"Gall et al. 2022, Figure 10A",v1,S2_SR_HARMONIZED_SCL_v1,174.88184188921213,-41.27433232172012,0.0362,0.0323,0.0078,0.0031,0.0025,0.0039,0.003,0.0014,0.0012,0.003
hutt_20200713,COPERNICUS/S2_SR_HARMONIZED/20200712T222549_20200712T222545_T60GUV,2020-07-12 22:27:27,hutt_20200713_backgroundTrain_0,0,train,https://doi.org/10.1080/00288330.2022.2088569,"Gall et al. 2022, Figure 10A",v1,S2_SR_HARMONIZED_SCL_v1,174.88339303181957,-41.27436086241765,0.0375,0.0354,0.0063,0.0053,6.0E-4,0.0024,0.0025,0.0012,0.0014,6.0E-4
hutt_20200713,COPERNICUS/S2_SR_HARMONIZED/20200712T222549_20200712T222545_T60GUV,2020-07-12 22:27:27,hutt_20200713_backgroundTrain_0,0,train,https://doi.org/10.1080/00288330.2022.2088569,"Gall et al. 2022, Figure 10A",v1,S2_SR_HARMONIZED_SCL_v1,174.88410894454472,-41.274374028004,0.0361,0.0339,0.0067,0.0042,0.0045,0.0042,8.0E-4,0.0018,0.0017,0.002
hutt_20200713,COPERNICUS/S2_SR_HARMONIZED/20200712T222549_20200712T222545_T60GUV,2020-07-12 22:27:27,hutt_20200713_backgroundTrain_0,0,train,https://doi.org/10.1080/00288330.2022.2088569,"Gall et al. 2022, Figure 10A",v1,S2_SR_HARMONIZED_SCL_v1,174.88446690108543,-41.27438060912901,0.0376,0.0305,0.007,0.0034,0.0045,0.0061,0.0033,0.0031,0.0034,8.0E-4
hutt_20200713,COPERNICUS/S2_SR_HARMONIZED/20200712T222549_20200712T222545_T60GUV,2020-07-12 22:27:27,hutt_20200713_backgroundTrain_0,0,train,https://doi.org/10.1080/00288330.2022.2088569,"Gall et al. 2022, Figure 10A",v1,S2_SR_HARMONIZED_SCL_v1,174.88482485774486,-41.27438718914193,0.0363,0.0328,0.0063,0.0035,0.0029,2.0E-4,0.0013,1.0E-4,0.0013,0.0035
hutt_20200713,COPERNICUS/S2_SR_HARMONIZED/20200712T222549_20200712T222545_T60GUV,2020-07-12 22:27:27,hutt_20200713_backgroundTrain_0,0,train,https://doi.org/10.1080/00288330.2022.2088569,"Gall et al. 2022, Figure 10A",v1,S2_SR_HARMONIZED_SCL_v1,174.886495323725,-41.274417881164396,0.0378,0.0364,0.009,0.0041,0.0034,0.0039,1.0E-4,1.0E-4,0.0018,0.0022
hutt_20200713,COPERNICUS/S2_SR_HARMONIZED/20200712T222549_20200712T222545_T60GUV,2020-07-12 22:27:27,hutt_20200713_backgroundTrain_0,0,train,https://doi.org/10.1080/00288330.2022.2088569,"Gall et al. 2022, Figure 10A",v1,S2_SR_HARMONIZED_SCL_v1,174.8881657922885,-41.27444854896761,0.0378,0.0301,0.0075,0.0028,0.0024,0.0044,0.0028,0.0028,0.0016,0.0015
hutt_20200713,COPERNICUS/S2_SR_HARMONIZED/20200712T222549_20200712T222545_T60GUV,2020-07-12 22:27:27,hutt_20200713_backgroundTrain_0,0,train,https://doi.org/10.1080/00288330.2022.2088569,"Gall et al. 2022, Figure 10A",v1,S2_SR_HARMONIZED_SCL_v1,174.88923966629966,-41.274468251194676,0.0339,0.0321,0.0107,0.0048,0.0025,0.0033,0.0018,0.003,0.0022,0.0025
hutt_20200713,COPERNICUS/S2_SR_HARMONIZED/20200712T222549_20200712T222545_T60GUV,2020-07-12 22:27:27,hutt_20200713_backgroundTrain_0,0,train,https://doi.org/10.1080/00288330.2022.2088569,"Gall et al. 2022, Figure 10A",v1,S2_SR_HARMONIZED_SCL_v1,174.88935898570006,-41.27447043971317,0.0357,0.0321,0.0051,0.0043,0.0026,0.0034,0.0032,0.0032,8.0E-4,0.0034
hutt_20200713,COPERNICUS/S2_SR_HARMONIZED/20200712T222549_20200712T222545_T60GUV,2020-07-12 22:27:27,hutt_20200713_backgroundTrain_0,0,train,https://doi.org/10.1080/00288330.2022.2088569,"Gall et al. 2022, Figure 10A",v1,S2_SR_HARMONIZED_SCL_v1,174.8894783051136,-41.2744726281081,0.0346,0.0313,0.0058,0.0043,0.0026,0.0034,0.0028,0.0032,8.0E-4,0.0034
hutt_20200713,COPERNICUS/S2_SR_HARMONIZED/20200712T222549_20200712T222545_T60GUV,2020-07-12 22:27:27,hutt_20200713_backgroundTrain_0,0,train,https://doi.org/10.1080/00288330.2022.2088569,"Gall et al. 2022, Figure 10A",v1,S2_SR_HARMONIZED_SCL_v1,174.89043286089588,-41.274490130819075,0.0382,0.0339,0.004,0.0046,0.0043,0.0054,0.0037,0.0032,9.0E-4,0.004
hutt_20200713,COPERNICUS/S2_SR_HARMONIZED/20200712T222549_20200712T222545_T60GUV,2020-07-12 22:27:27,hutt_20200713_backgroundTrain_0,0,train,https://doi.org/10.1080/00288330.2022.2088569,"Gall et al. 2022, Figure 10A",v1,S2_SR_HARMONIZED_SCL_v1,174.89114877828516,-41.274503252662406,0.0361,0.0336,0.0067,0.0046,0.0027,0.0039,0.0015,5.0E-4,5.0E-4,0.0024
hutt_20200713,COPERNICUS/S2_SR_HARMONIZED/20200712T222549_20200712T222545_T60GUV,2020-07-12 22:27:27,hutt_20200713_backgroundTrain_0,0,train,https://doi.org/10.1080/00288330.2022.2088569,"Gall et al. 2022, Figure 10A",v1,S2_SR_HARMONIZED_SCL_v1,174.87026512252265,-41.27420872072293,0.0402,0.0343,0.0087,0.006,0.0041,0.003,0.0047,0.0013,0.0021,0.0022
hutt_20200713,COPERNICUS/S2_SR_HARMONIZED/20200712T222549_20200712T222545_T60GUV,2020-07-12 22:27:27,hutt_20200713_backgroundTrain_0,0,train,https://doi.org/10.1080/00288330.2022.2088569,"Gall et al. 2022, Figure 10A",v1,S2_SR_HARMONIZED_SCL_v1,174.87157761533285,-41.274233003822765,0.0376,0.0366,0.0051,0.0054,0.004,0.0056,0.0023,0.0037,0.001,0.0011
hutt_20200713,COPERNICUS/S2_SR_HARMONIZED/20200712T222549_20200712T222545_T60GUV,2020-07-12 22:27:27,hutt_20200713_backgroundTrain_0,0,train,https://doi.org/10.1080/00288330.2022.2088569,"Gall et al. 2022, Figure 10A",v1,S2_SR_HARMONIZED_SCL_v1,174.87241283886652,-41.27424844892,0.039,0.0366,0.0095,0.0082,0.0046,0.0029,0.0013,0.0018,0.003,0.0014
hutt_20200713,COPERNICUS/S2_SR_HARMONIZED/20200712T222549_20200712T222545_T60GUV,2020-07-12 22:27:27,hutt_20200713_backgroundTrain_0,0,train,https://doi.org/10.1080/00288330.2022.2088569,"Gall et al. 2022, Figure 10A",v1,S2_SR_HARMONIZED_SCL_v1,174.87682760262427,-41.274329986710256,0.0446,0.0301,0.0078,0.0058,0.0018,0.0049,0.0027,0.0012,0.0012,0.0026
hutt_20200713,COPERNICUS/S2_SR_HARMONIZED/20200712T222549_20200712T222545_T60GUV,2020-07-12 22:27:27,hutt_20200713_backgroundTrain_0,0,train,https://doi.org/10.1080/00288330.2022.2088569,"Gall et al. 2022, Figure 10A",v1,S2_SR_HARMONIZED_SCL_v1,174.87718555723737,-41.27433659046858,0.0445,0.0325,0.0078,0.0067,0.001,0.0029,0.0031,0.0022,9.0E-4,0.0016
hutt_20200713,COPERNICUS/S2_SR_HARMONIZED/20200712T222549_20200712T222545_T60GUV,2020-07-12 22:27:27,hutt_20200713_backgroundTrain_0,0,train,https://doi.org/10.1080/00288330.2022.2088569,"Gall et al. 2022, Figure 10A",v1,S2_SR_HARMONIZED_SCL_v1,174.87754351196966,-41.27434319311482,0.0379,0.0346,0.0078,0.0063,0.0049,0.0048,0.0028,0.0014,8.0E-4,0.0014
hutt_20200713,COPERNICUS/S2_SR_HARMONIZED/20200712T222549_20200712T222545_T60GUV,2020-07-12 22:27:27,hutt_20200713_backgroundTrain_0,0,train,https://doi.org/10.1080/00288330.2022.2088569,"Gall et al. 2022, Figure 10A",v1,S2_SR_HARMONIZED_SCL_v1,174.87837874014153,-41.274358594964596,0.037,0.0362,0.0059,0.0063,0.0029,0.0052,0.002,0.0013,0.0013,0.0019
hutt_20200713,COPERNICUS/S2_SR_HARMONIZED/20200712T222549_20200712T222545_T60GUV,2020-07-12 22:27:27,hutt_20200713_backgroundTrain_0,0,train,https://doi.org/10.1080/00288330.2022.2088569,"Gall et al. 2022, Figure 10A",v1,S2_SR_HARMONIZED_SCL_v1,174.8790946505191,-41.27437179173108,0.037,0.0321,0.0074,0.0047,0.0026,0.0027,0.0036,0.0011,0.002,0.002
hutt_20200713,COPERNICUS/S2_SR_HARMONIZED/20200712T222549_20200712T222545_T60GUV,2020-07-12 22:27:27,hutt_20200713_backgroundTrain_0,0,train,https://doi.org/10.1080/00288330.2022.2088569,"Gall et al. 2022, Figure 10A",v1,S2_SR_HARMONIZED_SCL_v1,174.8811230658409,-41.27440915841235,0.0389,0.0341,0.0068,0.0048,0.0057,0.0038,0.0055,0.0011,0.0016,7.0E-4
hutt_20200713,COPERNICUS/S2_SR_HARMONIZED/20200712T222549_20200712T222545_T60GUV,2020-07-12 22:27:27,hutt_20200713_backgroundTrain_0,0,train,https://doi.org/10.1080/00288330.2022.2088569,"Gall et al. 2022, Figure 10A",v1,S2_SR_HARMONIZED_SCL_v1,174.88171965930954,-41.274420141816584,0.0404,0.0325,0.0058,0.0039,0.0029,0.002,0.0017,0.0031,0.003,0.0026
hutt_20200713,COPERNICUS/S2_SR_HARMONIZED/20200712T222549_20200712T222545_T60GUV,2020-07-12 22:27:27,hutt_20200713_backgroundTrain_0,0,train,https://doi.org/10.1080/00288330.2022.2088569,"Gall et al. 2022, Figure 10A",v1,S2_SR_HARMONIZED_SCL_v1,174.88458331255438,-41.27447281915576,0.0361,0.0336,0.0077,0.0064,0.0041,0.003,0.0036,1.0E-4,8.0E-4,0.0015
hutt_20200713,COPERNICUS/S2_SR_HARMONIZED/20200712T222549_20200712T222545_T60GUV,2020-07-12 22:27:27,hutt_20200713_backgroundTrain_0,0,train,https://doi.org/10.1080/00288330.2022.2088569,"Gall et al. 2022, Figure 10A",v1,S2_SR_HARMONIZED_SCL_v1,174.88517990793716,-41.27448378464281,0.033,0.0325,0.0058,0.0042,0.0027,0.005,0.0028,0.0015,0.002,0.0016
hutt_20200713,COPERNICUS/S2_SR_HARMONIZED/20200712T222549_20200712T222545_T60GUV,2020-07-12 22:27:27,hutt_20200713_backgroundTrain_0,0,train,https://doi.org/10.1080/00288330.2022.2088569,"Gall et al. 2022, Figure 10A",v1,S2_SR_HARMONIZED_SCL_v1,174.88577650364965,-41.27449474704067,0.0372,0.0358,0.0062,0.0065,0.0043,0.0014,4.0E-4,0.0021,0.0018,0.0042
hutt_20200713,COPERNICUS/S2_SR_HARMONIZED/20200712T222549_20200712T222545_T60GUV,2020-07-12 22:27:27,hutt_20200713_backgroundTrain_0,0,train,https://doi.org/10.1080/00288330.2022.2088569,"Gall et al. 2022, Figure 10A",v1,S2_SR_HARMONIZED_SCL_v1,174.88732765404455,-41.274523234817664,0.0362,0.0339,0.0081,0.0042,0.0026,0.0046,0.0028,0.0013,0.002,0.0021
hutt_20200713,COPERNICUS/S2_SR_HARMONIZED/20200712T222549_20200712T222545_T60GUV,2020-07-12 22:27:27,hutt_20200713_backgroundTrain_0,0,train,https://doi.org/10.1080/00288330.2022.2088569,"Gall et al. 2022, Figure 10A",v1,S2_SR_HARMONIZED_SCL_v1,174.88852084817125,-41.27454513428194,0.0355,0.0322,0.0097,0.001,0.0025,0.0032,0.0017,0.001,0.0021,0.0017
hutt_20200713,COPERNICUS/S2_SR_HARMONIZED/20200712T222549_20200712T222545_T60GUV,2020-07-12 22:27:27,hutt_20200713_backgroundTrain_0,0,train,https://doi.org/10.1080/00288330.2022.2088569,"Gall et al. 2022, Figure 10A",v1,S2_SR_HARMONIZED_SCL_v1,174.88864016765635,-41.27454732354874,0.0361,0.0336,0.0068,0.0049,0.0026,0.0049,0.0018,0.002,0.0019,0.0031
hutt_20200713,COPERNICUS/S2_SR_HARMONIZED/20200712T222549_20200712T222545_T60GUV,2020-07-12 22:27:27,hutt_20200713_backgroundTrain_0,0,train,https://doi.org/10.1080/00288330.2022.2088569,"Gall et al. 2022, Figure 10A",v1,S2_SR_HARMONIZED_SCL_v1,174.88875948715463,-41.27454951269197,0.0336,0.0337,0.0082,0.0049,0.0026,0.0049,0.0019,0.002,0.0019,0.0031
hutt_20200713,COPERNICUS/S2_SR_HARMONIZED/20200712T222549_20200712T222545_T60GUV,2020-07-12 22:27:27,hutt_20200713_backgroundTrain_0,0,train,https://doi.org/10.1080/00288330.2022.2088569,"Gall et al. 2022, Figure 10A",v1,S2_SR_HARMONIZED_SCL_v1,174.89031064183004,-41.274577960309216,0.0349,0.0328,0.0075,0.0047,0.0038,0.003,0.0022,5.0E-4,9.0E-4,0.0058
hutt_20200713,COPERNICUS/S2_SR_HARMONIZED/20200712T222549_20200712T222545_T60GUV,2020-07-12 22:27:27,hutt_20200713_backgroundTrain_0,0,train,https://doi.org/10.1080/00288330.2022.2088569,"Gall et al. 2022, Figure 10A",v1,S2_SR_HARMONIZED_SCL_v1,174.89054928120825,-41.27458233501218,0.0404,0.0337,0.0077,0.0047,0.0031,0.0036,0.0025,0.0026,0.0022,0.0035
hutt_20200713,COPERNICUS/S2_SR_HARMONIZED/20200712T222549_20200712T222545_T60GUV,2020-07-12 22:27:27,hutt_20200713_backgroundTrain_0,0,train,https://doi.org/10.1080/00288330.2022.2088569,"Gall et al. 2022, Figure 10A",v1,S2_SR_HARMONIZED_SCL_v1,174.8703815130879,-41.27430094463481,0.0374,0.0329,0.0089,0.006,0.0041,0.003,0.0031,0.0013,0.0021,0.0022
hutt_20200713,COPERNICUS/S2_SR_HARMONIZED/20200712T222549_20200712T222545_T60GUV,2020-07-12 22:27:27,hutt_20200713_backgroundTrain_0,0,train,https://doi.org/10.1080/00288330.2022.2088569,"Gall et al. 2022, Figure 10A",v1,S2_SR_HARMONIZED_SCL_v1,174.87109741911974,-41.27431419111575,0.037,0.0353,0.0095,0.0054,0.0034,0.0033,0.0029,0.0023,9.0E-4,0.002
hutt_20200713,COPERNICUS/S2_SR_HARMONIZED/20200712T222549_20200712T222545_T60GUV,2020-07-12 22:27:27,hutt_20200713_backgroundTrain_0,0,train,https://doi.org/10.1080/00288330.2022.2088569,"Gall et al. 2022, Figure 10A",v1,S2_SR_HARMONIZED_SCL_v1,174.87121673683816,-41.2743163984301,0.0387,0.0336,0.0079,0.0031,7.0E-4,0.0032,0.0051,0.0014,8.0E-4,0.0021
hutt_20200713,COPERNICUS/S2_SR_HARMONIZED/20200712T222549_20200712T222545_T60GUV,2020-07-12 22:27:27,hutt_20200713_backgroundTrain_0,0,train,https://doi.org/10.1080/00288330.2022.2088569,"Gall et al. 2022, Figure 10A",v1,S2_SR_HARMONIZED_SCL_v1,174.87145537231487,-41.274320812688124,0.0383,0.0392,0.007,0.0054,0.004,0.0056,0.0025,0.0037,0.001,0.0011
hutt_20200713,COPERNICUS/S2_SR_HARMONIZED/20200712T222549_20200712T222545_T60GUV,2020-07-12 22:27:27,hutt_20200713_backgroundTrain_0,0,train,https://doi.org/10.1080/00288330.2022.2088569,"Gall et al. 2022, Figure 10A",v1,S2_SR_HARMONIZED_SCL_v1,174.87312582213823,-41.27435169865511,0.0388,0.0343,0.007,0.0031,0.0041,0.0055,0.0019,0.0013,5.0E-4,0.0034
hutt_20200713,COPERNICUS/S2_SR_HARMONIZED/20200712T222549_20200712T222545_T60GUV,2020-07-12 22:27:27,hutt_20200713_backgroundTrain_0,0,train,https://doi.org/10.1080/00288330.2022.2088569,"Gall et al. 2022, Figure 10A",v1,S2_SR_HARMONIZED_SCL_v1,174.8744383202518,-41.274375949210565,0.039,0.0325,0.0068,0.0054,0.0044,0.0026,0.003,0.0012,0.0019,0.0022
hutt_20200713,COPERNICUS/S2_SR_HARMONIZED/20200712T222549_20200712T222545_T60GUV,2020-07-12 22:27:27,hutt_20200713_backgroundTrain_0,0,train,https://doi.org/10.1080/00288330.2022.2088569,"Gall et al. 2022, Figure 10A",v1,S2_SR_HARMONIZED_SCL_v1,174.87551218353778,-41.27439577945333,0.0384,0.0325,0.007,0.0047,0.0027,0.0036,0.0035,0.0011,0.0011,0.002
hutt_20200713,COPERNICUS/S2_SR_HARMONIZED/20200712T222549_20200712T222545_T60GUV,2020-07-12 22:27:27,hutt_20200713_backgroundTrain_0,0,train,https://doi.org/10.1080/00288330.2022.2088569,"Gall et al. 2022, Figure 10A",v1,S2_SR_HARMONIZED_SCL_v1,174.8765860478969,-41.274415599687345,0.0379,0.0328,0.0089,0.0038,0.0024,0.0029,0.0024,0.0012,0.0012,0.0026
hutt_20200713,COPERNICUS/S2_SR_HARMONIZED/20200712T222549_20200712T222545_T60GUV,2020-07-12 22:27:27,hutt_20200713_backgroundTrain_0,0,train,https://doi.org/10.1080/00288330.2022.2088569,"Gall et al. 2022, Figure 10A",v1,S2_SR_HARMONIZED_SCL_v1,174.8768246845668,-41.27442000282458,0.0368,0.0339,0.0071,0.0058,0.0018,0.0049,0.0024,0.0012,0.0012,0.0026
hutt_20200713,COPERNICUS/S2_SR_HARMONIZED/20200712T222549_20200712T222545_T60GUV,2020-07-12 22:27:27,hutt_20200713_backgroundTrain_0,0,train,https://doi.org/10.1080/00288330.2022.2088569,"Gall et al. 2022, Figure 10A",v1,S2_SR_HARMONIZED_SCL_v1,174.8777792317761,-41.27443761043091,0.0384,0.0349,0.0067,0.0045,0.0058,0.0029,0.0027,0.001,0.0018,0.002
hutt_20200713,COPERNICUS/S2_SR_HARMONIZED/20200712T222549_20200712T222545_T60GUV,2020-07-12 22:27:27,hutt_20200713_backgroundTrain_0,0,train,https://doi.org/10.1080/00288330.2022.2088569,"Gall et al. 2022, Figure 10A",v1,S2_SR_HARMONIZED_SCL_v1,174.8793303727975,-41.27446620592448,0.033,0.0325,0.0095,0.0049,0.0031,0.0044,0.0019,0.001,0.0013,0.0021
hutt_20200713,COPERNICUS/S2_SR_HARMONIZED/20200712T222549_20200712T222545_T60GUV,2020-07-12 22:27:27,hutt_20200713_backgroundTrain_0,0,train,https://doi.org/10.1080/00288330.2022.2088569,"Gall et al. 2022, Figure 10A",v1,S2_SR_HARMONIZED_SCL_v1,174.88171674796337,-41.27451015821472,0.0378,0.0336,0.0091,0.0039,0.0029,0.002,0.0024,0.0031,0.003,0.0026
hutt_20200713,COPERNICUS/S2_SR_HARMONIZED/20200712T222549_20200712T222545_T60GUV,2020-07-12 22:27:27,hutt_20200713_backgroundTrain_0,0,train,https://doi.org/10.1080/00288330.2022.2088569,"Gall et al. 2022, Figure 10A",v1,S2_SR_HARMONIZED_SCL_v1,174.8831485755996,-41.27453650586406,0.039,0.0343,0.0061,0.0046,0.0011,0.0057,0.0024,0.0013,7.0E-4,0.0019
hutt_20200713,COPERNICUS/S2_SR_HARMONIZED/20200712T222549_20200712T222545_T60GUV,2020-07-12 22:27:27,hutt_20200713_backgroundTrain_0,0,train,https://doi.org/10.1080/00288330.2022.2088569,"Gall et al. 2022, Figure 10A",v1,S2_SR_HARMONIZED_SCL_v1,174.88458040513683,-41.27456283571973,0.0382,0.0358,0.0047,0.0064,0.0041,0.003,0.0035,1.0E-4,8.0E-4,0.0015
hutt_20200713,COPERNICUS/S2_SR_HARMONIZED/20200712T222549_20200712T222545_T60GUV,2020-07-12 22:27:27,hutt_20200713_backgroundTrain_0,0,train,https://doi.org/10.1080/00288330.2022.2088569,"Gall et al. 2022, Figure 10A",v1,S2_SR_HARMONIZED_SCL_v1,174.8851770013381,-41.27457380124129,0.0336,0.0316,0.0066,0.0042,0.0027,0.005,0.0033,0.0015,0.002,0.0016
hutt_20200713,COPERNICUS/S2_SR_HARMONIZED/20200712T222549_20200712T222545_T60GUV,2020-07-12 22:27:27,hutt_20200713_backgroundTrain_0,0,train,https://doi.org/10.1080/00288330.2022.2088569,"Gall et al. 2022, Figure 10A",v1,S2_SR_HARMONIZED_SCL_v1,174.88577359786905,-41.27458476367366,0.0349,0.0358,0.0074,0.0065,0.0043,0.0014,4.0E-4,0.0021,0.0018,0.0042
hutt_20200713,COPERNICUS/S2_SR_HARMONIZED/20200712T222549_20200712T222545_T60GUV,2020-07-12 22:27:27,hutt_20200713_backgroundTrain_0,0,train,https://doi.org/10.1080/00288330.2022.2088569,"Gall et al. 2022, Figure 10A",v1,S2_SR_HARMONIZED_SCL_v1,174.8868474724554,-41.27460448826713,0.038,0.0332,0.0078,0.0048,0.0024,0.002,0.0032,0.001,0.002,0.0011
hutt_20200713,COPERNICUS/S2_SR_HARMONIZED/20200712T222549_20200712T222545_T60GUV,2020-07-12 22:27:27,hutt_20200713_backgroundTrain_0,0,train,https://doi.org/10.1080/00288330.2022.2088569,"Gall et al. 2022, Figure 10A",v1,S2_SR_HARMONIZED_SCL_v1,174.88899522482984,-41.274643907426906,0.0382,0.034,0.0088,0.0072,0.0024,0.0049,0.0024,0.0044,0.0022,0.0019
hutt_20200713,COPERNICUS/S2_SR_HARMONIZED/20200712T222549_20200712T222545_T60GUV,2020-07-12 22:27:27,hutt_20200713_backgroundTrain_0,0,train,https://doi.org/10.1080/00288330.2022.2088569,"Gall et al. 2022, Figure 10A",v1,S2_SR_HARMONIZED_SCL_v1,174.88935318397372,-41.274650473394445,0.0357,0.0336,0.0077,0.0039,0.0026,0.0036,0.0028,9.0E-4,0.001,0.003
hutt_20200713,COPERNICUS/S2_SR_HARMONIZED/20200712T222549_20200712T222545_T60GUV,2020-07-12 22:27:27,hutt_20200713_backgroundTrain_0,0,train,https://doi.org/10.1080/00288330.2022.2088569,"Gall et al. 2022, Figure 10A",v1,S2_SR_HARMONIZED_SCL_v1,174.88983046301652,-41.27465922628785,0.037,0.0333,0.0058,0.0053,0.0029,0.0025,0.0024,0.0035,0.0021,0.0019
hutt_20200713,COPERNICUS/S2_SR_HARMONIZED/20200712T222549_20200712T222545_T60GUV,2020-07-12 22:27:27,hutt_20200713_backgroundTrain_0,0,train,https://doi.org/10.1080/00288330.2022.2088569,"Gall et al. 2022, Figure 10A",v1,S2_SR_HARMONIZED_SCL_v1,174.8907850217337,-41.274676726143355,0.0375,0.0321,0.01,0.0047,0.0025,0.0055,0.0032,0.0017,0.0023,0.0041
hutt_20200713,COPERNICUS/S2_SR_HARMONIZED/20200712T222549_20200712T222545_T60GUV,2020-07-12 22:27:27,hutt_20200713_backgroundTrain_0,0,train,https://doi.org/10.1080/00288330.2022.2088569,"Gall et al. 2022, Figure 10A",v1,S2_SR_HARMONIZED_SCL_v1,174.89162026130182,-41.2746920320295,0.0294,0.0325,0.0091,0.0065,0.0026,0.0031,0.0024,0.003,0.0038,0.0024
hutt_20200713,COPERNICUS/S2_SR_HARMONIZED/20200712T222549_20200712T222545_T60GUV,2020-07-12 22:27:27,hutt_20200713_backgroundTrain_0,0,train,https://doi.org/10.1080/00288330.2022.2088569,"Gall et al. 2022, Figure 10A",v1,S2_SR_HARMONIZED_SCL_v1,174.87097517532317,-41.27440199945053,0.0416,0.0351,0.0072,0.0061,0.0053,0.0032,0.0027,0.0025,9.0E-4,0.002
hutt_20200713,COPERNICUS/S2_SR_HARMONIZED/20200712T222549_20200712T222545_T60GUV,2020-07-12 22:27:27,hutt_20200713_backgroundTrain_0,0,train,https://doi.org/10.1080/00288330.2022.2088569,"Gall et al. 2022, Figure 10A",v1,S2_SR_HARMONIZED_SCL_v1,174.87192971864567,-41.274419655549664,0.0407,0.0378,0.0089,0.0047,0.0023,0.0031,0.0029,1.0E-4,8.0E-4,0.0032
hutt_20200713,COPERNICUS/S2_SR_HARMONIZED/20200712T222549_20200712T222545_T60GUV,2020-07-12 22:27:27,hutt_20200713_backgroundTrain_0,0,train,https://doi.org/10.1080/00288330.2022.2088569,"Gall et al. 2022, Figure 10A",v1,S2_SR_HARMONIZED_SCL_v1,174.8752706269606,-41.27448138962028,0.038,0.037,0.0077,0.0054,0.0026,0.0032,0.0022,0.0015,8.0E-4,0.0019
hutt_20200713,COPERNICUS/S2_SR_HARMONIZED/20200712T222549_20200712T222545_T60GUV,2020-07-12 22:27:27,hutt_20200713_backgroundTrain_0,0,train,https://doi.org/10.1080/00288330.2022.2088569,"Gall et al. 2022, Figure 10A",v1,S2_SR_HARMONIZED_SCL_v1,174.87980473342924,-41.27456501662252,0.0398,0.0378,0.0059,0.0047,0.0027,0.0032,0.0014,1.0E-4,0.0021,0.002
hutt_20200713,COPERNICUS/S2_SR_HARMONIZED/20200712T222549_20200712T222545_T60GUV,2020-07-12 22:27:27,hutt_20200713_backgroundTrain_0,0,train,https://doi.org/10.1080/00288330.2022.2088569,"Gall et al. 2022, Figure 10A",v1,S2_SR_HARMONIZED_SCL_v1,174.8807592845937,-41.27458259957103,0.0321,0.0332,0.0068,0.0063,0.0038,0.0018,0.0035,0.0027,0.0029,5.0E-4
hutt_20200713,COPERNICUS/S2_SR_HARMONIZED/20200712T222549_20200712T222545_T60GUV,2020-07-12 22:27:27,hutt_20200713_backgroundTrain_0,0,train,https://doi.org/10.1080/00288330.2022.2088569,"Gall et al. 2022, Figure 10A",v1,S2_SR_HARMONIZED_SCL_v1,174.8811172414985,-41.27458919113788,0.038,0.0319,0.009,0.0046,0.0045,0.0029,3.0E-4,0.0016,0.0026,8.0E-4
hutt_20200713,COPERNICUS/S2_SR_HARMONIZED/20200712T222549_20200712T222545_T60GUV,2020-07-12 22:27:27,hutt_20200713_backgroundTrain_0,0,train,https://doi.org/10.1080/00288330.2022.2088569,"Gall et al. 2022, Figure 10A",v1,S2_SR_HARMONIZED_SCL_v1,174.88398090101617,-41.27464188363681,0.0397,0.0337,0.0061,0.0045,0.0025,0.0027,0.0014,0.0012,8.0E-4,1.0E-4
hutt_20200713,COPERNICUS/S2_SR_HARMONIZED/20200712T222549_20200712T222545_T60GUV,2020-07-12 22:27:27,hutt_20200713_backgroundTrain_0,0,train,https://doi.org/10.1080/00288330.2022.2088569,"Gall et al. 2022, Figure 10A",v1,S2_SR_HARMONIZED_SCL_v1,174.88612865064317,-41.274681356302374,0.0336,0.0285,0.0072,0.0065,0.0025,0.0013,0.0023,0.002,0.0027,0.0017
hutt_20200713,COPERNICUS/S2_SR_HARMONIZED/20200712T222549_20200712T222545_T60GUV,2020-07-12 22:27:27,hutt_20200713_backgroundTrain_0,0,train,https://doi.org/10.1080/00288330.2022.2088569,"Gall et al. 2022, Figure 10A",v1,S2_SR_HARMONIZED_SCL_v1,174.88767980580812,-41.274709839439545,0.0333,0.0343,0.008,0.0071,0.0043,0.0037,0.0024,0.0012,0.0019,0.0024
hutt_20200713,COPERNICUS/S2_SR_HARMONIZED/20200712T222549_20200712T222545_T60GUV,2020-07-12 22:27:27,hutt_20200713_backgroundTrain_0,0,train,https://doi.org/10.1080/00288330.2022.2088569,"Gall et al. 2022, Figure 10A",v1,S2_SR_HARMONIZED_SCL_v1,174.88779912552843,-41.27471202958512,0.0294,0.0355,0.0032,0.0071,0.0043,0.0037,0.0017,0.0012,0.0019,0.0024
hutt_20200713,COPERNICUS/S2_SR_HARMONIZED/20200712T222549_20200712T222545_T60GUV,2020-07-12 22:27:27,hutt_20200713_backgroundTrain_0,0,train,https://doi.org/10.1080/00288330.2022.2088569,"Gall et al. 2022, Figure 10A",v1,S2_SR_HARMONIZED_SCL_v1,174.88815708476838,-41.274718599280405,0.036,0.0315,0.0054,0.0021,0.0031,0.0023,0.001,0.0014,0.0019,0.001
hutt_20200713,COPERNICUS/S2_SR_HARMONIZED/20200712T222549_20200712T222545_T60GUV,2020-07-12 22:27:27,hutt_20200713_backgroundTrain_0,0,train,https://doi.org/10.1080/00288330.2022.2088569,"Gall et al. 2022, Figure 10A",v1,S2_SR_HARMONIZED_SCL_v1,174.8895889229133,-41.27474486694033,0.0364,0.0336,0.0082,0.0036,0.0029,0.0033,0.0027,0.0034,0.0029,0.0042
hutt_20200713,COPERNICUS/S2_SR_HARMONIZED/20200712T222549_20200712T222545_T60GUV,2020-07-12 22:27:27,hutt_20200713_backgroundTrain_0,0,train,https://doi.org/10.1080/00288330.2022.2088569,"Gall et al. 2022, Figure 10A",v1,S2_SR_HARMONIZED_SCL_v1,174.8898275627884,-41.27474924315368,0.0362,0.0345,0.0077,0.0045,0.0039,0.0014,1.0E-4,0.0021,0.001,0.0016
hutt_20200713,COPERNICUS/S2_SR_HARMONIZED/20200712T222549_20200712T222545_T60GUV,2020-07-12 22:27:27,hutt_20200713_backgroundTrain_0,0,train,https://doi.org/10.1080/00288330.2022.2088569,"Gall et al. 2022, Figure 10A",v1,S2_SR_HARMONIZED_SCL_v1,174.89090144287772,-41.27476892999702,0.0362,0.0364,0.0081,0.0047,0.0024,0.004,0.001,0.0011,0.0011,0.0031
hutt_20200713,COPERNICUS/S2_SR_HARMONIZED/20200712T222549_20200712T222545_T60GUV,2020-07-12 22:27:27,hutt_20200713_backgroundTrain_0,0,train,https://doi.org/10.1080/00288330.2022.2088569,"Gall et al. 2022, Figure 10A",v1,S2_SR_HARMONIZED_SCL_v1,174.86989838752316,-41.274472142594945,0.0442,0.0345,0.0095,0.0055,0.0036,0.0023,0.0036,0.0011,0.0013,0.0019
hutt_20200713,COPERNICUS/S2_SR_HARMONIZED/20200712T222549_20200712T222545_T60GUV,2020-07-12 22:27:27,hutt_20200713_backgroundTrain_0,0,train,https://doi.org/10.1080/00288330.2022.2088569,"Gall et al. 2022, Figure 10A",v1,S2_SR_HARMONIZED_SCL_v1,174.8700177054362,-41.27447435115883,0.0396,0.036,0.011,0.0049,0.0031,0.0032,0.0036,0.0012,0.002,0.0024
hutt_20200713,COPERNICUS/S2_SR_HARMONIZED/20200712T222549_20200712T222545_T60GUV,2020-07-12 22:27:27,hutt_20200713_backgroundTrain_0,0,train,https://doi.org/10.1080/00288330.2022.2088569,"Gall et al. 2022, Figure 10A",v1,S2_SR_HARMONIZED_SCL_v1,174.87121088529685,-41.274496430001705,0.038,0.0361,0.0083,0.0047,0.0036,0.0033,0.0029,0.001,7.0E-4,0.0011
hutt_20200713,COPERNICUS/S2_SR_HARMONIZED/20200712T222549_20200712T222545_T60GUV,2020-07-12 22:27:27,hutt_20200713_backgroundTrain_0,0,train,https://doi.org/10.1080/00288330.2022.2088569,"Gall et al. 2022, Figure 10A",v1,S2_SR_HARMONIZED_SCL_v1,174.8722847483065,-41.27451629039557,0.0396,0.036,0.0087,0.0058,0.0048,0.0036,0.0017,0.0014,8.0E-4,0.0025
hutt_20200713,COPERNICUS/S2_SR_HARMONIZED/20200712T222549_20200712T222545_T60GUV,2020-07-12 22:27:27,hutt_20200713_backgroundTrain_0,0,train,https://doi.org/10.1080/00288330.2022.2088569,"Gall et al. 2022, Figure 10A",v1,S2_SR_HARMONIZED_SCL_v1,174.87252338467687,-41.27452070245722,0.0373,0.036,0.0097,0.006,0.0043,0.0031,0.0051,0.0011,0.0012,0.0011
hutt_20200713,COPERNICUS/S2_SR_HARMONIZED/20200712T222549_20200712T222545_T60GUV,2020-07-12 22:27:27,hutt_20200713_backgroundTrain_0,0,train,https://doi.org/10.1080/00288330.2022.2088569,"Gall et al. 2022, Figure 10A",v1,S2_SR_HARMONIZED_SCL_v1,174.87276202110024,-41.27452511402461,0.04,0.0346,0.0094,0.0067,0.0016,0.0045,0.0041,0.0021,0.0021,0.0017
hutt_20200713,COPERNICUS/S2_SR_HARMONIZED/20200712T222549_20200712T222545_T60GUV,2020-07-12 22:27:27,hutt_20200713_backgroundTrain_0,0,train,https://doi.org/10.1080/00288330.2022.2088569,"Gall et al. 2022, Figure 10A",v1,S2_SR_HARMONIZED_SCL_v1,174.8737165673245,-41.27454275535159,0.04,0.034,0.0063,0.0057,0.0041,0.0019,0.0028,0.0012,7.0E-4,8.0E-4
hutt_20200713,COPERNICUS/S2_SR_HARMONIZED/20200712T222549_20200712T222545_T60GUV,2020-07-12 22:27:27,hutt_20200713_backgroundTrain_0,0,train,https://doi.org/10.1080/00288330.2022.2088569,"Gall et al. 2022, Figure 10A",v1,S2_SR_HARMONIZED_SCL_v1,174.8747904328411,-41.274562592391725,0.036,0.0333,0.0063,0.0045,0.0034,0.0032,0.0038,0.0012,0.0021,0.002
hutt_20200713,COPERNICUS/S2_SR_HARMONIZED/20200712T222549_20200712T222545_T60GUV,2020-07-12 22:27:27,hutt_20200713_backgroundTrain_0,0,train,https://doi.org/10.1080/00288330.2022.2088569,"Gall et al. 2022, Figure 10A",v1,S2_SR_HARMONIZED_SCL_v1,174.87634157381578,-41.274591228224295,0.0377,0.0358,0.0068,0.0031,0.0024,0.0012,0.0035,0.0012,0.0016,0.0029
hutt_20200713,COPERNICUS/S2_SR_HARMONIZED/20200712T222549_20200712T222545_T60GUV,2020-07-12 22:27:27,hutt_20200713_backgroundTrain_0,0,train,https://doi.org/10.1080/00288330.2022.2088569,"Gall et al. 2022, Figure 10A",v1,S2_SR_HARMONIZED_SCL_v1,174.876460892445,-41.274593430115694,0.0388,0.0324,0.0075,0.0045,0.0034,0.0033,0.0036,0.0013,0.0014,0.001
hutt_20200713,COPERNICUS/S2_SR_HARMONIZED/20200712T222549_20200712T222545_T60GUV,2020-07-12 22:27:27,hutt_20200713_backgroundTrain_0,0,train,https://doi.org/10.1080/00288330.2022.2088569,"Gall et al. 2022, Figure 10A",v1,S2_SR_HARMONIZED_SCL_v1,174.8765802110875,-41.27459563188352,0.0396,0.0322,0.0065,0.0045,0.0034,0.0033,0.0025,0.0013,0.0014,0.001
hutt_20200713,COPERNICUS/S2_SR_HARMONIZED/20200712T222549_20200712T222545_T60GUV,2020-07-12 22:27:27,hutt_20200713_backgroundTrain_0,0,train,https://doi.org/10.1080/00288330.2022.2088569,"Gall et al. 2022, Figure 10A",v1,S2_SR_HARMONIZED_SCL_v1,174.87717680449853,-41.27460663886916,0.039,0.0358,0.0061,0.0047,0.0039,0.0032,0.0032,0.002,7.0E-4,0.0031
hutt_20200713,COPERNICUS/S2_SR_HARMONIZED/20200712T222549_20200712T222545_T60GUV,2020-07-12 22:27:27,hutt_20200713_backgroundTrain_0,0,train,https://doi.org/10.1080/00288330.2022.2088569,"Gall et al. 2022, Figure 10A",v1,S2_SR_HARMONIZED_SCL_v1,174.8777733982405,-41.274617642765655,0.0346,0.0337,0.0063,0.0049,0.0043,0.0027,0.0036,0.0013,0.0019,0.002
hutt_20200713,COPERNICUS/S2_SR_HARMONIZED/20200712T222549_20200712T222545_T60GUV,2020-07-12 22:27:27,hutt_20200713_backgroundTrain_0,0,train,https://doi.org/10.1080/00288330.2022.2088569,"Gall et al. 2022, Figure 10A",v1,S2_SR_HARMONIZED_SCL_v1,174.8831427567963,-41.274716538821465,0.0406,0.0356,0.0077,0.0049,0.0025,0.0039,0.0035,0.0012,1.0E-4,7.0E-4
hutt_20200713,COPERNICUS/S2_SR_HARMONIZED/20200712T222549_20200712T222545_T60GUV,2020-07-12 22:27:27,hutt_20200713_backgroundTrain_0,0,train,https://doi.org/10.1080/00288330.2022.2088569,"Gall et al. 2022, Figure 10A",v1,S2_SR_HARMONIZED_SCL_v1,174.8851711881004,-41.2747538344335,0.034,0.0358,0.0062,0.0052,0.0026,0.0042,0.002,1.0E-4,0.0029,0.0021
hutt_20200713,COPERNICUS/S2_SR_HARMONIZED/20200712T222549_20200712T222545_T60GUV,2020-07-12 22:27:27,hutt_20200713_backgroundTrain_0,0,train,https://doi.org/10.1080/00288330.2022.2088569,"Gall et al. 2022, Figure 10A",v1,S2_SR_HARMONIZED_SCL_v1,174.8879155424015,-41.27480423636109,0.0319,0.0328,0.0067,0.0027,0.0048,0.0051,0.0031,0.0012,0.0019,0.002
hutt_20200713,COPERNICUS/S2_SR_HARMONIZED/20200712T222549_20200712T222545_T60GUV,2020-07-12 22:27:27,hutt_20200713_backgroundTrain_0,0,train,https://doi.org/10.1080/00288330.2022.2088569,"Gall et al. 2022, Figure 10A",v1,S2_SR_HARMONIZED_SCL_v1,174.88910874209756,-41.2748261298537,0.0327,0.0343,0.0062,0.0042,0.0024,0.0039,0.0018,0.0027,0.001,0.001
hutt_20200713,COPERNICUS/S2_SR_HARMONIZED/20200712T222549_20200712T222545_T60GUV,2020-07-12 22:27:27,hutt_20200713_backgroundTrain_0,0,train,https://doi.org/10.1080/00288330.2022.2088569,"Gall et al. 2022, Figure 10A",v1,S2_SR_HARMONIZED_SCL_v1,174.88934738219473,-41.27483050706939,0.034,0.0329,0.0075,0.0042,0.0024,0.0032,0.0018,1.0E-4,0.0013,0.0022
hutt_20200713,COPERNICUS/S2_SR_HARMONIZED/20200712T222549_20200712T222545_T60GUV,2020-07-12 22:27:27,hutt_20200713_backgroundTrain_0,0,train,https://doi.org/10.1080/00288330.2022.2088569,"Gall et al. 2022, Figure 10A",v1,S2_SR_HARMONIZED_SCL_v1,174.8895860223446,-41.27483488379079,0.0361,0.0353,0.008,0.0036,0.0029,0.0033,0.0031,0.0034,0.0029,0.0042
hutt_20200713,COPERNICUS/S2_SR_HARMONIZED/20200712T222549_20200712T222545_T60GUV,2020-07-12 22:27:27,hutt_20200713_backgroundTrain_0,0,train,https://doi.org/10.1080/00288330.2022.2088569,"Gall et al. 2022, Figure 10A",v1,S2_SR_HARMONIZED_SCL_v1,174.87120795950625,-41.27458644578514,0.0431,0.034,0.0075,0.0032,0.0062,0.0032,0.004,0.002,0.0019,0.0024
hutt_20200713,COPERNICUS/S2_SR_HARMONIZED/20200712T222549_20200712T222545_T60GUV,2020-07-12 22:27:27,hutt_20200713_backgroundTrain_0,0,train,https://doi.org/10.1080/00288330.2022.2088569,"Gall et al. 2022, Figure 10A",v1,S2_SR_HARMONIZED_SCL_v1,174.87156591421444,-41.274593067049345,0.0399,0.0355,0.0067,0.0047,0.003,0.0036,0.0048,5.0E-4,0.0013,0.003
hutt_20200713,COPERNICUS/S2_SR_HARMONIZED/20200712T222549_20200712T222545_T60GUV,2020-07-12 22:27:27,hutt_20200713_backgroundTrain_0,0,train,https://doi.org/10.1080/00288330.2022.2088569,"Gall et al. 2022, Figure 10A",v1,S2_SR_HARMONIZED_SCL_v1,174.87323637109841,-41.274623951578114,0.037,0.0343,0.0038,0.0043,0.0044,0.0031,0.0012,0.0013,0.003,0.002
hutt_20200713,COPERNICUS/S2_SR_HARMONIZED/20200712T222549_20200712T222545_T60GUV,2020-07-12 22:27:27,hutt_20200713_backgroundTrain_0,0,train,https://doi.org/10.1080/00288330.2022.2088569,"Gall et al. 2022, Figure 10A",v1,S2_SR_HARMONIZED_SCL_v1,174.8755034238842,-41.27466582755803,0.0404,0.037,0.0075,0.0061,0.0027,0.0043,6.0E-4,0.0022,1.0E-4,5.0E-4
hutt_20200713,COPERNICUS/S2_SR_HARMONIZED/20200712T222549_20200712T222545_T60GUV,2020-07-12 22:27:27,hutt_20200713_backgroundTrain_0,0,train,https://doi.org/10.1080/00288330.2022.2088569,"Gall et al. 2022, Figure 10A",v1,S2_SR_HARMONIZED_SCL_v1,174.87633865506385,-41.27468124430615,0.0373,0.0319,0.0075,0.0042,0.0024,0.0026,0.0015,0.0012,0.0018,0.0027
hutt_20200713,COPERNICUS/S2_SR_HARMONIZED/20200712T222549_20200712T222545_T60GUV,2020-07-12 22:27:27,hutt_20200713_backgroundTrain_0,0,train,https://doi.org/10.1080/00288330.2022.2088569,"Gall et al. 2022, Figure 10A",v1,S2_SR_HARMONIZED_SCL_v1,174.87645797385676,-41.27468344620448,0.0368,0.0321,0.0095,0.0046,0.0041,0.0037,0.0019,9.0E-4,0.0019,0.0022
hutt_20200713,COPERNICUS/S2_SR_HARMONIZED/20200712T222549_20200712T222545_T60GUV,2020-07-12 22:27:27,hutt_20200713_backgroundTrain_0,0,train,https://doi.org/10.1080/00288330.2022.2088569,"Gall et al. 2022, Figure 10A",v1,S2_SR_HARMONIZED_SCL_v1,174.87812843834794,-41.274714259806544,0.0359,0.033,0.007,0.0045,0.0044,0.0042,0.0017,0.0012,0.0011,0.0034
hutt_20200713,COPERNICUS/S2_SR_HARMONIZED/20200712T222549_20200712T222545_T60GUV,2020-07-12 22:27:27,hutt_20200713_backgroundTrain_0,0,train,https://doi.org/10.1080/00288330.2022.2088569,"Gall et al. 2022, Figure 10A",v1,S2_SR_HARMONIZED_SCL_v1,174.8786057143933,-41.27472305924445,0.0384,0.034,0.0039,0.0053,0.0052,0.0013,0.0031,0.0012,0.0028,0.002
hutt_20200713,COPERNICUS/S2_SR_HARMONIZED/20200712T222549_20200712T222545_T60GUV,2020-07-12 22:27:27,hutt_20200713_backgroundTrain_0,0,train,https://doi.org/10.1080/00288330.2022.2088569,"Gall et al. 2022, Figure 10A",v1,S2_SR_HARMONIZED_SCL_v1,174.87991822460938,-41.274747247504415,0.038,0.0364,0.0072,0.005,0.0027,0.0017,0.0017,0.0012,0.0023,0.0019
hutt_20200713,COPERNICUS/S2_SR_HARMONIZED/20200712T222549_20200712T222545_T60GUV,2020-07-12 22:27:27,hutt_20200713_backgroundTrain_0,0,train,https://doi.org/10.1080/00288330.2022.2088569,"Gall et al. 2022, Figure 10A",v1,S2_SR_HARMONIZED_SCL_v1,174.88075345921627,-41.27476263224874,0.0398,0.0339,0.0062,0.0052,0.0044,0.004,0.0023,0.0015,0.0018,0.0019
hutt_20200713,COPERNICUS/S2_SR_HARMONIZED/20200712T222549_20200712T222545_T60GUV,2020-07-12 22:27:27,hutt_20200713_backgroundTrain_0,0,train,https://doi.org/10.1080/00288330.2022.2088569,"Gall et al. 2022, Figure 10A",v1,S2_SR_HARMONIZED_SCL_v1,174.88123073642524,-41.27477142081272,0.038,0.0364,0.0072,0.0047,0.0048,0.0033,0.0031,0.0011,7.0E-4,1.0E-4
hutt_20200713,COPERNICUS/S2_SR_HARMONIZED/20200712T222549_20200712T222545_T60GUV,2020-07-12 22:27:27,hutt_20200713_backgroundTrain_0,0,train,https://doi.org/10.1080/00288330.2022.2088569,"Gall et al. 2022, Figure 10A",v1,S2_SR_HARMONIZED_SCL_v1,174.88206597204965,-41.274786796042335,0.0372,0.0341,0.0075,0.0041,0.0036,0.0036,0.0025,0.0023,0.0012,0.0025
hutt_20200713,COPERNICUS/S2_SR_HARMONIZED/20200712T222549_20200712T222545_T60GUV,2020-07-12 22:27:27,hutt_20200713_backgroundTrain_0,0,train,https://doi.org/10.1080/00288330.2022.2088569,"Gall et al. 2022, Figure 10A",v1,S2_SR_HARMONIZED_SCL_v1,174.88373644523983,-41.274817528337046,0.038,0.0328,0.0085,0.0049,0.0027,0.0038,0.0019,0.0029,0.0018,0.0015
hutt_20200713,COPERNICUS/S2_SR_HARMONIZED/20200712T222549_20200712T222545_T60GUV,2020-07-12 22:27:27,hutt_20200713_backgroundTrain_0,0,train,https://doi.org/10.1080/00288330.2022.2088569,"Gall et al. 2022, Figure 10A",v1,S2_SR_HARMONIZED_SCL_v1,174.8863614797642,-41.27486577300981,0.038,0.0325,0.0063,0.0053,0.0012,0.0029,0.002,1.0E-4,2.0E-4,0.0011
hutt_20200713,COPERNICUS/S2_SR_HARMONIZED/20200712T222549_20200712T222545_T60GUV,2020-07-12 22:27:27,hutt_20200713_backgroundTrain_0,0,train,https://doi.org/10.1080/00288330.2022.2088569,"Gall et al. 2022, Figure 10A",v1,S2_SR_HARMONIZED_SCL_v1,174.88934448128552,-41.27492052390449,0.0362,0.0345,0.0062,0.0031,0.0031,0.0034,0.0027,0.0022,0.0014,0.0025
hutt_20200713,COPERNICUS/S2_SR_HARMONIZED/20200712T222549_20200712T222545_T60GUV,2020-07-12 22:27:27,hutt_20200713_backgroundTrain_0,0,train,https://doi.org/10.1080/00288330.2022.2088569,"Gall et al. 2022, Figure 10A",v1,S2_SR_HARMONIZED_SCL_v1,174.88946380151756,-41.27492271233386,0.0355,0.034,0.0062,0.0031,0.0031,0.0034,0.003,0.0022,0.0014,0.0025
hutt_20200713,COPERNICUS/S2_SR_HARMONIZED/20200712T222549_20200712T222545_T60GUV,2020-07-12 22:27:27,hutt_20200713_backgroundTrain_0,0,train,https://doi.org/10.1080/00288330.2022.2088569,"Gall et al. 2022, Figure 10A",v1,S2_SR_HARMONIZED_SCL_v1,174.89077632493863,-41.27494677690134,0.033,0.0345,0.0074,0.005,0.0043,0.0038,0.0027,1.0E-4,0.0016,0.0037
hutt_20200713,COPERNICUS/S2_SR_HARMONIZED/20200712T222549_20200712T222545_T60GUV,2020-07-12 22:27:27,hutt_20200713_backgroundTrain_0,0,train,https://doi.org/10.1080/00288330.2022.2088569,"Gall et al. 2022, Figure 10A",v1,S2_SR_HARMONIZED_SCL_v1,174.87048912366242,-41.274663215660624,0.039,0.0361,0.0083,0.0061,0.0035,0.003,0.0035,0.0018,0.0019,0.0016
hutt_20200713,COPERNICUS/S2_SR_HARMONIZED/20200712T222549_20200712T222545_T60GUV,2020-07-12 22:27:27,hutt_20200713_backgroundTrain_0,0,train,https://doi.org/10.1080/00288330.2022.2088569,"Gall et al. 2022, Figure 10A",v1,S2_SR_HARMONIZED_SCL_v1,174.87084707862266,-41.274669839169846,0.0406,0.0353,0.0066,0.0051,0.0045,0.0031,0.0027,0.0023,9.0E-4,0.002
hutt_20200713,COPERNICUS/S2_SR_HARMONIZED/20200712T222549_20200712T222545_T60GUV,2020-07-12 22:27:27,hutt_20200713_backgroundTrain_0,0,train,https://doi.org/10.1080/00288330.2022.2088569,"Gall et al. 2022, Figure 10A",v1,S2_SR_HARMONIZED_SCL_v1,174.87908007565008,-41.274821872944884,0.0381,0.0344,0.0074,0.005,0.0015,0.0039,0.0035,0.0015,2.0E-4,0.0011
hutt_20200713,COPERNICUS/S2_SR_HARMONIZED/20200712T222549_20200712T222545_T60GUV,2020-07-12 22:27:27,hutt_20200713_backgroundTrain_0,0,train,https://doi.org/10.1080/00288330.2022.2088569,"Gall et al. 2022, Figure 10A",v1,S2_SR_HARMONIZED_SCL_v1,174.88086986595383,-41.27485484591849,0.034,0.0356,0.0061,0.0052,0.0044,0.004,0.0031,0.0015,0.0018,0.0019
hutt_20200713,COPERNICUS/S2_SR_HARMONIZED/20200712T222549_20200712T222545_T60GUV,2020-07-12 22:27:27,hutt_20200713_backgroundTrain_0,0,train,https://doi.org/10.1080/00288330.2022.2088569,"Gall et al. 2022, Figure 10A",v1,S2_SR_HARMONIZED_SCL_v1,174.88206306114176,-41.274876812454885,0.037,0.0341,0.0084,0.0041,0.0036,0.0036,0.0037,0.0023,0.0012,0.0025
hutt_20200713,COPERNICUS/S2_SR_HARMONIZED/20200712T222549_20200712T222545_T60GUV,2020-07-12 22:27:27,hutt_20200713_backgroundTrain_0,0,train,https://doi.org/10.1080/00288330.2022.2088569,"Gall et al. 2022, Figure 10A",v1,S2_SR_HARMONIZED_SCL_v1,174.8844494554793,-41.27492070845712,0.0378,0.0304,0.0075,0.0041,0.0045,0.0054,0.0019,0.0015,0.0021,0.0024
hutt_20200713,COPERNICUS/S2_SR_HARMONIZED/20200712T222549_20200712T222545_T60GUV,2020-07-12 22:27:27,hutt_20200713_backgroundTrain_0,0,train,https://doi.org/10.1080/00288330.2022.2088569,"Gall et al. 2022, Figure 10A",v1,S2_SR_HARMONIZED_SCL_v1,174.88814837712974,-41.27498864957898,0.0376,0.0333,0.0082,0.002,0.0027,0.0025,0.0023,0.0011,0.0019,0.0024
hutt_20200713,COPERNICUS/S2_SR_HARMONIZED/20200712T222549_20200712T222545_T60GUV,2020-07-12 22:27:27,hutt_20200713_backgroundTrain_0,0,train,https://doi.org/10.1080/00288330.2022.2088569,"Gall et al. 2022, Figure 10A",v1,S2_SR_HARMONIZED_SCL_v1,174.88934158036312,-41.275010540738016,0.0382,0.0364,0.0067,0.0031,0.0031,0.0034,0.0038,0.0022,0.0014,0.0025
hutt_20200713,COPERNICUS/S2_SR_HARMONIZED/20200712T222549_20200712T222545_T60GUV,2020-07-12 22:27:27,hutt_20200713_backgroundTrain_0,0,train,https://doi.org/10.1080/00288330.2022.2088569,"Gall et al. 2022, Figure 10A",v1,S2_SR_HARMONIZED_SCL_v1,174.88969954158983,-41.2750171056761,0.0385,0.0311,0.0062,0.0042,0.0031,0.0034,0.004,0.0015,0.0018,0.003
hutt_20200713,COPERNICUS/S2_SR_HARMONIZED/20200712T222549_20200712T222545_T60GUV,2020-07-12 22:27:27,hutt_20200713_backgroundTrain_0,0,train,https://doi.org/10.1080/00288330.2022.2088569,"Gall et al. 2022, Figure 10A",v1,S2_SR_HARMONIZED_SCL_v1,174.8710827893484,-41.27476426999815,0.036,0.0332,0.0079,0.0044,1.0E-4,0.0032,0.0046,0.0012,8.0E-4,0.0022
hutt_20200713,COPERNICUS/S2_SR_HARMONIZED/20200712T222549_20200712T222545_T60GUV,2020-07-12 22:27:27,hutt_20200713_backgroundTrain_0,0,train,https://doi.org/10.1080/00288330.2022.2088569,"Gall et al. 2022, Figure 10A",v1,S2_SR_HARMONIZED_SCL_v1,174.87156006357557,-41.27477309865314,0.0378,0.035,0.007,0.0043,0.0038,0.0025,0.0036,0.0025,0.0014,0.0019
hutt_20200713,COPERNICUS/S2_SR_HARMONIZED/20200712T222549_20200712T222545_T60GUV,2020-07-12 22:27:27,hutt_20200713_backgroundTrain_0,0,train,https://doi.org/10.1080/00288330.2022.2088569,"Gall et al. 2022, Figure 10A",v1,S2_SR_HARMONIZED_SCL_v1,174.8738271190541,-41.27481500776528,0.04,0.0343,0.0082,0.004,0.0029,0.0032,0.0012,0.0013,0.001,0.001
hutt_20200713,COPERNICUS/S2_SR_HARMONIZED/20200712T222549_20200712T222545_T60GUV,2020-07-12 22:27:27,hutt_20200713_backgroundTrain_0,0,train,https://doi.org/10.1080/00288330.2022.2088569,"Gall et al. 2022, Figure 10A",v1,S2_SR_HARMONIZED_SCL_v1,174.87394643789617,-41.27481721227236,0.0389,0.0356,0.0062,0.004,0.0029,0.0032,9.0E-4,0.0013,0.001,0.001
hutt_20200713,COPERNICUS/S2_SR_HARMONIZED/20200712T222549_20200712T222545_T60GUV,2020-07-12 22:27:27,hutt_20200713_backgroundTrain_0,0,train,https://doi.org/10.1080/00288330.2022.2088569,"Gall et al. 2022, Figure 10A",v1,S2_SR_HARMONIZED_SCL_v1,174.8756169030765,-41.27484806239709,0.0403,0.034,0.0063,0.0053,0.0026,0.004,0.0018,0.0023,8.0E-4,7.0E-4
hutt_20200713,COPERNICUS/S2_SR_HARMONIZED/20200712T222549_20200712T222545_T60GUV,2020-07-12 22:27:27,hutt_20200713_backgroundTrain_0,0,train,https://doi.org/10.1080/00288330.2022.2088569,"Gall et al. 2022, Figure 10A",v1,S2_SR_HARMONIZED_SCL_v1,174.88003171640463,-41.274929478284086,0.0368,0.0367,0.0074,0.0031,0.0039,0.0033,0.0017,0.0023,0.0011,0.001
hutt_20200713,COPERNICUS/S2_SR_HARMONIZED/20200712T222549_20200712T222545_T60GUV,2020-07-12 22:27:27,hutt_20200713_backgroundTrain_0,0,train,https://doi.org/10.1080/00288330.2022.2088569,"Gall et al. 2022, Figure 10A",v1,S2_SR_HARMONIZED_SCL_v1,174.88050899460598,-41.27493826986905,0.038,0.0339,0.0081,0.006,0.004,0.0033,0.0025,1.0E-4,0.0026,0.0012
hutt_20200713,COPERNICUS/S2_SR_HARMONIZED/20200712T222549_20200712T222545_T60GUV,2020-07-12 22:27:27,hutt_20200713_backgroundTrain_0,0,train,https://doi.org/10.1080/00288330.2022.2088569,"Gall et al. 2022, Figure 10A",v1,S2_SR_HARMONIZED_SCL_v1,174.88098627301878,-41.274947059476915,0.0343,0.0344,0.0047,0.0049,0.0044,0.0043,0.002,0.0019,0.0018,0.0029
hutt_20200713,COPERNICUS/S2_SR_HARMONIZED/20200712T222549_20200712T222545_T60GUV,2020-07-12 22:27:27,hutt_20200713_backgroundTrain_0,0,train,https://doi.org/10.1080/00288330.2022.2088569,"Gall et al. 2022, Figure 10A",v1,S2_SR_HARMONIZED_SCL_v1,174.8819408304787,-41.27496463276135,0.0361,0.0358,0.0081,0.0063,0.003,0.0033,0.0031,0.0021,0.0017,0.0014
hutt_20200713,COPERNICUS/S2_SR_HARMONIZED/20200712T222549_20200712T222545_T60GUV,2020-07-12 22:27:27,hutt_20200713_backgroundTrain_0,0,train,https://doi.org/10.1080/00288330.2022.2088569,"Gall et al. 2022, Figure 10A",v1,S2_SR_HARMONIZED_SCL_v1,174.88337266825354,-41.27499097785976,0.038,0.0361,0.0068,0.0041,0.0049,0.0045,0.0022,0.0013,0.0012,0.0019
hutt_20200713,COPERNICUS/S2_SR_HARMONIZED/20200712T222549_20200712T222545_T60GUV,2020-07-12 22:27:27,hutt_20200713_backgroundTrain_0,0,train,https://doi.org/10.1080/00288330.2022.2088569,"Gall et al. 2022, Figure 10A",v1,S2_SR_HARMONIZED_SCL_v1,174.88480450792918,-41.275017305164184,0.0349,0.0337,0.0061,0.0045,0.0029,0.0037,0.0036,5.0E-4,0.0027,0.0019
hutt_20200713,COPERNICUS/S2_SR_HARMONIZED/20200712T222549_20200712T222545_T60GUV,2020-07-12 22:27:27,hutt_20200713_backgroundTrain_0,0,train,https://doi.org/10.1080/00288330.2022.2088569,"Gall et al. 2022, Figure 10A",v1,S2_SR_HARMONIZED_SCL_v1,174.8854011083547,-41.27502826962265,0.0361,0.0351,0.0058,0.0041,0.0013,0.0038,3.0E-4,0.001,0.0017,0.0036
hutt_20200713,COPERNICUS/S2_SR_HARMONIZED/20200712T222549_20200712T222545_T60GUV,2020-07-12 22:27:27,hutt_20200713_backgroundTrain_0,0,train,https://doi.org/10.1080/00288330.2022.2088569,"Gall et al. 2022, Figure 10A",v1,S2_SR_HARMONIZED_SCL_v1,174.8871909116091,-41.27506114446255,0.0375,0.0319,0.0048,0.0057,7.0E-4,0.0036,0.0033,0.001,0.0027,7.0E-4
hutt_20200713,COPERNICUS/S2_SR_HARMONIZED/20200712T222549_20200712T222545_T60GUV,2020-07-12 22:27:27,hutt_20200713_backgroundTrain_0,0,train,https://doi.org/10.1080/00288330.2022.2088569,"Gall et al. 2022, Figure 10A",v1,S2_SR_HARMONIZED_SCL_v1,174.8873102319315,-41.27506333512997,0.0372,0.0336,0.0059,0.0057,7.0E-4,0.0036,0.0027,0.001,0.0027,7.0E-4
hutt_20200713,COPERNICUS/S2_SR_HARMONIZED/20200712T222549_20200712T222545_T60GUV,2020-07-12 22:27:27,hutt_20200713_backgroundTrain_0,0,train,https://doi.org/10.1080/00288330.2022.2088569,"Gall et al. 2022, Figure 10A",v1,S2_SR_HARMONIZED_SCL_v1,174.88826479498496,-41.27508085602087,0.034,0.0319,0.008,0.003,0.0025,0.0028,0.0015,0.0015,0.0021,0.0019
hutt_20200713,COPERNICUS/S2_SR_HARMONIZED/20200712T222549_20200712T222545_T60GUV,2020-07-12 22:27:27,hutt_20200713_backgroundTrain_0,0,train,https://doi.org/10.1080/00288330.2022.2088569,"Gall et al. 2022, Figure 10A",v1,S2_SR_HARMONIZED_SCL_v1,174.89041256493636,-41.27512024910978,0.0336,0.0364,0.0061,0.0049,0.0022,0.0015,0.0035,0.0013,0.002,0.0029
hutt_20200713,COPERNICUS/S2_SR_HARMONIZED/20200712T222549_20200712T222545_T60GUV,2020-07-12 22:27:27,hutt_20200713_backgroundTrain_0,0,train,https://doi.org/10.1080/00288330.2022.2088569,"Gall et al. 2022, Figure 10A",v1,S2_SR_HARMONIZED_SCL_v1,174.8910091684573,-41.27513118452912,0.0349,0.0332,0.0059,0.0042,0.0026,0.0012,0.0035,0.0024,0.0032,0.0048
hutt_20200713,COPERNICUS/S2_SR_HARMONIZED/20200712T222549_20200712T222545_T60GUV,2020-07-12 22:27:27,hutt_20200713_backgroundTrain_0,0,train,https://doi.org/10.1080/00288330.2022.2088569,"Gall et al. 2022, Figure 10A",v1,S2_SR_HARMONIZED_SCL_v1,174.8704832700506,-41.27484324713617,0.0396,0.0364,0.0077,0.0068,0.0048,0.0043,0.0031,0.0022,0.0022,0.0022
hutt_20200713,COPERNICUS/S2_SR_HARMONIZED/20200712T222549_20200712T222545_T60GUV,2020-07-12 22:27:27,hutt_20200713_backgroundTrain_0,0,train,https://doi.org/10.1080/00288330.2022.2088569,"Gall et al. 2022, Figure 10A",v1,S2_SR_HARMONIZED_SCL_v1,174.8706025886848,-41.27484545511004,0.0375,0.032,0.0095,0.0068,0.0048,0.0043,0.0023,0.0022,0.0022,0.0022
hutt_20200713,COPERNICUS/S2_SR_HARMONIZED/20200712T222549_20200712T222545_T60GUV,2020-07-12 22:27:27,hutt_20200713_backgroundTrain_0,0,train,https://doi.org/10.1080/00288330.2022.2088569,"Gall et al. 2022, Figure 10A",v1,S2_SR_HARMONIZED_SCL_v1,174.870960544667,-41.274852078290266,0.0454,0.0364,0.0074,0.0044,1.0E-4,0.0032,0.0036,0.0012,8.0E-4,0.0022
hutt_20200713,COPERNICUS/S2_SR_HARMONIZED/20200712T222549_20200712T222545_T60GUV,2020-07-12 22:27:27,hutt_20200713_backgroundTrain_0,0,train,https://doi.org/10.1080/00288330.2022.2088569,"Gall et al. 2022, Figure 10A",v1,S2_SR_HARMONIZED_SCL_v1,174.87107986335428,-41.27485428576988,0.0379,0.0332,0.0067,0.0044,1.0E-4,0.0032,0.0035,0.0012,8.0E-4,0.0022
hutt_20200713,COPERNICUS/S2_SR_HARMONIZED/20200712T222549_20200712T222545_T60GUV,2020-07-12 22:27:27,hutt_20200713_backgroundTrain_0,0,train,https://doi.org/10.1080/00288330.2022.2088569,"Gall et al. 2022, Figure 10A",v1,S2_SR_HARMONIZED_SCL_v1,174.87143781949584,-41.274860907467314,0.0387,0.0373,0.0062,0.0043,0.0038,0.0025,0.0029,0.0025,0.0014,0.0019
hutt_20200713,COPERNICUS/S2_SR_HARMONIZED/20200712T222549_20200712T222545_T60GUV,2020-07-12 22:27:27,hutt_20200713_backgroundTrain_0,0,train,https://doi.org/10.1080/00288330.2022.2088569,"Gall et al. 2022, Figure 10A",v1,S2_SR_HARMONIZED_SCL_v1,174.87239236979062,-41.274878559890254,0.0396,0.0381,0.0108,0.0053,0.0052,0.0055,0.0033,0.001,0.0025,0.0026
hutt_20200713,COPERNICUS/S2_SR_HARMONIZED/20200712T222549_20200712T222545_T60GUV,2020-07-12 22:27:27,hutt_20200713_backgroundTrain_0,0,train,https://doi.org/10.1080/00288330.2022.2088569,"Gall et al. 2022, Figure 10A",v1,S2_SR_HARMONIZED_SCL_v1,174.87275032637015,-41.274885177510015,0.0413,0.0342,0.0098,0.0058,0.0043,0.0037,0.0024,0.001,7.0E-4,0.0044
hutt_20200713,COPERNICUS/S2_SR_HARMONIZED/20200712T222549_20200712T222545_T60GUV,2020-07-12 22:27:27,hutt_20200713_backgroundTrain_0,0,train,https://doi.org/10.1080/00288330.2022.2088569,"Gall et al. 2022, Figure 10A",v1,S2_SR_HARMONIZED_SCL_v1,174.87358555885325,-41.27490061429798,0.0379,0.0351,0.0077,0.0056,0.0036,0.0037,0.0018,0.0012,0.0017,7.0E-4
hutt_20200713,COPERNICUS/S2_SR_HARMONIZED/20200712T222549_20200712T222545_T60GUV,2020-07-12 22:27:27,hutt_20200713_backgroundTrain_0,0,train,https://doi.org/10.1080/00288330.2022.2088569,"Gall et al. 2022, Figure 10A",v1,S2_SR_HARMONIZED_SCL_v1,174.8780003699095,-41.27498210816523,0.0421,0.0332,0.0068,0.0039,0.003,0.005,0.0014,0.0012,0.0017,0.0041
hutt_20200713,COPERNICUS/S2_SR_HARMONIZED/20200712T222549_20200712T222545_T60GUV,2020-07-12 22:27:27,hutt_20200713_backgroundTrain_0,0,train,https://doi.org/10.1080/00288330.2022.2088569,"Gall et al. 2022, Figure 10A",v1,S2_SR_HARMONIZED_SCL_v1,174.8791935651983,-41.27500410449639,0.0408,0.0351,0.0082,0.003,0.0031,7.0E-4,0.0036,0.0011,0.0029,0.0026
hutt_20200713,COPERNICUS/S2_SR_HARMONIZED/20200712T222549_20200712T222545_T60GUV,2020-07-12 22:27:27,hutt_20200713_backgroundTrain_0,0,train,https://doi.org/10.1080/00288330.2022.2088569,"Gall et al. 2022, Figure 10A",v1,S2_SR_HARMONIZED_SCL_v1,174.88062540129067,-41.275030483782764,0.0395,0.034,0.0059,0.006,0.004,0.0033,0.0025,1.0E-4,0.0026,0.0012
hutt_20200713,COPERNICUS/S2_SR_HARMONIZED/20200712T222549_20200712T222545_T60GUV,2020-07-12 22:27:27,hutt_20200713_backgroundTrain_0,0,train,https://doi.org/10.1080/00288330.2022.2088569,"Gall et al. 2022, Figure 10A",v1,S2_SR_HARMONIZED_SCL_v1,174.88086404082446,-41.27503487860053,0.0359,0.0346,0.0061,0.0057,0.0044,0.0038,0.0017,1.0E-4,8.0E-4,0.0016
hutt_20200713,COPERNICUS/S2_SR_HARMONIZED/20200712T222549_20200712T222545_T60GUV,2020-07-12 22:27:27,hutt_20200713_backgroundTrain_0,0,train,https://doi.org/10.1080/00288330.2022.2088569,"Gall et al. 2022, Figure 10A",v1,S2_SR_HARMONIZED_SCL_v1,174.88193791938068,-41.27505464916383,0.0389,0.0356,0.0078,0.0063,0.003,0.0033,0.0019,0.0021,0.0017,0.0014
hutt_20200713,COPERNICUS/S2_SR_HARMONIZED/20200712T222549_20200712T222545_T60GUV,2020-07-12 22:27:27,hutt_20200713_backgroundTrain_0,0,train,https://doi.org/10.1080/00288330.2022.2088569,"Gall et al. 2022, Figure 10A",v1,S2_SR_HARMONIZED_SCL_v1,174.88277315899745,-41.27507001934873,0.0336,0.0346,0.0065,0.0028,0.0025,0.0032,0.0037,0.0012,0.0022,0.003
hutt_20200713,COPERNICUS/S2_SR_HARMONIZED/20200712T222549_20200712T222545_T60GUV,2020-07-12 22:27:27,hutt_20200713_backgroundTrain_0,0,train,https://doi.org/10.1080/00288330.2022.2088569,"Gall et al. 2022, Figure 10A",v1,S2_SR_HARMONIZED_SCL_v1,174.88504024121792,-41.27511170790037,0.0369,0.0321,0.0077,0.0046,0.0024,0.0051,0.0018,0.001,0.0019,0.0019
hutt_20200713,COPERNICUS/S2_SR_HARMONIZED/20200712T222549_20200712T222545_T60GUV,2020-07-12 22:27:27,hutt_20200713_backgroundTrain_0,0,train,https://doi.org/10.1080/00288330.2022.2088569,"Gall et al. 2022, Figure 10A",v1,S2_SR_HARMONIZED_SCL_v1,174.8853982020039,-41.27511828622545,0.0346,0.0356,0.0054,0.0041,0.0013,0.0038,0.0015,0.001,0.0017,0.0036
hutt_20200713,COPERNICUS/S2_SR_HARMONIZED/20200712T222549_20200712T222545_T60GUV,2020-07-12 22:27:27,hutt_20200713_backgroundTrain_0,0,train,https://doi.org/10.1080/00288330.2022.2088569,"Gall et al. 2022, Figure 10A",v1,S2_SR_HARMONIZED_SCL_v1,174.88730732819988,-41.27515335184316,0.0378,0.0319,0.0066,0.0057,7.0E-4,0.0036,0.004,0.001,0.0027,7.0E-4
hutt_20200713,COPERNICUS/S2_SR_HARMONIZED/20200712T222549_20200712T222545_T60GUV,2020-07-12 22:27:27,hutt_20200713_backgroundTrain_0,0,train,https://doi.org/10.1080/00288330.2022.2088569,"Gall et al. 2022, Figure 10A",v1,S2_SR_HARMONIZED_SCL_v1,174.8875459692116,-41.2751577328211,0.0349,0.0336,0.0098,0.0056,1.0E-4,0.0051,0.0036,0.0013,0.0022,0.0029
hutt_20200713,COPERNICUS/S2_SR_HARMONIZED/20200712T222549_20200712T222545_T60GUV,2020-07-12 22:27:27,hutt_20200713_backgroundTrain_0,0,train,https://doi.org/10.1080/00288330.2022.2088569,"Gall et al. 2022, Figure 10A",v1,S2_SR_HARMONIZED_SCL_v1,174.8886198544164,-41.27517744110506,0.03,0.0313,0.008,0.0045,0.0026,0.0039,0.0014,0.0011,7.0E-4,0.0027
hutt_20200713,COPERNICUS/S2_SR_HARMONIZED/20200712T222549_20200712T222545_T60GUV,2020-07-12 22:27:27,hutt_20200713_backgroundTrain_0,0,train,https://doi.org/10.1080/00288330.2022.2088569,"Gall et al. 2022, Figure 10A",v1,S2_SR_HARMONIZED_SCL_v1,174.8905289863025,-41.275212453340025,0.0336,0.0329,0.0072,0.0036,0.003,0.0018,0.0022,0.0011,0.0019,0.0026
hutt_20200713,COPERNICUS/S2_SR_HARMONIZED/20200712T222549_20200712T222545_T60GUV,2020-07-12 22:27:27,hutt_20200713_backgroundTrain_0,0,train,https://doi.org/10.1080/00288330.2022.2088569,"Gall et al. 2022, Figure 10A",v1,S2_SR_HARMONIZED_SCL_v1,174.89088694890617,-41.27521901461228,0.0319,0.0327,0.0051,0.0042,0.0031,0.003,0.0023,1.0E-4,0.0021,0.0046
hutt_20200713,COPERNICUS/S2_SR_HARMONIZED/20200712T222549_20200712T222545_T60GUV,2020-07-12 22:27:27,hutt_20200713_backgroundTrain_0,0,train,https://doi.org/10.1080/00288330.2022.2088569,"Gall et al. 2022, Figure 10A",v1,S2_SR_HARMONIZED_SCL_v1,174.8914835535087,-41.27522994759461,0.0325,0.0355,0.0068,0.0032,0.0036,0.0058,0.0028,0.0017,0.0018,0.0021
hutt_20200713,COPERNICUS/S2_SR_HARMONIZED/20200712T222549_20200712T222545_T60GUV,2020-07-12 22:27:27,hutt_20200713_backgroundTrain_0,0,train,https://doi.org/10.1080/00288330.2022.2088569,"Gall et al. 2022, Figure 10A",v1,S2_SR_HARMONIZED_SCL_v1,174.8711962562112,-41.27494650890302,0.0389,0.0378,0.0083,0.005,0.0059,0.0044,0.0028,0.0016,7.0E-4,0.0029
hutt_20200713,COPERNICUS/S2_SR_HARMONIZED/20200712T222549_20200712T222545_T60GUV,2020-07-12 22:27:27,hutt_20200713_backgroundTrain_0,0,train,https://doi.org/10.1080/00288330.2022.2088569,"Gall et al. 2022, Figure 10A",v1,S2_SR_HARMONIZED_SCL_v1,174.8735826362834,-41.27499063021396,0.0407,0.0337,0.0083,0.0039,0.0023,0.0044,0.002,0.0013,0.0011,2.0E-4
hutt_20200713,COPERNICUS/S2_SR_HARMONIZED/20200712T222549_20200712T222545_T60GUV,2020-07-12 22:27:27,hutt_20200713_backgroundTrain_0,0,train,https://doi.org/10.1080/00288330.2022.2088569,"Gall et al. 2022, Figure 10A",v1,S2_SR_HARMONIZED_SCL_v1,174.87477582830903,-41.27501267233444,0.0388,0.0339,0.0052,0.0061,0.0027,0.0051,0.0018,0.0022,0.0018,0.0011
hutt_20200713,COPERNICUS/S2_SR_HARMONIZED/20200712T222549_20200712T222545_T60GUV,2020-07-12 22:27:27,hutt_20200713_backgroundTrain_0,0,train,https://doi.org/10.1080/00288330.2022.2088569,"Gall et al. 2022, Figure 10A",v1,S2_SR_HARMONIZED_SCL_v1,174.87692357729458,-41.27505231701232,0.0388,0.0358,0.0074,0.0021,0.0026,0.0036,0.002,0.0011,0.002,0.0026
hutt_20200713,COPERNICUS/S2_SR_HARMONIZED/20200712T222549_20200712T222545_T60GUV,2020-07-12 22:27:27,hutt_20200713_backgroundTrain_0,0,train,https://doi.org/10.1080/00288330.2022.2088569,"Gall et al. 2022, Figure 10A",v1,S2_SR_HARMONIZED_SCL_v1,174.8782360926756,-41.27507652460639,0.0369,0.0367,0.0063,0.0045,0.0031,0.0035,0.0045,0.0016,0.001,0.0015
hutt_20200713,COPERNICUS/S2_SR_HARMONIZED/20200712T222549_20200712T222545_T60GUV,2020-07-12 22:27:27,hutt_20200713_backgroundTrain_0,0,train,https://doi.org/10.1080/00288330.2022.2088569,"Gall et al. 2022, Figure 10A",v1,S2_SR_HARMONIZED_SCL_v1,174.87907133056996,-41.27509192165419,0.0389,0.0362,0.0066,0.0058,0.0031,0.0014,0.0025,0.0013,9.0E-4,0.0029
hutt_20200713,COPERNICUS/S2_SR_HARMONIZED/20200712T222549_20200712T222545_T60GUV,2020-07-12 22:27:27,hutt_20200713_backgroundTrain_0,0,train,https://doi.org/10.1080/00288330.2022.2088569,"Gall et al. 2022, Figure 10A",v1,S2_SR_HARMONIZED_SCL_v1,174.8793099700874,-41.275096319698584,0.0408,0.0337,0.007,0.007,0.0025,0.0026,0.003,0.0013,1.0E-4,0.0036
hutt_20200713,COPERNICUS/S2_SR_HARMONIZED/20200712T222549_20200712T222545_T60GUV,2020-07-12 22:27:27,hutt_20200713_backgroundTrain_0,0,train,https://doi.org/10.1080/00288330.2022.2088569,"Gall et al. 2022, Figure 10A",v1,S2_SR_HARMONIZED_SCL_v1,174.88265092888352,-41.27515784042111,0.0349,0.0333,0.0065,0.005,0.0011,0.005,0.0049,0.002,0.0022,0.0029
hutt_20200713,COPERNICUS/S2_SR_HARMONIZED/20200712T222549_20200712T222545_T60GUV,2020-07-12 22:27:27,hutt_20200713_backgroundTrain_0,0,train,https://doi.org/10.1080/00288330.2022.2088569,"Gall et al. 2022, Figure 10A",v1,S2_SR_HARMONIZED_SCL_v1,174.88277024903212,-41.27516003579802,0.0364,0.0344,0.0068,0.005,0.0011,0.005,0.0017,0.002,0.0022,0.0029
hutt_20200713,COPERNICUS/S2_SR_HARMONIZED/20200712T222549_20200712T222545_T60GUV,2020-07-12 22:27:27,hutt_20200713_backgroundTrain_0,0,train,https://doi.org/10.1080/00288330.2022.2088569,"Gall et al. 2022, Figure 10A",v1,S2_SR_HARMONIZED_SCL_v1,174.8838441309633,-41.2751797886295,0.0343,0.0325,0.0068,0.0057,0.0026,0.0027,0.0036,5.0E-4,8.0E-4,0.0019
hutt_20200713,COPERNICUS/S2_SR_HARMONIZED/20200712T222549_20200712T222545_T60GUV,2020-07-12 22:27:27,hutt_20200713_backgroundTrain_0,0,train,https://doi.org/10.1080/00288330.2022.2088569,"Gall et al. 2022, Figure 10A",v1,S2_SR_HARMONIZED_SCL_v1,174.8843214121648,-41.275188564452904,0.0349,0.0356,0.0043,0.0032,0.0034,0.0045,0.0012,0.0013,0.002,0.0029
hutt_20200713,COPERNICUS/S2_SR_HARMONIZED/20200712T222549_20200712T222545_T60GUV,2020-07-12 22:27:27,hutt_20200713_backgroundTrain_0,0,train,https://doi.org/10.1080/00288330.2022.2088569,"Gall et al. 2022, Figure 10A",v1,S2_SR_HARMONIZED_SCL_v1,174.88790102790168,-41.27525432010731,0.037,0.0313,0.0059,0.0041,0.0022,0.0012,0.0038,0.0019,0.0021,0.0017
hutt_20200713,COPERNICUS/S2_SR_HARMONIZED/20200712T222549_20200712T222545_T60GUV,2020-07-12 22:27:27,hutt_20200713_backgroundTrain_0,0,train,https://doi.org/10.1080/00288330.2022.2088569,"Gall et al. 2022, Figure 10A",v1,S2_SR_HARMONIZED_SCL_v1,174.8884976316776,-41.275265268570564,0.0336,0.0343,0.0068,0.0061,0.0026,0.0018,0.0033,6.0E-4,0.0019,0.001
hutt_20200713,COPERNICUS/S2_SR_HARMONIZED/20200712T222549_20200712T222545_T60GUV,2020-07-12 22:27:27,hutt_20200713_backgroundTrain_0,0,train,https://doi.org/10.1080/00288330.2022.2088569,"Gall et al. 2022, Figure 10A",v1,S2_SR_HARMONIZED_SCL_v1,174.88981016114332,-41.275289344315404,0.0355,0.034,0.0054,0.0047,0.0055,0.0028,0.0018,0.0025,8.0E-4,0.002
hutt_20200713,COPERNICUS/S2_SR_HARMONIZED/20200712T222549_20200712T222545_T60GUV,2020-07-12 22:27:27,hutt_20200713_backgroundTrain_0,0,train,https://doi.org/10.1080/00288330.2022.2088569,"Gall et al. 2022, Figure 10A",v1,S2_SR_HARMONIZED_SCL_v1,174.89004880303546,-41.275293720117126,0.037,0.0343,0.0063,0.0034,0.0039,0.0034,0.0019,0.0025,7.0E-4,0.0022
hutt_20200713,COPERNICUS/S2_SR_HARMONIZED/20200712T222549_20200712T222545_T60GUV,2020-07-12 22:27:27,hutt_20200713_backgroundTrain_0,0,train,https://doi.org/10.1080/00288330.2022.2088569,"Gall et al. 2022, Figure 10A",v1,S2_SR_HARMONIZED_SCL_v1,174.8906454079961,-41.275304657458896,0.0362,0.035,0.0074,0.0046,0.003,0.0024,0.0014,0.0011,0.0021,0.0037
hutt_20200713,COPERNICUS/S2_SR_HARMONIZED/20200712T222549_20200712T222545_T60GUV,2020-07-12 22:27:27,hutt_20200713_backgroundTrain_0,0,train,https://doi.org/10.1080/00288330.2022.2088569,"Gall et al. 2022, Figure 10A",v1,S2_SR_HARMONIZED_SCL_v1,174.87238652136384,-41.2750585915818,0.0406,0.0364,0.0102,0.0045,0.0046,0.0049,0.0018,0.0011,0.0011,0.0011
hutt_20200713,COPERNICUS/S2_SR_HARMONIZED/20200712T222549_20200712T222545_T60GUV,2020-07-12 22:27:27,hutt_20200713_backgroundTrain_0,0,train,https://doi.org/10.1080/00288330.2022.2088569,"Gall et al. 2022, Figure 10A",v1,S2_SR_HARMONIZED_SCL_v1,174.872625159725,-41.27506300347965,0.0389,0.0336,0.0083,0.0065,0.0023,0.0032,0.0042,0.0013,0.0018,0.0034
hutt_20200713,COPERNICUS/S2_SR_HARMONIZED/20200712T222549_20200712T222545_T60GUV,2020-07-12 22:27:27,hutt_20200713_backgroundTrain_0,0,train,https://doi.org/10.1080/00288330.2022.2088569,"Gall et al. 2022, Figure 10A",v1,S2_SR_HARMONIZED_SCL_v1,174.87417631036584,-41.2750916687679,0.0339,0.0329,0.0065,0.0056,0.0043,0.0056,1.0E-4,0.0045,0.0019,5.0E-4
hutt_20200713,COPERNICUS/S2_SR_HARMONIZED/20200712T222549_20200712T222545_T60GUV,2020-07-12 22:27:27,hutt_20200713_backgroundTrain_0,0,train,https://doi.org/10.1080/00288330.2022.2088569,"Gall et al. 2022, Figure 10A",v1,S2_SR_HARMONIZED_SCL_v1,174.8745342685243,-41.275098280868804,0.037,0.0322,0.0071,0.0054,0.0026,0.0037,0.0031,0.0027,0.0026,0.002
hutt_20200713,COPERNICUS/S2_SR_HARMONIZED/20200712T222549_20200712T222545_T60GUV,2020-07-12 22:27:27,hutt_20200713_backgroundTrain_0,0,train,https://doi.org/10.1080/00288330.2022.2088569,"Gall et al. 2022, Figure 10A",v1,S2_SR_HARMONIZED_SCL_v1,174.87513086572008,-41.275109298565624,0.037,0.0355,0.0061,0.0047,0.0025,0.0032,0.0028,2.0E-4,0.0022,0.0016
hutt_20200713,COPERNICUS/S2_SR_HARMONIZED/20200712T222549_20200712T222545_T60GUV,2020-07-12 22:27:27,hutt_20200713_backgroundTrain_0,0,train,https://doi.org/10.1080/00288330.2022.2088569,"Gall et al. 2022, Figure 10A",v1,S2_SR_HARMONIZED_SCL_v1,174.8754888241966,-41.27511590770091,0.0383,0.0337,0.0077,0.0046,0.0038,0.0052,0.0023,4.0E-4,0.001,8.0E-4
hutt_20200713,COPERNICUS/S2_SR_HARMONIZED/20200712T222549_20200712T222545_T60GUV,2020-07-12 22:27:27,hutt_20200713_backgroundTrain_0,0,train,https://doi.org/10.1080/00288330.2022.2088569,"Gall et al. 2022, Figure 10A",v1,S2_SR_HARMONIZED_SCL_v1,174.87560814371528,-41.27511811049886,0.037,0.0343,0.0061,0.0046,0.0038,0.0052,9.0E-4,4.0E-4,0.001,8.0E-4
hutt_20200713,COPERNICUS/S2_SR_HARMONIZED/20200712T222549_20200712T222545_T60GUV,2020-07-12 22:27:27,hutt_20200713_backgroundTrain_0,0,train,https://doi.org/10.1080/00288330.2022.2088569,"Gall et al. 2022, Figure 10A",v1,S2_SR_HARMONIZED_SCL_v1,174.8763240611055,-41.275131324691685,0.0354,0.037,0.0074,0.0054,0.0026,0.004,0.0033,1.0E-4,0.0016,0.0022
hutt_20200713,COPERNICUS/S2_SR_HARMONIZED/20200712T222549_20200712T222545_T60GUV,2020-07-12 22:27:27,hutt_20200713_backgroundTrain_0,0,train,https://doi.org/10.1080/00288330.2022.2088569,"Gall et al. 2022, Figure 10A",v1,S2_SR_HARMONIZED_SCL_v1,174.87775589731612,-41.275157739731966,0.0396,0.0343,0.0084,0.0047,0.0041,0.0032,0.0035,0.0024,0.0021,0.0025
hutt_20200713,COPERNICUS/S2_SR_HARMONIZED/20200712T222549_20200712T222545_T60GUV,2020-07-12 22:27:27,hutt_20200713_backgroundTrain_0,0,train,https://doi.org/10.1080/00288330.2022.2088569,"Gall et al. 2022, Figure 10A",v1,S2_SR_HARMONIZED_SCL_v1,174.87871045584876,-41.27517533987333,0.0403,0.0358,0.0097,0.0057,0.0029,0.002,0.0036,0.0012,1.0E-4,0.0024
hutt_20200713,COPERNICUS/S2_SR_HARMONIZED/20200712T222549_20200712T222545_T60GUV,2020-07-12 22:27:27,hutt_20200713_backgroundTrain_0,0,train,https://doi.org/10.1080/00288330.2022.2088569,"Gall et al. 2022, Figure 10A",v1,S2_SR_HARMONIZED_SCL_v1,174.88026161526992,-41.27520392323589,0.0408,0.037,0.0087,0.0049,0.0021,0.0033,0.0037,0.0034,9.0E-4,0.0019
hutt_20200713,COPERNICUS/S2_SR_HARMONIZED/20200712T222549_20200712T222545_T60GUV,2020-07-12 22:27:27,hutt_20200713_backgroundTrain_0,0,train,https://doi.org/10.1080/00288330.2022.2088569,"Gall et al. 2022, Figure 10A",v1,S2_SR_HARMONIZED_SCL_v1,174.88276733905354,-41.27525005224571,0.0404,0.0368,0.0085,0.005,0.0011,0.005,5.0E-4,0.002,0.0022,0.0029
hutt_20200713,COPERNICUS/S2_SR_HARMONIZED/20200712T222549_20200712T222545_T60GUV,2020-07-12 22:27:27,hutt_20200713_backgroundTrain_0,0,train,https://doi.org/10.1080/00288330.2022.2088569,"Gall et al. 2022, Figure 10A",v1,S2_SR_HARMONIZED_SCL_v1,174.8830059797177,-41.275254442642634,0.0364,0.0358,0.008,0.003,0.0027,0.0012,0.0022,0.0027,0.0014,0.0022
hutt_20200713,COPERNICUS/S2_SR_HARMONIZED/20200712T222549_20200712T222545_T60GUV,2020-07-12 22:27:27,hutt_20200713_backgroundTrain_0,0,train,https://doi.org/10.1080/00288330.2022.2088569,"Gall et al. 2022, Figure 10A",v1,S2_SR_HARMONIZED_SCL_v1,174.88336394081293,-41.27526102731123,0.0409,0.0336,0.0067,0.0048,0.0036,0.003,0.0017,0.0033,0.0021,0.0021
hutt_20200713,COPERNICUS/S2_SR_HARMONIZED/20200712T222549_20200712T222545_T60GUV,2020-07-12 22:27:27,hutt_20200713_backgroundTrain_0,0,train,https://doi.org/10.1080/00288330.2022.2088569,"Gall et al. 2022, Figure 10A",v1,S2_SR_HARMONIZED_SCL_v1,174.88396054290232,-41.2752719992875,0.033,0.0305,0.0065,0.0057,0.0026,0.0027,0.0035,5.0E-4,8.0E-4,0.0019
hutt_20200713,COPERNICUS/S2_SR_HARMONIZED/20200712T222549_20200712T222545_T60GUV,2020-07-12 22:27:27,hutt_20200713_backgroundTrain_0,0,train,https://doi.org/10.1080/00288330.2022.2088569,"Gall et al. 2022, Figure 10A",v1,S2_SR_HARMONIZED_SCL_v1,174.88467646584505,-41.275285161581174,0.038,0.0333,0.0058,0.0016,0.0026,0.0033,0.0017,0.0018,0.002,0.001
hutt_20200713,COPERNICUS/S2_SR_HARMONIZED/20200712T222549_20200712T222545_T60GUV,2020-07-12 22:27:27,hutt_20200713_backgroundTrain_0,0,train,https://doi.org/10.1080/00288330.2022.2088569,"Gall et al. 2022, Figure 10A",v1,S2_SR_HARMONIZED_SCL_v1,174.88527306866015,-41.27529612676105,0.0346,0.0346,0.0072,0.0045,0.003,0.0052,0.0019,0.0022,0.0026,0.0011
hutt_20200713,COPERNICUS/S2_SR_HARMONIZED/20200712T222549_20200712T222545_T60GUV,2020-07-12 22:27:27,hutt_20200713_backgroundTrain_0,0,train,https://doi.org/10.1080/00288330.2022.2088569,"Gall et al. 2022, Figure 10A",v1,S2_SR_HARMONIZED_SCL_v1,174.88586967180495,-41.27530708885165,0.038,0.0319,0.0074,0.0063,0.0015,0.0032,0.0035,0.0013,0.0019,0.0016
hutt_20200713,COPERNICUS/S2_SR_HARMONIZED/20200712T222549_20200712T222545_T60GUV,2020-07-12 22:27:27,hutt_20200713_backgroundTrain_0,0,train,https://doi.org/10.1080/00288330.2022.2088569,"Gall et al. 2022, Figure 10A",v1,S2_SR_HARMONIZED_SCL_v1,174.8870628790833,-41.27532900376499,0.0376,0.03,0.0057,0.0057,0.0033,0.0049,0.0019,0.0025,0.0018,0.001
hutt_20200713,COPERNICUS/S2_SR_HARMONIZED/20200712T222549_20200712T222545_T60GUV,2020-07-12 22:27:27,hutt_20200713_backgroundTrain_0,0,train,https://doi.org/10.1080/00288330.2022.2088569,"Gall et al. 2022, Figure 10A",v1,S2_SR_HARMONIZED_SCL_v1,174.88754016236362,-41.27533776627032,0.038,0.0329,0.0054,0.0064,0.0034,0.0051,0.0033,0.0011,0.0019,0.002
hutt_20200713,COPERNICUS/S2_SR_HARMONIZED/20200712T222549_20200712T222545_T60GUV,2020-07-12 22:27:27,hutt_20200713_backgroundTrain_0,0,train,https://doi.org/10.1080/00288330.2022.2088569,"Gall et al. 2022, Figure 10A",v1,S2_SR_HARMONIZED_SCL_v1,174.88825608767937,-41.27535090632116,0.038,0.0328,0.0063,0.0038,0.0031,0.0013,0.0036,0.0029,0.0016,0.0024
hutt_20200713,COPERNICUS/S2_SR_HARMONIZED/20200712T222549_20200712T222545_T60GUV,2020-07-12 22:27:27,hutt_20200713_backgroundTrain_0,0,train,https://doi.org/10.1080/00288330.2022.2088569,"Gall et al. 2022, Figure 10A",v1,S2_SR_HARMONIZED_SCL_v1,174.8892106555045,-41.27536841946892,0.0356,0.0311,0.0061,0.0043,0.0024,0.0036,0.0045,0.003,1.0E-4,0.0031
hutt_20200713,COPERNICUS/S2_SR_HARMONIZED/20200712T222549_20200712T222545_T60GUV,2020-07-12 22:27:27,hutt_20200713_backgroundTrain_0,0,train,https://doi.org/10.1080/00288330.2022.2088569,"Gall et al. 2022, Figure 10A",v1,S2_SR_HARMONIZED_SCL_v1,174.88956861865614,-41.275374984860385,0.0355,0.0351,0.0058,0.0047,0.0032,0.0013,0.0037,9.0E-4,9.0E-4,0.0024
hutt_20200713,COPERNICUS/S2_SR_HARMONIZED/20200712T222549_20200712T222545_T60GUV,2020-07-12 22:27:27,hutt_20200713_backgroundTrain_0,0,train,https://doi.org/10.1080/00288330.2022.2088569,"Gall et al. 2022, Figure 10A",v1,S2_SR_HARMONIZED_SCL_v1,174.8901652241721,-41.27538592470804,0.0362,0.0299,0.0061,0.0034,0.0039,0.0034,0.004,0.0025,7.0E-4,0.0022
hutt_20200713,COPERNICUS/S2_SR_HARMONIZED/20200712T222549_20200712T222545_T60GUV,2020-07-12 22:27:27,hutt_20200713_backgroundTrain_0,0,train,https://doi.org/10.1080/00288330.2022.2088569,"Gall et al. 2022, Figure 10A",v1,S2_SR_HARMONIZED_SCL_v1,174.8702358513226,-41.27510887797747,0.0389,0.0377,0.0089,0.0054,0.0026,0.0027,0.0047,4.0E-4,0.0021,0.0026
hutt_20200713,COPERNICUS/S2_SR_HARMONIZED/20200712T222549_20200712T222545_T60GUV,2020-07-12 22:27:27,hutt_20200713_backgroundTrain_0,0,train,https://doi.org/10.1080/00288330.2022.2088569,"Gall et al. 2022, Figure 10A",v1,S2_SR_HARMONIZED_SCL_v1,174.87107108529236,-41.275124333075574,0.0383,0.0355,0.007,0.0049,0.0021,0.0033,9.0E-4,0.0032,0.0027,0.0019
hutt_20200713,COPERNICUS/S2_SR_HARMONIZED/20200712T222549_20200712T222545_T60GUV,2020-07-12 22:27:27,hutt_20200713_backgroundTrain_0,0,train,https://doi.org/10.1080/00288330.2022.2088569,"Gall et al. 2022, Figure 10A",v1,S2_SR_HARMONIZED_SCL_v1,174.87154836213858,-41.275133161841744,0.042,0.0371,0.0081,0.0064,0.0045,0.004,0.0035,0.0019,0.002,1.0E-4
hutt_20200713,COPERNICUS/S2_SR_HARMONIZED/20200712T222549_20200712T222545_T60GUV,2020-07-12 22:27:27,hutt_20200713_backgroundTrain_0,0,train,https://doi.org/10.1080/00288330.2022.2088569,"Gall et al. 2022, Figure 10A",v1,S2_SR_HARMONIZED_SCL_v1,174.87441202767437,-41.27518609292014,0.0379,0.0356,0.0061,0.0061,0.0025,0.0039,0.005,5.0E-4,0.0032,0.0017
hutt_20200713,COPERNICUS/S2_SR_HARMONIZED/20200712T222549_20200712T222545_T60GUV,2020-07-12 22:27:27,hutt_20200713_backgroundTrain_0,0,train,https://doi.org/10.1080/00288330.2022.2088569,"Gall et al. 2022, Figure 10A",v1,S2_SR_HARMONIZED_SCL_v1,174.87584386330616,-41.27521253176871,0.038,0.0322,0.0059,0.0047,0.0044,0.0037,0.0036,1.0E-4,0.0028,3.0E-4
hutt_20200713,COPERNICUS/S2_SR_HARMONIZED/20200712T222549_20200712T222545_T60GUV,2020-07-12 22:27:27,hutt_20200713_backgroundTrain_0,0,train,https://doi.org/10.1080/00288330.2022.2088569,"Gall et al. 2022, Figure 10A",v1,S2_SR_HARMONIZED_SCL_v1,174.87811094029064,-41.27525435688804,0.0335,0.0343,0.0061,0.0057,0.0031,0.0051,0.0036,0.0015,0.0017,0.002
hutt_20200713,COPERNICUS/S2_SR_HARMONIZED/20200712T222549_20200712T222545_T60GUV,2020-07-12 22:27:27,hutt_20200713_backgroundTrain_0,0,train,https://doi.org/10.1080/00288330.2022.2088569,"Gall et al. 2022, Figure 10A",v1,S2_SR_HARMONIZED_SCL_v1,174.87870754029126,-41.275265356084255,0.0379,0.0372,0.0082,0.0052,0.0032,0.0013,0.003,0.0024,0.0014,0.0014
hutt_20200713,COPERNICUS/S2_SR_HARMONIZED/20200712T222549_20200712T222545_T60GUV,2020-07-12 22:27:27,hutt_20200713_backgroundTrain_0,0,train,https://doi.org/10.1080/00288330.2022.2088569,"Gall et al. 2022, Figure 10A",v1,S2_SR_HARMONIZED_SCL_v1,174.87978142112578,-41.275285146852575,0.0384,0.0349,0.0082,0.0046,0.0044,0.0033,0.0024,0.0029,1.0E-4,0.0024
hutt_20200713,COPERNICUS/S2_SR_HARMONIZED/20200712T222549_20200712T222545_T60GUV,2020-07-12 22:27:27,hutt_20200713_backgroundTrain_0,0,train,https://doi.org/10.1080/00288330.2022.2088569,"Gall et al. 2022, Figure 10A",v1,S2_SR_HARMONIZED_SCL_v1,174.8803780220522,-41.27529613739892,0.0414,0.0368,0.0077,0.0042,0.0022,0.0032,0.0035,0.002,0.0025,1.0E-4
hutt_20200713,COPERNICUS/S2_SR_HARMONIZED/20200712T222549_20200712T222545_T60GUV,2020-07-12 22:27:27,hutt_20200713_backgroundTrain_0,0,train,https://doi.org/10.1080/00288330.2022.2088569,"Gall et al. 2022, Figure 10A",v1,S2_SR_HARMONIZED_SCL_v1,174.88085530303132,-41.27530492761175,0.0349,0.037,0.0066,0.0046,0.0047,0.0049,0.0035,0.0025,0.0026,0.0022
hutt_20200713,COPERNICUS/S2_SR_HARMONIZED/20200712T222549_20200712T222545_T60GUV,2020-07-12 22:27:27,hutt_20200713_backgroundTrain_0,0,train,https://doi.org/10.1080/00288330.2022.2088569,"Gall et al. 2022, Figure 10A",v1,S2_SR_HARMONIZED_SCL_v1,174.88133258422187,-41.27531371584745,0.0384,0.0332,0.0072,0.0046,0.0047,0.0049,0.0045,0.0016,0.0019,0.002
hutt_20200713,COPERNICUS/S2_SR_HARMONIZED/20200712T222549_20200712T222545_T60GUV,2020-07-12 22:27:27,hutt_20200713_backgroundTrain_0,0,train,https://doi.org/10.1080/00288330.2022.2088569,"Gall et al. 2022, Figure 10A",v1,S2_SR_HARMONIZED_SCL_v1,174.88204850640406,-41.27532689449391,0.0371,0.0343,0.0066,0.0052,0.0047,0.0021,0.0024,0.0014,0.0012,0.0029
hutt_20200713,COPERNICUS/S2_SR_HARMONIZED/20200712T222549_20200712T222545_T60GUV,2020-07-12 22:27:27,hutt_20200713_backgroundTrain_0,0,train,https://doi.org/10.1080/00288330.2022.2088569,"Gall et al. 2022, Figure 10A",v1,S2_SR_HARMONIZED_SCL_v1,174.88264510858582,-41.2753378733011,0.0362,0.033,0.0066,0.0046,0.0025,0.004,0.0032,6.0E-4,0.0022,0.0019
hutt_20200713,COPERNICUS/S2_SR_HARMONIZED/20200712T222549_20200712T222545_T60GUV,2020-07-12 22:27:27,hutt_20200713_backgroundTrain_0,0,train,https://doi.org/10.1080/00288330.2022.2088569,"Gall et al. 2022, Figure 10A",v1,S2_SR_HARMONIZED_SCL_v1,174.8831223905689,-41.27534665412258,0.0346,0.0343,0.0062,0.0064,0.0031,0.0015,0.0019,0.0024,0.0016,0.001
hutt_20200713,COPERNICUS/S2_SR_HARMONIZED/20200712T222549_20200712T222545_T60GUV,2020-07-12 22:27:27,hutt_20200713_backgroundTrain_0,0,train,https://doi.org/10.1080/00288330.2022.2088569,"Gall et al. 2022, Figure 10A",v1,S2_SR_HARMONIZED_SCL_v1,174.88348035219482,-41.275353238441205,0.0395,0.0325,0.0081,0.0053,0.0012,0.007,0.002,0.0027,0.0022,0.0022
hutt_20200713,COPERNICUS/S2_SR_HARMONIZED/20200712T222549_20200712T222545_T60GUV,2020-07-12 22:27:27,hutt_20200713_backgroundTrain_0,0,train,https://doi.org/10.1080/00288330.2022.2088569,"Gall et al. 2022, Figure 10A",v1,S2_SR_HARMONIZED_SCL_v1,174.88586676606937,-41.27539710547732,0.0343,0.0304,0.0095,0.0064,0.002,0.0027,0.0024,0.002,0.0017,6.0E-4
hutt_20200713,COPERNICUS/S2_SR_HARMONIZED/20200712T222549_20200712T222545_T60GUV,2020-07-12 22:27:27,hutt_20200713_backgroundTrain_0,0,train,https://doi.org/10.1080/00288330.2022.2088569,"Gall et al. 2022, Figure 10A",v1,S2_SR_HARMONIZED_SCL_v1,174.8864633703623,-41.27540806451312,0.0336,0.0337,0.0068,0.0057,0.0031,0.0039,0.0043,1.0E-4,0.001,0.0024
hutt_20200713,COPERNICUS/S2_SR_HARMONIZED/20200712T222549_20200712T222545_T60GUV,2020-07-12 22:27:27,hutt_20200713_backgroundTrain_0,0,train,https://doi.org/10.1080/00288330.2022.2088569,"Gall et al. 2022, Figure 10A",v1,S2_SR_HARMONIZED_SCL_v1,174.8865826912604,-41.27541025594957,0.0339,0.0351,0.0068,0.0057,0.0031,0.0039,0.0055,1.0E-4,0.001,0.0024
hutt_20200713,COPERNICUS/S2_SR_HARMONIZED/20200712T222549_20200712T222545_T60GUV,2020-07-12 22:27:27,hutt_20200713_backgroundTrain_0,0,train,https://doi.org/10.1080/00288330.2022.2088569,"Gall et al. 2022, Figure 10A",v1,S2_SR_HARMONIZED_SCL_v1,174.88825318521782,-41.27544092308477,0.0376,0.0339,0.008,0.0013,0.0041,0.0033,0.0031,0.0012,1.0E-4,0.0021
hutt_20200713,COPERNICUS/S2_SR_HARMONIZED/20200712T222549_20200712T222545_T60GUV,2020-07-12 22:27:27,hutt_20200713_backgroundTrain_0,0,train,https://doi.org/10.1080/00288330.2022.2088569,"Gall et al. 2022, Figure 10A",v1,S2_SR_HARMONIZED_SCL_v1,174.88837250631357,-41.27544311266763,0.0325,0.0337,0.0074,0.0072,0.0022,0.0025,0.0024,0.0041,1.0E-4,8.0E-4
hutt_20200713,COPERNICUS/S2_SR_HARMONIZED/20200712T222549_20200712T222545_T60GUV,2020-07-12 22:27:27,hutt_20200713_backgroundTrain_0,0,train,https://doi.org/10.1080/00288330.2022.2088569,"Gall et al. 2022, Figure 10A",v1,S2_SR_HARMONIZED_SCL_v1,174.88873046967987,-41.27544968067479,0.0336,0.0304,0.0072,0.0063,0.0029,0.0028,0.0027,9.0E-4,0.0013,0.002
hutt_20200713,COPERNICUS/S2_SR_HARMONIZED/20200712T222549_20200712T222545_T60GUV,2020-07-12 22:27:27,hutt_20200713_backgroundTrain_0,0,train,https://doi.org/10.1080/00288330.2022.2088569,"Gall et al. 2022, Figure 10A",v1,S2_SR_HARMONIZED_SCL_v1,174.89028164563618,-41.27547812918759,0.0356,0.0324,0.0048,0.0047,0.002,0.0058,0.0015,0.0031,8.0E-4,0.003
hutt_20200713,COPERNICUS/S2_SR_HARMONIZED/20200712T222549_20200712T222545_T60GUV,2020-07-12 22:27:27,hutt_20200713_backgroundTrain_0,0,train,https://doi.org/10.1080/00288330.2022.2088569,"Gall et al. 2022, Figure 10A",v1,S2_SR_HARMONIZED_SCL_v1,174.87202271445958,-41.275232004451816,0.0409,0.0332,0.0081,0.0054,9.0E-4,0.0032,0.002,0.0031,0.0019,0.0021
hutt_20200713,COPERNICUS/S2_SR_HARMONIZED/20200712T222549_20200712T222545_T60GUV,2020-07-12 22:27:27,hutt_20200713_backgroundTrain_0,0,train,https://doi.org/10.1080/00288330.2022.2088569,"Gall et al. 2022, Figure 10A",v1,S2_SR_HARMONIZED_SCL_v1,174.8729772705233,-41.27524965215433,0.0353,0.0336,0.0082,0.0047,0.0032,0.0017,0.0025,0.0012,0.0023,8.0E-4
hutt_20200713,COPERNICUS/S2_SR_HARMONIZED/20200712T222549_20200712T222545_T60GUV,2020-07-12 22:27:27,hutt_20200713_backgroundTrain_0,0,train,https://doi.org/10.1080/00288330.2022.2088569,"Gall et al. 2022, Figure 10A",v1,S2_SR_HARMONIZED_SCL_v1,174.87846598435323,-41.27535097297197,0.0371,0.0361,0.0042,0.0054,0.0015,0.0015,0.0045,0.0037,0.0027,0.0022
hutt_20200713,COPERNICUS/S2_SR_HARMONIZED/20200712T222549_20200712T222545_T60GUV,2020-07-12 22:27:27,hutt_20200713_backgroundTrain_0,0,train,https://doi.org/10.1080/00288330.2022.2088569,"Gall et al. 2022, Figure 10A",v1,S2_SR_HARMONIZED_SCL_v1,174.87882394492405,-41.27535757176906,0.0374,0.036,0.0065,0.006,0.0048,0.002,0.0028,0.001,0.0012,0.0024
hutt_20200713,COPERNICUS/S2_SR_HARMONIZED/20200712T222549_20200712T222545_T60GUV,2020-07-12 22:27:27,hutt_20200713_backgroundTrain_0,0,train,https://doi.org/10.1080/00288330.2022.2088569,"Gall et al. 2022, Figure 10A",v1,S2_SR_HARMONIZED_SCL_v1,174.87965918671904,-41.27537296463731,0.0375,0.0368,0.0075,0.0067,0.0027,0.0033,0.0037,0.0011,1.0E-4,0.004
hutt_20200713,COPERNICUS/S2_SR_HARMONIZED/20200712T222549_20200712T222545_T60GUV,2020-07-12 22:27:27,hutt_20200713_backgroundTrain_0,0,train,https://doi.org/10.1080/00288330.2022.2088569,"Gall et al. 2022, Figure 10A",v1,S2_SR_HARMONIZED_SCL_v1,174.88049442916193,-41.275388351450644,0.037,0.0339,0.0082,0.0047,0.0035,0.0035,0.0036,0.0034,0.0023,0.0014
hutt_20200713,COPERNICUS/S2_SR_HARMONIZED/20200712T222549_20200712T222545_T60GUV,2020-07-12 22:27:27,hutt_20200713_backgroundTrain_0,0,train,https://doi.org/10.1080/00288330.2022.2088569,"Gall et al. 2022, Figure 10A",v1,S2_SR_HARMONIZED_SCL_v1,174.88097171084868,-41.27539714119686,0.038,0.0343,0.008,0.0043,0.0043,0.004,0.0035,9.0E-4,0.0018,0.002
hutt_20200713,COPERNICUS/S2_SR_HARMONIZED/20200712T222549_20200712T222545_T60GUV,2020-07-12 22:27:27,hutt_20200713_backgroundTrain_0,0,train,https://doi.org/10.1080/00288330.2022.2088569,"Gall et al. 2022, Figure 10A",v1,S2_SR_HARMONIZED_SCL_v1,174.8810910313034,-41.27539933832449,0.0408,0.0353,0.007,0.0043,0.0043,0.004,0.0024,9.0E-4,0.0018,0.002
hutt_20200713,COPERNICUS/S2_SR_HARMONIZED/20200712T222549_20200712T222545_T60GUV,2020-07-12 22:27:27,hutt_20200713_backgroundTrain_0,0,train,https://doi.org/10.1080/00288330.2022.2088569,"Gall et al. 2022, Figure 10A",v1,S2_SR_HARMONIZED_SCL_v1,174.88514793462204,-41.27547396713915,0.0312,0.0351,0.007,0.0038,0.0026,0.0062,0.0022,0.0011,9.0E-4,8.0E-4
hutt_20200713,COPERNICUS/S2_SR_HARMONIZED/20200712T222549_20200712T222545_T60GUV,2020-07-12 22:27:27,hutt_20200713_backgroundTrain_0,0,train,https://doi.org/10.1080/00288330.2022.2088569,"Gall et al. 2022, Figure 10A",v1,S2_SR_HARMONIZED_SCL_v1,174.88526725553885,-41.27547615994179,0.0357,0.0353,0.007,0.0035,0.0026,0.0031,0.0015,0.001,0.0014,0.0017
hutt_20200713,COPERNICUS/S2_SR_HARMONIZED/20200712T222549_20200712T222545_T60GUV,2020-07-12 22:27:27,hutt_20200713_backgroundTrain_0,0,train,https://doi.org/10.1080/00288330.2022.2088569,"Gall et al. 2022, Figure 10A",v1,S2_SR_HARMONIZED_SCL_v1,174.8866991075689,-41.27550246393483,0.0349,0.0305,0.0065,0.005,0.0048,0.004,0.0015,0.002,0.0016,0.0035
hutt_20200713,COPERNICUS/S2_SR_HARMONIZED/20200712T222549_20200712T222545_T60GUV,2020-07-12 22:27:27,hutt_20200713_backgroundTrain_0,0,train,https://doi.org/10.1080/00288330.2022.2088569,"Gall et al. 2022, Figure 10A",v1,S2_SR_HARMONIZED_SCL_v1,174.8880116402637,-41.27552656029656,0.0376,0.0332,0.0052,0.0036,0.0025,0.0021,0.0024,0.0011,0.0011,0.0021
hutt_20200713,COPERNICUS/S2_SR_HARMONIZED/20200712T222549_20200712T222545_T60GUV,2020-07-12 22:27:27,hutt_20200713_backgroundTrain_0,0,train,https://doi.org/10.1080/00288330.2022.2088569,"Gall et al. 2022, Figure 10A",v1,S2_SR_HARMONIZED_SCL_v1,174.88813096149684,-41.27552875013346,0.0381,0.0333,0.0048,0.0013,0.0041,0.0033,0.0019,0.0012,1.0E-4,0.0021
hutt_20200713,COPERNICUS/S2_SR_HARMONIZED/20200712T222549_20200712T222545_T60GUV,2020-07-12 22:27:27,hutt_20200713_backgroundTrain_0,0,train,https://doi.org/10.1080/00288330.2022.2088569,"Gall et al. 2022, Figure 10A",v1,S2_SR_HARMONIZED_SCL_v1,174.88848892527523,-41.27553531890273,0.0355,0.0322,0.0089,0.0072,0.0022,0.0025,0.0018,0.0041,1.0E-4,8.0E-4
hutt_20200713,COPERNICUS/S2_SR_HARMONIZED/20200712T222549_20200712T222545_T60GUV,2020-07-12 22:27:27,hutt_20200713_backgroundTrain_0,0,train,https://doi.org/10.1080/00288330.2022.2088569,"Gall et al. 2022, Figure 10A",v1,S2_SR_HARMONIZED_SCL_v1,174.89051738892408,-41.275572520921195,0.038,0.0307,0.0068,0.0049,0.0041,0.0049,0.001,0.0011,0.0016,0.0017
hutt_20200713,COPERNICUS/S2_SR_HARMONIZED/20200712T222549_20200712T222545_T60GUV,2020-07-12 22:27:27,hutt_20200713_backgroundTrain_0,0,train,https://doi.org/10.1080/00288330.2022.2088569,"Gall et al. 2022, Figure 10A",v1,S2_SR_HARMONIZED_SCL_v1,174.8908753534922,-41.275579082276074,0.0336,0.0339,0.0075,0.0056,0.0034,0.002,0.0032,0.0013,0.0019,0.002
hutt_20200713,COPERNICUS/S2_SR_HARMONIZED/20200712T222549_20200712T222545_T60GUV,2020-07-12 22:27:27,hutt_20200713_backgroundTrain_0,0,train,https://doi.org/10.1080/00288330.2022.2088569,"Gall et al. 2022, Figure 10A",v1,S2_SR_HARMONIZED_SCL_v1,174.8909946750412,-41.27558126914722,0.0363,0.0336,0.0044,0.0052,0.0022,0.0031,0.0029,0.0033,0.0017,0.0021
hutt_20200713,COPERNICUS/S2_SR_HARMONIZED/20200712T222549_20200712T222545_T60GUV,2020-07-12 22:27:27,hutt_20200713_backgroundTrain_0,0,train,https://doi.org/10.1080/00288330.2022.2088569,"Gall et al. 2022, Figure 10A",v1,S2_SR_HARMONIZED_SCL_v1,174.8728550273638,-41.27533746249201,0.036,0.0383,0.0077,0.0053,0.0043,0.0031,0.0033,0.0013,2.0E-4,0.0012
hutt_20200713,COPERNICUS/S2_SR_HARMONIZED/20200712T222549_20200712T222545_T60GUV,2020-07-12 22:27:27,hutt_20200713_backgroundTrain_0,0,train,https://doi.org/10.1080/00288330.2022.2088569,"Gall et al. 2022, Figure 10A",v1,S2_SR_HARMONIZED_SCL_v1,174.87476414444478,-41.27537273626013,0.04,0.0332,0.0085,0.0058,0.0027,0.0033,0.0049,0.0012,0.0019,0.0032
hutt_20200713,COPERNICUS/S2_SR_HARMONIZED/20200712T222549_20200712T222545_T60GUV,2020-07-12 22:27:27,hutt_20200713_backgroundTrain_0,0,train,https://doi.org/10.1080/00288330.2022.2088569,"Gall et al. 2022, Figure 10A",v1,S2_SR_HARMONIZED_SCL_v1,174.87583802429407,-41.275392563853224,0.0362,0.0357,0.0072,0.0047,0.0031,0.0012,1.0E-4,0.0031,0.0021,1.0E-4
hutt_20200713,COPERNICUS/S2_SR_HARMONIZED/20200712T222549_20200712T222545_T60GUV,2020-07-12 22:27:27,hutt_20200713_backgroundTrain_0,0,train,https://doi.org/10.1080/00288330.2022.2088569,"Gall et al. 2022, Figure 10A",v1,S2_SR_HARMONIZED_SCL_v1,174.87726986576217,-41.275418985074296,0.0361,0.0364,0.0098,0.0042,0.0048,0.0056,0.0025,1.0E-4,0.0022,0.0011
hutt_20200713,COPERNICUS/S2_SR_HARMONIZED/20200712T222549_20200712T222545_T60GUV,2020-07-12 22:27:27,hutt_20200713_backgroundTrain_0,0,train,https://doi.org/10.1080/00288330.2022.2088569,"Gall et al. 2022, Figure 10A",v1,S2_SR_HARMONIZED_SCL_v1,174.87858238878263,-41.2754431888954,0.0329,0.0349,0.0095,0.0079,0.0015,0.0031,0.0036,0.0022,0.0019,0.0022
hutt_20200713,COPERNICUS/S2_SR_HARMONIZED/20200712T222549_20200712T222545_T60GUV,2020-07-12 22:27:27,hutt_20200713_backgroundTrain_0,0,train,https://doi.org/10.1080/00288330.2022.2088569,"Gall et al. 2022, Figure 10A",v1,S2_SR_HARMONIZED_SCL_v1,174.87941763153827,-41.2754585835421,0.0381,0.0346,0.0081,0.0046,0.0043,0.0035,0.0035,0.003,1.0E-4,0.0026
hutt_20200713,COPERNICUS/S2_SR_HARMONIZED/20200712T222549_20200712T222545_T60GUV,2020-07-12 22:27:27,hutt_20200713_backgroundTrain_0,0,train,https://doi.org/10.1080/00288330.2022.2088569,"Gall et al. 2022, Figure 10A",v1,S2_SR_HARMONIZED_SCL_v1,174.87989491340394,-41.27546737776452,0.0405,0.0372,0.0074,0.0038,0.0026,0.0033,0.0032,0.0021,1.0E-4,0.0016
hutt_20200713,COPERNICUS/S2_SR_HARMONIZED/20200712T222549_20200712T222545_T60GUV,2020-07-12 22:27:27,hutt_20200713_backgroundTrain_0,0,train,https://doi.org/10.1080/00288330.2022.2088569,"Gall et al. 2022, Figure 10A",v1,S2_SR_HARMONIZED_SCL_v1,174.88311657152798,-41.27552668705153,0.037,0.034,0.0081,0.0057,0.0039,0.0017,0.0022,1.0E-4,0.0022,8.0E-4
hutt_20200713,COPERNICUS/S2_SR_HARMONIZED/20200712T222549_20200712T222545_T60GUV,2020-07-12 22:27:27,hutt_20200713_backgroundTrain_0,0,train,https://doi.org/10.1080/00288330.2022.2088569,"Gall et al. 2022, Figure 10A",v1,S2_SR_HARMONIZED_SCL_v1,174.88502570681058,-41.27556179078713,0.034,0.0333,0.0077,0.0041,0.0027,0.0051,0.002,0.0015,0.002,0.001
hutt_20200713,COPERNICUS/S2_SR_HARMONIZED/20200712T222549_20200712T222545_T60GUV,2020-07-12 22:27:27,hutt_20200713_backgroundTrain_0,0,train,https://doi.org/10.1080/00288330.2022.2088569,"Gall et al. 2022, Figure 10A",v1,S2_SR_HARMONIZED_SCL_v1,174.88514502787788,-41.27556398372024,0.0376,0.035,0.0065,0.0041,0.0027,0.0051,0.0018,0.0015,0.002,0.001
hutt_20200713,COPERNICUS/S2_SR_HARMONIZED/20200712T222549_20200712T222545_T60GUV,2020-07-12 22:27:27,hutt_20200713_backgroundTrain_0,0,train,https://doi.org/10.1080/00288330.2022.2088569,"Gall et al. 2022, Figure 10A",v1,S2_SR_HARMONIZED_SCL_v1,174.88860534456424,-41.27562752502647,0.0339,0.0305,0.0062,0.0049,0.0022,0.0036,0.0024,9.0E-4,0.002,0.0021
hutt_20200713,COPERNICUS/S2_SR_HARMONIZED/20200712T222549_20200712T222545_T60GUV,2020-07-12 22:27:27,hutt_20200713_backgroundTrain_0,0,train,https://doi.org/10.1080/00288330.2022.2088569,"Gall et al. 2022, Figure 10A",v1,S2_SR_HARMONIZED_SCL_v1,174.8707043481424,-41.27538775743242,0.0379,0.0361,0.0081,0.0065,0.0041,0.0036,0.0028,0.0024,0.0016,0.0032
hutt_20200713,COPERNICUS/S2_SR_HARMONIZED/20200712T222549_20200712T222545_T60GUV,2020-07-12 22:27:27,hutt_20200713_backgroundTrain_0,0,train,https://doi.org/10.1080/00288330.2022.2088569,"Gall et al. 2022, Figure 10A",v1,S2_SR_HARMONIZED_SCL_v1,174.8718975451688,-41.27540982955627,0.0423,0.0353,0.0094,0.0046,0.004,0.0031,0.0037,0.0015,0.002,0.0019
hutt_20200713,COPERNICUS/S2_SR_HARMONIZED/20200712T222549_20200712T222545_T60GUV,2020-07-12 22:27:27,hutt_20200713_backgroundTrain_0,0,train,https://doi.org/10.1080/00288330.2022.2088569,"Gall et al. 2022, Figure 10A",v1,S2_SR_HARMONIZED_SCL_v1,174.87201686494444,-41.27541203608902,0.0406,0.038,0.0082,0.0046,0.004,0.0031,0.0033,0.0015,0.002,0.0019
hutt_20200713,COPERNICUS/S2_SR_HARMONIZED/20200712T222549_20200712T222545_T60GUV,2020-07-12 22:27:27,hutt_20200713_backgroundTrain_0,0,train,https://doi.org/10.1080/00288330.2022.2088569,"Gall et al. 2022, Figure 10A",v1,S2_SR_HARMONIZED_SCL_v1,174.87273278387696,-41.275425272690654,0.0406,0.034,0.01,0.0031,0.0043,0.003,0.0035,0.0012,0.002,0.0035
hutt_20200713,COPERNICUS/S2_SR_HARMONIZED/20200712T222549_20200712T222545_T60GUV,2020-07-12 22:27:27,hutt_20200713_backgroundTrain_0,0,train,https://doi.org/10.1080/00288330.2022.2088569,"Gall et al. 2022, Figure 10A",v1,S2_SR_HARMONIZED_SCL_v1,174.87404530316027,-41.27544952823998,0.0408,0.0345,0.0065,0.0047,0.0041,0.003,0.0014,0.0016,0.0018,0.0017
hutt_20200713,COPERNICUS/S2_SR_HARMONIZED/20200712T222549_20200712T222545_T60GUV,2020-07-12 22:27:27,hutt_20200713_backgroundTrain_0,0,train,https://doi.org/10.1080/00288330.2022.2088569,"Gall et al. 2022, Figure 10A",v1,S2_SR_HARMONIZED_SCL_v1,174.87488054353952,-41.275464955804715,0.0367,0.0336,0.0085,0.0058,0.0027,0.0033,0.002,0.0012,0.0019,0.0032
hutt_20200713,COPERNICUS/S2_SR_HARMONIZED/20200712T222549_20200712T222545_T60GUV,2020-07-12 22:27:27,hutt_20200713_backgroundTrain_0,0,train,https://doi.org/10.1080/00288330.2022.2088569,"Gall et al. 2022, Figure 10A",v1,S2_SR_HARMONIZED_SCL_v1,174.87607374520778,-41.27548698467952,0.0376,0.0339,0.0086,0.0046,0.0027,0.0021,0.002,0.0029,0.0017,0.0021
hutt_20200713,COPERNICUS/S2_SR_HARMONIZED/20200712T222549_20200712T222545_T60GUV,2020-07-12 22:27:27,hutt_20200713_backgroundTrain_0,0,train,https://doi.org/10.1080/00288330.2022.2088569,"Gall et al. 2022, Figure 10A",v1,S2_SR_HARMONIZED_SCL_v1,174.87714762784177,-41.27550680010164,0.0363,0.0364,0.0079,0.0042,0.0048,0.0056,0.0023,1.0E-4,0.0022,0.0011
hutt_20200713,COPERNICUS/S2_SR_HARMONIZED/20200712T222549_20200712T222545_T60GUV,2020-07-12 22:27:27,hutt_20200713_backgroundTrain_0,0,train,https://doi.org/10.1080/00288330.2022.2088569,"Gall et al. 2022, Figure 10A",v1,S2_SR_HARMONIZED_SCL_v1,174.87857947302174,-41.27553320509465,0.0329,0.0339,0.0095,0.0079,0.0015,0.0031,0.002,0.0022,0.0019,0.0022
hutt_20200713,COPERNICUS/S2_SR_HARMONIZED/20200712T222549_20200712T222545_T60GUV,2020-07-12 22:27:27,hutt_20200713_backgroundTrain_0,0,train,https://doi.org/10.1080/00288330.2022.2088569,"Gall et al. 2022, Figure 10A",v1,S2_SR_HARMONIZED_SCL_v1,174.87941471692332,-41.27554859978981,0.039,0.0377,0.0075,0.0046,0.0043,0.0035,0.0033,0.003,1.0E-4,0.0026
hutt_20200713,COPERNICUS/S2_SR_HARMONIZED/20200712T222549_20200712T222545_T60GUV,2020-07-12 22:27:27,hutt_20200713_backgroundTrain_0,0,train,https://doi.org/10.1080/00288330.2022.2088569,"Gall et al. 2022, Figure 10A",v1,S2_SR_HARMONIZED_SCL_v1,174.88108520667026,-41.275579371015226,0.0362,0.0377,0.0067,0.0068,0.0047,0.0057,0.0023,0.001,0.0016,8.0E-4
hutt_20200713,COPERNICUS/S2_SR_HARMONIZED/20200712T222549_20200712T222545_T60GUV,2020-07-12 22:27:27,hutt_20200713_backgroundTrain_0,0,train,https://doi.org/10.1080/00288330.2022.2088569,"Gall et al. 2022, Figure 10A",v1,S2_SR_HARMONIZED_SCL_v1,174.88144316909595,-41.275585961698184,0.0375,0.0356,0.0063,0.0047,0.0036,0.0039,0.0045,0.0014,0.0018,0.0022
hutt_20200713,COPERNICUS/S2_SR_HARMONIZED/20200712T222549_20200712T222545_T60GUV,2020-07-12 22:27:27,hutt_20200713_backgroundTrain_0,0,train,https://doi.org/10.1080/00288330.2022.2088569,"Gall et al. 2022, Figure 10A",v1,S2_SR_HARMONIZED_SCL_v1,174.88192045251515,-41.27559474754546,0.037,0.0346,0.0058,0.0047,0.0032,0.0025,0.0032,0.0013,8.0E-4,6.0E-4
hutt_20200713,COPERNICUS/S2_SR_HARMONIZED/20200712T222549_20200712T222545_T60GUV,2020-07-12 22:27:27,hutt_20200713_backgroundTrain_0,0,train,https://doi.org/10.1080/00288330.2022.2088569,"Gall et al. 2022, Figure 10A",v1,S2_SR_HARMONIZED_SCL_v1,174.88359094614643,-41.275625482440894,0.0381,0.0346,0.0095,0.0063,0.0025,0.003,3.0E-4,0.0021,0.0011,7.0E-4
hutt_20200713,COPERNICUS/S2_SR_HARMONIZED/20200712T222549_20200712T222545_T60GUV,2020-07-12 22:27:27,hutt_20200713_backgroundTrain_0,0,train,https://doi.org/10.1080/00288330.2022.2088569,"Gall et al. 2022, Figure 10A",v1,S2_SR_HARMONIZED_SCL_v1,174.88609669144338,-41.275671539371274,0.0361,0.0325,0.007,0.0056,0.0036,0.0018,3.0E-4,0.0011,0.0021,0.002
hutt_20200713,COPERNICUS/S2_SR_HARMONIZED/20200712T222549_20200712T222545_T60GUV,2020-07-12 22:27:27,hutt_20200713_backgroundTrain_0,0,train,https://doi.org/10.1080/00288330.2022.2088569,"Gall et al. 2022, Figure 10A",v1,S2_SR_HARMONIZED_SCL_v1,174.88728990553346,-41.27569345208911,0.0322,0.0305,0.0068,0.0041,0.0026,0.0032,0.0036,0.0013,9.0E-4,0.002
hutt_20200713,COPERNICUS/S2_SR_HARMONIZED/20200712T222549_20200712T222545_T60GUV,2020-07-12 22:27:27,hutt_20200713_backgroundTrain_0,0,train,https://doi.org/10.1080/00288330.2022.2088569,"Gall et al. 2022, Figure 10A",v1,S2_SR_HARMONIZED_SCL_v1,174.88764787001745,-41.27570002349478,0.0346,0.0392,0.008,0.0049,0.003,0.0026,0.0014,3.0E-4,9.0E-4,0.0021
hutt_20200713,COPERNICUS/S2_SR_HARMONIZED/20200712T222549_20200712T222545_T60GUV,2020-07-12 22:27:27,hutt_20200713_backgroundTrain_0,0,train,https://doi.org/10.1080/00288330.2022.2088569,"Gall et al. 2022, Figure 10A",v1,S2_SR_HARMONIZED_SCL_v1,174.88776719153844,-41.275702213716194,0.0321,0.0315,0.0059,0.0049,0.003,0.0026,0.0033,3.0E-4,9.0E-4,0.0021
hutt_20200713,COPERNICUS/S2_SR_HARMONIZED/20200712T222549_20200712T222545_T60GUV,2020-07-12 22:27:27,hutt_20200713_backgroundTrain_0,0,train,https://doi.org/10.1080/00288330.2022.2088569,"Gall et al. 2022, Figure 10A",v1,S2_SR_HARMONIZED_SCL_v1,174.8881251561805,-41.27570878363898,0.037,0.0328,0.007,0.005,0.0039,0.0056,0.0023,0.002,1.0E-4,0.0029
hutt_20200713,COPERNICUS/S2_SR_HARMONIZED/20200712T222549_20200712T222545_T60GUV,2020-07-12 22:27:27,hutt_20200713_backgroundTrain_0,0,train,https://doi.org/10.1080/00288330.2022.2088569,"Gall et al. 2022, Figure 10A",v1,S2_SR_HARMONIZED_SCL_v1,174.88955701593395,-41.27573505220852,0.0377,0.0327,0.0081,0.005,0.0043,0.0034,0.0031,0.0023,0.0026,0.0015
hutt_20200713,COPERNICUS/S2_SR_HARMONIZED/20200712T222549_20200712T222545_T60GUV,2020-07-12 22:27:27,hutt_20200713_backgroundTrain_0,0,train,https://doi.org/10.1080/00288330.2022.2088569,"Gall et al. 2022, Figure 10A",v1,S2_SR_HARMONIZED_SCL_v1,174.8906309119929,-41.27575474195793,0.0349,0.0355,0.0067,0.0046,0.0044,0.0033,0.0025,8.0E-4,0.0021,0.001
hutt_20200713,COPERNICUS/S2_SR_HARMONIZED/20200712T222549_20200712T222545_T60GUV,2020-07-12 22:27:27,hutt_20200713_backgroundTrain_0,0,train,https://doi.org/10.1080/00288330.2022.2088569,"Gall et al. 2022, Figure 10A",v1,S2_SR_HARMONIZED_SCL_v1,174.89122752137501,-41.275765676382505,0.0311,0.0307,0.0079,0.0065,0.0034,0.0034,0.0019,0.0023,0.0018,0.0026
hutt_20200713,COPERNICUS/S2_SR_HARMONIZED/20200712T222549_20200712T222545_T60GUV,2020-07-12 22:27:27,hutt_20200713_backgroundTrain_0,0,train,https://doi.org/10.1080/00288330.2022.2088569,"Gall et al. 2022, Figure 10A",v1,S2_SR_HARMONIZED_SCL_v1,174.89134684329088,-41.2757678628967,0.038,0.0335,0.0079,0.0065,0.0034,0.0034,0.0025,0.0023,0.0018,0.0026
hutt_20200713,COPERNICUS/S2_SR_HARMONIZED/20200712T222549_20200712T222545_T60GUV,2020-07-12 22:27:27,hutt_20200713_backgroundTrain_0,0,train,https://doi.org/10.1080/00288330.2022.2088569,"Gall et al. 2022, Figure 10A",v1,S2_SR_HARMONIZED_SCL_v1,174.8707014215643,-41.27547777317223,0.0415,0.0363,0.0077,0.006,0.0043,0.0033,0.0036,0.0015,0.0018,0.0027
hutt_20200713,COPERNICUS/S2_SR_HARMONIZED/20200712T222549_20200712T222545_T60GUV,2020-07-12 22:27:27,hutt_20200713_backgroundTrain_0,0,train,https://doi.org/10.1080/00288330.2022.2088569,"Gall et al. 2022, Figure 10A",v1,S2_SR_HARMONIZED_SCL_v1,174.87201394016697,-41.275502051905264,0.0406,0.0368,0.0077,0.0062,0.0025,0.0034,0.0023,4.0E-4,0.0011,0.0021
hutt_20200713,COPERNICUS/S2_SR_HARMONIZED/20200712T222549_20200712T222545_T60GUV,2020-07-12 22:27:27,hutt_20200713_backgroundTrain_0,0,train,https://doi.org/10.1080/00288330.2022.2088569,"Gall et al. 2022, Figure 10A",v1,S2_SR_HARMONIZED_SCL_v1,174.8757128648653,-41.27557039334592,0.0379,0.0355,0.0077,0.005,0.003,0.0045,0.004,0.0015,0.003,0.0015
hutt_20200713,COPERNICUS/S2_SR_HARMONIZED/20200712T222549_20200712T222545_T60GUV,2020-07-12 22:27:27,hutt_20200713_backgroundTrain_0,0,train,https://doi.org/10.1080/00288330.2022.2088569,"Gall et al. 2022, Figure 10A",v1,S2_SR_HARMONIZED_SCL_v1,174.87774131284849,-41.27560782049373,0.038,0.0343,0.0081,0.0031,0.0027,0.003,0.0023,1.0E-4,0.0043,0.0016
hutt_20200713,COPERNICUS/S2_SR_HARMONIZED/20200712T222549_20200712T222545_T60GUV,2020-07-12 22:27:27,hutt_20200713_backgroundTrain_0,0,train,https://doi.org/10.1080/00288330.2022.2088569,"Gall et al. 2022, Figure 10A",v1,S2_SR_HARMONIZED_SCL_v1,174.8779799540392,-41.275612221339756,0.0377,0.034,0.0044,0.0045,0.004,0.003,0.0036,0.0023,0.0023,0.0024
hutt_20200713,COPERNICUS/S2_SR_HARMONIZED/20200712T222549_20200712T222545_T60GUV,2020-07-12 22:27:27,hutt_20200713_backgroundTrain_0,0,train,https://doi.org/10.1080/00288330.2022.2088569,"Gall et al. 2022, Figure 10A",v1,S2_SR_HARMONIZED_SCL_v1,174.8782185952829,-41.27561662169149,0.0373,0.0327,0.0066,0.0057,0.003,0.0021,5.0E-4,0.0023,7.0E-4,0.0021
hutt_20200713,COPERNICUS/S2_SR_HARMONIZED/20200712T222549_20200712T222545_T60GUV,2020-07-12 22:27:27,hutt_20200713_backgroundTrain_0,0,train,https://doi.org/10.1080/00288330.2022.2088569,"Gall et al. 2022, Figure 10A",v1,S2_SR_HARMONIZED_SCL_v1,174.87929248153435,-41.27563641715757,0.0394,0.0361,0.0095,0.0065,0.0027,0.0033,0.0019,0.0023,0.0016,0.0021
hutt_20200713,COPERNICUS/S2_SR_HARMONIZED/20200712T222549_20200712T222545_T60GUV,2020-07-12 22:27:27,hutt_20200713_backgroundTrain_0,0,train,https://doi.org/10.1080/00288330.2022.2088569,"Gall et al. 2022, Figure 10A",v1,S2_SR_HARMONIZED_SCL_v1,174.87953112306909,-41.275640814790755,0.0377,0.034,0.0074,0.0082,0.0017,0.0033,0.004,0.001,8.0E-4,0.0026
hutt_20200713,COPERNICUS/S2_SR_HARMONIZED/20200712T222549_20200712T222545_T60GUV,2020-07-12 22:27:27,hutt_20200713_backgroundTrain_0,0,train,https://doi.org/10.1080/00288330.2022.2088569,"Gall et al. 2022, Figure 10A",v1,S2_SR_HARMONIZED_SCL_v1,174.8801277271373,-41.27565180671122,0.0379,0.0355,0.0077,0.0036,0.0025,0.0032,0.0048,0.002,0.0012,0.0015
hutt_20200713,COPERNICUS/S2_SR_HARMONIZED/20200712T222549_20200712T222545_T60GUV,2020-07-12 22:27:27,hutt_20200713_backgroundTrain_0,0,train,https://doi.org/10.1080/00288330.2022.2088569,"Gall et al. 2022, Figure 10A",v1,S2_SR_HARMONIZED_SCL_v1,174.8844232861796,-41.27573085734258,0.0391,0.0328,0.004,0.0031,0.0045,0.0015,0.0037,0.002,0.0014,0.002
hutt_20200713,COPERNICUS/S2_SR_HARMONIZED/20200712T222549_20200712T222545_T60GUV,2020-07-12 22:27:27,hutt_20200713_backgroundTrain_0,0,train,https://doi.org/10.1080/00288330.2022.2088569,"Gall et al. 2022, Figure 10A",v1,S2_SR_HARMONIZED_SCL_v1,174.88525853575794,-41.27574620970104,0.0325,0.0358,0.0065,0.0039,8.0E-4,0.0019,1.0E-4,0.0027,8.0E-4,0.0014
hutt_20200713,COPERNICUS/S2_SR_HARMONIZED/20200712T222549_20200712T222545_T60GUV,2020-07-12 22:27:27,hutt_20200713_backgroundTrain_0,0,train,https://doi.org/10.1080/00288330.2022.2088569,"Gall et al. 2022, Figure 10A",v1,S2_SR_HARMONIZED_SCL_v1,174.88895750594094,-41.2758141259324,0.0319,0.0321,0.007,0.0064,0.0029,0.0036,0.0025,7.0E-4,0.0012,0.0019
hutt_20200713,COPERNICUS/S2_SR_HARMONIZED/20200712T222549_20200712T222545_T60GUV,2020-07-12 22:27:27,hutt_20200713_backgroundTrain_0,0,train,https://doi.org/10.1080/00288330.2022.2088569,"Gall et al. 2022, Figure 10A",v1,S2_SR_HARMONIZED_SCL_v1,174.88991208094615,-41.27583163342425,0.0417,0.034,0.0061,0.0056,0.0024,0.0033,0.0023,0.0031,8.0E-4,0.0022
hutt_20200713,COPERNICUS/S2_SR_HARMONIZED/20200712T222549_20200712T222545_T60GUV,2020-07-12 22:27:27,hutt_20200713_backgroundTrain_0,0,train,https://doi.org/10.1080/00288330.2022.2088569,"Gall et al. 2022, Figure 10A",v1,S2_SR_HARMONIZED_SCL_v1,174.89050869075214,-41.27584257159048,0.0377,0.034,0.0078,0.0064,0.0032,0.0013,0.002,0.0031,0.0031,0.002
hutt_20200713,COPERNICUS/S2_SR_HARMONIZED/20200712T222549_20200712T222545_T60GUV,2020-07-12 22:27:27,hutt_20200713_backgroundTrain_0,0,train,https://doi.org/10.1080/00288330.2022.2088569,"Gall et al. 2022, Figure 10A",v1,S2_SR_HARMONIZED_SCL_v1,174.89122462295344,-41.275855693312,0.0322,0.0312,0.0077,0.0065,0.0022,0.004,0.002,0.001,0.0026,0.003
hutt_20200713,COPERNICUS/S2_SR_HARMONIZED/20200712T222549_20200712T222545_T60GUV,2020-07-12 22:27:27,hutt_20200713_backgroundTrain_0,0,train,https://doi.org/10.1080/00288330.2022.2088569,"Gall et al. 2022, Figure 10A",v1,S2_SR_HARMONIZED_SCL_v1,174.8711757749337,-41.275576619298384,0.039,0.0391,0.0059,0.005,0.0039,0.0037,0.0032,0.0031,0.0026,7.0E-4
hutt_20200713,COPERNICUS/S2_SR_HARMONIZED/20200712T222549_20200712T222545_T60GUV,2020-07-12 22:27:27,hutt_20200713_backgroundTrain_0,0,train,https://doi.org/10.1080/00288330.2022.2088569,"Gall et al. 2022, Figure 10A",v1,S2_SR_HARMONIZED_SCL_v1,174.87213033549253,-41.27559427414299,0.0451,0.036,0.0074,0.0044,0.0022,0.002,0.0025,0.0012,0.0012,0.0012
hutt_20200713,COPERNICUS/S2_SR_HARMONIZED/20200712T222549_20200712T222545_T60GUV,2020-07-12 22:27:27,hutt_20200713_backgroundTrain_0,0,train,https://doi.org/10.1080/00288330.2022.2088569,"Gall et al. 2022, Figure 10A",v1,S2_SR_HARMONIZED_SCL_v1,174.87236897576494,-41.27559868661845,0.0366,0.0355,0.01,0.0051,0.0027,0.0045,0.0045,0.0012,0.0018,0.0026
hutt_20200713,COPERNICUS/S2_SR_HARMONIZED/20200712T222549_20200712T222545_T60GUV,2020-07-12 22:27:27,hutt_20200713_backgroundTrain_0,0,train,https://doi.org/10.1080/00288330.2022.2088569,"Gall et al. 2022, Figure 10A",v1,S2_SR_HARMONIZED_SCL_v1,174.87415877949954,-41.27563176442931,0.0349,0.031,0.007,0.0071,0.0035,0.0034,6.0E-4,0.0021,8.0E-4,0.0021
hutt_20200713,COPERNICUS/S2_SR_HARMONIZED/20200712T222549_20200712T222545_T60GUV,2020-07-12 22:27:27,hutt_20200713_backgroundTrain_0,0,train,https://doi.org/10.1080/00288330.2022.2088569,"Gall et al. 2022, Figure 10A",v1,S2_SR_HARMONIZED_SCL_v1,174.8748747018288,-41.27564498776877,0.0355,0.035,0.0077,0.004,0.0041,0.0033,0.0012,0.0011,0.0021,0.0014
hutt_20200713,COPERNICUS/S2_SR_HARMONIZED/20200712T222549_20200712T222545_T60GUV,2020-07-12 22:27:27,hutt_20200713_backgroundTrain_0,0,train,https://doi.org/10.1080/00288330.2022.2088569,"Gall et al. 2022, Figure 10A",v1,S2_SR_HARMONIZED_SCL_v1,174.87642586851197,-41.2756736230767,0.0362,0.0321,0.0105,0.0056,0.0027,0.0032,0.0045,0.0012,0.0013,0.003
hutt_20200713,COPERNICUS/S2_SR_HARMONIZED/20200712T222549_20200712T222545_T60GUV,2020-07-12 22:27:27,hutt_20200713_backgroundTrain_0,0,train,https://doi.org/10.1080/00288330.2022.2088569,"Gall et al. 2022, Figure 10A",v1,S2_SR_HARMONIZED_SCL_v1,174.87821567900446,-41.275706637866804,0.0368,0.0351,0.0081,0.0057,0.003,0.0021,0.0013,0.0023,7.0E-4,0.0021
hutt_20200713,COPERNICUS/S2_SR_HARMONIZED/20200712T222549_20200712T222545_T60GUV,2020-07-12 22:27:27,hutt_20200713_backgroundTrain_0,0,train,https://doi.org/10.1080/00288330.2022.2088569,"Gall et al. 2022, Figure 10A",v1,S2_SR_HARMONIZED_SCL_v1,174.88060209762543,-41.275750614337035,0.0377,0.0356,0.0084,0.0049,0.0026,0.0023,0.0028,0.0033,8.0E-4,0.0015
hutt_20200713,COPERNICUS/S2_SR_HARMONIZED/20200712T222549_20200712T222545_T60GUV,2020-07-12 22:27:27,hutt_20200713_backgroundTrain_0,0,train,https://doi.org/10.1080/00288330.2022.2088569,"Gall et al. 2022, Figure 10A",v1,S2_SR_HARMONIZED_SCL_v1,174.88322716421487,-41.275798931364086,0.0398,0.0343,0.0062,0.0046,0.0024,0.0023,0.0045,0.0046,0.0017,1.0E-4
hutt_20200713,COPERNICUS/S2_SR_HARMONIZED/20200712T222549_20200712T222545_T60GUV,2020-07-12 22:27:27,hutt_20200713_backgroundTrain_0,0,train,https://doi.org/10.1080/00288330.2022.2088569,"Gall et al. 2022, Figure 10A",v1,S2_SR_HARMONIZED_SCL_v1,174.8841817354683,-41.2758164863634,0.0395,0.0343,0.008,0.0038,0.0038,0.0051,0.0036,0.0011,7.0E-4,0.0011
hutt_20200713,COPERNICUS/S2_SR_HARMONIZED/20200712T222549_20200712T222545_T60GUV,2020-07-12 22:27:27,hutt_20200713_backgroundTrain_0,0,train,https://doi.org/10.1080/00288330.2022.2088569,"Gall et al. 2022, Figure 10A",v1,S2_SR_HARMONIZED_SCL_v1,174.88453969990613,-41.27582306744919,0.0392,0.0346,0.0055,0.0034,0.0044,0.0051,0.0024,0.0023,0.0012,0.0022
hutt_20200713,COPERNICUS/S2_SR_HARMONIZED/20200712T222549_20200712T222545_T60GUV,2020-07-12 22:27:27,hutt_20200713_backgroundTrain_0,0,train,https://doi.org/10.1080/00288330.2022.2088569,"Gall et al. 2022, Figure 10A",v1,S2_SR_HARMONIZED_SCL_v1,174.88561359393188,-41.2758428040336,0.0339,0.0336,0.0063,0.0036,0.0043,0.0033,6.0E-4,0.0019,0.0011,0.0019
hutt_20200713,COPERNICUS/S2_SR_HARMONIZED/20200712T222549_20200712T222545_T60GUV,2020-07-12 22:27:27,hutt_20200713_backgroundTrain_0,0,train,https://doi.org/10.1080/00288330.2022.2088569,"Gall et al. 2022, Figure 10A",v1,S2_SR_HARMONIZED_SCL_v1,174.88692613252496,-41.275866912932564,0.0359,0.0292,0.0077,0.0064,0.0034,0.0033,0.0028,0.0012,0.0017,0.0014
hutt_20200713,COPERNICUS/S2_SR_HARMONIZED/20200712T222549_20200712T222545_T60GUV,2020-07-12 22:27:27,hutt_20200713_backgroundTrain_0,0,train,https://doi.org/10.1080/00288330.2022.2088569,"Gall et al. 2022, Figure 10A",v1,S2_SR_HARMONIZED_SCL_v1,174.8882386727126,-41.275891006879085,0.0349,0.0345,0.0063,0.0047,0.0026,0.0026,1.0E-4,7.0E-4,0.0031,0.0032
hutt_20200713,COPERNICUS/S2_SR_HARMONIZED/20200712T222549_20200712T222545_T60GUV,2020-07-12 22:27:27,hutt_20200713_backgroundTrain_0,0,train,https://doi.org/10.1080/00288330.2022.2088569,"Gall et al. 2022, Figure 10A",v1,S2_SR_HARMONIZED_SCL_v1,174.8883579946269,-41.27589319649641,0.038,0.0332,0.0062,0.0046,0.0038,0.0036,0.0014,0.0027,0.0014,0.002
hutt_20200713,COPERNICUS/S2_SR_HARMONIZED/20200712T222549_20200712T222545_T60GUV,2020-07-12 22:27:27,hutt_20200713_backgroundTrain_0,0,train,https://doi.org/10.1080/00288330.2022.2088569,"Gall et al. 2022, Figure 10A",v1,S2_SR_HARMONIZED_SCL_v1,174.88931257041514,-41.275910708986366,0.0325,0.0378,0.0063,0.0043,0.0049,0.0019,0.0019,0.002,0.0025,0.0024
hutt_20200713,COPERNICUS/S2_SR_HARMONIZED/20200712T222549_20200712T222545_T60GUV,2020-07-12 22:27:27,hutt_20200713_backgroundTrain_0,0,train,https://doi.org/10.1080/00288330.2022.2088569,"Gall et al. 2022, Figure 10A",v1,S2_SR_HARMONIZED_SCL_v1,174.8902671470459,-41.27592821356754,0.0338,0.0357,0.0068,0.0053,0.0026,0.0026,0.0017,0.0011,0.0017,0.0025
hutt_20200713,COPERNICUS/S2_SR_HARMONIZED/20200712T222549_20200712T222545_T60GUV,2020-07-12 22:27:27,hutt_20200713_backgroundTrain_0,0,train,https://doi.org/10.1080/00288330.2022.2088569,"Gall et al. 2022, Figure 10A",v1,S2_SR_HARMONIZED_SCL_v1,174.8715308095849,-41.27567325657717,0.0415,0.0345,0.0087,0.0051,0.0027,0.005,0.0035,0.0014,0.0023,0.001
hutt_20200713,COPERNICUS/S2_SR_HARMONIZED/20200712T222549_20200712T222545_T60GUV,2020-07-12 22:27:27,hutt_20200713_backgroundTrain_0,0,train,https://doi.org/10.1080/00288330.2022.2088569,"Gall et al. 2022, Figure 10A",v1,S2_SR_HARMONIZED_SCL_v1,174.87212741085222,-41.275684289963,0.042,0.038,0.0095,0.0058,0.0035,0.002,0.0036,0.0016,9.0E-4,0.0021
hutt_20200713,COPERNICUS/S2_SR_HARMONIZED/20200712T222549_20200712T222545_T60GUV,2020-07-12 22:27:27,hutt_20200713_backgroundTrain_0,0,train,https://doi.org/10.1080/00288330.2022.2088569,"Gall et al. 2022, Figure 10A",v1,S2_SR_HARMONIZED_SCL_v1,174.87224673114548,-41.27568649626947,0.0353,0.0361,0.0083,0.0058,0.0035,0.002,0.0041,0.0016,9.0E-4,0.0021
hutt_20200713,COPERNICUS/S2_SR_HARMONIZED/20200712T222549_20200712T222545_T60GUV,2020-07-12 22:27:27,hutt_20200713_backgroundTrain_0,0,train,https://doi.org/10.1080/00288330.2022.2088569,"Gall et al. 2022, Figure 10A",v1,S2_SR_HARMONIZED_SCL_v1,174.8748717809535,-41.27573500374844,0.0311,0.0342,0.0075,0.0049,0.0039,0.0037,8.0E-4,3.0E-4,0.0021,0.0025
hutt_20200713,COPERNICUS/S2_SR_HARMONIZED/20200712T222549_20200712T222545_T60GUV,2020-07-12 22:27:27,hutt_20200713_backgroundTrain_0,0,train,https://doi.org/10.1080/00288330.2022.2088569,"Gall et al. 2022, Figure 10A",v1,S2_SR_HARMONIZED_SCL_v1,174.8749911015518,-41.27573720721279,0.0379,0.034,0.0066,0.0043,0.0034,0.0033,0.0022,7.0E-4,0.0019,0.0025
hutt_20200713,COPERNICUS/S2_SR_HARMONIZED/20200712T222549_20200712T222545_T60GUV,2020-07-12 22:27:27,hutt_20200713_backgroundTrain_0,0,train,https://doi.org/10.1080/00288330.2022.2088569,"Gall et al. 2022, Figure 10A",v1,S2_SR_HARMONIZED_SCL_v1,174.8783320836819,-41.27579885404491,0.0368,0.0353,0.0079,0.0061,0.0025,0.0037,0.0031,0.0028,0.0018,0.0021
hutt_20200713,COPERNICUS/S2_SR_HARMONIZED/20200712T222549_20200712T222545_T60GUV,2020-07-12 22:27:27,hutt_20200713_backgroundTrain_0,0,train,https://doi.org/10.1080/00288330.2022.2088569,"Gall et al. 2022, Figure 10A",v1,S2_SR_HARMONIZED_SCL_v1,174.87916733083597,-41.275814250615454,0.0354,0.0376,0.0086,0.0078,0.0027,0.0038,0.0038,0.001,0.0016,0.0021
hutt_20200713,COPERNICUS/S2_SR_HARMONIZED/20200712T222549_20200712T222545_T60GUV,2020-07-12 22:27:27,hutt_20200713_backgroundTrain_0,0,train,https://doi.org/10.1080/00288330.2022.2088569,"Gall et al. 2022, Figure 10A",v1,S2_SR_HARMONIZED_SCL_v1,174.8797639363428,-41.2758252444587,0.0348,0.0372,0.0097,0.0042,0.0025,0.0032,0.0025,0.0018,0.001,1.0E-4
hutt_20200713,COPERNICUS/S2_SR_HARMONIZED/20200712T222549_20200712T222545_T60GUV,2020-07-12 22:27:27,hutt_20200713_backgroundTrain_0,0,train,https://doi.org/10.1080/00288330.2022.2088569,"Gall et al. 2022, Figure 10A",v1,S2_SR_HARMONIZED_SCL_v1,174.88417882736178,-41.27590650288294,0.0356,0.036,0.0072,0.0063,0.0039,0.0052,0.0038,1.0E-4,9.0E-4,6.0E-4
hutt_20200713,COPERNICUS/S2_SR_HARMONIZED/20200712T222549_20200712T222545_T60GUV,2020-07-12 22:27:27,hutt_20200713_backgroundTrain_0,0,train,https://doi.org/10.1080/00288330.2022.2088569,"Gall et al. 2022, Figure 10A",v1,S2_SR_HARMONIZED_SCL_v1,174.88429814899158,-41.27590869670868,0.0362,0.0321,0.0066,0.0031,0.0038,0.0026,0.0033,6.0E-4,9.0E-4,0.002
hutt_20200713,COPERNICUS/S2_SR_HARMONIZED/20200712T222549_20200712T222545_T60GUV,2020-07-12 22:27:27,hutt_20200713_backgroundTrain_0,0,train,https://doi.org/10.1080/00288330.2022.2088569,"Gall et al. 2022, Figure 10A",v1,S2_SR_HARMONIZED_SCL_v1,174.8850140790473,-41.27592185706809,0.034,0.0321,0.0072,0.003,0.0021,0.0019,8.0E-4,0.0021,0.0021,1.0E-4
hutt_20200713,COPERNICUS/S2_SR_HARMONIZED/20200712T222549_20200712T222545_T60GUV,2020-07-12 22:27:27,hutt_20200713_backgroundTrain_0,0,train,https://doi.org/10.1080/00288330.2022.2088569,"Gall et al. 2022, Figure 10A",v1,S2_SR_HARMONIZED_SCL_v1,174.88573000957786,-41.27593501297884,0.0361,0.0325,0.0082,0.0046,0.0026,0.0031,0.0017,0.001,8.0E-4,0.0024
hutt_20200713,COPERNICUS/S2_SR_HARMONIZED/20200712T222549_20200712T222545_T60GUV,2020-07-12 22:27:27,hutt_20200713_backgroundTrain_0,0,train,https://doi.org/10.1080/00288330.2022.2088569,"Gall et al. 2022, Figure 10A",v1,S2_SR_HARMONIZED_SCL_v1,174.88596865319354,-41.27593939729383,0.0385,0.0371,0.007,0.0036,0.0021,0.0044,3.0E-4,0.0011,0.0018,0.0022
hutt_20200713,COPERNICUS/S2_SR_HARMONIZED/20200712T222549_20200712T222545_T60GUV,2020-07-12 22:27:27,hutt_20200713_backgroundTrain_0,0,train,https://doi.org/10.1080/00288330.2022.2088569,"Gall et al. 2022, Figure 10A",v1,S2_SR_HARMONIZED_SCL_v1,174.88740051599495,-41.27596569280357,0.0371,0.0332,0.0068,0.0064,0.0031,0.0046,0.0027,1.0E-4,0.0017,0.0014
hutt_20200713,COPERNICUS/S2_SR_HARMONIZED/20200712T222549_20200712T222545_T60GUV,2020-07-12 22:27:27,hutt_20200713_backgroundTrain_0,0,train,https://doi.org/10.1080/00288330.2022.2088569,"Gall et al. 2022, Figure 10A",v1,S2_SR_HARMONIZED_SCL_v1,174.88835509225004,-41.27598321325744,0.0346,0.0336,0.0082,0.0049,0.0044,0.0031,0.0018,0.0019,0.0016,0.0015
hutt_20200713,COPERNICUS/S2_SR_HARMONIZED/20200712T222549_20200712T222545_T60GUV,2020-07-12 22:27:27,hutt_20200713_backgroundTrain_0,0,train,https://doi.org/10.1080/00288330.2022.2088569,"Gall et al. 2022, Figure 10A",v1,S2_SR_HARMONIZED_SCL_v1,174.88930966934797,-41.27600072580252,0.0368,0.0353,0.0044,0.0047,0.0031,0.0032,0.0018,0.0016,0.0019,0.0021
hutt_20200713,COPERNICUS/S2_SR_HARMONIZED/20200712T222549_20200712T222545_T60GUV,2020-07-12 22:27:27,hutt_20200713_backgroundTrain_0,0,train,https://doi.org/10.1080/00288330.2022.2088569,"Gall et al. 2022, Figure 10A",v1,S2_SR_HARMONIZED_SCL_v1,174.88942899154446,-41.27600291431457,0.034,0.0324,0.0078,0.0047,0.0031,0.0032,0.0017,0.0016,0.0019,0.0021
hutt_20200713,COPERNICUS/S2_SR_HARMONIZED/20200712T222549_20200712T222545_T60GUV,2020-07-12 22:27:27,hutt_20200713_backgroundTrain_0,0,train,https://doi.org/10.1080/00288330.2022.2088569,"Gall et al. 2022, Figure 10A",v1,S2_SR_HARMONIZED_SCL_v1,174.87057332146586,-41.27574561246232,0.0372,0.0359,0.0064,0.0057,0.0041,0.0037,0.0036,0.0048,7.0E-4,0.0011
hutt_20200713,COPERNICUS/S2_SR_HARMONIZED/20200712T222549_20200712T222545_T60GUV,2020-07-12 22:27:27,hutt_20200713_backgroundTrain_0,0,train,https://doi.org/10.1080/00288330.2022.2088569,"Gall et al. 2022, Figure 10A",v1,S2_SR_HARMONIZED_SCL_v1,174.8729597296761,-41.27578974738031,0.0344,0.0338,0.0077,0.0053,0.004,0.0026,1.0E-4,0.0025,0.001,0.0016
hutt_20200713,COPERNICUS/S2_SR_HARMONIZED/20200712T222549_20200712T222545_T60GUV,2020-07-12 22:27:27,hutt_20200713_backgroundTrain_0,0,train,https://doi.org/10.1080/00288330.2022.2088569,"Gall et al. 2022, Figure 10A",v1,S2_SR_HARMONIZED_SCL_v1,174.8766586728861,-41.27585805882088,0.0369,0.0315,0.0077,0.006,0.0026,0.0037,0.0022,0.0015,0.0029,7.0E-4
hutt_20200713,COPERNICUS/S2_SR_HARMONIZED/20200712T222549_20200712T222545_T60GUV,2020-07-12 22:27:27,hutt_20200713_backgroundTrain_0,0,train,https://doi.org/10.1080/00288330.2022.2088569,"Gall et al. 2022, Figure 10A",v1,S2_SR_HARMONIZED_SCL_v1,174.87952237959624,-41.275910863540425,0.036,0.0361,0.0085,0.0035,0.0013,0.0033,0.0036,9.0E-4,0.002,0.0021
hutt_20200713,COPERNICUS/S2_SR_HARMONIZED/20200712T222549_20200712T222545_T60GUV,2020-07-12 22:27:27,hutt_20200713_backgroundTrain_0,0,train,https://doi.org/10.1080/00288330.2022.2088569,"Gall et al. 2022, Figure 10A",v1,S2_SR_HARMONIZED_SCL_v1,174.88047695019287,-41.27592844929638,0.036,0.0356,0.0066,0.0072,0.0047,0.0029,0.0035,0.0032,0.0027,0.0021
hutt_20200713,COPERNICUS/S2_SR_HARMONIZED/20200712T222549_20200712T222545_T60GUV,2020-07-12 22:27:27,hutt_20200713_backgroundTrain_0,0,train,https://doi.org/10.1080/00288330.2022.2088569,"Gall et al. 2022, Figure 10A",v1,S2_SR_HARMONIZED_SCL_v1,174.8834599887583,-41.27598335380995,0.0362,0.037,0.0062,0.0064,0.0027,0.0032,0.0017,0.0032,0.0021,0.0019
hutt_20200713,COPERNICUS/S2_SR_HARMONIZED/20200712T222549_20200712T222545_T60GUV,2020-07-12 22:27:27,hutt_20200713_backgroundTrain_0,0,train,https://doi.org/10.1080/00288330.2022.2088569,"Gall et al. 2022, Figure 10A",v1,S2_SR_HARMONIZED_SCL_v1,174.88357931047258,-41.27598554838404,0.038,0.0364,0.0061,0.0057,0.0013,0.005,0.002,0.0023,0.001,0.001
hutt_20200713,COPERNICUS/S2_SR_HARMONIZED/20200712T222549_20200712T222545_T60GUV,2020-07-12 22:27:27,hutt_20200713_backgroundTrain_0,0,train,https://doi.org/10.1080/00288330.2022.2088569,"Gall et al. 2022, Figure 10A",v1,S2_SR_HARMONIZED_SCL_v1,174.88405659746178,-41.27599432544467,0.0359,0.0343,0.0072,0.0063,0.0039,0.0052,0.0017,1.0E-4,9.0E-4,6.0E-4
hutt_20200713,COPERNICUS/S2_SR_HARMONIZED/20200712T222549_20200712T222545_T60GUV,2020-07-12 22:27:27,hutt_20200713_backgroundTrain_0,0,train,https://doi.org/10.1080/00288330.2022.2088569,"Gall et al. 2022, Figure 10A",v1,S2_SR_HARMONIZED_SCL_v1,174.88429524103555,-41.27599871323354,0.0392,0.0319,0.0057,0.0031,0.0038,0.0026,0.0048,6.0E-4,9.0E-4,0.002
hutt_20200713,COPERNICUS/S2_SR_HARMONIZED/20200712T222549_20200712T222545_T60GUV,2020-07-12 22:27:27,hutt_20200713_backgroundTrain_0,0,train,https://doi.org/10.1080/00288330.2022.2088569,"Gall et al. 2022, Figure 10A",v1,S2_SR_HARMONIZED_SCL_v1,174.88477252834141,-41.276007487328386,0.037,0.035,0.0055,0.0052,0.0027,0.006,0.0035,3.0E-4,0.0017,0.0012
hutt_20200713,COPERNICUS/S2_SR_HARMONIZED/20200712T222549_20200712T222545_T60GUV,2020-07-12 22:27:27,hutt_20200713_backgroundTrain_0,0,train,https://doi.org/10.1080/00288330.2022.2088569,"Gall et al. 2022, Figure 10A",v1,S2_SR_HARMONIZED_SCL_v1,174.8851304939593,-41.276014066602,0.0408,0.0343,0.0078,0.003,0.0021,0.0019,0.0017,0.0021,0.0021,1.0E-4
hutt_20200713,COPERNICUS/S2_SR_HARMONIZED/20200712T222549_20200712T222545_T60GUV,2020-07-12 22:27:27,hutt_20200713_backgroundTrain_0,0,train,https://doi.org/10.1080/00288330.2022.2088569,"Gall et al. 2022, Figure 10A",v1,S2_SR_HARMONIZED_SCL_v1,174.88584642555125,-41.276027221812726,0.0361,0.0336,0.0066,0.0046,0.0026,0.0031,0.0028,0.001,8.0E-4,0.0024
hutt_20200713,COPERNICUS/S2_SR_HARMONIZED/20200712T222549_20200712T222545_T60GUV,2020-07-12 22:27:27,hutt_20200713_backgroundTrain_0,0,train,https://doi.org/10.1080/00288330.2022.2088569,"Gall et al. 2022, Figure 10A",v1,S2_SR_HARMONIZED_SCL_v1,174.88763625660744,-41.27606009037656,0.0343,0.0319,0.0049,0.0035,0.0024,0.0056,0.0028,0.0014,0.0017,0.0014
hutt_20200713,COPERNICUS/S2_SR_HARMONIZED/20200712T222549_20200712T222545_T60GUV,2020-07-12 22:27:27,hutt_20200713_backgroundTrain_0,0,train,https://doi.org/10.1080/00288330.2022.2088569,"Gall et al. 2022, Figure 10A",v1,S2_SR_HARMONIZED_SCL_v1,174.88847151211488,-41.27607541952441,0.037,0.0376,0.0062,0.0049,0.0044,0.0031,0.002,0.0019,0.0016,0.0015
hutt_20200713,COPERNICUS/S2_SR_HARMONIZED/20200712T222549_20200712T222545_T60GUV,2020-07-12 22:27:27,hutt_20200713_backgroundTrain_0,0,train,https://doi.org/10.1080/00288330.2022.2088569,"Gall et al. 2022, Figure 10A",v1,S2_SR_HARMONIZED_SCL_v1,174.87057039467092,-41.275835628188844,0.0422,0.0363,0.0047,0.0065,0.0037,0.0028,0.0035,0.0016,0.0012,0.0032
hutt_20200713,COPERNICUS/S2_SR_HARMONIZED/20200712T222549_20200712T222545_T60GUV,2020-07-12 22:27:27,hutt_20200713_backgroundTrain_0,0,train,https://doi.org/10.1080/00288330.2022.2088569,"Gall et al. 2022, Figure 10A",v1,S2_SR_HARMONIZED_SCL_v1,174.87080903558038,-41.2758400439188,0.0401,0.0335,0.0044,0.0064,0.0029,0.0037,0.0035,2.0E-4,0.0021,0.0015
hutt_20200713,COPERNICUS/S2_SR_HARMONIZED/20200712T222549_20200712T222545_T60GUV,2020-07-12 22:27:27,hutt_20200713_backgroundTrain_0,0,train,https://doi.org/10.1080/00288330.2022.2088569,"Gall et al. 2022, Figure 10A",v1,S2_SR_HARMONIZED_SCL_v1,174.8723602027864,-41.27586873411541,0.0374,0.0389,0.0076,0.0061,0.0023,0.005,0.005,0.0012,0.0017,0.0012
hutt_20200713,COPERNICUS/S2_SR_HARMONIZED/20200712T222549_20200712T222545_T60GUV,2020-07-12 22:27:27,hutt_20200713_backgroundTrain_0,0,train,https://doi.org/10.1080/00288330.2022.2088569,"Gall et al. 2022, Figure 10A",v1,S2_SR_HARMONIZED_SCL_v1,174.87546254392421,-41.27592605185841,0.0388,0.0329,0.0083,0.0038,0.0043,0.0034,0.0015,0.0038,0.0028,0.0019
hutt_20200713,COPERNICUS/S2_SR_HARMONIZED/20200712T222549_20200712T222545_T60GUV,2020-07-12 22:27:27,hutt_20200713_backgroundTrain_0,0,train,https://doi.org/10.1080/00288330.2022.2088569,"Gall et al. 2022, Figure 10A",v1,S2_SR_HARMONIZED_SCL_v1,174.87653643332868,-41.275945873153155,0.0361,0.0355,0.0071,0.0053,0.0026,0.0043,0.0019,0.0013,0.003,7.0E-4
hutt_20200713,COPERNICUS/S2_SR_HARMONIZED/20200712T222549_20200712T222545_T60GUV,2020-07-12 22:27:27,hutt_20200713_backgroundTrain_0,0,train,https://doi.org/10.1080/00288330.2022.2088569,"Gall et al. 2022, Figure 10A",v1,S2_SR_HARMONIZED_SCL_v1,174.8772523601943,-41.27595908178892,0.0373,0.0339,0.0085,0.0046,0.002,0.0032,0.0046,0.0015,0.0019,0.0019
hutt_20200713,COPERNICUS/S2_SR_HARMONIZED/20200712T222549_20200712T222545_T60GUV,2020-07-12 22:27:27,hutt_20200713_backgroundTrain_0,0,train,https://doi.org/10.1080/00288330.2022.2088569,"Gall et al. 2022, Figure 10A",v1,S2_SR_HARMONIZED_SCL_v1,174.87880353670454,-41.27598768523861,0.0369,0.036,0.0098,0.0042,0.0036,0.0039,0.0037,0.0013,0.0025,0.0021
hutt_20200713,COPERNICUS/S2_SR_HARMONIZED/20200712T222549_20200712T222545_T60GUV,2020-07-12 22:27:27,hutt_20200713_backgroundTrain_0,0,train,https://doi.org/10.1080/00288330.2022.2088569,"Gall et al. 2022, Figure 10A",v1,S2_SR_HARMONIZED_SCL_v1,174.88095132325552,-41.276027255538374,0.0404,0.035,0.0095,0.0064,0.0036,0.0036,0.0043,1.0E-4,0.0017,0.0014
hutt_20200713,COPERNICUS/S2_SR_HARMONIZED/20200712T222549_20200712T222545_T60GUV,2020-07-12 22:27:27,hutt_20200713_backgroundTrain_0,0,train,https://doi.org/10.1080/00288330.2022.2088569,"Gall et al. 2022, Figure 10A",v1,S2_SR_HARMONIZED_SCL_v1,174.88142860973736,-41.27603604350111,0.0379,0.0332,0.0063,0.0045,0.0032,0.004,0.003,0.0031,7.0E-4,0.0017
hutt_20200713,COPERNICUS/S2_SR_HARMONIZED/20200712T222549_20200712T222545_T60GUV,2020-07-12 22:27:27,hutt_20200713_backgroundTrain_0,0,train,https://doi.org/10.1080/00288330.2022.2088569,"Gall et al. 2022, Figure 10A",v1,S2_SR_HARMONIZED_SCL_v1,174.88297979226314,-41.27606459072514,0.035,0.0328,0.0081,0.0046,0.0036,0.0071,8.0E-4,9.0E-4,0.0013,0.0024
hutt_20200713,COPERNICUS/S2_SR_HARMONIZED/20200712T222549_20200712T222545_T60GUV,2020-07-12 22:27:27,hutt_20200713_backgroundTrain_0,0,train,https://doi.org/10.1080/00288330.2022.2088569,"Gall et al. 2022, Figure 10A",v1,S2_SR_HARMONIZED_SCL_v1,174.88405368916514,-41.27608434195413,0.0363,0.0351,0.0065,0.0047,0.0043,0.0046,9.0E-4,0.0031,9.0E-4,0.0024
hutt_20200713,COPERNICUS/S2_SR_HARMONIZED/20200712T222549_20200712T222545_T60GUV,2020-07-12 22:27:27,hutt_20200713_backgroundTrain_0,0,train,https://doi.org/10.1080/00288330.2022.2088569,"Gall et al. 2022, Figure 10A",v1,S2_SR_HARMONIZED_SCL_v1,174.8841730111091,-41.27608653591726,0.037,0.0346,0.0074,0.0047,0.0043,0.0046,0.0028,0.0031,9.0E-4,0.0024
hutt_20200713,COPERNICUS/S2_SR_HARMONIZED/20200712T222549_20200712T222545_T60GUV,2020-07-12 22:27:27,hutt_20200713_backgroundTrain_0,0,train,https://doi.org/10.1080/00288330.2022.2088569,"Gall et al. 2022, Figure 10A",v1,S2_SR_HARMONIZED_SCL_v1,174.88453097702026,-41.2760931170652,0.039,0.0318,0.0061,0.0049,0.0029,0.004,0.0033,2.0E-4,9.0E-4,0.0021
hutt_20200713,COPERNICUS/S2_SR_HARMONIZED/20200712T222549_20200712T222545_T60GUV,2020-07-12 22:27:27,hutt_20200713_backgroundTrain_0,0,train,https://doi.org/10.1080/00288330.2022.2088569,"Gall et al. 2022, Figure 10A",v1,S2_SR_HARMONIZED_SCL_v1,174.88465029901704,-41.27609531053403,0.0336,0.0321,0.0066,0.0049,0.0029,0.004,0.0019,2.0E-4,9.0E-4,0.0021
hutt_20200713,COPERNICUS/S2_SR_HARMONIZED/20200712T222549_20200712T222545_T60GUV,2020-07-12 22:27:27,hutt_20200713_backgroundTrain_0,0,train,https://doi.org/10.1080/00288330.2022.2088569,"Gall et al. 2022, Figure 10A",v1,S2_SR_HARMONIZED_SCL_v1,174.88488894305013,-41.27609969710097,0.0385,0.0321,0.0072,0.0041,0.0021,0.007,0.0031,3.0E-4,7.0E-4,0.0021
hutt_20200713,COPERNICUS/S2_SR_HARMONIZED/20200712T222549_20200712T222545_T60GUV,2020-07-12 22:27:27,hutt_20200713_backgroundTrain_0,0,train,https://doi.org/10.1080/00288330.2022.2088569,"Gall et al. 2022, Figure 10A",v1,S2_SR_HARMONIZED_SCL_v1,174.88524690919874,-41.27610627602457,0.0368,0.0349,0.0065,0.0057,0.0047,0.0021,0.002,0.0023,7.0E-4,0.0026
hutt_20200713,COPERNICUS/S2_SR_HARMONIZED/20200712T222549_20200712T222545_T60GUV,2020-07-12 22:27:27,hutt_20200713_backgroundTrain_0,0,train,https://doi.org/10.1080/00288330.2022.2088569,"Gall et al. 2022, Figure 10A",v1,S2_SR_HARMONIZED_SCL_v1,174.88739470858243,-41.27614572621055,0.037,0.034,0.0075,0.0065,0.0017,0.002,0.0028,1.0E-4,0.0018,0.0025
hutt_20200713,COPERNICUS/S2_SR_HARMONIZED/20200712T222549_20200712T222545_T60GUV,2020-07-12 22:27:27,hutt_20200713_backgroundTrain_0,0,train,https://doi.org/10.1080/00288330.2022.2088569,"Gall et al. 2022, Figure 10A",v1,S2_SR_HARMONIZED_SCL_v1,174.88787199791423,-41.27615448748124,0.0361,0.0355,0.0056,0.0041,0.0026,0.0015,2.0E-4,0.0011,0.0026,0.0025
hutt_20200713,COPERNICUS/S2_SR_HARMONIZED/20200712T222549_20200712T222545_T60GUV,2020-07-12 22:27:27,hutt_20200713_backgroundTrain_0,0,train,https://doi.org/10.1080/00288330.2022.2088569,"Gall et al. 2022, Figure 10A",v1,S2_SR_HARMONIZED_SCL_v1,174.89025844773383,-41.27619826417655,0.036,0.0332,0.0063,0.0057,0.0025,0.0052,0.0015,9.0E-4,0.0028,0.0026
hutt_20200713,COPERNICUS/S2_SR_HARMONIZED/20200712T222549_20200712T222545_T60GUV,2020-07-12 22:27:27,hutt_20200713_backgroundTrain_0,0,train,https://doi.org/10.1080/00288330.2022.2088569,"Gall et al. 2022, Figure 10A",v1,S2_SR_HARMONIZED_SCL_v1,174.89097438370626,-41.27621138754621,0.0346,0.0343,0.007,0.0047,0.0027,0.0046,3.0E-4,0.0033,9.0E-4,0.0036
hutt_20200713,COPERNICUS/S2_SR_HARMONIZED/20200712T222549_20200712T222545_T60GUV,2020-07-12 22:27:27,hutt_20200713_backgroundTrain_0,0,train,https://doi.org/10.1080/00288330.2022.2088569,"Gall et al. 2022, Figure 10A",v1,S2_SR_HARMONIZED_SCL_v1,174.87092542973792,-41.2759322673442,0.0346,0.0342,0.0091,0.0069,0.0045,0.0033,0.0035,0.0022,0.0021,0.0015
hutt_20200713,COPERNICUS/S2_SR_HARMONIZED/20200712T222549_20200712T222545_T60GUV,2020-07-12 22:27:27,hutt_20200713_backgroundTrain_0,0,train,https://doi.org/10.1080/00288330.2022.2088569,"Gall et al. 2022, Figure 10A",v1,S2_SR_HARMONIZED_SCL_v1,174.87128339173265,-41.27593888966249,0.0396,0.0398,0.0091,0.0071,0.0043,0.0022,0.0043,0.0015,4.0E-4,7.0E-4
hutt_20200713,COPERNICUS/S2_SR_HARMONIZED/20200712T222549_20200712T222545_T60GUV,2020-07-12 22:27:27,hutt_20200713_backgroundTrain_0,0,train,https://doi.org/10.1080/00288330.2022.2088569,"Gall et al. 2022, Figure 10A",v1,S2_SR_HARMONIZED_SCL_v1,174.87355048713977,-41.27598080518542,0.0396,0.0352,0.007,0.0058,0.0023,0.0018,0.0045,0.0014,0.001,0.0015
hutt_20200713,COPERNICUS/S2_SR_HARMONIZED/20200712T222549_20200712T222545_T60GUV,2020-07-12 22:27:27,hutt_20200713_backgroundTrain_0,0,train,https://doi.org/10.1080/00288330.2022.2088569,"Gall et al. 2022, Figure 10A",v1,S2_SR_HARMONIZED_SCL_v1,174.87366980808335,-41.27598301002987,0.0379,0.0368,0.0063,0.0058,0.0023,0.0018,0.0035,0.0014,0.001,0.0015
hutt_20200713,COPERNICUS/S2_SR_HARMONIZED/20200712T222549_20200712T222545_T60GUV,2020-07-12 22:27:27,hutt_20200713_backgroundTrain_0,0,train,https://doi.org/10.1080/00288330.2022.2088569,"Gall et al. 2022, Figure 10A",v1,S2_SR_HARMONIZED_SCL_v1,174.87414709199018,-41.27599182817194,0.0359,0.0329,0.0079,0.0053,0.0039,0.0033,0.0033,9.0E-4,0.0016,2.0E-4
hutt_20200713,COPERNICUS/S2_SR_HARMONIZED/20200712T222549_20200712T222545_T60GUV,2020-07-12 22:27:27,hutt_20200713_backgroundTrain_0,0,train,https://doi.org/10.1080/00288330.2022.2088569,"Gall et al. 2022, Figure 10A",v1,S2_SR_HARMONIZED_SCL_v1,174.87486301824822,-41.276005051677906,0.0344,0.0304,0.0034,0.0049,0.0027,0.0018,0.0035,5.0E-4,0.0021,0.0034
hutt_20200713,COPERNICUS/S2_SR_HARMONIZED/20200712T222549_20200712T222545_T60GUV,2020-07-12 22:27:27,hutt_20200713_backgroundTrain_0,0,train,https://doi.org/10.1080/00288330.2022.2088569,"Gall et al. 2022, Figure 10A",v1,S2_SR_HARMONIZED_SCL_v1,174.87522098155614,-41.276011661762674,0.0376,0.0332,0.0074,0.0064,0.0032,0.0034,6.0E-4,0.0019,0.0023,0.001
hutt_20200713,COPERNICUS/S2_SR_HARMONIZED/20200712T222549_20200712T222545_T60GUV,2020-07-12 22:27:27,hutt_20200713_backgroundTrain_0,0,train,https://doi.org/10.1080/00288330.2022.2088569,"Gall et al. 2022, Figure 10A",v1,S2_SR_HARMONIZED_SCL_v1,174.87605622973845,-41.27602708096879,0.0367,0.0343,0.0081,0.006,0.0026,0.0025,1.0E-4,0.0021,0.0012,0.0014
hutt_20200713,COPERNICUS/S2_SR_HARMONIZED/20200712T222549_20200712T222545_T60GUV,2020-07-12 22:27:27,hutt_20200713_backgroundTrain_0,0,train,https://doi.org/10.1080/00288330.2022.2088569,"Gall et al. 2022, Figure 10A",v1,S2_SR_HARMONIZED_SCL_v1,174.87677215726845,-41.276040292611874,0.0355,0.0357,0.0094,0.0064,0.0025,0.0039,0.0014,0.0013,0.0017,0.0017
hutt_20200713,COPERNICUS/S2_SR_HARMONIZED/20200712T222549_20200712T222545_T60GUV,2020-07-12 22:27:27,hutt_20200713_backgroundTrain_0,0,train,https://doi.org/10.1080/00288330.2022.2088569,"Gall et al. 2022, Figure 10A",v1,S2_SR_HARMONIZED_SCL_v1,174.8788006211917,-41.27607770144222,0.0408,0.0356,0.0079,0.0042,0.0036,0.0039,0.0051,0.0013,0.0025,0.0021
hutt_20200713,COPERNICUS/S2_SR_HARMONIZED/20200712T222549_20200712T222545_T60GUV,2020-07-12 22:27:27,hutt_20200713_backgroundTrain_0,0,train,https://doi.org/10.1080/00288330.2022.2088569,"Gall et al. 2022, Figure 10A",v1,S2_SR_HARMONIZED_SCL_v1,174.87903926425764,-41.2760821001332,0.0377,0.0329,0.0095,0.0067,0.0011,0.004,0.0042,0.0012,8.0E-4,0.0019
hutt_20200713,COPERNICUS/S2_SR_HARMONIZED/20200712T222549_20200712T222545_T60GUV,2020-07-12 22:27:27,hutt_20200713_backgroundTrain_0,0,train,https://doi.org/10.1080/00288330.2022.2088569,"Gall et al. 2022, Figure 10A",v1,S2_SR_HARMONIZED_SCL_v1,174.88309620446884,-41.27615680225305,0.0395,0.037,0.0075,0.0045,0.002,0.0061,0.0031,0.0018,0.0022,0.0021
hutt_20200713,COPERNICUS/S2_SR_HARMONIZED/20200712T222549_20200712T222545_T60GUV,2020-07-12 22:27:27,hutt_20200713_backgroundTrain_0,0,train,https://doi.org/10.1080/00288330.2022.2088569,"Gall et al. 2022, Figure 10A",v1,S2_SR_HARMONIZED_SCL_v1,174.88321552647096,-41.27615899721168,0.0417,0.0361,0.0078,0.0045,0.002,0.0061,0.0024,0.0018,0.0022,0.0021
hutt_20200713,COPERNICUS/S2_SR_HARMONIZED/20200712T222549_20200712T222545_T60GUV,2020-07-12 22:27:27,hutt_20200713_backgroundTrain_0,0,train,https://doi.org/10.1080/00288330.2022.2088569,"Gall et al. 2022, Figure 10A",v1,S2_SR_HARMONIZED_SCL_v1,174.88488603588627,-41.27618971365719,0.0346,0.0324,0.0052,0.0041,0.0021,0.007,0.0037,3.0E-4,7.0E-4,0.0021
hutt_20200713,COPERNICUS/S2_SR_HARMONIZED/20200712T222549_20200712T222545_T60GUV,2020-07-12 22:27:27,hutt_20200713_backgroundTrain_0,0,train,https://doi.org/10.1080/00288330.2022.2088569,"Gall et al. 2022, Figure 10A",v1,S2_SR_HARMONIZED_SCL_v1,174.88655654788707,-41.27622040588203,0.0349,0.0353,0.0066,0.0027,0.0024,0.0039,1.0E-4,0.0023,0.0022,0.003
hutt_20200713,COPERNICUS/S2_SR_HARMONIZED/20200712T222549_20200712T222545_T60GUV,2020-07-12 22:27:27,hutt_20200713_backgroundTrain_0,0,train,https://doi.org/10.1080/00288330.2022.2088569,"Gall et al. 2022, Figure 10A",v1,S2_SR_HARMONIZED_SCL_v1,174.88715315994213,-41.27623136152108,0.0338,0.0327,0.0077,0.0064,0.0024,0.0051,0.0019,0.0013,0.0013,0.0026
hutt_20200713,COPERNICUS/S2_SR_HARMONIZED/20200712T222549_20200712T222545_T60GUV,2020-07-12 22:27:27,hutt_20200713_backgroundTrain_0,0,train,https://doi.org/10.1080/00288330.2022.2088569,"Gall et al. 2022, Figure 10A",v1,S2_SR_HARMONIZED_SCL_v1,174.88906232073165,-41.276266398805305,0.0349,0.0364,0.0063,0.0049,0.0026,0.0045,0.0023,0.0021,5.0E-4,0.0031
hutt_20200713,COPERNICUS/S2_SR_HARMONIZED/20200712T222549_20200712T222545_T60GUV,2020-07-12 22:27:27,hutt_20200713_backgroundTrain_0,0,train,https://doi.org/10.1080/00288330.2022.2088569,"Gall et al. 2022, Figure 10A",v1,S2_SR_HARMONIZED_SCL_v1,174.89144877645774,-41.276310150923145,0.0348,0.0327,0.0051,0.0044,0.0046,0.003,0.002,0.001,0.0017,0.0012
hutt_20200713,COPERNICUS/S2_SR_HARMONIZED/20200712T222549_20200712T222545_T60GUV,2020-07-12 22:27:27,hutt_20200713_backgroundTrain_0,0,train,https://doi.org/10.1080/00288330.2022.2088569,"Gall et al. 2022, Figure 10A",v1,S2_SR_HARMONIZED_SCL_v1,174.87163842849867,-41.27603552665455,0.0378,0.0361,0.0072,0.0057,0.0062,0.0037,0.0027,0.001,0.001,0.001
hutt_20200713,COPERNICUS/S2_SR_HARMONIZED/20200712T222549_20200712T222545_T60GUV,2020-07-12 22:27:27,hutt_20200713_backgroundTrain_0,0,train,https://doi.org/10.1080/00288330.2022.2088569,"Gall et al. 2022, Figure 10A",v1,S2_SR_HARMONIZED_SCL_v1,174.87641127464371,-41.27612370340989,0.0361,0.035,0.0087,0.006,0.004,0.0038,0.0017,0.0011,0.0021,0.0016
hutt_20200713,COPERNICUS/S2_SR_HARMONIZED/20200712T222549_20200712T222545_T60GUV,2020-07-12 22:27:27,hutt_20200713_backgroundTrain_0,0,train,https://doi.org/10.1080/00288330.2022.2088569,"Gall et al. 2022, Figure 10A",v1,S2_SR_HARMONIZED_SCL_v1,174.8773658464171,-41.27614131503512,0.0329,0.0355,0.0077,0.0043,0.0043,0.0033,0.0022,0.0033,0.0022,0.003
hutt_20200713,COPERNICUS/S2_SR_HARMONIZED/20200712T222549_20200712T222545_T60GUV,2020-07-12 22:27:27,hutt_20200713_backgroundTrain_0,0,train,https://doi.org/10.1080/00288330.2022.2088569,"Gall et al. 2022, Figure 10A",v1,S2_SR_HARMONIZED_SCL_v1,174.87784313262154,-41.276150117882,0.0367,0.0378,0.0079,0.0065,0.0027,0.0032,0.0017,0.0015,0.0019,0.001
hutt_20200713,COPERNICUS/S2_SR_HARMONIZED/20200712T222549_20200712T222545_T60GUV,2020-07-12 22:27:27,hutt_20200713_backgroundTrain_0,0,train,https://doi.org/10.1080/00288330.2022.2088569,"Gall et al. 2022, Figure 10A",v1,S2_SR_HARMONIZED_SCL_v1,174.8786783839888,-41.276165518106474,0.0349,0.0324,0.0066,0.0039,0.0024,0.0033,0.0027,0.001,0.0018,0.0027
hutt_20200713,COPERNICUS/S2_SR_HARMONIZED/20200712T222549_20200712T222545_T60GUV,2020-07-12 22:27:27,hutt_20200713_backgroundTrain_0,0,train,https://doi.org/10.1080/00288330.2022.2088569,"Gall et al. 2022, Figure 10A",v1,S2_SR_HARMONIZED_SCL_v1,174.88046821052987,-41.2761984981979,0.0369,0.0337,0.0078,0.0061,0.0058,0.003,0.0033,1.0E-4,0.0022,0.0022
hutt_20200713,COPERNICUS/S2_SR_HARMONIZED/20200712T222549_20200712T222545_T60GUV,2020-07-12 22:27:27,hutt_20200713_backgroundTrain_0,0,train,https://doi.org/10.1080/00288330.2022.2088569,"Gall et al. 2022, Figure 10A",v1,S2_SR_HARMONIZED_SCL_v1,174.88297397268354,-41.27624462361497,0.0408,0.0355,0.0062,0.0049,0.0026,0.0049,0.0025,0.001,0.0026,0.0022
hutt_20200713,COPERNICUS/S2_SR_HARMONIZED/20200712T222549_20200712T222545_T60GUV,2020-07-12 22:27:27,hutt_20200713_backgroundTrain_0,0,train,https://doi.org/10.1080/00288330.2022.2088569,"Gall et al. 2022, Figure 10A",v1,S2_SR_HARMONIZED_SCL_v1,174.8861956754359,-41.27630384764627,0.0363,0.0321,0.0061,0.0045,0.0043,0.0032,0.0032,1.0E-4,0.0013,0.0026
hutt_20200713,COPERNICUS/S2_SR_HARMONIZED/20200712T222549_20200712T222545_T60GUV,2020-07-12 22:27:27,hutt_20200713_backgroundTrain_0,0,train,https://doi.org/10.1080/00288330.2022.2088569,"Gall et al. 2022, Figure 10A",v1,S2_SR_HARMONIZED_SCL_v1,174.8863149979447,-41.27630603939885,0.0381,0.0339,0.0063,0.0045,0.0043,0.0032,0.0033,1.0E-4,0.0013,0.0026
hutt_20200713,COPERNICUS/S2_SR_HARMONIZED/20200712T222549_20200712T222545_T60GUV,2020-07-12 22:27:27,hutt_20200713_backgroundTrain_0,0,train,https://doi.org/10.1080/00288330.2022.2088569,"Gall et al. 2022, Figure 10A",v1,S2_SR_HARMONIZED_SCL_v1,174.88667296555028,-41.27631261391515,0.0362,0.0329,0.0062,0.0042,0.0043,0.003,0.0035,0.0018,9.0E-4,0.0024
hutt_20200713,COPERNICUS/S2_SR_HARMONIZED/20200712T222549_20200712T222545_T60GUV,2020-07-12 22:27:27,hutt_20200713_backgroundTrain_0,0,train,https://doi.org/10.1080/00288330.2022.2088569,"Gall et al. 2022, Figure 10A",v1,S2_SR_HARMONIZED_SCL_v1,174.88679228811182,-41.276314805173435,0.0346,0.0339,0.0074,0.0042,0.0043,0.003,0.0013,0.0018,9.0E-4,0.0024
hutt_20200713,COPERNICUS/S2_SR_HARMONIZED/20200712T222549_20200712T222545_T60GUV,2020-07-12 22:27:27,hutt_20200713_backgroundTrain_0,0,train,https://doi.org/10.1080/00288330.2022.2088569,"Gall et al. 2022, Figure 10A",v1,S2_SR_HARMONIZED_SCL_v1,174.88917874210938,-41.27635860438812,0.0359,0.0343,0.007,0.0043,0.0026,0.0036,0.0028,0.0029,0.0018,0.0027
hutt_20200713,COPERNICUS/S2_SR_HARMONIZED/20200712T222549_20200712T222545_T60GUV,2020-07-12 22:27:27,hutt_20200713_backgroundTrain_0,0,train,https://doi.org/10.1080/00288330.2022.2088569,"Gall et al. 2022, Figure 10A",v1,S2_SR_HARMONIZED_SCL_v1,174.8901333251832,-41.27637611023342,0.0339,0.034,0.009,0.0049,0.0022,0.0039,1.0E-4,0.0015,7.0E-4,0.0014
hutt_20200713,COPERNICUS/S2_SR_HARMONIZED/20200712T222549_20200712T222545_T60GUV,2020-07-12 22:27:27,hutt_20200713_backgroundTrain_0,0,train,https://doi.org/10.1080/00288330.2022.2088569,"Gall et al. 2022, Figure 10A",v1,S2_SR_HARMONIZED_SCL_v1,174.89108790909916,-41.27639360816981,0.0329,0.0342,0.0091,0.0031,0.001,0.004,0.0026,0.0023,0.0017,0.0016
hutt_20200713,COPERNICUS/S2_SR_HARMONIZED/20200712T222549_20200712T222545_T60GUV,2020-07-12 22:27:27,hutt_20200713_backgroundTrain_0,0,train,https://doi.org/10.1080/00288330.2022.2088569,"Gall et al. 2022, Figure 10A",v1,S2_SR_HARMONIZED_SCL_v1,174.87127754004078,-41.276118921191035,0.0455,0.0374,0.0072,0.005,0.0043,0.0028,0.0038,0.0027,9.0E-4,0.0039
hutt_20200713,COPERNICUS/S2_SR_HARMONIZED/20200712T222549_20200712T222545_T60GUV,2020-07-12 22:27:27,hutt_20200713_backgroundTrain_0,0,train,https://doi.org/10.1080/00288330.2022.2088569,"Gall et al. 2022, Figure 10A",v1,S2_SR_HARMONIZED_SCL_v1,174.8733059991664,-41.276156426890495,0.0357,0.0338,0.0063,0.005,0.0032,0.0052,9.0E-4,0.0013,4.0E-4,0.002
hutt_20200713,COPERNICUS/S2_SR_HARMONIZED/20200712T222549_20200712T222545_T60GUV,2020-07-12 22:27:27,hutt_20200713_backgroundTrain_0,0,train,https://doi.org/10.1080/00288330.2022.2088569,"Gall et al. 2022, Figure 10A",v1,S2_SR_HARMONIZED_SCL_v1,174.87426056949323,-41.276174064274244,0.0369,0.0352,0.0059,0.0044,0.0023,0.0031,0.0036,0.0012,0.0019,0.0022
hutt_20200713,COPERNICUS/S2_SR_HARMONIZED/20200712T222549_20200712T222545_T60GUV,2020-07-12 22:27:27,hutt_20200713_backgroundTrain_0,0,train,https://doi.org/10.1080/00288330.2022.2088569,"Gall et al. 2022, Figure 10A",v1,S2_SR_HARMONIZED_SCL_v1,174.8768856422659,-41.276222526300714,0.0423,0.0361,0.0077,0.0049,0.0045,0.005,0.0035,0.0015,0.0018,0.0019
hutt_20200713,COPERNICUS/S2_SR_HARMONIZED/20200712T222549_20200712T222545_T60GUV,2020-07-12 22:27:27,hutt_20200713_backgroundTrain_0,0,train,https://doi.org/10.1080/00288330.2022.2088569,"Gall et al. 2022, Figure 10A",v1,S2_SR_HARMONIZED_SCL_v1,174.87843682464444,-41.27625113483989,0.0375,0.0374,0.0084,0.0046,0.0043,0.0019,0.0019,0.0011,0.0012,0.0034
hutt_20200713,COPERNICUS/S2_SR_HARMONIZED/20200712T222549_20200712T222545_T60GUV,2020-07-12 22:27:27,hutt_20200713_backgroundTrain_0,0,train,https://doi.org/10.1080/00288330.2022.2088569,"Gall et al. 2022, Figure 10A",v1,S2_SR_HARMONIZED_SCL_v1,174.87879479012634,-41.27625773384471,0.0397,0.0345,0.0078,0.0054,0.0025,0.0029,0.0037,0.0013,0.003,0.0029
hutt_20200713,COPERNICUS/S2_SR_HARMONIZED/20200712T222549_20200712T222545_T60GUV,2020-07-12 22:27:27,hutt_20200713_backgroundTrain_0,0,train,https://doi.org/10.1080/00288330.2022.2088569,"Gall et al. 2022, Figure 10A",v1,S2_SR_HARMONIZED_SCL_v1,174.88058461932135,-41.276290712186345,0.0391,0.0357,0.0081,0.0061,0.0058,0.003,0.005,1.0E-4,0.0022,0.0022
hutt_20200713,COPERNICUS/S2_SR_HARMONIZED/20200712T222549_20200712T222545_T60GUV,2020-07-12 22:27:27,hutt_20200713_backgroundTrain_0,0,train,https://doi.org/10.1080/00288330.2022.2088569,"Gall et al. 2022, Figure 10A",v1,S2_SR_HARMONIZED_SCL_v1,174.88189716262136,-41.27631487863244,0.0368,0.0345,0.0081,0.0053,0.0038,0.0011,0.0033,1.0E-4,8.0E-4,0.002
hutt_20200713,COPERNICUS/S2_SR_HARMONIZED/20200712T222549_20200712T222545_T60GUV,2020-07-12 22:27:27,hutt_20200713_backgroundTrain_0,0,train,https://doi.org/10.1080/00288330.2022.2088569,"Gall et al. 2022, Figure 10A",v1,S2_SR_HARMONIZED_SCL_v1,174.88297106287396,-41.276334640057534,0.038,0.0358,0.0062,0.0049,0.0026,0.0049,0.0018,0.001,0.0026,0.0022
hutt_20200713,COPERNICUS/S2_SR_HARMONIZED/20200712T222549_20200712T222545_T60GUV,2020-07-12 22:27:27,hutt_20200713_backgroundTrain_0,0,train,https://doi.org/10.1080/00288330.2022.2088569,"Gall et al. 2022, Figure 10A",v1,S2_SR_HARMONIZED_SCL_v1,174.88344835221844,-41.27634341970018,0.041,0.0346,0.0081,0.0038,0.0025,0.0017,0.0045,0.0032,0.0013,0.0019
hutt_20200713,COPERNICUS/S2_SR_HARMONIZED/20200712T222549_20200712T222545_T60GUV,2020-07-12 22:27:27,hutt_20200713_backgroundTrain_0,0,train,https://doi.org/10.1080/00288330.2022.2088569,"Gall et al. 2022, Figure 10A",v1,S2_SR_HARMONIZED_SCL_v1,174.8838063193654,-41.27635000313463,0.0408,0.0351,0.0059,0.0053,0.0027,0.0044,0.0028,0.0013,9.0E-4,0.0034
hutt_20200713,COPERNICUS/S2_SR_HARMONIZED/20200712T222549_20200712T222545_T60GUV,2020-07-12 22:27:27,hutt_20200713_backgroundTrain_0,0,train,https://doi.org/10.1080/00288330.2022.2088569,"Gall et al. 2022, Figure 10A",v1,S2_SR_HARMONIZED_SCL_v1,174.88535751170795,-41.27637851849873,0.0389,0.0376,0.0077,0.0035,0.0035,0.005,0.0041,0.001,9.0E-4,0.0025
hutt_20200713,COPERNICUS/S2_SR_HARMONIZED/20200712T222549_20200712T222545_T60GUV,2020-07-12 22:27:27,hutt_20200713_backgroundTrain_0,0,train,https://doi.org/10.1080/00288330.2022.2088569,"Gall et al. 2022, Figure 10A",v1,S2_SR_HARMONIZED_SCL_v1,174.88643141540467,-41.276398247670656,0.035,0.0337,0.0059,0.0034,0.0039,0.0031,0.0022,0.0025,0.0018,0.0042
hutt_20200713,COPERNICUS/S2_SR_HARMONIZED/20200712T222549_20200712T222545_T60GUV,2020-07-12 22:27:27,hutt_20200713_backgroundTrain_0,0,train,https://doi.org/10.1080/00288330.2022.2088569,"Gall et al. 2022, Figure 10A",v1,S2_SR_HARMONIZED_SCL_v1,174.88786328866115,-41.27642453766262,0.0392,0.0322,0.0062,0.0045,0.0039,0.0013,0.0036,0.0014,0.0026,0.0027
hutt_20200713,COPERNICUS/S2_SR_HARMONIZED/20200712T222549_20200712T222545_T60GUV,2020-07-12 22:27:27,hutt_20200713_backgroundTrain_0,0,train,https://doi.org/10.1080/00288330.2022.2088569,"Gall et al. 2022, Figure 10A",v1,S2_SR_HARMONIZED_SCL_v1,174.88798261151817,-41.276426727692034,0.0371,0.0324,0.0075,0.0045,0.0039,0.0013,0.002,0.0014,0.0026,0.0027
hutt_20200713,COPERNICUS/S2_SR_HARMONIZED/20200712T222549_20200712T222545_T60GUV,2020-07-12 22:27:27,hutt_20200713_backgroundTrain_0,0,train,https://doi.org/10.1080/00288330.2022.2088569,"Gall et al. 2022, Figure 10A",v1,S2_SR_HARMONIZED_SCL_v1,174.88810193438835,-41.276428917597876,0.0348,0.0332,0.0066,0.0067,0.0036,0.0039,0.002,5.0E-4,0.0019,0.0017
hutt_20200713,COPERNICUS/S2_SR_HARMONIZED/20200712T222549_20200712T222545_T60GUV,2020-07-12 22:27:27,hutt_20200713_backgroundTrain_0,0,train,https://doi.org/10.1080/00288330.2022.2088569,"Gall et al. 2022, Figure 10A",v1,S2_SR_HARMONIZED_SCL_v1,174.88834058016823,-41.27643329703883,0.0342,0.0329,0.0095,0.0036,0.0035,0.0034,0.0024,0.0032,9.0E-4,0.0017
hutt_20200713,COPERNICUS/S2_SR_HARMONIZED/20200712T222549_20200712T222545_T60GUV,2020-07-12 22:27:27,hutt_20200713_backgroundTrain_0,0,train,https://doi.org/10.1080/00288330.2022.2088569,"Gall et al. 2022, Figure 10A",v1,S2_SR_HARMONIZED_SCL_v1,174.88881787188603,-41.27644205443781,0.0348,0.0294,0.0056,0.0043,0.0025,0.0058,0.0025,0.0011,0.0011,0.0034
hutt_20200713,COPERNICUS/S2_SR_HARMONIZED/20200712T222549_20200712T222545_T60GUV,2020-07-12 22:27:27,hutt_20200713_backgroundTrain_0,0,train,https://doi.org/10.1080/00288330.2022.2088569,"Gall et al. 2022, Figure 10A",v1,S2_SR_HARMONIZED_SCL_v1,174.88941448682957,-41.27645299840605,0.0377,0.0348,0.0085,0.0036,0.0026,0.0031,0.0023,0.0032,0.0017,0.002
hutt_20200713,COPERNICUS/S2_SR_HARMONIZED/20200712T222549_20200712T222545_T60GUV,2020-07-12 22:27:27,hutt_20200713_backgroundTrain_0,0,train,https://doi.org/10.1080/00288330.2022.2088569,"Gall et al. 2022, Figure 10A",v1,S2_SR_HARMONIZED_SCL_v1,174.8904883945571,-41.27647268976353,0.0371,0.034,0.0054,0.0074,0.0028,9.0E-4,0.0032,0.0017,0.0025,0.0016
hutt_20200713,COPERNICUS/S2_SR_HARMONIZED/20200712T222549_20200712T222545_T60GUV,2020-07-12 22:27:27,hutt_20200713_backgroundTrain_0,0,train,https://doi.org/10.1080/00288330.2022.2088569,"Gall et al. 2022, Figure 10A",v1,S2_SR_HARMONIZED_SCL_v1,174.8907270408635,-41.2764770642614,0.0311,0.0329,0.0063,0.0057,0.0018,0.0015,0.002,0.0034,0.0028,0.0031
hutt_20200713,COPERNICUS/S2_SR_HARMONIZED/20200712T222549_20200712T222545_T60GUV,2020-07-12 22:27:27,hutt_20200713_backgroundTrain_0,0,train,https://doi.org/10.1080/00288330.2022.2088569,"Gall et al. 2022, Figure 10A",v1,S2_SR_HARMONIZED_SCL_v1,174.8727064692417,-41.27623541535479,0.0419,0.0361,0.0053,0.0046,0.0044,0.0033,0.0035,0.0025,0.0014,0.0024
hutt_20200713,COPERNICUS/S2_SR_HARMONIZED/20200712T222549_20200712T222545_T60GUV,2020-07-12 22:27:27,hutt_20200713_backgroundTrain_0,0,train,https://doi.org/10.1080/00288330.2022.2088569,"Gall et al. 2022, Figure 10A",v1,S2_SR_HARMONIZED_SCL_v1,174.87306443330698,-41.2762420321749,0.039,0.0338,0.0066,0.0046,0.0021,0.0034,0.0025,0.001,1.0E-4,0.0011
hutt_20200713,COPERNICUS/S2_SR_HARMONIZED/20200712T222549_20200712T222545_T60GUV,2020-07-12 22:27:27,hutt_20200713_backgroundTrain_0,0,train,https://doi.org/10.1080/00288330.2022.2088569,"Gall et al. 2022, Figure 10A",v1,S2_SR_HARMONIZED_SCL_v1,174.8738996832568,-41.276257467096784,0.036,0.0352,0.0092,0.0062,0.0031,0.0031,6.0E-4,0.002,0.001,0.0036
hutt_20200713,COPERNICUS/S2_SR_HARMONIZED/20200712T222549_20200712T222545_T60GUV,2020-07-12 22:27:27,hutt_20200713_backgroundTrain_0,0,train,https://doi.org/10.1080/00288330.2022.2088569,"Gall et al. 2022, Figure 10A",v1,S2_SR_HARMONIZED_SCL_v1,174.87485425542363,-41.27627509959316,0.036,0.0355,0.0067,0.0056,0.0032,0.0051,0.0014,0.0011,0.0021,0.0027
hutt_20200713,COPERNICUS/S2_SR_HARMONIZED/20200712T222549_20200712T222545_T60GUV,2020-07-12 22:27:27,hutt_20200713_backgroundTrain_0,0,train,https://doi.org/10.1080/00288330.2022.2088569,"Gall et al. 2022, Figure 10A",v1,S2_SR_HARMONIZED_SCL_v1,174.8758088284387,-41.276292724180884,0.0383,0.0325,0.0066,0.0033,0.0036,7.0E-4,0.0036,4.0E-4,0.0017,0.0021
hutt_20200713,COPERNICUS/S2_SR_HARMONIZED/20200712T222549_20200712T222545_T60GUV,2020-07-12 22:27:27,hutt_20200713_backgroundTrain_0,0,train,https://doi.org/10.1080/00288330.2022.2088569,"Gall et al. 2022, Figure 10A",v1,S2_SR_HARMONIZED_SCL_v1,174.8762861152642,-41.276301533509,0.0396,0.0328,0.0077,0.0064,0.003,0.0052,0.0015,0.0022,0.0027,0.0021
hutt_20200713,COPERNICUS/S2_SR_HARMONIZED/20200712T222549_20200712T222545_T60GUV,2020-07-12 22:27:27,hutt_20200713_backgroundTrain_0,0,train,https://doi.org/10.1080/00288330.2022.2088569,"Gall et al. 2022, Figure 10A",v1,S2_SR_HARMONIZED_SCL_v1,174.8770020458998,-41.276314743793975,0.0397,0.0325,0.0077,0.0057,0.0045,0.0057,0.0035,0.0013,0.0022,0.0016
hutt_20200713,COPERNICUS/S2_SR_HARMONIZED/20200712T222549_20200712T222545_T60GUV,2020-07-12 22:27:27,hutt_20200713_backgroundTrain_0,0,train,https://doi.org/10.1080/00288330.2022.2088569,"Gall et al. 2022, Figure 10A",v1,S2_SR_HARMONIZED_SCL_v1,174.87712136771873,-41.27631694507563,0.0345,0.0332,0.0066,0.0068,0.0043,0.004,0.0036,0.003,0.0042,0.0026
hutt_20200713,COPERNICUS/S2_SR_HARMONIZED/20200712T222549_20200712T222545_T60GUV,2020-07-12 22:27:27,hutt_20200713_backgroundTrain_0,0,train,https://doi.org/10.1080/00288330.2022.2088569,"Gall et al. 2022, Figure 10A",v1,S2_SR_HARMONIZED_SCL_v1,174.877956620822,-41.276332350587154,0.0379,0.0374,0.0059,0.0063,0.0029,0.0018,0.0024,0.0032,0.0019,0.002
hutt_20200713,COPERNICUS/S2_SR_HARMONIZED/20200712T222549_20200712T222545_T60GUV,2020-07-12 22:27:27,hutt_20200713_backgroundTrain_0,0,train,https://doi.org/10.1080/00288330.2022.2088569,"Gall et al. 2022, Figure 10A",v1,S2_SR_HARMONIZED_SCL_v1,174.87819526468493,-41.27633675104971,0.0403,0.0346,0.0079,0.0032,0.0035,0.0032,0.0036,0.002,9.0E-4,0.0014
hutt_20200713,COPERNICUS/S2_SR_HARMONIZED/20200712T222549_20200712T222545_T60GUV,2020-07-12 22:27:27,hutt_20200713_backgroundTrain_0,0,train,https://doi.org/10.1080/00288330.2022.2088569,"Gall et al. 2022, Figure 10A",v1,S2_SR_HARMONIZED_SCL_v1,174.88153628432096,-41.276398305624404,0.0361,0.036,0.0065,0.0046,0.0011,0.0036,0.001,0.0023,0.0023,0.0016
hutt_20200713,COPERNICUS/S2_SR_HARMONIZED/20200712T222549_20200712T222545_T60GUV,2020-07-12 22:27:27,hutt_20200713_backgroundTrain_0,0,train,https://doi.org/10.1080/00288330.2022.2088569,"Gall et al. 2022, Figure 10A",v1,S2_SR_HARMONIZED_SCL_v1,174.88201357368638,-41.276407091226304,0.0392,0.0339,0.0051,0.0035,0.0029,0.0011,0.0022,0.0012,9.0E-4,0.0031
hutt_20200713,COPERNICUS/S2_SR_HARMONIZED/20200712T222549_20200712T222545_T60GUV,2020-07-12 22:27:27,hutt_20200713_backgroundTrain_0,0,train,https://doi.org/10.1080/00288330.2022.2088569,"Gall et al. 2022, Figure 10A",v1,S2_SR_HARMONIZED_SCL_v1,174.88237154084914,-41.27641367913019,0.0368,0.0345,0.0058,0.0038,0.0027,0.0043,0.0035,0.0033,0.0017,0.0017
hutt_20200713,COPERNICUS/S2_SR_HARMONIZED/20200712T222549_20200712T222545_T60GUV,2020-07-12 22:27:27,hutt_20200713_backgroundTrain_0,0,train,https://doi.org/10.1080/00288330.2022.2088569,"Gall et al. 2022, Figure 10A",v1,S2_SR_HARMONIZED_SCL_v1,174.88261018569034,-41.27641807044824,0.0416,0.0332,0.0082,0.0041,0.0027,0.0026,0.0036,0.0011,0.0026,8.0E-4
hutt_20200713,COPERNICUS/S2_SR_HARMONIZED/20200712T222549_20200712T222545_T60GUV,2020-07-12 22:27:27,hutt_20200713_backgroundTrain_0,0,train,https://doi.org/10.1080/00288330.2022.2088569,"Gall et al. 2022, Figure 10A",v1,S2_SR_HARMONIZED_SCL_v1,174.8830874755312,-41.27642685160143,0.0326,0.036,0.008,0.0031,0.0027,0.0048,4.0E-4,0.0013,0.003,0.0022
hutt_20200713,COPERNICUS/S2_SR_HARMONIZED/20200712T222549_20200712T222545_T60GUV,2020-07-12 22:27:27,hutt_20200713_backgroundTrain_0,0,train,https://doi.org/10.1080/00288330.2022.2088569,"Gall et al. 2022, Figure 10A",v1,S2_SR_HARMONIZED_SCL_v1,174.88320679802442,-41.27642904658079,0.0408,0.0356,0.0072,0.0031,0.0027,0.0048,0.0017,0.0013,0.003,0.0022
hutt_20200713,COPERNICUS/S2_SR_HARMONIZED/20200712T222549_20200712T222545_T60GUV,2020-07-12 22:27:27,hutt_20200713_backgroundTrain_0,0,train,https://doi.org/10.1080/00288330.2022.2088569,"Gall et al. 2022, Figure 10A",v1,S2_SR_HARMONIZED_SCL_v1,174.88332612053085,-41.276431241436576,0.0368,0.0325,0.0072,0.0049,0.0026,0.0014,0.0015,0.0015,0.0017,0.0011
hutt_20200713,COPERNICUS/S2_SR_HARMONIZED/20200712T222549_20200712T222545_T60GUV,2020-07-12 22:27:27,hutt_20200713_backgroundTrain_0,0,train,https://doi.org/10.1080/00288330.2022.2088569,"Gall et al. 2022, Figure 10A",v1,S2_SR_HARMONIZED_SCL_v1,174.88416137844544,-41.276446601966946,0.0384,0.0343,0.0082,0.0027,0.0041,0.0025,0.0031,5.0E-4,1.0E-4,0.0022
hutt_20200713,COPERNICUS/S2_SR_HARMONIZED/20200712T222549_20200712T222545_T60GUV,2020-07-12 22:27:27,hutt_20200713_backgroundTrain_0,0,train,https://doi.org/10.1080/00288330.2022.2088569,"Gall et al. 2022, Figure 10A",v1,S2_SR_HARMONIZED_SCL_v1,174.88451934632107,-41.27645318319775,0.033,0.036,0.0049,0.0034,0.003,0.0056,0.0037,0.0012,0.0014,0.003
hutt_20200713,COPERNICUS/S2_SR_HARMONIZED/20200712T222549_20200712T222545_T60GUV,2020-07-12 22:27:27,hutt_20200713_backgroundTrain_0,0,train,https://doi.org/10.1080/00288330.2022.2088569,"Gall et al. 2022, Figure 10A",v1,S2_SR_HARMONIZED_SCL_v1,174.88475799163749,-41.27645757006708,0.038,0.0356,0.0077,0.0042,0.0026,0.0052,0.004,0.0011,0.001,0.0022
hutt_20200713,COPERNICUS/S2_SR_HARMONIZED/20200712T222549_20200712T222545_T60GUV,2020-07-12 22:27:27,hutt_20200713_backgroundTrain_0,0,train,https://doi.org/10.1080/00288330.2022.2088569,"Gall et al. 2022, Figure 10A",v1,S2_SR_HARMONIZED_SCL_v1,174.88487731431545,-41.27645976331638,0.0401,0.036,0.0062,0.0042,0.0026,0.0052,0.0041,0.0011,0.001,0.0022
hutt_20200713,COPERNICUS/S2_SR_HARMONIZED/20200712T222549_20200712T222545_T60GUV,2020-07-12 22:27:27,hutt_20200713_backgroundTrain_0,0,train,https://doi.org/10.1080/00288330.2022.2088569,"Gall et al. 2022, Figure 10A",v1,S2_SR_HARMONIZED_SCL_v1,174.88499663700662,-41.276461956442105,0.0401,0.0357,0.0062,0.0049,0.0043,0.0048,0.0036,0.0028,8.0E-4,5.0E-4
hutt_20200713,COPERNICUS/S2_SR_HARMONIZED/20200712T222549_20200712T222545_T60GUV,2020-07-12 22:27:27,hutt_20200713_backgroundTrain_0,0,train,https://doi.org/10.1080/00288330.2022.2088569,"Gall et al. 2022, Figure 10A",v1,S2_SR_HARMONIZED_SCL_v1,174.88511595971102,-41.27646414944425,0.0414,0.0343,0.0065,0.0049,0.0043,0.0048,0.0031,0.0028,8.0E-4,5.0E-4
hutt_20200713,COPERNICUS/S2_SR_HARMONIZED/20200712T222549_20200712T222545_T60GUV,2020-07-12 22:27:27,hutt_20200713_backgroundTrain_0,0,train,https://doi.org/10.1080/00288330.2022.2088569,"Gall et al. 2022, Figure 10A",v1,S2_SR_HARMONIZED_SCL_v1,174.88583189621417,-41.27647730486204,0.0375,0.0343,0.0082,0.0035,0.0026,0.0037,0.0022,0.0013,0.0013,0.0019
hutt_20200713,COPERNICUS/S2_SR_HARMONIZED/20200712T222549_20200712T222545_T60GUV,2020-07-12 22:27:27,hutt_20200713_backgroundTrain_0,0,train,https://doi.org/10.1080/00288330.2022.2088569,"Gall et al. 2022, Figure 10A",v1,S2_SR_HARMONIZED_SCL_v1,174.88929226266833,-41.27654082666621,0.0354,0.036,0.0045,0.0038,0.0027,0.0049,0.0019,0.0031,0.0018,0.0021
hutt_20200713,COPERNICUS/S2_SR_HARMONIZED/20200712T222549_20200712T222545_T60GUV,2020-07-12 22:27:27,hutt_20200713_backgroundTrain_0,0,train,https://doi.org/10.1080/00288330.2022.2088569,"Gall et al. 2022, Figure 10A",v1,S2_SR_HARMONIZED_SCL_v1,174.87151033100162,-41.27630336702981,0.0394,0.0335,0.0076,0.0046,0.0046,0.0038,0.0027,7.0E-4,3.0E-4,1.0E-4
hutt_20200713,COPERNICUS/S2_SR_HARMONIZED/20200712T222549_20200712T222545_T60GUV,2020-07-12 22:27:27,hutt_20200713_backgroundTrain_0,0,train,https://doi.org/10.1080/00288330.2022.2088569,"Gall et al. 2022, Figure 10A",v1,S2_SR_HARMONIZED_SCL_v1,174.87174897376053,-41.276307780852115,0.0415,0.0363,0.0091,0.006,0.0037,0.0027,0.001,0.002,1.0E-4,5.0E-4
hutt_20200713,COPERNICUS/S2_SR_HARMONIZED/20200712T222549_20200712T222545_T60GUV,2020-07-12 22:27:27,hutt_20200713_backgroundTrain_0,0,train,https://doi.org/10.1080/00288330.2022.2088569,"Gall et al. 2022, Figure 10A",v1,S2_SR_HARMONIZED_SCL_v1,174.8722262594376,-41.27631660701386,0.043,0.0345,0.0084,0.005,0.0035,0.0046,0.0035,0.0013,0.0011,0.0015
hutt_20200713,COPERNICUS/S2_SR_HARMONIZED/20200712T222549_20200712T222545_T60GUV,2020-07-12 22:27:27,hutt_20200713_backgroundTrain_0,0,train,https://doi.org/10.1080/00288330.2022.2088569,"Gall et al. 2022, Figure 10A",v1,S2_SR_HARMONIZED_SCL_v1,174.87258422383476,-41.27632322533766,0.0429,0.0348,0.007,0.0046,0.0044,0.0033,0.002,0.0025,0.0014,0.0024
hutt_20200713,COPERNICUS/S2_SR_HARMONIZED/20200712T222549_20200712T222545_T60GUV,2020-07-12 22:27:27,hutt_20200713_backgroundTrain_0,0,train,https://doi.org/10.1080/00288330.2022.2088569,"Gall et al. 2022, Figure 10A",v1,S2_SR_HARMONIZED_SCL_v1,174.87461269100694,-41.27636070816521,0.0379,0.0357,0.0083,0.0046,9.0E-4,0.0038,0.0036,0.0042,8.0E-4,0.003
hutt_20200713,COPERNICUS/S2_SR_HARMONIZED/20200712T222549_20200712T222545_T60GUV,2020-07-12 22:27:27,hutt_20200713_backgroundTrain_0,0,train,https://doi.org/10.1080/00288330.2022.2088569,"Gall et al. 2022, Figure 10A",v1,S2_SR_HARMONIZED_SCL_v1,174.8749706561998,-41.276367319074645,0.0396,0.0371,0.0083,0.0071,0.0043,0.003,0.0024,0.0048,0.0014,0.0024
hutt_20200713,COPERNICUS/S2_SR_HARMONIZED/20200712T222549_20200712T222545_T60GUV,2020-07-12 22:27:27,hutt_20200713_backgroundTrain_0,0,train,https://doi.org/10.1080/00288330.2022.2088569,"Gall et al. 2022, Figure 10A",v1,S2_SR_HARMONIZED_SCL_v1,174.87723777185695,-41.27640916234095,0.0388,0.0329,0.0058,0.0068,0.0043,0.004,0.0035,0.003,0.0042,0.0026
hutt_20200713,COPERNICUS/S2_SR_HARMONIZED/20200712T222549_20200712T222545_T60GUV,2020-07-12 22:27:27,hutt_20200713_backgroundTrain_0,0,train,https://doi.org/10.1080/00288330.2022.2088569,"Gall et al. 2022, Figure 10A",v1,S2_SR_HARMONIZED_SCL_v1,174.8773570938661,-41.27641136338238,0.0383,0.0345,0.0062,0.0056,0.003,0.0036,0.0017,0.0037,0.0019,0.0021
hutt_20200713,COPERNICUS/S2_SR_HARMONIZED/20200712T222549_20200712T222545_T60GUV,2020-07-12 22:27:27,hutt_20200713_backgroundTrain_0,0,train,https://doi.org/10.1080/00288330.2022.2088569,"Gall et al. 2022, Figure 10A",v1,S2_SR_HARMONIZED_SCL_v1,174.87890828118918,-41.27643996567583,0.0373,0.0332,0.0059,0.0064,0.003,0.0024,0.0017,0.0019,0.0022,0.0034
hutt_20200713,COPERNICUS/S2_SR_HARMONIZED/20200712T222549_20200712T222545_T60GUV,2020-07-12 22:27:27,hutt_20200713_backgroundTrain_0,0,train,https://doi.org/10.1080/00288330.2022.2088569,"Gall et al. 2022, Figure 10A",v1,S2_SR_HARMONIZED_SCL_v1,174.881175405144,-41.276481731461125,0.0417,0.0371,0.0042,0.0031,0.003,0.0031,0.0025,6.0E-4,0.0013,0.0035
hutt_20200713,COPERNICUS/S2_SR_HARMONIZED/20200712T222549_20200712T222545_T60GUV,2020-07-12 22:27:27,hutt_20200713_backgroundTrain_0,0,train,https://doi.org/10.1080/00288330.2022.2088569,"Gall et al. 2022, Figure 10A",v1,S2_SR_HARMONIZED_SCL_v1,174.88224930763008,-41.27650149968372,0.0421,0.0356,0.0075,0.003,0.0027,0.0024,0.0037,0.0031,0.0019,0.004
hutt_20200713,COPERNICUS/S2_SR_HARMONIZED/20200712T222549_20200712T222545_T60GUV,2020-07-12 22:27:27,hutt_20200713_backgroundTrain_0,0,train,https://doi.org/10.1080/00288330.2022.2088569,"Gall et al. 2022, Figure 10A",v1,S2_SR_HARMONIZED_SCL_v1,174.88236863019458,-41.27650369553501,0.0371,0.034,0.007,0.0038,0.0027,0.0043,0.0015,0.0033,0.0017,0.0017
hutt_20200713,COPERNICUS/S2_SR_HARMONIZED/20200712T222549_20200712T222545_T60GUV,2020-07-12 22:27:27,hutt_20200713_backgroundTrain_0,0,train,https://doi.org/10.1080/00288330.2022.2088569,"Gall et al. 2022, Figure 10A",v1,S2_SR_HARMONIZED_SCL_v1,174.88344253386933,-41.2765234526358,0.0397,0.0343,0.007,0.0049,0.0026,0.0014,0.0018,0.0015,0.0017,0.0011
hutt_20200713,COPERNICUS/S2_SR_HARMONIZED/20200712T222549_20200712T222545_T60GUV,2020-07-12 22:27:27,hutt_20200713_backgroundTrain_0,0,train,https://doi.org/10.1080/00288330.2022.2088569,"Gall et al. 2022, Figure 10A",v1,S2_SR_HARMONIZED_SCL_v1,174.88368117927558,-41.27652784174331,0.038,0.0373,0.0068,0.0054,0.0029,0.0019,0.0037,0.0038,8.0E-4,8.0E-4
hutt_20200713,COPERNICUS/S2_SR_HARMONIZED/20200712T222549_20200712T222545_T60GUV,2020-07-12 22:27:27,hutt_20200713_backgroundTrain_0,0,train,https://doi.org/10.1080/00288330.2022.2088569,"Gall et al. 2022, Figure 10A",v1,S2_SR_HARMONIZED_SCL_v1,174.88427779302225,-41.27653881234949,0.0374,0.0328,0.0077,0.0032,0.0026,0.004,0.0035,0.0012,0.001,0.0017
hutt_20200713,COPERNICUS/S2_SR_HARMONIZED/20200712T222549_20200712T222545_T60GUV,2020-07-12 22:27:27,hutt_20200713_backgroundTrain_0,0,train,https://doi.org/10.1080/00288330.2022.2088569,"Gall et al. 2022, Figure 10A",v1,S2_SR_HARMONIZED_SCL_v1,174.88523237570303,-41.27655635889343,0.0363,0.0337,0.0042,0.0038,0.0013,0.0032,0.0018,0.0015,9.0E-4,0.001
hutt_20200713,COPERNICUS/S2_SR_HARMONIZED/20200712T222549_20200712T222545_T60GUV,2020-07-12 22:27:27,hutt_20200713_backgroundTrain_0,0,train,https://doi.org/10.1080/00288330.2022.2088569,"Gall et al. 2022, Figure 10A",v1,S2_SR_HARMONIZED_SCL_v1,174.88654492826734,-41.2765804724776,0.0374,0.0342,0.0078,0.005,0.0032,0.004,0.0023,0.0019,0.0019,0.002
hutt_20200713,COPERNICUS/S2_SR_HARMONIZED/20200712T222549_20200712T222545_T60GUV,2020-07-12 22:27:27,hutt_20200713_backgroundTrain_0,0,train,https://doi.org/10.1080/00288330.2022.2088569,"Gall et al. 2022, Figure 10A",v1,S2_SR_HARMONIZED_SCL_v1,174.88714154359658,-41.2765914282546,0.0359,0.0332,0.0087,0.0042,0.0017,0.0049,6.0E-4,3.0E-4,0.002,0.0014
hutt_20200713,COPERNICUS/S2_SR_HARMONIZED/20200712T222549_20200712T222545_T60GUV,2020-07-12 22:27:27,hutt_20200713_backgroundTrain_0,0,train,https://doi.org/10.1080/00288330.2022.2088569,"Gall et al. 2022, Figure 10A",v1,S2_SR_HARMONIZED_SCL_v1,174.8876188360972,-41.27660019065181,0.0369,0.0339,0.0077,0.0042,0.0015,0.0034,0.0022,0.0029,9.0E-4,0.0025
hutt_20200713,COPERNICUS/S2_SR_HARMONIZED/20200712T222549_20200712T222545_T60GUV,2020-07-12 22:27:27,hutt_20200713_backgroundTrain_0,0,train,https://doi.org/10.1080/00288330.2022.2088569,"Gall et al. 2022, Figure 10A",v1,S2_SR_HARMONIZED_SCL_v1,174.88845409848042,-41.27661552008921,0.0368,0.0348,0.0066,0.0042,0.0021,0.0032,0.002,0.0028,0.0017,0.0032
hutt_20200713,COPERNICUS/S2_SR_HARMONIZED/20200712T222549_20200712T222545_T60GUV,2020-07-12 22:27:27,hutt_20200713_backgroundTrain_0,0,train,https://doi.org/10.1080/00288330.2022.2088569,"Gall et al. 2022, Figure 10A",v1,S2_SR_HARMONIZED_SCL_v1,174.88869274499422,-41.276619898816264,0.0359,0.0361,0.0062,0.0052,0.0026,0.0051,0.0019,7.0E-4,7.0E-4,0.0034
hutt_20200713,COPERNICUS/S2_SR_HARMONIZED/20200712T222549_20200712T222545_T60GUV,2020-07-12 22:27:27,hutt_20200713_backgroundTrain_0,0,train,https://doi.org/10.1080/00288330.2022.2088569,"Gall et al. 2022, Figure 10A",v1,S2_SR_HARMONIZED_SCL_v1,174.8895280082071,-41.27663522046827,0.0389,0.0343,0.0087,0.0039,0.0044,0.0057,2.0E-4,0.0013,0.0021,0.0017
hutt_20200713,COPERNICUS/S2_SR_HARMONIZED/20200712T222549_20200712T222545_T60GUV,2020-07-12 22:27:27,hutt_20200713_backgroundTrain_0,0,train,https://doi.org/10.1080/00288330.2022.2088569,"Gall et al. 2022, Figure 10A",v1,S2_SR_HARMONIZED_SCL_v1,174.89107921302767,-41.27666365889972,0.0375,0.0342,0.0059,0.0057,0.0032,0.0027,0.0015,0.002,0.0014,1.0E-4
hutt_20200713,COPERNICUS/S2_SR_HARMONIZED/20200712T222549_20200712T222545_T60GUV,2020-07-12 22:27:27,hutt_20200713_backgroundTrain_0,0,train,https://doi.org/10.1080/00288330.2022.2088569,"Gall et al. 2022, Figure 10A",v1,S2_SR_HARMONIZED_SCL_v1,174.8752063792378,-41.276461741717554,0.0389,0.031,0.0053,0.0064,0.0044,0.0019,1.0E-4,0.0013,9.0E-4,0.0022
hutt_20200713,COPERNICUS/S2_SR_HARMONIZED/20200712T222549_20200712T222545_T60GUV,2020-07-12 22:27:27,hutt_20200713_backgroundTrain_0,0,train,https://doi.org/10.1080/00288330.2022.2088569,"Gall et al. 2022, Figure 10A",v1,S2_SR_HARMONIZED_SCL_v1,174.87723485414978,-41.276499178446606,0.0339,0.0366,0.0077,0.004,0.0035,0.0024,0.0017,0.0018,0.0032,0.0019
hutt_20200713,COPERNICUS/S2_SR_HARMONIZED/20200712T222549_20200712T222545_T60GUV,2020-07-12 22:27:27,hutt_20200713_backgroundTrain_0,0,train,https://doi.org/10.1080/00288330.2022.2088569,"Gall et al. 2022, Figure 10A",v1,S2_SR_HARMONIZED_SCL_v1,174.87842807647377,-41.27652118336942,0.0354,0.036,0.0079,0.0065,0.0043,0.0027,0.0046,0.0011,0.0029,0.0015
hutt_20200713,COPERNICUS/S2_SR_HARMONIZED/20200712T222549_20200712T222545_T60GUV,2020-07-12 22:27:27,hutt_20200713_backgroundTrain_0,0,train,https://doi.org/10.1080/00288330.2022.2088569,"Gall et al. 2022, Figure 10A",v1,S2_SR_HARMONIZED_SCL_v1,174.8789053657739,-41.276529981878454,0.0379,0.0348,0.0066,0.0058,0.0021,0.0052,0.0038,0.0023,0.0011,0.0034
hutt_20200713,COPERNICUS/S2_SR_HARMONIZED/20200712T222549_20200712T222545_T60GUV,2020-07-12 22:27:27,hutt_20200713_backgroundTrain_0,0,train,https://doi.org/10.1080/00288330.2022.2088569,"Gall et al. 2022, Figure 10A",v1,S2_SR_HARMONIZED_SCL_v1,174.88033723494405,-41.276556365542376,0.0408,0.0381,0.0063,0.0039,0.0026,0.0029,0.004,0.0023,0.0011,1.0E-4
hutt_20200713,COPERNICUS/S2_SR_HARMONIZED/20200712T222549_20200712T222545_T60GUV,2020-07-12 22:27:27,hutt_20200713_backgroundTrain_0,0,train,https://doi.org/10.1080/00288330.2022.2088569,"Gall et al. 2022, Figure 10A",v1,S2_SR_HARMONIZED_SCL_v1,174.88451353089232,-41.276633216254545,0.0384,0.0343,0.0078,0.0025,0.0043,0.0055,0.0017,0.0013,0.0018,0.0024
hutt_20200713,COPERNICUS/S2_SR_HARMONIZED/20200712T222549_20200712T222545_T60GUV,2020-07-12 22:27:27,hutt_20200713_backgroundTrain_0,0,train,https://doi.org/10.1080/00288330.2022.2088569,"Gall et al. 2022, Figure 10A",v1,S2_SR_HARMONIZED_SCL_v1,174.88582608438705,-41.276657338070706,0.0377,0.0385,0.008,0.0052,0.005,0.0036,0.0036,0.0012,0.0029,0.0022
hutt_20200713,COPERNICUS/S2_SR_HARMONIZED/20200712T222549_20200712T222545_T60GUV,2020-07-12 22:27:27,hutt_20200713_backgroundTrain_0,0,train,https://doi.org/10.1080/00288330.2022.2088569,"Gall et al. 2022, Figure 10A",v1,S2_SR_HARMONIZED_SCL_v1,174.88618405379893,-41.27666391415272,0.036,0.0373,0.0082,0.003,0.0024,0.0033,0.0037,0.002,0.001,0.0034
hutt_20200713,COPERNICUS/S2_SR_HARMONIZED/20200712T222549_20200712T222545_T60GUV,2020-07-12 22:27:27,hutt_20200713_backgroundTrain_0,0,train,https://doi.org/10.1080/00288330.2022.2088569,"Gall et al. 2022, Figure 10A",v1,S2_SR_HARMONIZED_SCL_v1,174.88666134653263,-41.276672680532,0.0379,0.0343,0.0062,0.0021,0.0035,0.0036,0.0024,1.0E-4,5.0E-4,0.0021
hutt_20200713,COPERNICUS/S2_SR_HARMONIZED/20200712T222549_20200712T222545_T60GUV,2020-07-12 22:27:27,hutt_20200713_backgroundTrain_0,0,train,https://doi.org/10.1080/00288330.2022.2088569,"Gall et al. 2022, Figure 10A",v1,S2_SR_HARMONIZED_SCL_v1,174.88809322599897,-41.27669896780638,0.0338,0.0325,0.0095,0.0065,0.0036,0.0036,0.0022,0.0026,0.0011,0.002
hutt_20200713,COPERNICUS/S2_SR_HARMONIZED/20200712T222549_20200712T222545_T60GUV,2020-07-12 22:27:27,hutt_20200713_backgroundTrain_0,0,train,https://doi.org/10.1080/00288330.2022.2088569,"Gall et al. 2022, Figure 10A",v1,S2_SR_HARMONIZED_SCL_v1,174.8883318727611,-41.27670334728869,0.0369,0.0319,0.0061,0.0046,0.0026,0.0042,1.0E-4,0.002,8.0E-4,0.0032
hutt_20200713,COPERNICUS/S2_SR_HARMONIZED/20200712T222549_20200712T222545_T60GUV,2020-07-12 22:27:27,hutt_20200713_backgroundTrain_0,0,train,https://doi.org/10.1080/00288330.2022.2088569,"Gall et al. 2022, Figure 10A",v1,S2_SR_HARMONIZED_SCL_v1,174.88845119616195,-41.27670553684448,0.0369,0.0335,0.0077,0.0046,0.0026,0.0042,8.0E-4,0.002,8.0E-4,0.0032
hutt_20200713,COPERNICUS/S2_SR_HARMONIZED/20200712T222549_20200712T222545_T60GUV,2020-07-12 22:27:27,hutt_20200713_backgroundTrain_0,0,train,https://doi.org/10.1080/00288330.2022.2088569,"Gall et al. 2022, Figure 10A",v1,S2_SR_HARMONIZED_SCL_v1,174.89083766694324,-41.276749302008824,0.0345,0.0332,0.0081,0.0047,0.0033,0.0023,0.0049,9.0E-4,0.001,0.0024
hutt_20200713,COPERNICUS/S2_SR_HARMONIZED/20200712T222549_20200712T222545_T60GUV,2020-07-12 22:27:27,hutt_20200713_backgroundTrain_0,0,train,https://doi.org/10.1080/00288330.2022.2088569,"Gall et al. 2022, Figure 10A",v1,S2_SR_HARMONIZED_SCL_v1,174.8911956380144,-41.27675586252002,0.0363,0.0359,0.0075,0.0058,0.0032,0.0065,0.003,2.0E-4,0.0022,0.002
hutt_20200713,COPERNICUS/S2_SR_HARMONIZED/20200712T222549_20200712T222545_T60GUV,2020-07-12 22:27:27,hutt_20200713_backgroundTrain_0,0,train,https://doi.org/10.1080/00288330.2022.2088569,"Gall et al. 2022, Figure 10A",v1,S2_SR_HARMONIZED_SCL_v1,174.8913149617311,-41.27675804910992,0.0314,0.0349,0.0066,0.0058,0.0032,0.0065,0.0019,2.0E-4,0.0022,0.002
hutt_20200713,COPERNICUS/S2_SR_HARMONIZED/20200712T222549_20200712T222545_T60GUV,2020-07-12 22:27:27,hutt_20200713_backgroundTrain_0,0,train,https://doi.org/10.1080/00288330.2022.2088569,"Gall et al. 2022, Figure 10A",v1,S2_SR_HARMONIZED_SCL_v1,174.8707885499358,-41.27647015405744,0.0375,0.0348,0.0077,0.0058,0.0029,0.004,0.0028,0.0016,0.0017,0.002
hutt_20200713,COPERNICUS/S2_SR_HARMONIZED/20200712T222549_20200712T222545_T60GUV,2020-07-12 22:27:27,hutt_20200713_backgroundTrain_0,0,train,https://doi.org/10.1080/00288330.2022.2088569,"Gall et al. 2022, Figure 10A",v1,S2_SR_HARMONIZED_SCL_v1,174.8713851581714,-41.27648119146307,0.0454,0.0374,0.0089,0.0047,0.0043,0.0034,0.0046,0.0031,0.0014,2.0E-4
hutt_20200713,COPERNICUS/S2_SR_HARMONIZED/20200712T222549_20200712T222545_T60GUV,2020-07-12 22:27:27,hutt_20200713_backgroundTrain_0,0,train,https://doi.org/10.1080/00288330.2022.2088569,"Gall et al. 2022, Figure 10A",v1,S2_SR_HARMONIZED_SCL_v1,174.87269769745782,-41.276505462881026,0.0406,0.0335,0.0082,0.0062,0.0027,0.0044,0.0019,0.0031,1.0E-4,0.0024
hutt_20200713,COPERNICUS/S2_SR_HARMONIZED/20200712T222549_20200712T222545_T60GUV,2020-07-12 22:27:27,hutt_20200713_backgroundTrain_0,0,train,https://doi.org/10.1080/00288330.2022.2088569,"Gall et al. 2022, Figure 10A",v1,S2_SR_HARMONIZED_SCL_v1,174.8741295603284,-41.27653192373843,0.0406,0.0385,0.009,0.0047,0.0048,0.0033,0.0047,0.001,0.0021,0.0031
hutt_20200713,COPERNICUS/S2_SR_HARMONIZED/20200712T222549_20200712T222545_T60GUV,2020-07-12 22:27:27,hutt_20200713_backgroundTrain_0,0,train,https://doi.org/10.1080/00288330.2022.2088569,"Gall et al. 2022, Figure 10A",v1,S2_SR_HARMONIZED_SCL_v1,174.87460684837632,-41.27654074006988,0.0361,0.0304,0.0077,0.005,0.0053,0.003,0.004,0.0028,9.0E-4,0.0032
hutt_20200713,COPERNICUS/S2_SR_HARMONIZED/20200712T222549_20200712T222545_T60GUV,2020-07-12 22:27:27,hutt_20200713_backgroundTrain_0,0,train,https://doi.org/10.1080/00288330.2022.2088569,"Gall et al. 2022, Figure 10A",v1,S2_SR_HARMONIZED_SCL_v1,174.87496481455136,-41.276547351020945,0.0375,0.034,0.0105,0.006,0.0044,0.0023,0.0015,0.0028,0.0013,0.0025
hutt_20200713,COPERNICUS/S2_SR_HARMONIZED/20200712T222549_20200712T222545_T60GUV,2020-07-12 22:27:27,hutt_20200713_backgroundTrain_0,0,train,https://doi.org/10.1080/00288330.2022.2088569,"Gall et al. 2022, Figure 10A",v1,S2_SR_HARMONIZED_SCL_v1,174.87520345873438,-41.276551757703785,0.0383,0.0338,0.0063,0.0064,0.0044,0.0019,0.0017,0.0013,9.0E-4,0.0022
hutt_20200713,COPERNICUS/S2_SR_HARMONIZED/20200712T222549_20200712T222545_T60GUV,2020-07-12 22:27:27,hutt_20200713_backgroundTrain_0,0,train,https://doi.org/10.1080/00288330.2022.2088569,"Gall et al. 2022, Figure 10A",v1,S2_SR_HARMONIZED_SCL_v1,174.87639668044432,-41.27657378370353,0.0349,0.0353,0.0066,0.0061,0.0022,0.0033,0.001,0.0015,0.0014,0.0024
hutt_20200713,COPERNICUS/S2_SR_HARMONIZED/20200712T222549_20200712T222545_T60GUV,2020-07-12 22:27:27,hutt_20200713_backgroundTrain_0,0,train,https://doi.org/10.1080/00288330.2022.2088569,"Gall et al. 2022, Figure 10A",v1,S2_SR_HARMONIZED_SCL_v1,174.87687396949917,-41.27658259064335,0.0339,0.0348,0.0074,0.0064,0.0046,0.0051,0.0031,0.0012,0.0023,0.0021
hutt_20200713,COPERNICUS/S2_SR_HARMONIZED/20200712T222549_20200712T222545_T60GUV,2020-07-12 22:27:27,hutt_20200713_backgroundTrain_0,0,train,https://doi.org/10.1080/00288330.2022.2088569,"Gall et al. 2022, Figure 10A",v1,S2_SR_HARMONIZED_SCL_v1,174.8794990630867,-41.27663099346998,0.0414,0.0357,0.0107,0.0057,0.0045,0.0042,0.0043,0.0032,0.001,0.0011
hutt_20200713,COPERNICUS/S2_SR_HARMONIZED/20200712T222549_20200712T222545_T60GUV,2020-07-12 22:27:27,hutt_20200713_backgroundTrain_0,0,train,https://doi.org/10.1080/00288330.2022.2088569,"Gall et al. 2022, Figure 10A",v1,S2_SR_HARMONIZED_SCL_v1,174.88128890329415,-41.27666396110507,0.0396,0.0343,0.0081,0.0046,0.0034,0.0049,0.004,0.0023,0.0026,0.0027
hutt_20200713,COPERNICUS/S2_SR_HARMONIZED/20200712T222549_20200712T222545_T60GUV,2020-07-12 22:27:27,hutt_20200713_backgroundTrain_0,0,train,https://doi.org/10.1080/00288330.2022.2088569,"Gall et al. 2022, Figure 10A",v1,S2_SR_HARMONIZED_SCL_v1,174.88260145466933,-41.27668811969946,0.0375,0.0346,0.008,0.0052,0.0022,0.0035,0.0023,0.0014,0.0026,0.002
hutt_20200713,COPERNICUS/S2_SR_HARMONIZED/20200712T222549_20200712T222545_T60GUV,2020-07-12 22:27:27,hutt_20200713_backgroundTrain_0,0,train,https://doi.org/10.1080/00288330.2022.2088569,"Gall et al. 2022, Figure 10A",v1,S2_SR_HARMONIZED_SCL_v1,174.88343671546738,-41.276703485565115,0.0363,0.0376,0.0075,0.0034,0.0026,0.0013,0.0038,1.0E-4,0.0012,0.0022
hutt_20200713,COPERNICUS/S2_SR_HARMONIZED/20200712T222549_20200712T222545_T60GUV,2020-07-12 22:27:27,hutt_20200713_backgroundTrain_0,0,train,https://doi.org/10.1080/00288330.2022.2088569,"Gall et al. 2022, Figure 10A",v1,S2_SR_HARMONIZED_SCL_v1,174.88379468457885,-41.276710069082455,0.0381,0.036,0.0067,0.0032,0.0048,0.0051,0.005,1.0E-4,2.0E-4,0.0021
hutt_20200713,COPERNICUS/S2_SR_HARMONIZED/20200712T222549_20200712T222545_T60GUV,2020-07-12 22:27:27,hutt_20200713_backgroundTrain_0,0,train,https://doi.org/10.1080/00288330.2022.2088569,"Gall et al. 2022, Figure 10A",v1,S2_SR_HARMONIZED_SCL_v1,174.8858231784537,-41.276747354672665,0.0346,0.0345,0.0074,0.0052,0.005,0.0036,0.002,0.0012,0.0029,0.0022
hutt_20200713,COPERNICUS/S2_SR_HARMONIZED/20200712T222549_20200712T222545_T60GUV,2020-07-12 22:27:27,hutt_20200713_backgroundTrain_0,0,train,https://doi.org/10.1080/00288330.2022.2088569,"Gall et al. 2022, Figure 10A",v1,S2_SR_HARMONIZED_SCL_v1,174.88737438222356,-41.276775843085225,0.0368,0.0332,0.0072,0.0036,0.0027,0.0043,0.0019,0.0012,0.001,0.002
hutt_20200713,COPERNICUS/S2_SR_HARMONIZED/20200712T222549_20200712T222545_T60GUV,2020-07-12 22:27:27,hutt_20200713_backgroundTrain_0,0,train,https://doi.org/10.1080/00288330.2022.2088569,"Gall et al. 2022, Figure 10A",v1,S2_SR_HARMONIZED_SCL_v1,174.8910734155809,-41.276843692711765,0.039,0.0355,0.0104,0.0054,0.004,0.0048,3.0E-4,1.0E-4,0.0014,0.0021
hutt_20200713,COPERNICUS/S2_SR_HARMONIZED/20200712T222549_20200712T222545_T60GUV,2020-07-12 22:27:27,hutt_20200713_backgroundTrain_0,0,train,https://doi.org/10.1080/00288330.2022.2088569,"Gall et al. 2022, Figure 10A",v1,S2_SR_HARMONIZED_SCL_v1,174.89119273944817,-41.27684587943213,0.0361,0.0339,0.0102,0.0058,0.0032,0.0065,0.0022,2.0E-4,0.0022,0.002
hutt_20200713,COPERNICUS/S2_SR_HARMONIZED/20200712T222549_20200712T222545_T60GUV,2020-07-12 22:27:27,hutt_20200713_backgroundTrain_0,0,train,https://doi.org/10.1080/00288330.2022.2088569,"Gall et al. 2022, Figure 10A",v1,S2_SR_HARMONIZED_SCL_v1,174.87078562336202,-41.276560169785206,0.0382,0.0363,0.0079,0.0049,0.0023,0.0045,0.0036,0.0022,0.002,0.003
hutt_20200713,COPERNICUS/S2_SR_HARMONIZED/20200712T222549_20200712T222545_T60GUV,2020-07-12 22:27:27,hutt_20200713_backgroundTrain_0,0,train,https://doi.org/10.1080/00288330.2022.2088569,"Gall et al. 2022, Figure 10A",v1,S2_SR_HARMONIZED_SCL_v1,174.8738879940666,-41.27661753073959,0.0354,0.0345,0.0083,0.0067,0.0053,0.0036,0.0023,0.0015,8.0E-4,0.0011
hutt_20200713,COPERNICUS/S2_SR_HARMONIZED/20200712T222549_20200712T222545_T60GUV,2020-07-12 22:27:27,hutt_20200713_backgroundTrain_0,0,train,https://doi.org/10.1080/00288330.2022.2088569,"Gall et al. 2022, Figure 10A",v1,S2_SR_HARMONIZED_SCL_v1,174.87531986049277,-41.276643976851425,0.036,0.0324,0.007,0.0069,0.0045,0.0032,0.0032,0.0012,0.0023,0.0016
hutt_20200713,COPERNICUS/S2_SR_HARMONIZED/20200712T222549_20200712T222545_T60GUV,2020-07-12 22:27:27,hutt_20200713_backgroundTrain_0,0,train,https://doi.org/10.1080/00288330.2022.2088569,"Gall et al. 2022, Figure 10A",v1,S2_SR_HARMONIZED_SCL_v1,174.8757971497256,-41.276652788267654,0.0376,0.0342,0.0081,0.0061,7.0E-4,0.0043,0.0019,0.001,0.002,0.0012
hutt_20200713,COPERNICUS/S2_SR_HARMONIZED/20200712T222549_20200712T222545_T60GUV,2020-07-12 22:27:27,hutt_20200713_backgroundTrain_0,0,train,https://doi.org/10.1080/00288330.2022.2088569,"Gall et al. 2022, Figure 10A",v1,S2_SR_HARMONIZED_SCL_v1,174.87615511678933,-41.2766593955323,0.0331,0.0332,0.0097,0.0079,0.0041,0.0048,0.0038,1.0E-4,0.003,0.0017
hutt_20200713,COPERNICUS/S2_SR_HARMONIZED/20200712T222549_20200712T222545_T60GUV,2020-07-12 22:27:27,hutt_20200713_backgroundTrain_0,0,train,https://doi.org/10.1080/00288330.2022.2088569,"Gall et al. 2022, Figure 10A",v1,S2_SR_HARMONIZED_SCL_v1,174.87675172882712,-41.27667040516854,0.0388,0.0342,0.0077,0.0057,0.0045,0.0032,0.0035,4.0E-4,7.0E-4,0.001
hutt_20200713,COPERNICUS/S2_SR_HARMONIZED/20200712T222549_20200712T222545_T60GUV,2020-07-12 22:27:27,hutt_20200713_backgroundTrain_0,0,train,https://doi.org/10.1080/00288330.2022.2088569,"Gall et al. 2022, Figure 10A",v1,S2_SR_HARMONIZED_SCL_v1,174.87746766370944,-41.27668361265405,0.0379,0.0355,0.0079,0.0035,0.0038,0.0032,0.0025,0.002,0.0025,0.0032
hutt_20200713,COPERNICUS/S2_SR_HARMONIZED/20200712T222549_20200712T222545_T60GUV,2020-07-12 22:27:27,hutt_20200713_backgroundTrain_0,0,train,https://doi.org/10.1080/00288330.2022.2088569,"Gall et al. 2022, Figure 10A",v1,S2_SR_HARMONIZED_SCL_v1,174.87854156692646,-41.276703415541,0.0361,0.0325,0.0077,0.0046,0.0018,0.0032,0.0023,0.0014,9.0E-4,0.0019
hutt_20200713,COPERNICUS/S2_SR_HARMONIZED/20200712T222549_20200712T222545_T60GUV,2020-07-12 22:27:27,hutt_20200713_backgroundTrain_0,0,train,https://doi.org/10.1080/00288330.2022.2088569,"Gall et al. 2022, Figure 10A",v1,S2_SR_HARMONIZED_SCL_v1,174.8802120851718,-41.276734200136154,0.0358,0.0324,0.0077,0.0049,0.0041,0.0011,0.0025,0.0046,7.0E-4,0.0021
hutt_20200713,COPERNICUS/S2_SR_HARMONIZED/20200712T222549_20200712T222545_T60GUV,2020-07-12 22:27:27,hutt_20200713_backgroundTrain_0,0,train,https://doi.org/10.1080/00288330.2022.2088569,"Gall et al. 2022, Figure 10A",v1,S2_SR_HARMONIZED_SCL_v1,174.88271786739784,-41.27678033161467,0.0377,0.0351,0.0077,0.0056,3.0E-4,0.0019,0.0035,0.0029,7.0E-4,0.0014
hutt_20200713,COPERNICUS/S2_SR_HARMONIZED/20200712T222549_20200712T222545_T60GUV,2020-07-12 22:27:27,hutt_20200713_backgroundTrain_0,0,train,https://doi.org/10.1080/00288330.2022.2088569,"Gall et al. 2022, Figure 10A",v1,S2_SR_HARMONIZED_SCL_v1,174.88343380624661,-41.27679350202739,0.0405,0.0343,0.0067,0.0038,0.0026,0.0026,0.0014,9.0E-4,9.0E-4,0.0022
hutt_20200713,COPERNICUS/S2_SR_HARMONIZED/20200712T222549_20200712T222545_T60GUV,2020-07-12 22:27:27,hutt_20200713_backgroundTrain_0,0,train,https://doi.org/10.1080/00288330.2022.2088569,"Gall et al. 2022, Figure 10A",v1,S2_SR_HARMONIZED_SCL_v1,174.88379177584923,-41.27680008556546,0.0362,0.0337,0.0072,0.0045,0.0026,0.0049,0.0014,0.0011,0.0012,0.0014
hutt_20200713,COPERNICUS/S2_SR_HARMONIZED/20200712T222549_20200712T222545_T60GUV,2020-07-12 22:27:27,hutt_20200713_backgroundTrain_0,0,train,https://doi.org/10.1080/00288330.2022.2088569,"Gall et al. 2022, Figure 10A",v1,S2_SR_HARMONIZED_SCL_v1,174.88558162564368,-41.27683298657287,0.0338,0.0336,0.0051,0.0036,6.0E-4,0.0018,0.0018,0.0011,1.0E-4,0.002
hutt_20200713,COPERNICUS/S2_SR_HARMONIZED/20200712T222549_20200712T222545_T60GUV,2020-07-12 22:27:27,hutt_20200713_backgroundTrain_0,0,train,https://doi.org/10.1080/00288330.2022.2088569,"Gall et al. 2022, Figure 10A",v1,S2_SR_HARMONIZED_SCL_v1,174.88689418404553,-41.27685709630669,0.035,0.0317,0.0072,0.0036,0.0035,0.0025,0.0036,0.0016,0.0023,0.0021
hutt_20200713,COPERNICUS/S2_SR_HARMONIZED/20200712T222549_20200712T222545_T60GUV,2020-07-12 22:27:27,hutt_20200713_backgroundTrain_0,0,train,https://doi.org/10.1080/00288330.2022.2088569,"Gall et al. 2022, Figure 10A",v1,S2_SR_HARMONIZED_SCL_v1,174.8890420103243,-41.276896516344465,0.0389,0.0357,0.0068,0.006,0.0039,0.0031,0.0036,0.0011,0.0017,0.0032
hutt_20200713,COPERNICUS/S2_SR_HARMONIZED/20200712T222549_20200712T222545_T60GUV,2020-07-12 22:27:27,hutt_20200713_backgroundTrain_0,0,train,https://doi.org/10.1080/00288330.2022.2088569,"Gall et al. 2022, Figure 10A",v1,S2_SR_HARMONIZED_SCL_v1,174.88916133413156,-41.27689870517257,0.0317,0.0324,0.0084,0.006,0.0039,0.0031,0.0036,0.0011,0.0017,0.0032
hutt_20200713,COPERNICUS/S2_SR_HARMONIZED/20200712T222549_20200712T222545_T60GUV,2020-07-12 22:27:27,hutt_20200713_backgroundTrain_0,0,train,https://doi.org/10.1080/00288330.2022.2088569,"Gall et al. 2022, Figure 10A",v1,S2_SR_HARMONIZED_SCL_v1,174.8902352489893,-41.276918399064414,0.0335,0.0366,0.007,0.0057,0.0016,0.0025,0.0036,1.0E-4,0.0026,0.0026
hutt_20200713,COPERNICUS/S2_SR_HARMONIZED/20200712T222549_20200712T222545_T60GUV,2020-07-12 22:27:27,hutt_20200713_backgroundTrain_0,0,train,https://doi.org/10.1080/00288330.2022.2088569,"Gall et al. 2022, Figure 10A",v1,S2_SR_HARMONIZED_SCL_v1,174.87376574945617,-41.27670534199353,0.0368,0.0349,0.0076,0.0067,0.0053,0.0036,0.002,0.0015,8.0E-4,0.0011
hutt_20200713,COPERNICUS/S2_SR_HARMONIZED/20200712T222549_20200712T222545_T60GUV,2020-07-12 22:27:27,hutt_20200713_backgroundTrain_0,0,train,https://doi.org/10.1080/00288330.2022.2088569,"Gall et al. 2022, Figure 10A",v1,S2_SR_HARMONIZED_SCL_v1,174.87603287503754,-41.276747209265935,0.0374,0.0324,0.0065,0.0069,0.002,0.0052,0.0038,0.0013,0.0018,1.0E-4
hutt_20200713,COPERNICUS/S2_SR_HARMONIZED/20200712T222549_20200712T222545_T60GUV,2020-07-12 22:27:27,hutt_20200713_backgroundTrain_0,0,train,https://doi.org/10.1080/00288330.2022.2088569,"Gall et al. 2022, Figure 10A",v1,S2_SR_HARMONIZED_SCL_v1,174.8771067782981,-41.27676702556137,0.0395,0.0342,0.0087,0.0051,0.0044,0.0029,0.0022,0.0011,0.0026,0.002
hutt_20200713,COPERNICUS/S2_SR_HARMONIZED/20200712T222549_20200712T222545_T60GUV,2020-07-12 22:27:27,hutt_20200713_backgroundTrain_0,0,train,https://doi.org/10.1080/00288330.2022.2088569,"Gall et al. 2022, Figure 10A",v1,S2_SR_HARMONIZED_SCL_v1,174.87889661944868,-41.27680003047685,0.0376,0.0332,0.0081,0.0049,0.0022,0.0037,0.0035,0.0011,0.0014,0.0025
hutt_20200713,COPERNICUS/S2_SR_HARMONIZED/20200712T222549_20200712T222545_T60GUV,2020-07-12 22:27:27,hutt_20200713_backgroundTrain_0,0,train,https://doi.org/10.1080/00288330.2022.2088569,"Gall et al. 2022, Figure 10A",v1,S2_SR_HARMONIZED_SCL_v1,174.88020917151763,-41.27682421641018,0.0355,0.0348,0.0079,0.0049,0.0041,0.0011,0.0022,0.0046,7.0E-4,0.0021
hutt_20200713,COPERNICUS/S2_SR_HARMONIZED/20200712T222549_20200712T222545_T60GUV,2020-07-12 22:27:27,hutt_20200713_backgroundTrain_0,0,train,https://doi.org/10.1080/00288330.2022.2088569,"Gall et al. 2022, Figure 10A",v1,S2_SR_HARMONIZED_SCL_v1,174.88044781752026,-41.27682861224611,0.0408,0.035,0.0079,0.0043,0.0044,0.002,0.0032,0.0012,0.002,0.0014
hutt_20200713,COPERNICUS/S2_SR_HARMONIZED/20200712T222549_20200712T222545_T60GUV,2020-07-12 22:27:27,hutt_20200713_backgroundTrain_0,0,train,https://doi.org/10.1080/00288330.2022.2088569,"Gall et al. 2022, Figure 10A",v1,S2_SR_HARMONIZED_SCL_v1,174.88211834101887,-41.276859369257046,0.0381,0.034,0.0071,0.0047,0.0013,0.005,0.0028,0.0015,0.002,0.002
hutt_20200713,COPERNICUS/S2_SR_HARMONIZED/20200712T222549_20200712T222545_T60GUV,2020-07-12 22:27:27,hutt_20200713_backgroundTrain_0,0,train,https://doi.org/10.1080/00288330.2022.2088569,"Gall et al. 2022, Figure 10A",v1,S2_SR_HARMONIZED_SCL_v1,174.88247631067688,-41.2768659568939,0.0389,0.0336,0.0079,0.0056,0.002,0.0037,0.0018,0.0033,9.0E-4,0.0022
hutt_20200713,COPERNICUS/S2_SR_HARMONIZED/20200712T222549_20200712T222545_T60GUV,2020-07-12 22:27:27,hutt_20200713_backgroundTrain_0,0,train,https://doi.org/10.1080/00288330.2022.2088569,"Gall et al. 2022, Figure 10A",v1,S2_SR_HARMONIZED_SCL_v1,174.8871299270402,-41.27695149496284,0.0342,0.034,0.0061,0.0061,0.0035,0.0017,0.0023,6.0E-4,0.0016,0.001
hutt_20200713,COPERNICUS/S2_SR_HARMONIZED/20200712T222549_20200712T222545_T60GUV,2020-07-12 22:27:27,hutt_20200713_backgroundTrain_0,0,train,https://doi.org/10.1080/00288330.2022.2088569,"Gall et al. 2022, Figure 10A",v1,S2_SR_HARMONIZED_SCL_v1,174.88951640474778,-41.27699528772795,0.0379,0.0342,0.0094,0.005,0.0023,0.0055,8.0E-4,0.0024,0.0016,2.0E-4
hutt_20200713,COPERNICUS/S2_SR_HARMONIZED/20200712T222549_20200712T222545_T60GUV,2020-07-12 22:27:27,hutt_20200713_backgroundTrain_0,0,train,https://doi.org/10.1080/00288330.2022.2088569,"Gall et al. 2022, Figure 10A",v1,S2_SR_HARMONIZED_SCL_v1,174.8899937009213,-41.27700404034916,0.039,0.032,0.0087,0.0051,0.0034,0.0047,0.0012,0.0031,0.0018,0.002
hutt_20200713,COPERNICUS/S2_SR_HARMONIZED/20200712T222549_20200712T222545_T60GUV,2020-07-12 22:27:27,hutt_20200713_backgroundTrain_0,0,train,https://doi.org/10.1080/00288330.2022.2088569,"Gall et al. 2022, Figure 10A",v1,S2_SR_HARMONIZED_SCL_v1,174.89082896973161,-41.27701935267847,0.0345,0.0348,0.0049,0.0033,0.0043,0.0045,0.001,0.0019,8.0E-4,0.0022
hutt_20200713,COPERNICUS/S2_SR_HARMONIZED/20200712T222549_20200712T222545_T60GUV,2020-07-12 22:27:27,hutt_20200713_backgroundTrain_0,0,train,https://doi.org/10.1080/00288330.2022.2088569,"Gall et al. 2022, Figure 10A",v1,S2_SR_HARMONIZED_SCL_v1,174.89118694227625,-41.27702591325162,0.036,0.0332,0.0068,0.0048,1.0E-4,0.0026,0.0036,0.0025,0.0017,0.0022
hutt_20200713,COPERNICUS/S2_SR_HARMONIZED/20200712T222549_20200712T222545_T60GUV,2020-07-12 22:27:27,hutt_20200713_backgroundTrain_0,0,train,https://doi.org/10.1080/00288330.2022.2088569,"Gall et al. 2022, Figure 10A",v1,S2_SR_HARMONIZED_SCL_v1,174.8913062664841,-41.27702809986218,0.0379,0.0378,0.0079,0.0048,1.0E-4,0.0026,0.0035,0.0025,0.0017,0.0022
hutt_20200713,COPERNICUS/S2_SR_HARMONIZED/20200712T222549_20200712T222545_T60GUV,2020-07-12 22:27:27,hutt_20200713_backgroundTrain_0,0,train,https://doi.org/10.1080/00288330.2022.2088569,"Gall et al. 2022, Figure 10A",v1,S2_SR_HARMONIZED_SCL_v1,174.8710184144113,-41.276744616610635,0.0434,0.0354,0.0098,0.0065,0.0025,0.0053,0.0052,0.0043,0.002,0.0011
hutt_20200713,COPERNICUS/S2_SR_HARMONIZED/20200712T222549_20200712T222545_T60GUV,2020-07-12 22:27:27,hutt_20200713_backgroundTrain_0,0,train,https://doi.org/10.1080/00288330.2022.2088569,"Gall et al. 2022, Figure 10A",v1,S2_SR_HARMONIZED_SCL_v1,174.8711377365495,-41.27674682411261,0.0415,0.0383,0.0071,0.0058,0.0026,0.0043,0.0025,0.003,0.002,0.0012
hutt_20200713,COPERNICUS/S2_SR_HARMONIZED/20200712T222549_20200712T222545_T60GUV,2020-07-12 22:27:27,hutt_20200713_backgroundTrain_0,0,train,https://doi.org/10.1080/00288330.2022.2088569,"Gall et al. 2022, Figure 10A",v1,S2_SR_HARMONIZED_SCL_v1,174.87125705870105,-41.276749031491,0.0382,0.0372,0.0063,0.0058,0.0026,0.0043,0.0024,0.003,0.002,0.0012
hutt_20200713,COPERNICUS/S2_SR_HARMONIZED/20200712T222549_20200712T222545_T60GUV,2020-07-12 22:27:27,hutt_20200713_backgroundTrain_0,0,train,https://doi.org/10.1080/00288330.2022.2088569,"Gall et al. 2022, Figure 10A",v1,S2_SR_HARMONIZED_SCL_v1,174.8714957030439,-41.27675344587708,0.0409,0.038,0.0077,0.0049,0.0026,0.0032,0.0043,0.0031,8.0E-4,0.0014
hutt_20200713,COPERNICUS/S2_SR_HARMONIZED/20200712T222549_20200712T222545_T60GUV,2020-07-12 22:27:27,hutt_20200713_backgroundTrain_0,0,train,https://doi.org/10.1080/00288330.2022.2088569,"Gall et al. 2022, Figure 10A",v1,S2_SR_HARMONIZED_SCL_v1,174.87221163639103,-41.27676668606953,0.0378,0.0342,0.0125,0.0079,0.0048,0.0071,0.002,0.0023,0.002,0.0017
hutt_20200713,COPERNICUS/S2_SR_HARMONIZED/20200712T222549_20200712T222545_T60GUV,2020-07-12 22:27:27,hutt_20200713_backgroundTrain_0,0,train,https://doi.org/10.1080/00288330.2022.2088569,"Gall et al. 2022, Figure 10A",v1,S2_SR_HARMONIZED_SCL_v1,174.87435943929822,-41.27680637995481,0.0341,0.0321,0.0058,0.006,0.0025,0.0032,0.0018,0.001,8.0E-4,0.0021
hutt_20200713,COPERNICUS/S2_SR_HARMONIZED/20200712T222549_20200712T222545_T60GUV,2020-07-12 22:27:27,hutt_20200713_backgroundTrain_0,0,train,https://doi.org/10.1080/00288330.2022.2088569,"Gall et al. 2022, Figure 10A",v1,S2_SR_HARMONIZED_SCL_v1,174.87567198763406,-41.27683061761898,0.0372,0.031,0.0059,0.0042,0.0016,0.0015,0.004,0.001,9.0E-4,0.0011
hutt_20200713,COPERNICUS/S2_SR_HARMONIZED/20200712T222549_20200712T222545_T60GUV,2020-07-12 22:27:27,hutt_20200713_backgroundTrain_0,0,train,https://doi.org/10.1080/00288330.2022.2088569,"Gall et al. 2022, Figure 10A",v1,S2_SR_HARMONIZED_SCL_v1,174.87602995564032,-41.27683722529594,0.0366,0.0363,0.0062,0.0036,0.0032,0.0025,0.0022,1.0E-4,0.001,0.0017
hutt_20200713,COPERNICUS/S2_SR_HARMONIZED/20200712T222549_20200712T222545_T60GUV,2020-07-12 22:27:27,hutt_20200713_backgroundTrain_0,0,train,https://doi.org/10.1080/00288330.2022.2088569,"Gall et al. 2022, Figure 10A",v1,S2_SR_HARMONIZED_SCL_v1,174.87698453757307,-41.27685484033053,0.0423,0.0368,0.009,0.0049,0.006,0.0038,0.0019,1.0E-4,0.0012,0.0012
hutt_20200713,COPERNICUS/S2_SR_HARMONIZED/20200712T222549_20200712T222545_T60GUV,2020-07-12 22:27:27,hutt_20200713_backgroundTrain_0,0,train,https://doi.org/10.1080/00288330.2022.2088569,"Gall et al. 2022, Figure 10A",v1,S2_SR_HARMONIZED_SCL_v1,174.87710386037423,-41.27685704165376,0.0379,0.0376,0.0068,0.0062,0.0038,0.0051,0.0031,0.0024,0.0025,0.0026
hutt_20200713,COPERNICUS/S2_SR_HARMONIZED/20200712T222549_20200712T222545_T60GUV,2020-07-12 22:27:27,hutt_20200713_backgroundTrain_0,0,train,https://doi.org/10.1080/00288330.2022.2088569,"Gall et al. 2022, Figure 10A",v1,S2_SR_HARMONIZED_SCL_v1,174.87722318318868,-41.27685924285341,0.0396,0.0361,0.0063,0.0062,0.0038,0.0051,0.0027,0.0024,0.0025,0.0026
hutt_20200713,COPERNICUS/S2_SR_HARMONIZED/20200712T222549_20200712T222545_T60GUV,2020-07-12 22:27:27,hutt_20200713_backgroundTrain_0,0,train,https://doi.org/10.1080/00288330.2022.2088569,"Gall et al. 2022, Figure 10A",v1,S2_SR_HARMONIZED_SCL_v1,174.87817776618067,-41.27687684800194,0.0379,0.0345,0.009,0.0069,0.0029,0.0038,0.004,0.0011,0.0023,0.0012
hutt_20200713,COPERNICUS/S2_SR_HARMONIZED/20200712T222549_20200712T222545_T60GUV,2020-07-12 22:27:27,hutt_20200713_backgroundTrain_0,0,train,https://doi.org/10.1080/00288330.2022.2088569,"Gall et al. 2022, Figure 10A",v1,S2_SR_HARMONIZED_SCL_v1,174.87853573502102,-41.27688344789364,0.0339,0.0374,0.0077,0.0032,0.0027,0.003,0.0045,0.0013,0.0022,0.0021
hutt_20200713,COPERNICUS/S2_SR_HARMONIZED/20200712T222549_20200712T222545_T60GUV,2020-07-12 22:27:27,hutt_20200713_backgroundTrain_0,0,train,https://doi.org/10.1080/00288330.2022.2088569,"Gall et al. 2022, Figure 10A",v1,S2_SR_HARMONIZED_SCL_v1,174.88128016675182,-41.27693401011389,0.0361,0.0332,0.0078,0.0052,0.0022,0.0043,0.004,0.0045,8.0E-4,0.002
hutt_20200713,COPERNICUS/S2_SR_HARMONIZED/20200712T222549_20200712T222545_T60GUV,2020-07-12 22:27:27,hutt_20200713_backgroundTrain_0,0,train,https://doi.org/10.1080/00288330.2022.2088569,"Gall et al. 2022, Figure 10A",v1,S2_SR_HARMONIZED_SCL_v1,174.8818767832708,-41.27694499325053,0.0356,0.036,0.0074,0.0047,0.0024,0.003,4.0E-4,0.0012,0.0019,0.0024
hutt_20200713,COPERNICUS/S2_SR_HARMONIZED/20200712T222549_20200712T222545_T60GUV,2020-07-12 22:27:27,hutt_20200713_backgroundTrain_0,0,train,https://doi.org/10.1080/00288330.2022.2088569,"Gall et al. 2022, Figure 10A",v1,S2_SR_HARMONIZED_SCL_v1,174.88247340012,-41.27695597329772,0.0389,0.0319,0.0078,0.0068,0.0012,0.0033,0.0031,0.0036,0.001,0.0021
hutt_20200713,COPERNICUS/S2_SR_HARMONIZED/20200712T222549_20200712T222545_T60GUV,2020-07-12 22:27:27,hutt_20200713_backgroundTrain_0,0,train,https://doi.org/10.1080/00288330.2022.2088569,"Gall et al. 2022, Figure 10A",v1,S2_SR_HARMONIZED_SCL_v1,174.88259272352948,-41.27695816893643,0.0397,0.0329,0.0063,0.0038,1.0E-4,0.0032,0.0023,0.0024,5.0E-4,0.0011
hutt_20200713,COPERNICUS/S2_SR_HARMONIZED/20200712T222549_20200712T222545_T60GUV,2020-07-12 22:27:27,hutt_20200713_backgroundTrain_0,0,train,https://doi.org/10.1080/00288330.2022.2088569,"Gall et al. 2022, Figure 10A",v1,S2_SR_HARMONIZED_SCL_v1,174.88271204695215,-41.27696036445156,0.0394,0.0357,0.0074,0.0038,1.0E-4,0.0032,0.0031,0.0024,5.0E-4,0.0011
hutt_20200713,COPERNICUS/S2_SR_HARMONIZED/20200712T222549_20200712T222545_T60GUV,2020-07-12 22:27:27,hutt_20200713_backgroundTrain_0,0,train,https://doi.org/10.1080/00288330.2022.2088569,"Gall et al. 2022, Figure 10A",v1,S2_SR_HARMONIZED_SCL_v1,174.8829506938371,-41.27696475511108,0.039,0.0348,0.0078,0.0027,0.0031,0.0048,0.0041,0.001,0.0023,6.0E-4
hutt_20200713,COPERNICUS/S2_SR_HARMONIZED/20200712T222549_20200712T222545_T60GUV,2020-07-12 22:27:27,hutt_20200713_backgroundTrain_0,0,train,https://doi.org/10.1080/00288330.2022.2088569,"Gall et al. 2022, Figure 10A",v1,S2_SR_HARMONIZED_SCL_v1,174.8831893407749,-41.2769691452763,0.0359,0.0361,0.007,0.0041,0.0026,0.0027,8.0E-4,0.0012,0.0017,0.0011
hutt_20200713,COPERNICUS/S2_SR_HARMONIZED/20200712T222549_20200712T222545_T60GUV,2020-07-12 22:27:27,hutt_20200713_backgroundTrain_0,0,train,https://doi.org/10.1080/00288330.2022.2088569,"Gall et al. 2022, Figure 10A",v1,S2_SR_HARMONIZED_SCL_v1,174.88414392905403,-41.276986700994044,0.0371,0.0351,0.0078,0.0034,1.0E-4,0.0045,0.0033,0.0022,0.0022,0.0011
hutt_20200713,COPERNICUS/S2_SR_HARMONIZED/20200712T222549_20200712T222545_T60GUV,2020-07-12 22:27:27,hutt_20200713_backgroundTrain_0,0,train,https://doi.org/10.1080/00288330.2022.2088569,"Gall et al. 2022, Figure 10A",v1,S2_SR_HARMONIZED_SCL_v1,174.8849791944911,-41.27700205575922,0.0445,0.0361,0.0056,0.0063,0.0029,0.0051,0.0018,7.0E-4,0.0019,0.001
hutt_20200713,COPERNICUS/S2_SR_HARMONIZED/20200712T222549_20200712T222545_T60GUV,2020-07-12 22:27:27,hutt_20200713_backgroundTrain_0,0,train,https://doi.org/10.1080/00288330.2022.2088569,"Gall et al. 2022, Figure 10A",v1,S2_SR_HARMONIZED_SCL_v1,174.88736567072922,-41.27704589315066,0.0368,0.0332,0.0078,0.0049,0.003,0.0052,0.0015,6.0E-4,0.0017,0.0036
hutt_20200713,COPERNICUS/S2_SR_HARMONIZED/20200712T222549_20200712T222545_T60GUV,2020-07-12 22:27:27,hutt_20200713_backgroundTrain_0,0,train,https://doi.org/10.1080/00288330.2022.2088569,"Gall et al. 2022, Figure 10A",v1,S2_SR_HARMONIZED_SCL_v1,174.88748499467957,-41.277048083722654,0.0356,0.0324,0.0065,0.0049,0.003,0.0052,0.0031,6.0E-4,0.0017,0.0036
hutt_20200713,COPERNICUS/S2_SR_HARMONIZED/20200712T222549_20200712T222545_T60GUV,2020-07-12 22:27:27,hutt_20200713_backgroundTrain_0,0,train,https://doi.org/10.1080/00288330.2022.2088569,"Gall et al. 2022, Figure 10A",v1,S2_SR_HARMONIZED_SCL_v1,174.88760431864304,-41.27705027417107,0.0375,0.0321,0.0044,0.0046,0.0025,0.004,0.0032,0.0021,0.0016,0.0032
hutt_20200713,COPERNICUS/S2_SR_HARMONIZED/20200712T222549_20200712T222545_T60GUV,2020-07-12 22:27:27,hutt_20200713_backgroundTrain_0,0,train,https://doi.org/10.1080/00288330.2022.2088569,"Gall et al. 2022, Figure 10A",v1,S2_SR_HARMONIZED_SCL_v1,174.8879622906125,-41.27705684477483,0.0354,0.031,0.0062,0.0046,0.0035,0.0033,0.0041,0.0024,0.0014,0.0016
hutt_20200713,COPERNICUS/S2_SR_HARMONIZED/20200712T222549_20200712T222545_T60GUV,2020-07-12 22:27:27,hutt_20200713_backgroundTrain_0,0,train,https://doi.org/10.1080/00288330.2022.2088569,"Gall et al. 2022, Figure 10A",v1,S2_SR_HARMONIZED_SCL_v1,174.88843958675628,-41.27706560384975,0.0342,0.0332,0.0077,0.0052,0.0034,0.0034,9.0E-4,0.0012,0.0017,0.0019
hutt_20200713,COPERNICUS/S2_SR_HARMONIZED/20200712T222549_20200712T222545_T60GUV,2020-07-12 22:27:27,hutt_20200713_backgroundTrain_0,0,train,https://doi.org/10.1080/00288330.2022.2088569,"Gall et al. 2022, Figure 10A",v1,S2_SR_HARMONIZED_SCL_v1,174.88903620723227,-41.277076549912856,0.0377,0.0327,0.0045,0.006,0.0043,0.0032,0.0038,2.0E-4,0.0018,0.0019
hutt_20200713,COPERNICUS/S2_SR_HARMONIZED/20200712T222549_20200712T222545_T60GUV,2020-07-12 22:27:27,hutt_20200713_backgroundTrain_0,0,train,https://doi.org/10.1080/00288330.2022.2088569,"Gall et al. 2022, Figure 10A",v1,S2_SR_HARMONIZED_SCL_v1,174.88915553136695,-41.27707873875473,0.0358,0.0345,0.0061,0.006,0.0043,0.0032,0.0024,2.0E-4,0.0018,0.0019
hutt_20200713,COPERNICUS/S2_SR_HARMONIZED/20200712T222549_20200712T222545_T60GUV,2020-07-12 22:27:27,hutt_20200713_backgroundTrain_0,0,train,https://doi.org/10.1080/00288330.2022.2088569,"Gall et al. 2022, Figure 10A",v1,S2_SR_HARMONIZED_SCL_v1,174.88999080067842,-41.27709405718767,0.0338,0.0326,0.0091,0.0043,0.0032,0.0032,0.0019,0.0015,0.0011,0.001
hutt_20200713,COPERNICUS/S2_SR_HARMONIZED/20200712T222549_20200712T222545_T60GUV,2020-07-12 22:27:27,hutt_20200713_backgroundTrain_0,0,train,https://doi.org/10.1080/00288330.2022.2088569,"Gall et al. 2022, Figure 10A",v1,S2_SR_HARMONIZED_SCL_v1,174.89082607063477,-41.27710936956518,0.0361,0.0314,0.0059,0.0058,0.0027,0.0034,8.0E-4,0.0033,0.0018,0.0032
hutt_20200713,COPERNICUS/S2_SR_HARMONIZED/20200712T222549_20200712T222545_T60GUV,2020-07-12 22:27:27,hutt_20200713_backgroundTrain_0,0,train,https://doi.org/10.1080/00288330.2022.2088569,"Gall et al. 2022, Figure 10A",v1,S2_SR_HARMONIZED_SCL_v1,174.8710154881251,-41.276834632347544,0.0405,0.0357,0.0076,0.0065,0.0025,0.0053,0.005,0.0043,0.002,0.0011
hutt_20200713,COPERNICUS/S2_SR_HARMONIZED/20200712T222549_20200712T222545_T60GUV,2020-07-12 22:27:27,hutt_20200713_backgroundTrain_0,0,train,https://doi.org/10.1080/00288330.2022.2088569,"Gall et al. 2022, Figure 10A",v1,S2_SR_HARMONIZED_SCL_v1,174.87137345507077,-41.27684125450359,0.0377,0.0367,0.0079,0.0049,0.0026,0.0032,0.0032,0.0031,8.0E-4,0.0014
hutt_20200713,COPERNICUS/S2_SR_HARMONIZED/20200712T222549_20200712T222545_T60GUV,2020-07-12 22:27:27,hutt_20200713_backgroundTrain_0,0,train,https://doi.org/10.1080/00288330.2022.2088569,"Gall et al. 2022, Figure 10A",v1,S2_SR_HARMONIZED_SCL_v1,174.87197006691235,-41.276852288958835,0.0373,0.0378,0.0095,0.006,0.0036,0.0043,0.0032,0.0016,0.0014,0.0021
hutt_20200713,COPERNICUS/S2_SR_HARMONIZED/20200712T222549_20200712T222545_T60GUV,2020-07-12 22:27:27,hutt_20200713_backgroundTrain_0,0,train,https://doi.org/10.1080/00288330.2022.2088569,"Gall et al. 2022, Figure 10A",v1,S2_SR_HARMONIZED_SCL_v1,174.872924646549,-41.27686993766135,0.0379,0.0336,0.0063,0.0039,4.0E-4,0.0033,0.0013,0.0019,4.0E-4,0.0017
hutt_20200713,COPERNICUS/S2_SR_HARMONIZED/20200712T222549_20200712T222545_T60GUV,2020-07-12 22:27:27,hutt_20200713_backgroundTrain_0,0,train,https://doi.org/10.1080/00288330.2022.2088569,"Gall et al. 2022, Figure 10A",v1,S2_SR_HARMONIZED_SCL_v1,174.87340193668575,-41.276878759046824,0.0378,0.0359,0.0061,0.0047,0.0043,0.0022,0.0035,0.0027,0.0027,0.0027
hutt_20200713,COPERNICUS/S2_SR_HARMONIZED/20200712T222549_20200712T222545_T60GUV,2020-07-12 22:27:27,hutt_20200713_backgroundTrain_0,0,train,https://doi.org/10.1080/00288330.2022.2088569,"Gall et al. 2022, Figure 10A",v1,S2_SR_HARMONIZED_SCL_v1,174.8745951629559,-41.27690080386023,0.0399,0.0352,0.007,0.0038,0.0026,0.0034,0.0019,0.0012,0.0017,0.0019
hutt_20200713,COPERNICUS/S2_SR_HARMONIZED/20200712T222549_20200712T222545_T60GUV,2020-07-12 22:27:27,hutt_20200713_backgroundTrain_0,0,train,https://doi.org/10.1080/00288330.2022.2088569,"Gall et al. 2022, Figure 10A",v1,S2_SR_HARMONIZED_SCL_v1,174.87471448565586,-41.276903007661915,0.0387,0.0345,0.007,0.0055,0.004,0.0052,0.0019,0.0013,0.0021,0.0032
hutt_20200713,COPERNICUS/S2_SR_HARMONIZED/20200712T222549_20200712T222545_T60GUV,2020-07-12 22:27:27,hutt_20200713_backgroundTrain_0,0,train,https://doi.org/10.1080/00288330.2022.2088569,"Gall et al. 2022, Figure 10A",v1,S2_SR_HARMONIZED_SCL_v1,174.8765043277451,-41.27693604985801,0.0374,0.0338,0.0056,0.0054,0.0043,0.0044,0.0017,0.0015,0.0016,0.0021
hutt_20200713,COPERNICUS/S2_SR_HARMONIZED/20200712T222549_20200712T222545_T60GUV,2020-07-12 22:27:27,hutt_20200713_backgroundTrain_0,0,train,https://doi.org/10.1080/00288330.2022.2088569,"Gall et al. 2022, Figure 10A",v1,S2_SR_HARMONIZED_SCL_v1,174.8773395884067,-41.276951460034184,0.0389,0.0342,0.0075,0.0016,0.0049,0.0033,0.0019,0.0013,0.0016,0.0019
hutt_20200713,COPERNICUS/S2_SR_HARMONIZED/20200712T222549_20200712T222545_T60GUV,2020-07-12 22:27:27,hutt_20200713_backgroundTrain_0,0,train,https://doi.org/10.1080/00288330.2022.2088569,"Gall et al. 2022, Figure 10A",v1,S2_SR_HARMONIZED_SCL_v1,174.87769755746024,-41.27695806254176,0.037,0.0343,0.0063,0.005,0.0039,0.0019,0.0041,0.0018,0.0012,0.0024
hutt_20200713,COPERNICUS/S2_SR_HARMONIZED/20200712T222549_20200712T222545_T60GUV,2020-07-12 22:27:27,hutt_20200713_backgroundTrain_0,0,train,https://doi.org/10.1080/00288330.2022.2088569,"Gall et al. 2022, Figure 10A",v1,S2_SR_HARMONIZED_SCL_v1,174.87805552663295,-41.27696466393714,0.041,0.0373,0.009,0.0069,0.0029,0.0038,0.0037,0.0011,0.0023,0.0012
hutt_20200713,COPERNICUS/S2_SR_HARMONIZED/20200712T222549_20200712T222545_T60GUV,2020-07-12 22:27:27,hutt_20200713_backgroundTrain_0,0,train,https://doi.org/10.1080/00288330.2022.2088569,"Gall et al. 2022, Figure 10A",v1,S2_SR_HARMONIZED_SCL_v1,174.87817484971697,-41.27696686415512,0.0361,0.0346,0.0081,0.0069,0.0029,0.0038,0.0028,0.0011,0.0023,0.0012
hutt_20200713,COPERNICUS/S2_SR_HARMONIZED/20200712T222549_20200712T222545_T60GUV,2020-07-12 22:27:27,hutt_20200713_backgroundTrain_0,0,train,https://doi.org/10.1080/00288330.2022.2088569,"Gall et al. 2022, Figure 10A",v1,S2_SR_HARMONIZED_SCL_v1,174.87829417281424,-41.27696906424951,0.0358,0.0324,0.0077,0.0049,0.0024,0.0025,0.0024,0.0013,0.0012,0.0021
hutt_20200713,COPERNICUS/S2_SR_HARMONIZED/20200712T222549_20200712T222545_T60GUV,2020-07-12 22:27:27,hutt_20200713_backgroundTrain_0,0,train,https://doi.org/10.1080/00288330.2022.2088569,"Gall et al. 2022, Figure 10A",v1,S2_SR_HARMONIZED_SCL_v1,174.87889078849904,-41.276980062867864,0.038,0.0386,0.0063,0.0047,0.0026,0.0042,0.002,1.0E-4,0.0019,0.0021
hutt_20200713,COPERNICUS/S2_SR_HARMONIZED/20200712T222549_20200712T222545_T60GUV,2020-07-12 22:27:27,hutt_20200713_backgroundTrain_0,0,train,https://doi.org/10.1080/00288330.2022.2088569,"Gall et al. 2022, Figure 10A",v1,S2_SR_HARMONIZED_SCL_v1,174.87912943486558,-41.27698446145016,0.0345,0.0373,0.0087,0.0043,0.0024,0.0058,0.0023,0.0037,0.001,0.0026
hutt_20200713,COPERNICUS/S2_SR_HARMONIZED/20200712T222549_20200712T222545_T60GUV,2020-07-12 22:27:27,hutt_20200713_backgroundTrain_0,0,train,https://doi.org/10.1080/00288330.2022.2088569,"Gall et al. 2022, Figure 10A",v1,S2_SR_HARMONIZED_SCL_v1,174.88032266749178,-41.27700644694706,0.041,0.0339,0.0079,0.0058,0.0048,0.0037,0.0032,0.0028,0.0028,8.0E-4
hutt_20200713,COPERNICUS/S2_SR_HARMONIZED/20200712T222549_20200712T222545_T60GUV,2020-07-12 22:27:27,hutt_20200713_backgroundTrain_0,0,train,https://doi.org/10.1080/00288330.2022.2088569,"Gall et al. 2022, Figure 10A",v1,S2_SR_HARMONIZED_SCL_v1,174.88068063753747,-41.27701304018637,0.0379,0.0357,0.0063,0.0057,0.0029,0.002,0.003,0.0014,0.0017,0.0021
hutt_20200713,COPERNICUS/S2_SR_HARMONIZED/20200712T222549_20200712T222545_T60GUV,2020-07-12 22:27:27,hutt_20200713_backgroundTrain_0,0,train,https://doi.org/10.1080/00288330.2022.2088569,"Gall et al. 2022, Figure 10A",v1,S2_SR_HARMONIZED_SCL_v1,174.88079996091244,-41.27701523768565,0.039,0.0345,0.0068,0.0057,0.0029,0.002,0.0059,0.0014,0.0017,0.0021
hutt_20200713,COPERNICUS/S2_SR_HARMONIZED/20200712T222549_20200712T222545_T60GUV,2020-07-12 22:27:27,hutt_20200713_backgroundTrain_0,0,train,https://doi.org/10.1080/00288330.2022.2088569,"Gall et al. 2022, Figure 10A",v1,S2_SR_HARMONIZED_SCL_v1,174.88103860770212,-41.27701963231349,0.0379,0.0361,0.0074,0.0045,0.0025,0.0021,0.0038,0.003,5.0E-4,0.0029
hutt_20200713,COPERNICUS/S2_SR_HARMONIZED/20200712T222549_20200712T222545_T60GUV,2020-07-12 22:27:27,hutt_20200713_backgroundTrain_0,0,train,https://doi.org/10.1080/00288330.2022.2088569,"Gall et al. 2022, Figure 10A",v1,S2_SR_HARMONIZED_SCL_v1,174.88330575483948,-41.277061356624166,0.0381,0.0325,0.0058,0.0046,0.0027,0.0036,0.0035,0.0012,8.0E-4,7.0E-4
hutt_20200713,COPERNICUS/S2_SR_HARMONIZED/20200712T222549_20200712T222545_T60GUV,2020-07-12 22:27:27,hutt_20200713_backgroundTrain_0,0,train,https://doi.org/10.1080/00288330.2022.2088569,"Gall et al. 2022, Figure 10A",v1,S2_SR_HARMONIZED_SCL_v1,174.88354440218393,-41.27706574606173,0.0361,0.0364,0.0074,0.0052,0.0043,0.0044,0.0036,0.0029,0.002,8.0E-4
hutt_20200713,COPERNICUS/S2_SR_HARMONIZED/20200712T222549_20200712T222545_T60GUV,2020-07-12 22:27:27,hutt_20200713_backgroundTrain_0,0,train,https://doi.org/10.1080/00288330.2022.2088569,"Gall et al. 2022, Figure 10A",v1,S2_SR_HARMONIZED_SCL_v1,174.88449899208953,-41.27708329886886,0.0389,0.0355,0.0074,0.0064,0.0027,0.0065,0.0023,0.001,0.0013,0.001
hutt_20200713,COPERNICUS/S2_SR_HARMONIZED/20200712T222549_20200712T222545_T60GUV,2020-07-12 22:27:27,hutt_20200713_backgroundTrain_0,0,train,https://doi.org/10.1080/00288330.2022.2088569,"Gall et al. 2022, Figure 10A",v1,S2_SR_HARMONIZED_SCL_v1,174.88533425894965,-41.27709865108722,0.036,0.0343,0.009,0.0061,0.0022,0.0036,0.0037,0.0022,9.0E-4,0.0029
hutt_20200713,COPERNICUS/S2_SR_HARMONIZED/20200712T222549_20200712T222545_T60GUV,2020-07-12 22:27:27,hutt_20200713_backgroundTrain_0,0,train,https://doi.org/10.1080/00288330.2022.2088569,"Gall et al. 2022, Figure 10A",v1,S2_SR_HARMONIZED_SCL_v1,174.88891398138125,-41.27716437772233,0.0375,0.0317,0.0063,0.0047,0.0041,0.0037,0.0025,0.0034,7.0E-4,0.0036
hutt_20200713,COPERNICUS/S2_SR_HARMONIZED/20200712T222549_20200712T222545_T60GUV,2020-07-12 22:27:27,hutt_20200713_backgroundTrain_0,0,train,https://doi.org/10.1080/00288330.2022.2088569,"Gall et al. 2022, Figure 10A",v1,S2_SR_HARMONIZED_SCL_v1,174.89070384704212,-41.27719719933169,0.0396,0.0336,0.01,0.0058,0.0027,0.0034,0.0016,0.0033,0.0018,0.0032
hutt_20200713,COPERNICUS/S2_SR_HARMONIZED/20200712T222549_20200712T222545_T60GUV,2020-07-12 22:27:27,hutt_20200713_backgroundTrain_0,0,train,https://doi.org/10.1080/00288330.2022.2088569,"Gall et al. 2022, Figure 10A",v1,S2_SR_HARMONIZED_SCL_v1,174.89106182052956,-41.27720376031688,0.0354,0.0357,0.0061,0.005,0.0036,0.0031,0.0019,0.0017,0.0019,0.0016
hutt_20200713,COPERNICUS/S2_SR_HARMONIZED/20200712T222549_20200712T222545_T60GUV,2020-07-12 22:27:27,hutt_20200713_backgroundTrain_0,0,train,https://doi.org/10.1080/00288330.2022.2088569,"Gall et al. 2022, Figure 10A",v1,S2_SR_HARMONIZED_SCL_v1,174.8738763046642,-41.276977594357085,0.0378,0.0336,0.0075,0.0042,0.004,0.0036,0.0031,1.0E-4,0.0023,0.0025
hutt_20200713,COPERNICUS/S2_SR_HARMONIZED/20200712T222549_20200712T222545_T60GUV,2020-07-12 22:27:27,hutt_20200713_backgroundTrain_0,0,train,https://doi.org/10.1080/00288330.2022.2088569,"Gall et al. 2022, Figure 10A",v1,S2_SR_HARMONIZED_SCL_v1,174.87471156443132,-41.276993023612484,0.0374,0.0357,0.0074,0.0067,0.0045,0.0046,0.0019,9.0E-4,0.0011,8.0E-4
hutt_20200713,COPERNICUS/S2_SR_HARMONIZED/20200712T222549_20200712T222545_T60GUV,2020-07-12 22:27:27,hutt_20200713_backgroundTrain_0,0,train,https://doi.org/10.1080/00288330.2022.2088569,"Gall et al. 2022, Figure 10A",v1,S2_SR_HARMONIZED_SCL_v1,174.87578547080054,-41.2770128523291,0.0357,0.0371,0.0064,0.0046,0.0034,0.0054,0.0028,0.0014,0.002,0.0011
hutt_20200713,COPERNICUS/S2_SR_HARMONIZED/20200712T222549_20200712T222545_T60GUV,2020-07-12 22:27:27,hutt_20200713_backgroundTrain_0,0,train,https://doi.org/10.1080/00288330.2022.2088569,"Gall et al. 2022, Figure 10A",v1,S2_SR_HARMONIZED_SCL_v1,174.87685937824287,-41.27703267103606,0.0387,0.0363,0.0062,0.0053,0.0043,0.0032,0.0036,0.0011,9.0E-4,0.0025
hutt_20200713,COPERNICUS/S2_SR_HARMONIZED/20200712T222549_20200712T222545_T60GUV,2020-07-12 22:27:27,hutt_20200713_backgroundTrain_0,0,train,https://doi.org/10.1080/00288330.2022.2088569,"Gall et al. 2022, Figure 10A",v1,S2_SR_HARMONIZED_SCL_v1,174.87709802448686,-41.27703707383382,0.0388,0.0307,0.0085,0.0062,0.0029,0.0039,0.0015,0.003,0.001,0.0036
hutt_20200713,COPERNICUS/S2_SR_HARMONIZED/20200712T222549_20200712T222545_T60GUV,2020-07-12 22:27:27,hutt_20200713_backgroundTrain_0,0,train,https://doi.org/10.1080/00288330.2022.2088569,"Gall et al. 2022, Figure 10A",v1,S2_SR_HARMONIZED_SCL_v1,174.8774559939521,-41.27704367710364,0.0358,0.0346,0.0068,0.0031,0.0039,0.0036,0.0018,0.0023,0.001,0.0022
hutt_20200713,COPERNICUS/S2_SR_HARMONIZED/20200712T222549_20200712T222545_T60GUV,2020-07-12 22:27:27,hutt_20200713_backgroundTrain_0,0,train,https://doi.org/10.1080/00288330.2022.2088569,"Gall et al. 2022, Figure 10A",v1,S2_SR_HARMONIZED_SCL_v1,174.88187096048028,-41.277125025984326,0.0379,0.0361,0.0066,0.0052,0.0045,0.0033,0.0015,0.0012,1.0E-4,0.0016
hutt_20200713,COPERNICUS/S2_SR_HARMONIZED/20200712T222549_20200712T222545_T60GUV,2020-07-12 22:27:27,hutt_20200713_backgroundTrain_0,0,train,https://doi.org/10.1080/00288330.2022.2088569,"Gall et al. 2022, Figure 10A",v1,S2_SR_HARMONIZED_SCL_v1,174.88282555021698,-41.27714259268751,0.0397,0.0332,0.0084,0.0046,0.0029,0.0042,0.0033,0.0019,0.0016,6.0E-4
hutt_20200713,COPERNICUS/S2_SR_HARMONIZED/20200712T222549_20200712T222545_T60GUV,2020-07-12 22:27:27,hutt_20200713_backgroundTrain_0,0,train,https://doi.org/10.1080/00288330.2022.2088569,"Gall et al. 2022, Figure 10A",v1,S2_SR_HARMONIZED_SCL_v1,174.8837801407987,-41.277160151481674,0.0384,0.0342,0.0072,0.0025,0.0044,0.0056,0.0036,0.0015,0.0031,0.0014
hutt_20200713,COPERNICUS/S2_SR_HARMONIZED/20200712T222549_20200712T222545_T60GUV,2020-07-12 22:27:27,hutt_20200713_backgroundTrain_0,0,train,https://doi.org/10.1080/00288330.2022.2088569,"Gall et al. 2022, Figure 10A",v1,S2_SR_HARMONIZED_SCL_v1,174.88616662094793,-41.277204013864974,0.0361,0.0317,0.0074,0.0041,0.0027,0.0045,0.0036,0.0013,0.0019,0.0022
hutt_20200713,COPERNICUS/S2_SR_HARMONIZED/20200712T222549_20200712T222545_T60GUV,2020-07-12 22:27:27,hutt_20200713_backgroundTrain_0,0,train,https://doi.org/10.1080/00288330.2022.2088569,"Gall et al. 2022, Figure 10A",v1,S2_SR_HARMONIZED_SCL_v1,174.8868825660213,-41.27721716294078,0.0358,0.031,0.0065,0.0082,0.0026,0.0038,0.0038,0.0012,0.001,0.0031
hutt_20200713,COPERNICUS/S2_SR_HARMONIZED/20200712T222549_20200712T222545_T60GUV,2020-07-12 22:27:27,hutt_20200713_backgroundTrain_0,0,train,https://doi.org/10.1080/00288330.2022.2088569,"Gall et al. 2022, Figure 10A",v1,S2_SR_HARMONIZED_SCL_v1,174.88795648452094,-41.277236878212854,0.0345,0.0336,0.0094,0.0043,0.0035,0.0033,0.0025,0.0024,0.0011,1.0E-4
hutt_20200713,COPERNICUS/S2_SR_HARMONIZED/20200712T222549_20200712T222545_T60GUV,2020-07-12 22:27:27,hutt_20200713_backgroundTrain_0,0,train,https://doi.org/10.1080/00288330.2022.2088569,"Gall et al. 2022, Figure 10A",v1,S2_SR_HARMONIZED_SCL_v1,174.87196421691945,-41.27703232053907,0.0415,0.0363,0.0096,0.0044,0.0022,0.0046,0.0035,0.001,0.001,0.0016
hutt_20200713,COPERNICUS/S2_SR_HARMONIZED/20200712T222549_20200712T222545_T60GUV,2020-07-12 22:27:27,hutt_20200713_backgroundTrain_0,0,train,https://doi.org/10.1080/00288330.2022.2088569,"Gall et al. 2022, Figure 10A",v1,S2_SR_HARMONIZED_SCL_v1,174.87220286240384,-41.27703673348393,0.0382,0.0343,0.007,0.0051,0.0043,0.0033,0.0025,0.0043,0.0017,0.0016
hutt_20200713,COPERNICUS/S2_SR_HARMONIZED/20200712T222549_20200712T222545_T60GUV,2020-07-12 22:27:27,hutt_20200713_backgroundTrain_0,0,train,https://doi.org/10.1080/00288330.2022.2088569,"Gall et al. 2022, Figure 10A",v1,S2_SR_HARMONIZED_SCL_v1,174.87590187419602,-41.27710507092031,0.0366,0.0335,0.0071,0.005,0.0044,0.0034,0.0015,0.001,0.0022,0.0021
hutt_20200713,COPERNICUS/S2_SR_HARMONIZED/20200712T222549_20200712T222545_T60GUV,2020-07-12 22:27:27,hutt_20200713_backgroundTrain_0,0,train,https://doi.org/10.1080/00288330.2022.2088569,"Gall et al. 2022, Figure 10A",v1,S2_SR_HARMONIZED_SCL_v1,174.876379166968,-41.27711388000369,0.0378,0.0363,0.0071,0.0047,0.0049,0.0055,5.0E-4,1.0E-4,0.0022,0.0012
hutt_20200713,COPERNICUS/S2_SR_HARMONIZED/20200712T222549_20200712T222545_T60GUV,2020-07-12 22:27:27,hutt_20200713_backgroundTrain_0,0,train,https://doi.org/10.1080/00288330.2022.2088569,"Gall et al. 2022, Figure 10A",v1,S2_SR_HARMONIZED_SCL_v1,174.87757239982497,-41.2771358940618,0.0362,0.0352,0.0059,0.0061,0.0031,0.0055,0.0033,6.0E-4,4.0E-4,0.0021
hutt_20200713,COPERNICUS/S2_SR_HARMONIZED/20200712T222549_20200712T222545_T60GUV,2020-07-12 22:27:27,hutt_20200713_backgroundTrain_0,0,train,https://doi.org/10.1080/00288330.2022.2088569,"Gall et al. 2022, Figure 10A",v1,S2_SR_HARMONIZED_SCL_v1,174.88067481144628,-41.27719307277869,0.0345,0.0346,0.0044,0.005,0.005,0.0031,0.0015,0.0033,0.0025,0.0025
hutt_20200713,COPERNICUS/S2_SR_HARMONIZED/20200712T222549_20200712T222545_T60GUV,2020-07-12 22:27:27,hutt_20200713_backgroundTrain_0,0,train,https://doi.org/10.1080/00288330.2022.2088569,"Gall et al. 2022, Figure 10A",v1,S2_SR_HARMONIZED_SCL_v1,174.8807941351487,-41.27719527029181,0.0376,0.0373,0.0059,0.005,0.005,0.0031,0.0033,0.0033,0.0025,0.0025
hutt_20200713,COPERNICUS/S2_SR_HARMONIZED/20200712T222549_20200712T222545_T60GUV,2020-07-12 22:27:27,hutt_20200713_backgroundTrain_0,0,train,https://doi.org/10.1080/00288330.2022.2088569,"Gall et al. 2022, Figure 10A",v1,S2_SR_HARMONIZED_SCL_v1,174.88103278259322,-41.27719966494731,0.0394,0.0356,0.0097,0.005,0.0061,0.0031,0.0024,0.0031,0.0026,0.0026
hutt_20200713,COPERNICUS/S2_SR_HARMONIZED/20200712T222549_20200712T222545_T60GUV,2020-07-12 22:27:27,hutt_20200713_backgroundTrain_0,0,train,https://doi.org/10.1080/00288330.2022.2088569,"Gall et al. 2022, Figure 10A",v1,S2_SR_HARMONIZED_SCL_v1,174.88544776984554,-41.27728087691209,0.0408,0.035,0.0078,0.0049,0.0029,0.0034,0.002,1.0E-4,8.0E-4,0.0029
hutt_20200713,COPERNICUS/S2_SR_HARMONIZED/20200712T222549_20200712T222545_T60GUV,2020-07-12 22:27:27,hutt_20200713_backgroundTrain_0,0,train,https://doi.org/10.1080/00288330.2022.2088569,"Gall et al. 2022, Figure 10A",v1,S2_SR_HARMONIZED_SCL_v1,174.88759560801245,-41.27732032426366,0.035,0.0327,0.0082,0.0031,0.0023,0.0014,0.0019,0.0016,2.0E-4,0.0017
hutt_20200713,COPERNICUS/S2_SR_HARMONIZED/20200712T222549_20200712T222545_T60GUV,2020-07-12 22:27:27,hutt_20200713_backgroundTrain_0,0,train,https://doi.org/10.1080/00288330.2022.2088569,"Gall et al. 2022, Figure 10A",v1,S2_SR_HARMONIZED_SCL_v1,174.8896241257564,-41.27735754333055,0.0379,0.0312,0.0074,0.0028,0.003,0.0046,0.0059,0.0029,1.0E-4,0.001
hutt_20200713,COPERNICUS/S2_SR_HARMONIZED/20200712T222549_20200712T222545_T60GUV,2020-07-12 22:27:27,hutt_20200713_backgroundTrain_0,0,train,https://doi.org/10.1080/00288330.2022.2088569,"Gall et al. 2022, Figure 10A",v1,S2_SR_HARMONIZED_SCL_v1,174.89081737326526,-41.27737942021588,0.0375,0.0352,0.0047,0.0055,0.0041,0.003,0.0025,0.0033,0.0015,0.001
hutt_20200713,COPERNICUS/S2_SR_HARMONIZED/20200712T222549_20200712T222545_T60GUV,2020-07-12 22:27:27,hutt_20200713_backgroundTrain_0,0,train,https://doi.org/10.1080/00288330.2022.2088569,"Gall et al. 2022, Figure 10A",v1,S2_SR_HARMONIZED_SCL_v1,174.8732738445248,-41.27714660148297,0.0378,0.0361,0.0073,0.0069,0.0034,0.0025,0.0035,9.0E-4,7.0E-4,0.0016
hutt_20200713,COPERNICUS/S2_SR_HARMONIZED/20200712T222549_20200712T222545_T60GUV,2020-07-12 22:27:27,hutt_20200713_backgroundTrain_0,0,train,https://doi.org/10.1080/00288330.2022.2088569,"Gall et al. 2022, Figure 10A",v1,S2_SR_HARMONIZED_SCL_v1,174.87398978299498,-41.2771598307203,0.0358,0.0339,0.0071,0.005,0.0046,0.0048,0.0024,0.0021,0.0021,0.0019
hutt_20200713,COPERNICUS/S2_SR_HARMONIZED/20200712T222549_20200712T222545_T60GUV,2020-07-12 22:27:27,hutt_20200713_backgroundTrain_0,0,train,https://doi.org/10.1080/00288330.2022.2088569,"Gall et al. 2022, Figure 10A",v1,S2_SR_HARMONIZED_SCL_v1,174.87470572194252,-41.27717305550888,0.0366,0.0328,0.0076,0.0065,0.0044,0.0028,0.0018,0.0012,0.0019,0.0014
hutt_20200713,COPERNICUS/S2_SR_HARMONIZED/20200712T222549_20200712T222545_T60GUV,2020-07-12 22:27:27,hutt_20200713_backgroundTrain_0,0,train,https://doi.org/10.1080/00288330.2022.2088569,"Gall et al. 2022, Figure 10A",v1,S2_SR_HARMONIZED_SCL_v1,174.87577963125852,-41.277192884350356,0.0379,0.0345,0.0049,0.0046,0.003,0.0032,0.0019,0.0023,0.0018,8.0E-4
hutt_20200713,COPERNICUS/S2_SR_HARMONIZED/20200712T222549_20200712T222545_T60GUV,2020-07-12 22:27:27,hutt_20200713_backgroundTrain_0,0,train,https://doi.org/10.1080/00288330.2022.2088569,"Gall et al. 2022, Figure 10A",v1,S2_SR_HARMONIZED_SCL_v1,174.87685354164765,-41.27721270318208,0.0395,0.032,0.0077,0.0046,0.0025,0.0031,0.002,0.0013,0.0019,0.0021
hutt_20200713,COPERNICUS/S2_SR_HARMONIZED/20200712T222549_20200712T222545_T60GUV,2020-07-12 22:27:27,hutt_20200713_backgroundTrain_0,0,train,https://doi.org/10.1080/00288330.2022.2088569,"Gall et al. 2022, Figure 10A",v1,S2_SR_HARMONIZED_SCL_v1,174.87733083549824,-41.277221508338734,0.0355,0.0371,0.0066,0.0058,0.0011,0.0028,0.0019,0.0015,8.0E-4,0.0029
hutt_20200713,COPERNICUS/S2_SR_HARMONIZED/20200712T222549_20200712T222545_T60GUV,2020-07-12 22:27:27,hutt_20200713_backgroundTrain_0,0,train,https://doi.org/10.1080/00288330.2022.2088569,"Gall et al. 2022, Figure 10A",v1,S2_SR_HARMONIZED_SCL_v1,174.88055257452794,-41.27728089142887,0.0348,0.0353,0.0072,0.006,0.0044,0.0038,0.0041,0.0012,0.001,0.002
hutt_20200713,COPERNICUS/S2_SR_HARMONIZED/20200712T222549_20200712T222545_T60GUV,2020-07-12 22:27:27,hutt_20200713_backgroundTrain_0,0,train,https://doi.org/10.1080/00288330.2022.2088569,"Gall et al. 2022, Figure 10A",v1,S2_SR_HARMONIZED_SCL_v1,174.880791222247,-41.27728528659252,0.04,0.0346,0.009,0.0047,0.0022,0.0055,0.0024,0.0013,0.0022,0.002
hutt_20200713,COPERNICUS/S2_SR_HARMONIZED/20200712T222549_20200712T222545_T60GUV,2020-07-12 22:27:27,hutt_20200713_backgroundTrain_0,0,train,https://doi.org/10.1080/00288330.2022.2088569,"Gall et al. 2022, Figure 10A",v1,S2_SR_HARMONIZED_SCL_v1,174.88210378564673,-41.27730945115673,0.0354,0.0336,0.0061,0.0049,0.003,0.0038,0.0023,0.0019,0.0026,0.0024
hutt_20200713,COPERNICUS/S2_SR_HARMONIZED/20200712T222549_20200712T222545_T60GUV,2020-07-12 22:27:27,hutt_20200713_backgroundTrain_0,0,train,https://doi.org/10.1080/00288330.2022.2088569,"Gall et al. 2022, Figure 10A",v1,S2_SR_HARMONIZED_SCL_v1,174.88317770234448,-41.2773292110417,0.0417,0.0332,0.0061,0.0047,0.0041,0.0014,0.003,0.0019,0.0013,0.002
hutt_20200713,COPERNICUS/S2_SR_HARMONIZED/20200712T222549_20200712T222545_T60GUV,2020-07-12 22:27:27,hutt_20200713_backgroundTrain_0,0,train,https://doi.org/10.1080/00288330.2022.2088569,"Gall et al. 2022, Figure 10A",v1,S2_SR_HARMONIZED_SCL_v1,174.88329702648804,-41.27733140596658,0.0384,0.0322,0.0066,0.0039,0.0036,0.0032,0.0022,0.0018,0.0011,0.0022
hutt_20200713,COPERNICUS/S2_SR_HARMONIZED/20200712T222549_20200712T222545_T60GUV,2020-07-12 22:27:27,hutt_20200713_backgroundTrain_0,0,train,https://doi.org/10.1080/00288330.2022.2088569,"Gall et al. 2022, Figure 10A",v1,S2_SR_HARMONIZED_SCL_v1,174.8838936474038,-41.27734237873729,0.0384,0.0325,0.0081,0.0045,0.0027,0.004,0.0017,0.0025,0.0022,0.0012
hutt_20200713,COPERNICUS/S2_SR_HARMONIZED/20200712T222549_20200712T222545_T60GUV,2020-07-12 22:27:27,hutt_20200713_backgroundTrain_0,0,train,https://doi.org/10.1080/00288330.2022.2088569,"Gall et al. 2022, Figure 10A",v1,S2_SR_HARMONIZED_SCL_v1,174.88425162011166,-41.27734896091675,0.0363,0.0317,0.0087,0.0061,0.0043,0.0048,0.0019,0.0012,0.0031,0.0024
hutt_20200713,COPERNICUS/S2_SR_HARMONIZED/20200712T222549_20200712T222545_T60GUV,2020-07-12 22:27:27,hutt_20200713_backgroundTrain_0,0,train,https://doi.org/10.1080/00288330.2022.2088569,"Gall et al. 2022, Figure 10A",v1,S2_SR_HARMONIZED_SCL_v1,174.884370944374,-41.27735115472941,0.0417,0.0332,0.0082,0.0061,0.0043,0.0048,0.0015,0.0012,0.0031,0.0024
hutt_20200713,COPERNICUS/S2_SR_HARMONIZED/20200712T222549_20200712T222545_T60GUV,2020-07-12 22:27:27,hutt_20200713_backgroundTrain_0,0,train,https://doi.org/10.1080/00288330.2022.2088569,"Gall et al. 2022, Figure 10A",v1,S2_SR_HARMONIZED_SCL_v1,174.88460959293826,-41.277355541984,0.0345,0.0348,0.0059,0.0045,0.0027,0.0042,0.0019,0.0012,9.0E-4,0.0021
hutt_20200713,COPERNICUS/S2_SR_HARMONIZED/20200712T222549_20200712T222545_T60GUV,2020-07-12 22:27:27,hutt_20200713_backgroundTrain_0,0,train,https://doi.org/10.1080/00288330.2022.2088569,"Gall et al. 2022, Figure 10A",v1,S2_SR_HARMONIZED_SCL_v1,174.88484824155532,-41.27735992874427,0.0396,0.0363,0.0077,0.005,0.0024,0.004,0.0014,0.0018,9.0E-4,0.001
hutt_20200713,COPERNICUS/S2_SR_HARMONIZED/20200712T222549_20200712T222545_T60GUV,2020-07-12 22:27:27,hutt_20200713_backgroundTrain_0,0,train,https://doi.org/10.1080/00288330.2022.2088569,"Gall et al. 2022, Figure 10A",v1,S2_SR_HARMONIZED_SCL_v1,174.88508689022512,-41.27736431501021,0.0354,0.0363,0.0071,0.005,0.0041,0.0036,0.004,4.0E-4,0.0012,0.0021
hutt_20200713,COPERNICUS/S2_SR_HARMONIZED/20200712T222549_20200712T222545_T60GUV,2020-07-12 22:27:27,hutt_20200713_backgroundTrain_0,0,train,https://doi.org/10.1080/00288330.2022.2088569,"Gall et al. 2022, Figure 10A",v1,S2_SR_HARMONIZED_SCL_v1,174.88532553894768,-41.27736870078184,0.0429,0.0348,0.0067,0.0039,0.0032,0.003,0.0033,4.0E-4,0.0025,0.0022
hutt_20200713,COPERNICUS/S2_SR_HARMONIZED/20200712T222549_20200712T222545_T60GUV,2020-07-12 22:27:27,hutt_20200713_backgroundTrain_0,0,train,https://doi.org/10.1080/00288330.2022.2088569,"Gall et al. 2022, Figure 10A",v1,S2_SR_HARMONIZED_SCL_v1,174.88699608148258,-41.27739938734226,0.037,0.0345,0.0091,0.0072,0.0036,0.003,0.002,1.0E-4,0.0023,0.003
hutt_20200713,COPERNICUS/S2_SR_HARMONIZED/20200712T222549_20200712T222545_T60GUV,2020-07-12 22:27:27,hutt_20200713_backgroundTrain_0,0,train,https://doi.org/10.1080/00288330.2022.2088569,"Gall et al. 2022, Figure 10A",v1,S2_SR_HARMONIZED_SCL_v1,174.8904564992338,-41.27746287530764,0.0388,0.0342,0.0061,0.0065,0.0037,0.0033,0.0019,0.0018,5.0E-4,0.0029
hutt_20200713,COPERNICUS/S2_SR_HARMONIZED/20200712T222549_20200712T222545_T60GUV,2020-07-12 22:27:27,hutt_20200713_backgroundTrain_0,0,train,https://doi.org/10.1080/00288330.2022.2088569,"Gall et al. 2022, Figure 10A",v1,S2_SR_HARMONIZED_SCL_v1,174.8909337991028,-41.27747162411201,0.0361,0.0327,0.007,0.0047,0.0037,0.0063,0.0024,0.003,0.0012,0.0011
hutt_20200713,COPERNICUS/S2_SR_HARMONIZED/20200712T222549_20200712T222545_T60GUV,2020-07-12 22:27:27,hutt_20200713_backgroundTrain_0,0,train,https://doi.org/10.1080/00288330.2022.2088569,"Gall et al. 2022, Figure 10A",v1,S2_SR_HARMONIZED_SCL_v1,174.87171972078733,-41.27720793864604,0.0395,0.0372,0.0082,0.0043,0.0032,0.003,0.0035,0.0031,0.0025,0.0019
hutt_20200713,COPERNICUS/S2_SR_HARMONIZED/20200712T222549_20200712T222545_T60GUV,2020-07-12 22:27:27,hutt_20200713_backgroundTrain_0,0,train,https://doi.org/10.1080/00288330.2022.2088569,"Gall et al. 2022, Figure 10A",v1,S2_SR_HARMONIZED_SCL_v1,174.87327092129598,-41.277236617345515,0.0415,0.0363,0.0063,0.0069,0.0034,0.0025,0.002,9.0E-4,7.0E-4,0.0016
hutt_20200713,COPERNICUS/S2_SR_HARMONIZED/20200712T222549_20200712T222545_T60GUV,2020-07-12 22:27:27,hutt_20200713_backgroundTrain_0,0,train,https://doi.org/10.1080/00288330.2022.2088569,"Gall et al. 2022, Figure 10A",v1,S2_SR_HARMONIZED_SCL_v1,174.88102695743146,-41.27737969757482,0.038,0.0391,0.0045,0.0047,0.0012,0.0034,0.0046,0.002,0.0016,0.0022
hutt_20200713,COPERNICUS/S2_SR_HARMONIZED/20200712T222549_20200712T222545_T60GUV,2020-07-12 22:27:27,hutt_20200713_backgroundTrain_0,0,train,https://doi.org/10.1080/00288330.2022.2088569,"Gall et al. 2022, Figure 10A",v1,S2_SR_HARMONIZED_SCL_v1,174.8819815503575,-41.277397271364336,0.0403,0.0343,0.0074,0.0034,0.0013,0.0045,0.0037,0.0029,0.0013,0.0014
hutt_20200713,COPERNICUS/S2_SR_HARMONIZED/20200712T222549_20200712T222545_T60GUV,2020-07-12 22:27:27,hutt_20200713_backgroundTrain_0,0,train,https://doi.org/10.1080/00288330.2022.2088569,"Gall et al. 2022, Figure 10A",v1,S2_SR_HARMONIZED_SCL_v1,174.88401006313197,-41.27743458940644,0.0389,0.034,0.0045,0.0056,0.003,0.0038,0.003,0.002,0.0022,7.0E-4
hutt_20200713,COPERNICUS/S2_SR_HARMONIZED/20200712T222549_20200712T222545_T60GUV,2020-07-12 22:27:27,hutt_20200713_backgroundTrain_0,0,train,https://doi.org/10.1080/00288330.2022.2088569,"Gall et al. 2022, Figure 10A",v1,S2_SR_HARMONIZED_SCL_v1,174.88579993051226,-41.27746748743145,0.0345,0.0355,0.0062,0.0047,0.0049,0.0023,0.0037,0.0013,0.002,0.0024
hutt_20200713,COPERNICUS/S2_SR_HARMONIZED/20200712T222549_20200712T222545_T60GUV,2020-07-12 22:27:27,hutt_20200713_backgroundTrain_0,0,train,https://doi.org/10.1080/00288330.2022.2088569,"Gall et al. 2022, Figure 10A",v1,S2_SR_HARMONIZED_SCL_v1,174.88735115130854,-41.27749597656147,0.0391,0.0321,0.0077,0.006,0.0026,0.0037,0.0025,0.0013,0.0019,0.0025
hutt_20200713,COPERNICUS/S2_SR_HARMONIZED/20200712T222549_20200712T222545_T60GUV,2020-07-12 22:27:27,hutt_20200713_backgroundTrain_0,0,train,https://doi.org/10.1080/00288330.2022.2088569,"Gall et al. 2022, Figure 10A",v1,S2_SR_HARMONIZED_SCL_v1,174.88830574982856,-41.27751349795298,0.0337,0.0336,0.0056,0.0069,0.0015,0.0052,0.0035,0.0011,5.0E-4,0.0025
hutt_20200713,COPERNICUS/S2_SR_HARMONIZED/20200712T222549_20200712T222545_T60GUV,2020-07-12 22:27:27,hutt_20200713_backgroundTrain_0,0,train,https://doi.org/10.1080/00288330.2022.2088569,"Gall et al. 2022, Figure 10A",v1,S2_SR_HARMONIZED_SCL_v1,174.88973764918902,-41.27753976521048,0.04,0.0314,0.0075,0.0033,0.0024,0.0013,0.0018,0.0039,0.0018,0.0021
hutt_20200713,COPERNICUS/S2_SR_HARMONIZED/20200712T222549_20200712T222545_T60GUV,2020-07-12 22:27:27,hutt_20200713_backgroundTrain_0,0,train,https://doi.org/10.1080/00288330.2022.2088569,"Gall et al. 2022, Figure 10A",v1,S2_SR_HARMONIZED_SCL_v1,174.87171679541697,-41.27729795441673,0.0395,0.0342,0.0082,0.0036,0.0035,0.0038,0.0029,0.0023,0.0036,0.0019
hutt_20200713,COPERNICUS/S2_SR_HARMONIZED/20200712T222549_20200712T222545_T60GUV,2020-07-12 22:27:27,hutt_20200713_backgroundTrain_0,0,train,https://doi.org/10.1080/00288330.2022.2088569,"Gall et al. 2022, Figure 10A",v1,S2_SR_HARMONIZED_SCL_v1,174.87243273481693,-41.277311193376335,0.0406,0.0367,0.0067,0.008,0.0045,0.004,0.0025,7.0E-4,0.0018,0.002
hutt_20200713,COPERNICUS/S2_SR_HARMONIZED/20200712T222549_20200712T222545_T60GUV,2020-07-12 22:27:27,hutt_20200713_backgroundTrain_0,0,train,https://doi.org/10.1080/00288330.2022.2088569,"Gall et al. 2022, Figure 10A",v1,S2_SR_HARMONIZED_SCL_v1,174.87302935134844,-41.27732222244432,0.0403,0.0357,0.0063,0.0049,0.0023,0.0036,0.0028,0.0034,0.0025,0.0026
hutt_20200713,COPERNICUS/S2_SR_HARMONIZED/20200712T222549_20200712T222545_T60GUV,2020-07-12 22:27:27,hutt_20200713_backgroundTrain_0,0,train,https://doi.org/10.1080/00288330.2022.2088569,"Gall et al. 2022, Figure 10A",v1,S2_SR_HARMONIZED_SCL_v1,174.87410326194083,-41.277342066981355,0.0366,0.0335,0.0082,0.0044,0.0026,0.0052,0.0019,0.0019,0.0021,0.0015
hutt_20200713,COPERNICUS/S2_SR_HARMONIZED/20200712T222549_20200712T222545_T60GUV,2020-07-12 22:27:27,hutt_20200713_backgroundTrain_0,0,train,https://doi.org/10.1080/00288330.2022.2088569,"Gall et al. 2022, Figure 10A",v1,S2_SR_HARMONIZED_SCL_v1,174.87422258540627,-41.27734427131203,0.0338,0.0359,0.0065,0.0051,0.003,0.0033,0.0031,0.0022,0.0016,0.003
hutt_20200713,COPERNICUS/S2_SR_HARMONIZED/20200712T222549_20200712T222545_T60GUV,2020-07-12 22:27:27,hutt_20200713_backgroundTrain_0,0,train,https://doi.org/10.1080/00288330.2022.2088569,"Gall et al. 2022, Figure 10A",v1,S2_SR_HARMONIZED_SCL_v1,174.87613176265629,-41.2773795237963,0.0383,0.035,0.0074,0.0047,0.003,0.0033,0.0017,0.0011,0.0019,0.0021
hutt_20200713,COPERNICUS/S2_SR_HARMONIZED/20200712T222549_20200712T222545_T60GUV,2020-07-12 22:27:27,hutt_20200713_backgroundTrain_0,0,train,https://doi.org/10.1080/00288330.2022.2088569,"Gall et al. 2022, Figure 10A",v1,S2_SR_HARMONIZED_SCL_v1,174.87648973376827,-41.27738613011513,0.0402,0.0357,0.0066,0.0049,0.0032,0.0034,0.002,0.0012,0.0013,0.001
hutt_20200713,COPERNICUS/S2_SR_HARMONIZED/20200712T222549_20200712T222545_T60GUV,2020-07-12 22:27:27,hutt_20200713_backgroundTrain_0,0,train,https://doi.org/10.1080/00288330.2022.2088569,"Gall et al. 2022, Figure 10A",v1,S2_SR_HARMONIZED_SCL_v1,174.8812626933104,-41.27747410808888,0.038,0.0338,0.0095,0.0038,0.0031,0.0031,0.0033,0.0028,0.0014,0.001
hutt_20200713,COPERNICUS/S2_SR_HARMONIZED/20200712T222549_20200712T222545_T60GUV,2020-07-12 22:27:27,hutt_20200713_backgroundTrain_0,0,train,https://doi.org/10.1080/00288330.2022.2088569,"Gall et al. 2022, Figure 10A",v1,S2_SR_HARMONIZED_SCL_v1,174.88317188305007,-41.27750924391491,0.0348,0.0369,0.0058,0.0046,0.0026,0.002,0.0033,9.0E-4,0.0016,1.0E-4
hutt_20200713,COPERNICUS/S2_SR_HARMONIZED/20200712T222549_20200712T222545_T60GUV,2020-07-12 22:27:27,hutt_20200713_backgroundTrain_0,0,train,https://doi.org/10.1080/00288330.2022.2088569,"Gall et al. 2022, Figure 10A",v1,S2_SR_HARMONIZED_SCL_v1,174.8853197255471,-41.27754873390368,0.0403,0.0361,0.0062,0.0032,0.0029,7.0E-4,0.0023,0.0012,0.0026,0.003
hutt_20200713,COPERNICUS/S2_SR_HARMONIZED/20200712T222549_20200712T222545_T60GUV,2020-07-12 22:27:27,hutt_20200713_backgroundTrain_0,0,train,https://doi.org/10.1080/00288330.2022.2088569,"Gall et al. 2022, Figure 10A",v1,S2_SR_HARMONIZED_SCL_v1,174.88758689726328,-41.27759037434205,0.0397,0.0342,0.0075,0.0042,0.0026,0.0028,9.0E-4,0.0012,0.002,0.0037
hutt_20200713,COPERNICUS/S2_SR_HARMONIZED/20200712T222549_20200712T222545_T60GUV,2020-07-12 22:27:27,hutt_20200713_backgroundTrain_0,0,train,https://doi.org/10.1080/00288330.2022.2088569,"Gall et al. 2022, Figure 10A",v1,S2_SR_HARMONIZED_SCL_v1,174.88854149730383,-41.27760789381141,0.0361,0.0336,0.0075,0.0045,0.0027,0.005,0.0029,0.0012,8.0E-4,0.003
hutt_20200713,COPERNICUS/S2_SR_HARMONIZED/20200712T222549_20200712T222545_T60GUV,2020-07-12 22:27:27,hutt_20200713_backgroundTrain_0,0,train,https://doi.org/10.1080/00288330.2022.2088569,"Gall et al. 2022, Figure 10A",v1,S2_SR_HARMONIZED_SCL_v1,174.88937677303073,-41.277623216859055,0.0383,0.0318,0.0077,0.0042,0.0022,0.0046,0.0019,0.0028,5.0E-4,0.002
hutt_20200713,COPERNICUS/S2_SR_HARMONIZED/20200712T222549_20200712T222545_T60GUV,2020-07-12 22:27:27,hutt_20200713_backgroundTrain_0,0,train,https://doi.org/10.1080/00288330.2022.2088569,"Gall et al. 2022, Figure 10A",v1,S2_SR_HARMONIZED_SCL_v1,174.88985407373573,-41.27763197016748,0.0383,0.0339,0.0079,0.0039,0.0024,0.0016,0.0016,0.0025,0.002,0.0021
hutt_20200713,COPERNICUS/S2_SR_HARMONIZED/20200712T222549_20200712T222545_T60GUV,2020-07-12 22:27:27,hutt_20200713_backgroundTrain_0,0,train,https://doi.org/10.1080/00288330.2022.2088569,"Gall et al. 2022, Figure 10A",v1,S2_SR_HARMONIZED_SCL_v1,174.89021204940266,-41.277638533851174,0.0334,0.0352,0.0059,0.0062,0.0027,0.0039,0.0024,7.0E-4,0.002,0.0021
hutt_20200713,COPERNICUS/S2_SR_HARMONIZED/20200712T222549_20200712T222545_T60GUV,2020-07-12 22:27:27,hutt_20200713_backgroundTrain_0,0,train,https://doi.org/10.1080/00288330.2022.2088569,"Gall et al. 2022, Figure 10A",v1,S2_SR_HARMONIZED_SCL_v1,174.8729071042691,-41.27741003271643,0.0361,0.0331,0.0047,0.0046,0.0027,0.0018,0.0047,0.0011,9.0E-4,0.0021
hutt_20200713,COPERNICUS/S2_SR_HARMONIZED/20200712T222549_20200712T222545_T60GUV,2020-07-12 22:27:27,hutt_20200713_backgroundTrain_0,0,train,https://doi.org/10.1080/00288330.2022.2088569,"Gall et al. 2022, Figure 10A",v1,S2_SR_HARMONIZED_SCL_v1,174.87314575127544,-41.27741444373963,0.0395,0.0344,0.0098,0.0049,0.0023,0.0036,6.0E-4,0.0034,0.0025,0.0026
hutt_20200713,COPERNICUS/S2_SR_HARMONIZED/20200712T222549_20200712T222545_T60GUV,2020-07-12 22:27:27,hutt_20200713_backgroundTrain_0,0,train,https://doi.org/10.1080/00288330.2022.2088569,"Gall et al. 2022, Figure 10A",v1,S2_SR_HARMONIZED_SCL_v1,174.87421966346062,-41.27743428722693,0.0357,0.0355,0.0077,0.0051,0.003,0.0033,0.0019,0.0022,0.0016,0.003
hutt_20200713,COPERNICUS/S2_SR_HARMONIZED/20200712T222549_20200712T222545_T60GUV,2020-07-12 22:27:27,hutt_20200713_backgroundTrain_0,0,train,https://doi.org/10.1080/00288330.2022.2088569,"Gall et al. 2022, Figure 10A",v1,S2_SR_HARMONIZED_SCL_v1,174.8746969581099,-41.27744310334161,0.039,0.0361,0.0076,0.0061,0.0043,0.0039,0.0033,0.0033,9.0E-4,0.0015
hutt_20200713,COPERNICUS/S2_SR_HARMONIZED/20200712T222549_20200712T222545_T60GUV,2020-07-12 22:27:27,hutt_20200713_backgroundTrain_0,0,train,https://doi.org/10.1080/00288330.2022.2088569,"Gall et al. 2022, Figure 10A",v1,S2_SR_HARMONIZED_SCL_v1,174.88328829801776,-41.27760145529475,0.0408,0.034,0.0104,0.0043,0.0036,0.0038,0.002,0.0025,8.0E-4,0.0021
hutt_20200713,COPERNICUS/S2_SR_HARMONIZED/20200712T222549_20200712T222545_T60GUV,2020-07-12 22:27:27,hutt_20200713_backgroundTrain_0,0,train,https://doi.org/10.1080/00288330.2022.2088569,"Gall et al. 2022, Figure 10A",v1,S2_SR_HARMONIZED_SCL_v1,174.8840042461032,-41.27761462237321,0.035,0.0325,0.0093,0.0054,0.0041,0.0054,0.0023,0.0023,0.0023,0.0024
hutt_20200713,COPERNICUS/S2_SR_HARMONIZED/20200712T222549_20200712T222545_T60GUV,2020-07-12 22:27:27,hutt_20200713_backgroundTrain_0,0,train,https://doi.org/10.1080/00288330.2022.2088569,"Gall et al. 2022, Figure 10A",v1,S2_SR_HARMONIZED_SCL_v1,174.88483951947,-41.27762997834181,0.0354,0.0355,0.0067,0.0058,0.0027,0.0055,0.0018,0.0022,0.0018,0.0014
hutt_20200713,COPERNICUS/S2_SR_HARMONIZED/20200712T222549_20200712T222545_T60GUV,2020-07-12 22:27:27,hutt_20200713_backgroundTrain_0,0,train,https://doi.org/10.1080/00288330.2022.2088569,"Gall et al. 2022, Figure 10A",v1,S2_SR_HARMONIZED_SCL_v1,174.88615209320952,-41.27765409691508,0.0355,0.0343,0.0077,0.0043,0.002,0.0018,0.0025,0.0019,0.0026,0.002
hutt_20200713,COPERNICUS/S2_SR_HARMONIZED/20200712T222549_20200712T222545_T60GUV,2020-07-12 22:27:27,hutt_20200713_backgroundTrain_0,0,train,https://doi.org/10.1080/00288330.2022.2088569,"Gall et al. 2022, Figure 10A",v1,S2_SR_HARMONIZED_SCL_v1,174.88770331877654,-41.277682581404775,0.0339,0.0296,0.0083,0.0042,0.0026,0.0028,0.0017,0.0012,0.002,0.0037
hutt_20200713,COPERNICUS/S2_SR_HARMONIZED/20200712T222549_20200712T222545_T60GUV,2020-07-12 22:27:27,hutt_20200713_backgroundTrain_0,0,train,https://doi.org/10.1080/00288330.2022.2088569,"Gall et al. 2022, Figure 10A",v1,S2_SR_HARMONIZED_SCL_v1,174.88782264391241,-41.2776847716543,0.0335,0.0314,0.0098,0.0065,0.0017,0.0034,0.0033,0.0024,0.002,0.0026
hutt_20200713,COPERNICUS/S2_SR_HARMONIZED/20200712T222549_20200712T222545_T60GUV,2020-07-12 22:27:27,hutt_20200713_backgroundTrain_0,0,train,https://doi.org/10.1080/00288330.2022.2088569,"Gall et al. 2022, Figure 10A",v1,S2_SR_HARMONIZED_SCL_v1,174.88806129422366,-41.27768915178259,0.0329,0.0363,0.0065,0.0046,0.0037,0.0021,1.0E-4,0.0019,0.0014,0.0011
hutt_20200713,COPERNICUS/S2_SR_HARMONIZED/20200712T222549_20200712T222545_T60GUV,2020-07-12 22:27:27,hutt_20200713_backgroundTrain_0,0,train,https://doi.org/10.1080/00288330.2022.2088569,"Gall et al. 2022, Figure 10A",v1,S2_SR_HARMONIZED_SCL_v1,174.88937387187713,-41.27771323365207,0.0354,0.0355,0.007,0.0042,0.0022,0.0046,0.0028,0.0028,5.0E-4,0.002
hutt_20200713,COPERNICUS/S2_SR_HARMONIZED/20200712T222549_20200712T222545_T60GUV,2020-07-12 22:27:27,hutt_20200713_backgroundTrain_0,0,train,https://doi.org/10.1080/00288330.2022.2088569,"Gall et al. 2022, Figure 10A",v1,S2_SR_HARMONIZED_SCL_v1,174.8899704986099,-41.277724175013084,0.0368,0.0326,0.0075,0.0043,0.0043,0.0023,0.0055,1.0E-4,0.0018,0.0021
hutt_20200713,COPERNICUS/S2_SR_HARMONIZED/20200712T222549_20200712T222545_T60GUV,2020-07-12 22:27:27,hutt_20200713_backgroundTrain_0,0,train,https://doi.org/10.1080/00288330.2022.2088569,"Gall et al. 2022, Figure 10A",v1,S2_SR_HARMONIZED_SCL_v1,174.87159162112223,-41.27747577901367,0.0377,0.0354,0.0086,0.005,0.0035,0.0053,0.0031,0.0021,0.0031,0.0021
hutt_20200713,COPERNICUS/S2_SR_HARMONIZED/20200712T222549_20200712T222545_T60GUV,2020-07-12 22:27:27,hutt_20200713_backgroundTrain_0,0,train,https://doi.org/10.1080/00288330.2022.2088569,"Gall et al. 2022, Figure 10A",v1,S2_SR_HARMONIZED_SCL_v1,174.87362012266988,-41.277513280181715,0.0375,0.0318,0.0073,0.0061,0.0041,0.0042,0.002,9.0E-4,5.0E-4,7.0E-4
hutt_20200713,COPERNICUS/S2_SR_HARMONIZED/20200712T222549_20200712T222545_T60GUV,2020-07-12 22:27:27,hutt_20200713_backgroundTrain_0,0,train,https://doi.org/10.1080/00288330.2022.2088569,"Gall et al. 2022, Figure 10A",v1,S2_SR_HARMONIZED_SCL_v1,174.87373944640973,-41.27751548502058,0.0368,0.032,0.0059,0.0082,0.0044,0.0018,0.0037,0.0028,0.0017,0.0019
hutt_20200713,COPERNICUS/S2_SR_HARMONIZED/20200712T222549_20200712T222545_T60GUV,2020-07-12 22:27:27,hutt_20200713_backgroundTrain_0,0,train,https://doi.org/10.1080/00288330.2022.2088569,"Gall et al. 2022, Figure 10A",v1,S2_SR_HARMONIZED_SCL_v1,174.88459796215506,-41.27771560805565,0.0373,0.0332,0.0075,0.0047,0.0012,0.0034,0.0017,0.0013,0.0018,6.0E-4
hutt_20200713,COPERNICUS/S2_SR_HARMONIZED/20200712T222549_20200712T222545_T60GUV,2020-07-12 22:27:27,hutt_20200713_backgroundTrain_0,0,train,https://doi.org/10.1080/00288330.2022.2088569,"Gall et al. 2022, Figure 10A",v1,S2_SR_HARMONIZED_SCL_v1,174.88626851275055,-41.27774630538334,0.0348,0.032,0.0062,0.005,0.0018,0.0052,0.0023,1.0E-4,0.0028,0.0021
hutt_20200713,COPERNICUS/S2_SR_HARMONIZED/20200712T222549_20200712T222545_T60GUV,2020-07-12 22:27:27,hutt_20200713_backgroundTrain_0,0,train,https://doi.org/10.1080/00288330.2022.2088569,"Gall et al. 2022, Figure 10A",v1,S2_SR_HARMONIZED_SCL_v1,174.88960962169145,-41.27780762737244,0.0359,0.0338,0.0045,0.0033,0.0026,0.0033,0.0025,0.0024,0.0013,0.0022
hutt_20200713,COPERNICUS/S2_SR_HARMONIZED/20200712T222549_20200712T222545_T60GUV,2020-07-12 22:27:27,hutt_20200713_backgroundTrain_0,0,train,https://doi.org/10.1080/00288330.2022.2088569,"Gall et al. 2022, Figure 10A",v1,S2_SR_HARMONIZED_SCL_v1,174.88996759826173,-41.277814191838964,0.0404,0.0332,0.0071,0.0041,0.0041,0.0033,0.0016,0.003,0.0018,0.0016
hutt_20200713,COPERNICUS/S2_SR_HARMONIZED/20200712T222549_20200712T222545_T60GUV,2020-07-12 22:27:27,hutt_20200713_backgroundTrain_0,0,train,https://doi.org/10.1080/00288330.2022.2088569,"Gall et al. 2022, Figure 10A",v1,S2_SR_HARMONIZED_SCL_v1,174.8903255749505,-41.27782075519324,0.0361,0.0331,0.0061,0.0051,0.0025,0.0035,0.0038,9.0E-4,0.0019,0.0022
hutt_20200713,COPERNICUS/S2_SR_HARMONIZED/20200712T222549_20200712T222545_T60GUV,2020-07-12 22:27:27,hutt_20200713_backgroundTrain_0,0,train,https://doi.org/10.1080/00288330.2022.2088569,"Gall et al. 2022, Figure 10A",v1,S2_SR_HARMONIZED_SCL_v1,174.8721853140711,-41.277576828270014,0.0415,0.0363,0.0111,0.0065,0.0045,0.0039,0.0032,0.0018,1.0E-4,0.0017
hutt_20200713,COPERNICUS/S2_SR_HARMONIZED/20200712T222549_20200712T222545_T60GUV,2020-07-12 22:27:27,hutt_20200713_backgroundTrain_0,0,train,https://doi.org/10.1080/00288330.2022.2088569,"Gall et al. 2022, Figure 10A",v1,S2_SR_HARMONIZED_SCL_v1,174.88185058029748,-41.27775514050281,0.0361,0.0315,0.0077,0.0047,0.0024,0.0027,0.001,0.001,0.0012,0.0029
hutt_20200713,COPERNICUS/S2_SR_HARMONIZED/20200712T222549_20200712T222545_T60GUV,2020-07-12 22:27:27,hutt_20200713_backgroundTrain_0,0,train,https://doi.org/10.1080/00288330.2022.2088569,"Gall et al. 2022, Figure 10A",v1,S2_SR_HARMONIZED_SCL_v1,174.88232787964418,-41.27776392503661,0.0361,0.0336,0.0065,0.0061,0.0027,0.0038,0.0031,0.0012,0.0022,0.0011
hutt_20200713,COPERNICUS/S2_SR_HARMONIZED/20200712T222549_20200712T222545_T60GUV,2020-07-12 22:27:27,hutt_20200713_backgroundTrain_0,0,train,https://doi.org/10.1080/00288330.2022.2088569,"Gall et al. 2022, Figure 10A",v1,S2_SR_HARMONIZED_SCL_v1,174.88602695674308,-41.27783193813058,0.0373,0.0349,0.0065,0.0046,0.0035,0.0037,0.0037,0.0015,0.0016,0.0022
hutt_20200713,COPERNICUS/S2_SR_HARMONIZED/20200712T222549_20200712T222545_T60GUV,2020-07-12 22:27:27,hutt_20200713_backgroundTrain_0,0,train,https://doi.org/10.1080/00288330.2022.2088569,"Gall et al. 2022, Figure 10A",v1,S2_SR_HARMONIZED_SCL_v1,174.88781683730895,-41.27786480505639,0.0354,0.0323,0.0071,0.0058,0.0029,0.0044,0.0019,0.001,0.0012,0.003
hutt_20200713,COPERNICUS/S2_SR_HARMONIZED/20200712T222549_20200712T222545_T60GUV,2020-07-12 22:27:27,hutt_20200713_backgroundTrain_0,0,train,https://doi.org/10.1080/00288330.2022.2088569,"Gall et al. 2022, Figure 10A",v1,S2_SR_HARMONIZED_SCL_v1,174.88841346482306,-41.277875754519194,0.0379,0.0321,0.0074,0.0028,0.0026,0.0043,0.0046,0.0012,9.0E-4,8.0E-4
hutt_20200713,COPERNICUS/S2_SR_HARMONIZED/20200712T222549_20200712T222545_T60GUV,2020-07-12 22:27:27,hutt_20200713_backgroundTrain_0,0,train,https://doi.org/10.1080/00288330.2022.2088569,"Gall et al. 2022, Figure 10A",v1,S2_SR_HARMONIZED_SCL_v1,174.88877144148958,-41.27788232271388,0.0395,0.0368,0.0066,0.0068,0.0021,0.0056,1.0E-4,0.0017,0.0022,8.0E-4
hutt_20200713,COPERNICUS/S2_SR_HARMONIZED/20200712T222549_20200712T222545_T60GUV,2020-07-12 22:27:27,hutt_20200713_backgroundTrain_0,0,train,https://doi.org/10.1080/00288330.2022.2088569,"Gall et al. 2022, Figure 10A",v1,S2_SR_HARMONIZED_SCL_v1,174.8898453722001,-41.277902020624445,0.0361,0.0338,0.0076,0.0046,0.0041,0.004,0.0035,0.001,0.0019,0.0032
hutt_20200713,COPERNICUS/S2_SR_HARMONIZED/20200712T222549_20200712T222545_T60GUV,2020-07-12 22:27:27,hutt_20200713_backgroundTrain_0,0,train,https://doi.org/10.1080/00288330.2022.2088569,"Gall et al. 2022, Figure 10A",v1,S2_SR_HARMONIZED_SCL_v1,174.87265968501447,-41.277675668663434,0.0358,0.0373,0.0063,0.0062,0.0043,0.0017,0.0015,0.0014,0.0016,0.0012
hutt_20200713,COPERNICUS/S2_SR_HARMONIZED/20200712T222549_20200712T222545_T60GUV,2020-07-12 22:27:27,hutt_20200713_backgroundTrain_0,0,train,https://doi.org/10.1080/00288330.2022.2088569,"Gall et al. 2022, Figure 10A",v1,S2_SR_HARMONIZED_SCL_v1,174.8745688699846,-41.27771094729598,0.0366,0.0339,0.0081,0.0062,0.0027,0.0051,1.0E-4,3.0E-4,0.0018,0.0021
hutt_20200713,COPERNICUS/S2_SR_HARMONIZED/20200712T222549_20200712T222545_T60GUV,2020-07-12 22:27:27,hutt_20200713_backgroundTrain_0,0,train,https://doi.org/10.1080/00288330.2022.2088569,"Gall et al. 2022, Figure 10A",v1,S2_SR_HARMONIZED_SCL_v1,174.88184766878993,-41.27784515685628,0.0391,0.0357,0.0089,0.0046,0.0029,0.0046,9.0E-4,0.0019,0.0017,0.0021
hutt_20200713,COPERNICUS/S2_SR_HARMONIZED/20200712T222549_20200712T222545_T60GUV,2020-07-12 22:27:27,hutt_20200713_backgroundTrain_0,0,train,https://doi.org/10.1080/00288330.2022.2088569,"Gall et al. 2022, Figure 10A",v1,S2_SR_HARMONIZED_SCL_v1,174.88220564377133,-41.27785174546273,0.0355,0.035,0.0075,0.0049,0.0026,0.0052,0.0017,0.001,0.0031,0.0011
hutt_20200713,COPERNICUS/S2_SR_HARMONIZED/20200712T222549_20200712T222545_T60GUV,2020-07-12 22:27:27,hutt_20200713_backgroundTrain_0,0,train,https://doi.org/10.1080/00288330.2022.2088569,"Gall et al. 2022, Figure 10A",v1,S2_SR_HARMONIZED_SCL_v1,174.883876195256,-41.27788247758665,0.0368,0.0368,0.0086,0.0021,0.0036,0.0052,0.0035,0.0013,9.0E-4,0.0016
hutt_20200713,COPERNICUS/S2_SR_HARMONIZED/20200712T222549_20200712T222545_T60GUV,2020-07-12 22:27:27,hutt_20200713_backgroundTrain_0,0,train,https://doi.org/10.1080/00288330.2022.2088569,"Gall et al. 2022, Figure 10A",v1,S2_SR_HARMONIZED_SCL_v1,174.88530809858764,-41.27790880012838,0.0394,0.0318,0.0075,0.0049,0.0036,0.0034,0.0025,0.0012,9.0E-4,0.003
hutt_20200713,COPERNICUS/S2_SR_HARMONIZED/20200712T222549_20200712T222545_T60GUV,2020-07-12 22:27:27,hutt_20200713_backgroundTrain_0,0,train,https://doi.org/10.1080/00288330.2022.2088569,"Gall et al. 2022, Figure 10A",v1,S2_SR_HARMONIZED_SCL_v1,174.8867400038186,-41.277935104874246,0.0349,0.0338,0.0059,0.0042,0.0041,0.0022,0.0035,0.0011,0.0028,0.0021
hutt_20200713,COPERNICUS/S2_SR_HARMONIZED/20200712T222549_20200712T222545_T60GUV,2020-07-12 22:27:27,hutt_20200713_backgroundTrain_0,0,train,https://doi.org/10.1080/00288330.2022.2088569,"Gall et al. 2022, Figure 10A",v1,S2_SR_HARMONIZED_SCL_v1,174.88829123662728,-41.27796358160006,0.0358,0.036,0.0081,0.0047,0.0026,0.0039,0.0033,0.0012,9.0E-4,7.0E-4
hutt_20200713,COPERNICUS/S2_SR_HARMONIZED/20200712T222549_20200712T222545_T60GUV,2020-07-12 22:27:27,hutt_20200713_backgroundTrain_0,0,train,https://doi.org/10.1080/00288330.2022.2088569,"Gall et al. 2022, Figure 10A",v1,S2_SR_HARMONIZED_SCL_v1,174.89020044929353,-41.27799860120663,0.0361,0.0347,0.006,0.0029,0.0028,0.0031,0.0047,0.0025,0.0018,0.0035
hutt_20200713,COPERNICUS/S2_SR_HARMONIZED/20200712T222549_20200712T222545_T60GUV,2020-07-12 22:27:27,hutt_20200713_backgroundTrain_0,0,train,https://doi.org/10.1080/00288330.2022.2088569,"Gall et al. 2022, Figure 10A",v1,S2_SR_HARMONIZED_SCL_v1,174.8721794645207,-41.27775685985272,0.0382,0.0383,0.0082,0.005,0.0048,0.0021,0.0035,0.0029,0.0014,7.0E-4
hutt_20200713,COPERNICUS/S2_SR_HARMONIZED/20200712T222549_20200712T222545_T60GUV,2020-07-12 22:27:27,hutt_20200713_backgroundTrain_0,0,train,https://doi.org/10.1080/00288330.2022.2088569,"Gall et al. 2022, Figure 10A",v1,S2_SR_HARMONIZED_SCL_v1,174.8722987885925,-41.27775906619535,0.0375,0.0338,0.0094,0.0062,0.0039,0.0034,0.0018,0.0021,0.0014,8.0E-4
hutt_20200713,COPERNICUS/S2_SR_HARMONIZED/20200712T222549_20200712T222545_T60GUV,2020-07-12 22:27:27,hutt_20200713_backgroundTrain_0,0,train,https://doi.org/10.1080/00288330.2022.2088569,"Gall et al. 2022, Figure 10A",v1,S2_SR_HARMONIZED_SCL_v1,174.88279935879348,-41.27795274040904,0.0361,0.0352,0.0077,0.006,0.0032,0.0032,0.0015,0.0013,7.0E-4,0.0012
hutt_20200713,COPERNICUS/S2_SR_HARMONIZED/20200712T222549_20200712T222545_T60GUV,2020-07-12 22:27:27,hutt_20200713_backgroundTrain_0,0,train,https://doi.org/10.1080/00288330.2022.2088569,"Gall et al. 2022, Figure 10A",v1,S2_SR_HARMONIZED_SCL_v1,174.88291868404343,-41.27795493575303,0.0431,0.0348,0.0063,0.006,0.0032,0.0032,0.0027,0.0013,7.0E-4,0.0012
hutt_20200713,COPERNICUS/S2_SR_HARMONIZED/20200712T222549_20200712T222545_T60GUV,2020-07-12 22:27:27,hutt_20200713_backgroundTrain_0,0,train,https://doi.org/10.1080/00288330.2022.2088569,"Gall et al. 2022, Figure 10A",v1,S2_SR_HARMONIZED_SCL_v1,174.883157334583,-41.277959326070274,0.0354,0.0363,0.0072,0.0064,0.0043,0.0042,0.003,0.0012,9.0E-4,0.0022
hutt_20200713,COPERNICUS/S2_SR_HARMONIZED/20200712T222549_20200712T222545_T60GUV,2020-07-12 22:27:27,hutt_20200713_backgroundTrain_0,0,train,https://doi.org/10.1080/00288330.2022.2088569,"Gall et al. 2022, Figure 10A",v1,S2_SR_HARMONIZED_SCL_v1,174.8853051918148,-41.27799881668061,0.0388,0.0314,0.01,0.0049,0.0036,0.0034,0.002,0.0012,9.0E-4,0.003
hutt_20200713,COPERNICUS/S2_SR_HARMONIZED/20200712T222549_20200712T222545_T60GUV,2020-07-12 22:27:27,hutt_20200713_backgroundTrain_0,0,train,https://doi.org/10.1080/00288330.2022.2088569,"Gall et al. 2022, Figure 10A",v1,S2_SR_HARMONIZED_SCL_v1,174.8855438428822,-41.27800320205454,0.036,0.0357,0.0071,0.0046,0.0057,0.0019,6.0E-4,0.0014,8.0E-4,0.0021
hutt_20200713,COPERNICUS/S2_SR_HARMONIZED/20200712T222549_20200712T222545_T60GUV,2020-07-12 22:27:27,hutt_20200713_backgroundTrain_0,0,train,https://doi.org/10.1080/00288330.2022.2088569,"Gall et al. 2022, Figure 10A",v1,S2_SR_HARMONIZED_SCL_v1,174.88578249400234,-41.27800758693416,0.0354,0.0338,0.0068,0.006,0.0025,0.0028,0.0051,0.0012,0.0017,0.0012
hutt_20200713,COPERNICUS/S2_SR_HARMONIZED/20200712T222549_20200712T222545_T60GUV,2020-07-12 22:27:27,hutt_20200713_backgroundTrain_0,0,train,https://doi.org/10.1080/00288330.2022.2088569,"Gall et al. 2022, Figure 10A",v1,S2_SR_HARMONIZED_SCL_v1,174.8893622671311,-41.278073300808344,0.037,0.0331,0.0061,0.003,0.0015,0.0049,0.0035,0.0032,0.0022,0.0013
hutt_20200713,COPERNICUS/S2_SR_HARMONIZED/20200712T222549_20200712T222545_T60GUV,2020-07-12 22:27:27,hutt_20200713_backgroundTrain_0,0,train,https://doi.org/10.1080/00288330.2022.2088569,"Gall et al. 2022, Figure 10A",v1,S2_SR_HARMONIZED_SCL_v1,174.8894815931062,-41.27807548935526,0.0361,0.0331,0.0057,0.004,0.002,0.0033,0.0037,0.0024,0.0021,0.0027
hutt_20200713,COPERNICUS/S2_SR_HARMONIZED/20200712T222549_20200712T222545_T60GUV,2020-07-12 22:27:27,hutt_20200713_backgroundTrain_0,0,train,https://doi.org/10.1080/00288330.2022.2088569,"Gall et al. 2022, Figure 10A",v1,S2_SR_HARMONIZED_SCL_v1,174.8896009190945,-41.278077677778604,0.0362,0.0341,0.0068,0.004,0.002,0.0033,0.0035,0.0024,0.0021,0.0027
hutt_20200713,COPERNICUS/S2_SR_HARMONIZED/20200712T222549_20200712T222545_T60GUV,2020-07-12 22:27:27,hutt_20200713_backgroundTrain_0,0,train,https://doi.org/10.1080/00288330.2022.2088569,"Gall et al. 2022, Figure 10A",v1,S2_SR_HARMONIZED_SCL_v1,174.87289248533767,-41.277860111885474,0.0415,0.0338,0.0091,0.0065,0.0037,0.0033,0.0022,0.0025,1.0E-4,0.0011
hutt_20200713,COPERNICUS/S2_SR_HARMONIZED/20200712T222549_20200712T222545_T60GUV,2020-07-12 22:27:27,hutt_20200713_backgroundTrain_0,0,train,https://doi.org/10.1080/00288330.2022.2088569,"Gall et al. 2022, Figure 10A",v1,S2_SR_HARMONIZED_SCL_v1,174.88315442484995,-41.2780493424966,0.0375,0.0355,0.0074,0.0064,0.002,0.0015,0.0041,0.0012,0.0011,0.002
hutt_20200713,COPERNICUS/S2_SR_HARMONIZED/20200712T222549_20200712T222545_T60GUV,2020-07-12 22:27:27,hutt_20200713_backgroundTrain_0,0,train,https://doi.org/10.1080/00288330.2022.2088569,"Gall et al. 2022, Figure 10A",v1,S2_SR_HARMONIZED_SCL_v1,174.88327375030326,-41.278051537476756,0.0388,0.0355,0.0085,0.0053,0.0029,0.0031,0.0049,0.0011,0.0021,0.0015
hutt_20200713,COPERNICUS/S2_SR_HARMONIZED/20200712T222549_20200712T222545_T60GUV,2020-07-12 22:27:27,hutt_20200713_backgroundTrain_0,0,train,https://doi.org/10.1080/00288330.2022.2088569,"Gall et al. 2022, Figure 10A",v1,S2_SR_HARMONIZED_SCL_v1,174.88422835440488,-41.27806909286903,0.039,0.0342,0.0077,0.0045,0.0025,0.0032,0.003,1.0E-4,0.001,0.003
hutt_20200713,COPERNICUS/S2_SR_HARMONIZED/20200712T222549_20200712T222545_T60GUV,2020-07-12 22:27:27,hutt_20200713_backgroundTrain_0,0,train,https://doi.org/10.1080/00288330.2022.2088569,"Gall et al. 2022, Figure 10A",v1,S2_SR_HARMONIZED_SCL_v1,174.8851829593511,-41.27808664035201,0.0383,0.0336,0.0063,0.0047,0.0045,0.0037,0.0025,6.0E-4,9.0E-4,0.0035
hutt_20200713,COPERNICUS/S2_SR_HARMONIZED/20200712T222549_20200712T222545_T60GUV,2020-07-12 22:27:27,hutt_20200713_backgroundTrain_0,0,train,https://doi.org/10.1080/00288330.2022.2088569,"Gall et al. 2022, Figure 10A",v1,S2_SR_HARMONIZED_SCL_v1,174.886376216721,-41.27810856358324,0.0407,0.0336,0.0079,0.0072,0.0011,0.0037,0.0027,0.001,1.0E-4,0.0011
hutt_20200713,COPERNICUS/S2_SR_HARMONIZED/20200712T222549_20200712T222545_T60GUV,2020-07-12 22:27:27,hutt_20200713_backgroundTrain_0,0,train,https://doi.org/10.1080/00288330.2022.2088569,"Gall et al. 2022, Figure 10A",v1,S2_SR_HARMONIZED_SCL_v1,174.88649554253053,-41.278110755226656,0.0367,0.0344,0.0081,0.0072,0.0011,0.0037,0.0031,0.001,1.0E-4,0.0011
hutt_20200713,COPERNICUS/S2_SR_HARMONIZED/20200712T222549_20200712T222545_T60GUV,2020-07-12 22:27:27,hutt_20200713_backgroundTrain_0,0,train,https://doi.org/10.1080/00288330.2022.2088569,"Gall et al. 2022, Figure 10A",v1,S2_SR_HARMONIZED_SCL_v1,174.88864340935513,-41.2781501836753,0.0404,0.0357,0.0094,0.0055,0.0049,0.0027,0.0034,0.0013,0.0016,0.0035
hutt_20200713,COPERNICUS/S2_SR_HARMONIZED/20200712T222549_20200712T222545_T60GUV,2020-07-12 22:27:27,hutt_20200713_backgroundTrain_0,0,train,https://doi.org/10.1080/00288330.2022.2088569,"Gall et al. 2022, Figure 10A",v1,S2_SR_HARMONIZED_SCL_v1,174.87205429053128,-41.277934684948995,0.0402,0.0365,0.0094,0.0048,0.0048,0.0012,0.0032,0.0019,0.0019,0.0011
hutt_20200713,COPERNICUS/S2_SR_HARMONIZED/20200712T222549_20200712T222545_T60GUV,2020-07-12 22:27:27,hutt_20200713_backgroundTrain_0,0,train,https://doi.org/10.1080/00288330.2022.2088569,"Gall et al. 2022, Figure 10A",v1,S2_SR_HARMONIZED_SCL_v1,174.8721736149172,-41.27793689142909,0.0395,0.0332,0.0059,0.0048,0.0048,0.0012,0.002,0.0019,0.0019,0.0011
hutt_20200713,COPERNICUS/S2_SR_HARMONIZED/20200712T222549_20200712T222545_T60GUV,2020-07-12 22:27:27,hutt_20200713_backgroundTrain_0,0,train,https://doi.org/10.1080/00288330.2022.2088569,"Gall et al. 2022, Figure 10A",v1,S2_SR_HARMONIZED_SCL_v1,174.87241226372893,-41.277941304018555,0.0372,0.032,0.0081,0.0064,0.0025,0.0034,0.0033,0.002,0.0019,0.002
hutt_20200713,COPERNICUS/S2_SR_HARMONIZED/20200712T222549_20200712T222545_T60GUV,2020-07-12 22:27:27,hutt_20200713_backgroundTrain_0,0,train,https://doi.org/10.1080/00288330.2022.2088569,"Gall et al. 2022, Figure 10A",v1,S2_SR_HARMONIZED_SCL_v1,174.88303218949991,-41.278137163810705,0.0361,0.0355,0.0061,0.0064,0.002,0.0015,0.001,0.0012,0.0011,0.002
hutt_20200713,COPERNICUS/S2_SR_HARMONIZED/20200712T222549_20200712T222545_T60GUV,2020-07-12 22:27:27,hutt_20200713_backgroundTrain_0,0,train,https://doi.org/10.1080/00288330.2022.2088569,"Gall et al. 2022, Figure 10A",v1,S2_SR_HARMONIZED_SCL_v1,174.88327084072077,-41.27814155390842,0.038,0.0335,0.0066,0.0053,0.0029,0.0031,0.0055,0.0011,0.0021,0.0015
hutt_20200713,COPERNICUS/S2_SR_HARMONIZED/20200712T222549_20200712T222545_T60GUV,2020-07-12 22:27:27,hutt_20200713_backgroundTrain_0,0,train,https://doi.org/10.1080/00288330.2022.2088569,"Gall et al. 2022, Figure 10A",v1,S2_SR_HARMONIZED_SCL_v1,174.88339016635098,-41.2781437487719,0.0367,0.0349,0.0056,0.0053,0.0029,0.0031,0.0055,0.0011,0.0021,0.0015
hutt_20200713,COPERNICUS/S2_SR_HARMONIZED/20200712T222549_20200712T222545_T60GUV,2020-07-12 22:27:27,hutt_20200713_backgroundTrain_0,0,train,https://doi.org/10.1080/00288330.2022.2088569,"Gall et al. 2022, Figure 10A",v1,S2_SR_HARMONIZED_SCL_v1,174.88398679470012,-41.278154721235566,0.0358,0.0359,0.0093,0.0052,0.0011,0.0027,0.0025,1.0E-4,0.002,0.003
hutt_20200713,COPERNICUS/S2_SR_HARMONIZED/20200712T222549_20200712T222545_T60GUV,2020-07-12 22:27:27,hutt_20200713_backgroundTrain_0,0,train,https://doi.org/10.1080/00288330.2022.2088569,"Gall et al. 2022, Figure 10A",v1,S2_SR_HARMONIZED_SCL_v1,174.8856573558328,-41.278185427697274,0.038,0.0343,0.0074,0.0043,0.0027,0.0028,0.0018,0.0013,0.0011,0.002
hutt_20200713,COPERNICUS/S2_SR_HARMONIZED/20200712T222549_20200712T222545_T60GUV,2020-07-12 22:27:27,hutt_20200713_backgroundTrain_0,0,train,https://doi.org/10.1080/00288330.2022.2088569,"Gall et al. 2022, Figure 10A",v1,S2_SR_HARMONIZED_SCL_v1,174.8860153335547,-41.27819200450197,0.0383,0.0314,0.007,0.006,0.004,0.0037,0.0018,0.0012,0.0036,0.0022
hutt_20200713,COPERNICUS/S2_SR_HARMONIZED/20200712T222549_20200712T222545_T60GUV,2020-07-12 22:27:27,hutt_20200713_backgroundTrain_0,0,train,https://doi.org/10.1080/00288330.2022.2088569,"Gall et al. 2022, Figure 10A",v1,S2_SR_HARMONIZED_SCL_v1,174.88696994139326,-41.278209537210145,0.0393,0.0324,0.0081,0.0031,0.004,0.0026,0.0028,6.0E-4,9.0E-4,0.001
hutt_20200713,COPERNICUS/S2_SR_HARMONIZED/20200712T222549_20200712T222545_T60GUV,2020-07-12 22:27:27,hutt_20200713_backgroundTrain_0,0,train,https://doi.org/10.1080/00288330.2022.2088569,"Gall et al. 2022, Figure 10A",v1,S2_SR_HARMONIZED_SCL_v1,174.88768589782575,-41.27822268155075,0.0368,0.0342,0.0086,0.0047,0.0021,0.0043,0.0035,0.0027,0.0021,0.001
hutt_20200713,COPERNICUS/S2_SR_HARMONIZED/20200712T222549_20200712T222545_T60GUV,2020-07-12 22:27:27,hutt_20200713_backgroundTrain_0,0,train,https://doi.org/10.1080/00288330.2022.2088569,"Gall et al. 2022, Figure 10A",v1,S2_SR_HARMONIZED_SCL_v1,174.8893564646791,-41.278253334377006,0.037,0.0362,0.006,0.0045,0.0011,0.004,0.0057,0.0044,0.0013,0.0022
hutt_20200713,COPERNICUS/S2_SR_HARMONIZED/20200712T222549_20200712T222545_T60GUV,2020-07-12 22:27:27,hutt_20200713_backgroundTrain_0,0,train,https://doi.org/10.1080/00288330.2022.2088569,"Gall et al. 2022, Figure 10A",v1,S2_SR_HARMONIZED_SCL_v1,174.87157406747994,-41.27801587354388,0.0382,0.0367,0.0096,0.0046,0.0044,0.005,0.0035,0.0014,7.0E-4,0.0017
hutt_20200713,COPERNICUS/S2_SR_HARMONIZED/20200712T222549_20200712T222545_T60GUV,2020-07-12 22:27:27,hutt_20200713_backgroundTrain_0,0,train,https://doi.org/10.1080/00288330.2022.2088569,"Gall et al. 2022, Figure 10A",v1,S2_SR_HARMONIZED_SCL_v1,174.8841032119599,-41.27824693183599,0.0373,0.0342,0.0075,0.0047,0.0031,0.004,0.0018,0.0012,0.0019,0.0026
hutt_20200713,COPERNICUS/S2_SR_HARMONIZED/20200712T222549_20200712T222545_T60GUV,2020-07-12 22:27:27,hutt_20200713_backgroundTrain_0,0,train,https://doi.org/10.1080/00288330.2022.2088569,"Gall et al. 2022, Figure 10A",v1,S2_SR_HARMONIZED_SCL_v1,174.88446118965854,-41.278253513481154,0.0359,0.0357,0.009,0.0057,0.0029,0.0057,0.0012,5.0E-4,0.0017,0.0011
hutt_20200713,COPERNICUS/S2_SR_HARMONIZED/20200712T222549_20200712T222545_T60GUV,2020-07-12 22:27:27,hutt_20200713_backgroundTrain_0,0,train,https://doi.org/10.1080/00288330.2022.2088569,"Gall et al. 2022, Figure 10A",v1,S2_SR_HARMONIZED_SCL_v1,174.88505781942015,-41.2782644804181,0.0376,0.03,0.0075,0.0046,0.0023,0.0024,8.0E-4,1.0E-4,8.0E-4,0.0027
hutt_20200713,COPERNICUS/S2_SR_HARMONIZED/20200712T222549_20200712T222545_T60GUV,2020-07-12 22:27:27,hutt_20200713_backgroundTrain_0,0,train,https://doi.org/10.1080/00288330.2022.2088569,"Gall et al. 2022, Figure 10A",v1,S2_SR_HARMONIZED_SCL_v1,174.88517714541203,-41.27826667343474,0.0376,0.0342,0.0085,0.0049,0.0054,1.0E-4,0.0035,1.0E-4,0.0016,0.002
hutt_20200713,COPERNICUS/S2_SR_HARMONIZED/20200712T222549_20200712T222545_T60GUV,2020-07-12 22:27:27,hutt_20200713_backgroundTrain_0,0,train,https://doi.org/10.1080/00288330.2022.2088569,"Gall et al. 2022, Figure 10A",v1,S2_SR_HARMONIZED_SCL_v1,174.88672838450682,-41.27829517140489,0.0339,0.0338,0.0068,0.0068,0.0023,0.0018,0.0022,1.0E-4,7.0E-4,0.0036
hutt_20200713,COPERNICUS/S2_SR_HARMONIZED/20200712T222549_20200712T222545_T60GUV,2020-07-12 22:27:27,hutt_20200713_backgroundTrain_0,0,train,https://doi.org/10.1080/00288330.2022.2088569,"Gall et al. 2022, Figure 10A",v1,S2_SR_HARMONIZED_SCL_v1,174.88684771068333,-41.278297362691355,0.0339,0.0323,0.0052,0.0022,0.0041,0.0013,0.002,0.0011,8.0E-4,0.0034
hutt_20200713,COPERNICUS/S2_SR_HARMONIZED/20200712T222549_20200712T222545_T60GUV,2020-07-12 22:27:27,hutt_20200713_backgroundTrain_0,0,train,https://doi.org/10.1080/00288330.2022.2088569,"Gall et al. 2022, Figure 10A",v1,S2_SR_HARMONIZED_SCL_v1,174.88732501552113,-41.27830612660134,0.0396,0.0323,0.0074,0.0044,0.0039,0.0026,8.0E-4,0.0018,0.0016,0.0022
hutt_20200713,COPERNICUS/S2_SR_HARMONIZED/20200712T222549_20200712T222545_T60GUV,2020-07-12 22:27:27,hutt_20200713_backgroundTrain_0,0,train,https://doi.org/10.1080/00288330.2022.2088569,"Gall et al. 2022, Figure 10A",v1,S2_SR_HARMONIZED_SCL_v1,174.88899558411345,-41.27833678471466,0.0349,0.0339,0.0042,0.0044,0.0041,0.003,0.0043,0.0034,0.0019,0.0019
hutt_20200713,COPERNICUS/S2_SR_HARMONIZED/20200712T222549_20200712T222545_T60GUV,2020-07-12 22:27:27,hutt_20200713_backgroundTrain_0,0,train,https://doi.org/10.1080/00288330.2022.2088569,"Gall et al. 2022, Figure 10A",v1,S2_SR_HARMONIZED_SCL_v1,174.87204844054725,-41.278114716505144,0.043,0.0352,0.0092,0.006,0.0044,0.0021,0.0035,0.0011,9.0E-4,6.0E-4
hutt_20200713,COPERNICUS/S2_SR_HARMONIZED/20200712T222549_20200712T222545_T60GUV,2020-07-12 22:27:27,hutt_20200713_backgroundTrain_0,0,train,https://doi.org/10.1080/00288330.2022.2088569,"Gall et al. 2022, Figure 10A",v1,S2_SR_HARMONIZED_SCL_v1,174.8833843474738,-41.278323781644296,0.0361,0.0318,0.0092,0.0061,0.0036,0.0046,0.004,0.0014,9.0E-4,7.0E-4
hutt_20200713,COPERNICUS/S2_SR_HARMONIZED/20200712T222549_20200712T222545_T60GUV,2020-07-12 22:27:27,hutt_20200713_backgroundTrain_0,0,train,https://doi.org/10.1080/00288330.2022.2088569,"Gall et al. 2022, Figure 10A",v1,S2_SR_HARMONIZED_SCL_v1,174.88457760777652,-41.2783457236202,0.0362,0.0389,0.0079,0.0057,0.0029,0.0057,0.0017,5.0E-4,0.0017,0.0011
hutt_20200713,COPERNICUS/S2_SR_HARMONIZED/20200712T222549_20200712T222545_T60GUV,2020-07-12 22:27:27,hutt_20200713_backgroundTrain_0,0,train,https://doi.org/10.1080/00288330.2022.2088569,"Gall et al. 2022, Figure 10A",v1,S2_SR_HARMONIZED_SCL_v1,174.8856515431771,-41.27836546083208,0.038,0.0342,0.0063,0.0027,0.003,0.0033,4.0E-4,0.0015,0.0013,0.002
hutt_20200713,COPERNICUS/S2_SR_HARMONIZED/20200712T222549_20200712T222545_T60GUV,2020-07-12 22:27:27,hutt_20200713_backgroundTrain_0,0,train,https://doi.org/10.1080/00288330.2022.2088569,"Gall et al. 2022, Figure 10A",v1,S2_SR_HARMONIZED_SCL_v1,174.8857708693987,-41.278367653237694,0.04,0.0359,0.0079,0.0027,0.003,0.0033,0.0028,0.0015,0.0013,0.002
hutt_20200713,COPERNICUS/S2_SR_HARMONIZED/20200712T222549_20200712T222545_T60GUV,2020-07-12 22:27:27,hutt_20200713_backgroundTrain_0,0,train,https://doi.org/10.1080/00288330.2022.2088569,"Gall et al. 2022, Figure 10A",v1,S2_SR_HARMONIZED_SCL_v1,174.88660615331887,-41.27838299661667,0.039,0.0324,0.007,0.0068,0.0023,0.0018,0.0031,1.0E-4,7.0E-4,0.0036
hutt_20200713,COPERNICUS/S2_SR_HARMONIZED/20200712T222549_20200712T222545_T60GUV,2020-07-12 22:27:27,hutt_20200713_backgroundTrain_0,0,train,https://doi.org/10.1080/00288330.2022.2088569,"Gall et al. 2022, Figure 10A",v1,S2_SR_HARMONIZED_SCL_v1,174.88672547964592,-41.27838518803361,0.0367,0.0339,0.0066,0.0068,0.0023,0.0018,2.0E-4,1.0E-4,7.0E-4,0.0036
hutt_20200713,COPERNICUS/S2_SR_HARMONIZED/20200712T222549_20200712T222545_T60GUV,2020-07-12 22:27:27,hutt_20200713_backgroundTrain_0,0,train,https://doi.org/10.1080/00288330.2022.2088569,"Gall et al. 2022, Figure 10A",v1,S2_SR_HARMONIZED_SCL_v1,174.88720278508592,-41.278393952465535,0.0383,0.0324,0.0081,0.0036,0.0027,0.001,3.0E-4,0.0013,0.0019,0.002
hutt_20200713,COPERNICUS/S2_SR_HARMONIZED/20200712T222549_20200712T222545_T60GUV,2020-07-12 22:27:27,hutt_20200713_backgroundTrain_0,0,train,https://doi.org/10.1080/00288330.2022.2088569,"Gall et al. 2022, Figure 10A",v1,S2_SR_HARMONIZED_SCL_v1,174.88839604960825,-41.27841585489439,0.0407,0.0331,0.0077,0.0048,0.0023,0.003,0.0019,0.0011,0.0012,0.0017
hutt_20200713,COPERNICUS/S2_SR_HARMONIZED/20200712T222549_20200712T222545_T60GUV,2020-07-12 22:27:27,hutt_20200713_backgroundTrain_0,0,train,https://doi.org/10.1080/00288330.2022.2088569,"Gall et al. 2022, Figure 10A",v1,S2_SR_HARMONIZED_SCL_v1,174.88935066217445,-41.27843336793934,0.0334,0.0358,0.008,0.0036,0.0021,0.003,0.0035,0.0041,0.0015,0.0027
hutt_20200713,COPERNICUS/S2_SR_HARMONIZED/20200712T222549_20200712T222545_T60GUV,2020-07-12 22:27:27,hutt_20200713_backgroundTrain_0,0,train,https://doi.org/10.1080/00288330.2022.2088569,"Gall et al. 2022, Figure 10A",v1,S2_SR_HARMONIZED_SCL_v1,174.88433604746183,-41.278431352702775,0.0328,0.0291,0.0075,0.005,0.002,0.0034,6.0E-4,0.0033,0.002,5.0E-4
hutt_20200713,COPERNICUS/S2_SR_HARMONIZED/20200712T222549_20200712T222545_T60GUV,2020-07-12 22:27:27,hutt_20200713_backgroundTrain_0,0,train,https://doi.org/10.1080/00288330.2022.2088569,"Gall et al. 2022, Figure 10A",v1,S2_SR_HARMONIZED_SCL_v1,174.88517133142022,-41.27844670651117,0.0388,0.0357,0.0089,0.0057,0.0039,0.0033,1.0E-4,6.0E-4,0.0019,0.001
hutt_20200713,COPERNICUS/S2_SR_HARMONIZED/20200712T222549_20200712T222545_T60GUV,2020-07-12 22:27:27,hutt_20200713_backgroundTrain_0,0,train,https://doi.org/10.1080/00288330.2022.2088569,"Gall et al. 2022, Figure 10A",v1,S2_SR_HARMONIZED_SCL_v1,174.8854099840985,-41.27845109220131,0.0431,0.0366,0.0081,0.0038,0.0057,0.0032,0.0023,0.0015,0.0013,0.0022
hutt_20200713,COPERNICUS/S2_SR_HARMONIZED/20200712T222549_20200712T222545_T60GUV,2020-07-12 22:27:27,hutt_20200713_backgroundTrain_0,0,train,https://doi.org/10.1080/00288330.2022.2088569,"Gall et al. 2022, Figure 10A",v1,S2_SR_HARMONIZED_SCL_v1,174.8864839218035,-41.278470821689474,0.0355,0.0328,0.0079,0.0061,0.0026,0.0047,0.0029,0.0019,0.0021,0.003
hutt_20200713,COPERNICUS/S2_SR_HARMONIZED/20200712T222549_20200712T222545_T60GUV,2020-07-12 22:27:27,hutt_20200713_backgroundTrain_0,0,train,https://doi.org/10.1080/00288330.2022.2088569,"Gall et al. 2022, Figure 10A",v1,S2_SR_HARMONIZED_SCL_v1,174.8889897806001,-41.2785168182325,0.0396,0.0337,0.0084,0.0056,0.003,0.0048,7.0E-4,0.0026,0.0021,0.002
hutt_20200713,COPERNICUS/S2_SR_HARMONIZED/20200712T222549_20200712T222545_T60GUV,2020-07-12 22:27:27,hutt_20200713_backgroundTrain_0,0,train,https://doi.org/10.1080/00288330.2022.2088569,"Gall et al. 2022, Figure 10A",v1,S2_SR_HARMONIZED_SCL_v1,174.88600371015534,-41.27855207084807,0.0354,0.0323,0.0061,0.0035,0.0035,0.0034,0.0018,0.0013,0.0012,0.001
hutt_20200713,COPERNICUS/S2_SR_HARMONIZED/20200712T222549_20200712T222545_T60GUV,2020-07-12 22:27:27,hutt_20200713_backgroundTrain_0,0,train,https://doi.org/10.1080/00288330.2022.2088569,"Gall et al. 2022, Figure 10A",v1,S2_SR_HARMONIZED_SCL_v1,174.8866003432301,-41.278563029855555,0.037,0.035,0.0085,0.0067,0.0021,0.0019,0.0027,1.0E-4,0.001,0.0036
